SessionID,SAL_CODE,INDEX,Notes,Geometry
1716644134065,7984113,0,,none
1716644134065,8710148,1,,none
1716644134065,5991130,2,,none
1716644134065,5920195,3,,none
1716644134065,9740383,4,,"{""type"":""MultiPolygon"",""coordinates"":[[[[29.494321841877284,-23.902159326317523],[29.49433391181785,-23.902205917714785],[29.494831461590113,-23.902116413173605],[29.494808662813487,-23.902068595653617]]],[[[29.494709421079936,-23.90139056583858],[29.49465980021316,-23.901401600710326],[29.494819391649546,-23.902069821744103],[29.494867671411814,-23.90205143038572]]],[[[29.49431915966827,-23.90168850704518],[29.494343299549403,-23.90177923797582],[29.494637001436534,-23.901728968143733],[29.494608838241877,-23.901634558894067]]],[[[29.494238693397822,-23.90154014957545],[29.494257468860926,-23.901594097765962],[29.49430306641418,-23.901584289005726],[29.494311113041224,-23.9016247501369],[29.494610179346385,-23.90157080195918],[29.49457128731567,-23.901476392594017],[29.494237352293315,-23.901547506148205]]],[[[29.494214553516688,-23.9014457401879],[29.494226623457255,-23.901483749170392],[29.494658459108653,-23.901410183387696],[29.494650412481608,-23.901352556828684]]],[[[29.486060579987228,-23.90286733758545],[29.486084719868362,-23.902981363245573],[29.48630600211209,-23.90293477212778],[29.486279180021942,-23.902821972509898]]]],""evenOdd"":true}"
1716644134065,6760243,5,,"{""type"":""Polygon"",""coordinates"":[[[27.046340672040422,-26.722252994538145],[27.04627898123308,-26.722335647556708],[27.046307144427736,-26.722346428380785],[27.046366153026064,-26.722264973240204]]],""geodesic"":true,""evenOdd"":true}"
1716644134065,2620014,6,,none
1716644134065,7972314,7,,none
1716644134065,7985296,8,,"{""type"":""Polygon"",""coordinates"":[[[27.870262420207972,-26.236225396625745],[27.870255714685435,-26.23625787607257],[27.870277172357554,-26.23626509372619],[27.8702852189846,-26.236227802511003]]],""geodesic"":true,""evenOdd"":true}"
1716644134065,2720076,9,,none
1716644134065,7974000,10,,none
1716644134065,4620020,11,,none
1716644134065,1994340,12,,none
1716644134065,5990398,13,,none
1716644134065,1610055,14,,"{""type"":""MultiPolygon"",""coordinates"":[[[[19.011633696464106,-32.58340868510701],[19.01131719580035,-32.5834719665345],[19.010999354032084,-32.5835544583283],[19.011042269376322,-32.58373413197259],[19.011356087831064,-32.58365390038977],[19.011675270703837,-32.58358157890146]]],[[[19.011222486040115,-32.58326696442749],[19.010931466362,-32.583331375981906],[19.010981087228775,-32.58351218009789],[19.011268083593368,-32.583431948316424],[19.01161408855629,-32.58336188670206],[19.011563126585006,-32.58319464262702]]],[[[19.011085693380355,-32.583069209366],[19.011154089710235,-32.58323984375915],[19.011549715539932,-32.58314605138458],[19.011501435777664,-32.582977676875586]]],[[[19.011054847976684,-32.582941515865954],[19.011070941230773,-32.58299801743709],[19.011458520433425,-32.582913265067035],[19.01141962840271,-32.58278218124357],[19.011053506872177,-32.58286015354097],[19.011078987857818,-32.58293586570688]]],[[[19.01058629335946,-32.57899358139675],[19.010609092136086,-32.57907155698908],[19.011330606361092,-32.57885797150946],[19.011309148688973,-32.57877660547862]]]],""evenOdd"":true}"
1716644134065,2601368,15,,none
1716644134065,2990660,16,,none
1716644134065,1992169,17,,"{""type"":""MultiPolygon"",""coordinates"":[[[[18.489439171803504,-34.025003007173744],[18.489427101862937,-34.02502079115042],[18.489549142373114,-34.02506191658221],[18.489554506791144,-34.02504302111602]]],[[[18.491511492655665,-34.02302823252049],[18.491515515969187,-34.02304490538668],[18.49166571967402,-34.023022674897696],[18.49165499083796,-34.0230048905023]]],[[[18.491428344176203,-34.02319496103508],[18.49144041411677,-34.02323164126434],[18.491512833760172,-34.02322052604502],[18.491500763819605,-34.02318273428847]]]],""evenOdd"":true}"
1716644134065,6680262,18,,none
1716644134065,4750097,19,,"{""type"":""MultiPolygon"",""coordinates"":[[[[27.262307647037467,-27.65018145077003],[27.262303623723945,-27.65024084810289],[27.262329104709586,-27.65024203604922],[27.26232776360508,-27.650185014610912]]],[[[27.271136126247875,-27.62475728534147],[27.271140149561397,-27.62477510868547],[27.27121793362283,-27.624763226456462],[27.271213910309307,-27.62474421488735]]],[[[27.27113880845689,-27.62478580269048],[27.271141490665904,-27.62481194358721],[27.27121793362283,-27.62479768491703],[27.27121659251832,-27.624772732239766]]],[[[27.271142831770412,-27.624825014033224],[27.27114953729295,-27.624836896255548],[27.271225980249874,-27.624826202255516],[27.271220615831844,-27.624804814252354]]],[[[27.27115356060647,-27.6248523431426],[27.27115356060647,-27.624863037140067],[27.27123268577241,-27.624854719586573],[27.27122732135438,-27.624832143366767]]],[[[27.27116428944253,-27.624884425131867],[27.27116428944253,-27.624907001340883],[27.271244755712978,-27.624890366239963],[27.271234026876918,-27.62487016647113]]],[[[27.271168312756053,-27.62491650711172],[27.27117501827859,-27.62492957754526],[27.2712487790265,-27.624918883554294],[27.27123805019044,-27.624899872012225]]],[[[27.271172336069576,-27.624945024419254],[27.271176359383098,-27.624964035953486],[27.271251461235515,-27.624950965524054],[27.271244755712978,-27.62493433042979]]],[[[27.271181723801128,-27.624980671043218],[27.271183064905635,-27.62499136502815],[27.271262190071575,-27.624983047484406],[27.271250120131008,-27.624959283070236],[27.271183064905635,-27.62497235349867]]],[[[27.275031897449427,-27.625983449452228],[27.27503994407647,-27.626019095738076],[27.275152596855097,-27.626003649015637],[27.275141868019038,-27.625966814514843]]],[[[27.28327740259741,-27.624409092442033],[27.28330288358305,-27.624502962319696],[27.283328364568693,-27.624501774093904],[27.283300201374036,-27.624405527761553]]],[[[27.286140887790292,-27.62470021642733],[27.2861060190731,-27.62471922800408],[27.286123453431696,-27.62474536891671],[27.286155639939874,-27.624725169121128]]],[[[27.27876983575415,-27.619745061057664],[27.278772517963166,-27.619765261772002],[27.27883420877051,-27.619759320385825],[27.27883420877051,-27.61973317828277]]],[[[27.278781905694718,-27.61977833282048],[27.27878056459021,-27.619790215590463],[27.27883420877051,-27.619789027313526],[27.278844937606568,-27.6197664500492]]],[[[27.27878592900824,-27.61980803974303],[27.278784587903733,-27.619824675616137],[27.278844937606568,-27.6198163576799],[27.27884359650206,-27.6197985335287]]],[[[27.278819456620926,-27.619860323907137],[27.278820797725434,-27.61987220666822],[27.278857007547135,-27.619867453563952],[27.278857007547135,-27.619848441144764]]],[[[27.28026736723437,-27.627042976139844],[27.28028211938395,-27.62705485812142],[27.280362585654398,-27.626989507206783],[27.28034649240031,-27.62698000161596]]],[[[27.280318329205652,-27.627031094156976],[27.280331740250727,-27.62704178794161],[27.280375996699473,-27.627002577392847],[27.280365267863413,-27.62699544820065]]]],""evenOdd"":true}"
1716644134065,1750049,20,,"{""type"":""MultiPolygon"",""coordinates"":[[[[21.38043780827405,-34.37572441742307],[21.38044853711011,-34.37573659315006],[21.380469994782228,-34.37573327249742],[21.380514251230974,-34.37569453154021],[21.380494134663362,-34.375683462692]]],[[[21.3797024398202,-34.3745387294167],[21.3797024398202,-34.374558653614734],[21.379762789523035,-34.3745553329154],[21.37976547173205,-34.374543157016674]]],[[[21.379630020176798,-34.37460071579501],[21.37962867907229,-34.37471472633536],[21.37965416005793,-34.374715833233054],[21.379651477848917,-34.37460071579501]]],[[[21.38379655645903,-34.37456331793305],[21.383776439891417,-34.37461423530366],[21.383839471803267,-34.374627518090904],[21.383851541743834,-34.374576600728375]]],[[[21.38371206687506,-34.374609807707444],[21.383710725770552,-34.37462198359647],[21.38378046320494,-34.374635266382484],[21.383783145413954,-34.37462309049539]]],[[[21.385127884432173,-34.37442980060357],[21.385211032911634,-34.37443976271614],[21.385215056225157,-34.37439880735691],[21.385146659895277,-34.37438884523947]]],[[[21.384447071765532,-34.37078088223915],[21.384359899972548,-34.370783096138496],[21.384361241077055,-34.370798593432184],[21.384445730661024,-34.37079527258378]]],[[[21.38433710119592,-34.370909288303814],[21.384359899972548,-34.37090818135581],[21.384355876659026,-34.370798593432184],[21.384341124509444,-34.37080080733106]]],[[[21.38435319445001,-34.37098456073296],[21.38435319445001,-34.37099563020212],[21.38439476868974,-34.37099895104259],[21.384397450898756,-34.37098788157385]]],[[[21.386866001652603,-34.371138541969756],[21.3868472261895,-34.37115957392127],[21.386922328041916,-34.371187247533626],[21.386938421296005,-34.37116289475522]]],[[[21.385621714383426,-34.367895369609144],[21.385562705785098,-34.36794629103291],[21.38557745793468,-34.36795736090355],[21.385636466533008,-34.36790422551115]]],[[[21.384864995908064,-34.36634268188853],[21.384885112475676,-34.3663703570921],[21.384901205729765,-34.36637146410006],[21.384926686715406,-34.36635264496288]]],[[[21.3887515802788,-34.365953549491756],[21.38874621586077,-34.365967940665584],[21.388805224459098,-34.36599229495414],[21.388815953295158,-34.36597790378448]]],[[[21.405238567226835,-34.35917510625692],[21.405242590540357,-34.359189498594944],[21.405368654364057,-34.35916071391643],[21.40536194884152,-34.35914300026321]]],[[[21.405433027380415,-34.35912528660624],[21.405437050693937,-34.359140786056294],[21.40550410591931,-34.35912528660624],[21.405496059292265,-34.359109787153315]]],[[[21.41472500401738,-34.35670297938292],[21.414711592972306,-34.35672069355187],[21.41475719052556,-34.35673730058184],[21.414758531630067,-34.35672069355187]]],[[[21.414581505835084,-34.356648729717264],[21.41456273037198,-34.35667530098646],[21.414608327925233,-34.35669522943283],[21.414621738970308,-34.356680836666484],[21.414632467806367,-34.35668415807432],[21.414637832224397,-34.35667419385042]]],[[[21.411214964294146,-34.35378058404678],[21.411210940980624,-34.35379940600739],[21.411248491906832,-34.35379940600739],[21.411243127488802,-34.353781691221045]]],[[[21.411247150802325,-34.35376397643097],[21.411243127488802,-34.35378058404678],[21.411314206027697,-34.353781691221045],[21.411314206027697,-34.35376397643097]]],[[[21.40624258591778,-34.35407749214173],[21.40622649266369,-34.35409188535511],[21.406255996962855,-34.35411845743488],[21.406265384694407,-34.354107385736]]],[[[21.406268066903422,-34.354592817028475],[21.40624795033581,-34.354597245682555],[21.406265384694407,-34.354633782069776],[21.40628550126202,-34.35462713909146]]],[[[21.406302935620616,-34.35461717462301],[21.406306958934138,-34.35463488923278],[21.406371331950496,-34.35461496029653],[21.406361944218943,-34.3545994600095]]],[[[21.40688899829037,-34.35474449829744],[21.40684205963261,-34.3547644272029],[21.4068581528867,-34.354790999069465],[21.40690375043995,-34.354773284492694]]],[[[21.404261680784376,-34.355443267033074],[21.404216083231123,-34.35546430292443],[21.404221447649153,-34.35548423165873],[21.404273750724943,-34.35546319577239]]],[[[21.404229494276198,-34.355487553114],[21.40423351758972,-34.355503053236795],[21.404288502874525,-34.35548312450696],[21.40428045624748,-34.35546430292443]]],[[[21.402878682354917,-34.35605766878236],[21.402873317936887,-34.35607427594372],[21.402972559670438,-34.356086454526626],[21.402972559670438,-34.356066525935496]]],[[[21.403177748660077,-34.3560510259169],[21.403173725346555,-34.356095311676704],[21.40327699039363,-34.356106383112994],[21.403278331498136,-34.35608977595801],[21.40322871063136,-34.356082025951224],[21.403205911854734,-34.356056561638155]]],[[[21.403808067778577,-34.356131847410936],[21.403804044465055,-34.356157311701125],[21.40385902974986,-34.35616174027255],[21.403861711958875,-34.35613738312685]]],[[[21.40396900031947,-34.35612631169466],[21.403967659214963,-34.35614513312853],[21.403993140200605,-34.356146240271556],[21.403993140200605,-34.356155097415325],[21.404061536530484,-34.356165061700956],[21.404062877634992,-34.3561362759837]]],[[[21.40407494757556,-34.356146240271556],[21.404072265366544,-34.356157311701125],[21.404062877634992,-34.35616063312972],[21.4040642187395,-34.356202704547066],[21.40408969972514,-34.356202704547066],[21.404099087456693,-34.35616616884373]]],[[[21.40410579297923,-34.35614956170058],[21.404099087456693,-34.35622152596378],[21.404124568442334,-34.35622484738982],[21.40413797948741,-34.35614956170058]]],[[[21.404265261092146,-34.355820602937264],[21.40426391998764,-34.355838317292694],[21.40436316172119,-34.35583610299847],[21.404364502825697,-34.35581838864258]]],[[[21.405000186362226,-34.35578517421518],[21.404996163048704,-34.35580067428294],[21.40507126490112,-34.35580621002072],[21.405069923796614,-34.35579181710172]]],[[[21.405707015882978,-34.356326072537286],[21.405688240419874,-34.35637367957192],[21.405707015882978,-34.35638475097144],[21.405731155764112,-34.35633492966206]]],[[[21.40776132845819,-34.35695746684332],[21.407754622935652,-34.356996216465355],[21.40777742171228,-34.35700064499245],[21.4077814450258,-34.35695968110792]]],[[[21.407831065892577,-34.35703496606948],[21.407831065892577,-34.35705821582335],[21.40792360210359,-34.35706153721623],[21.407927625417113,-34.35704271598816]]],[[[21.407919578790068,-34.3565278984046],[21.407919578790068,-34.35658989810902],[21.40798126959741,-34.35658989810902],[21.407978587388396,-34.3565267912666]]],[[[21.407937013148665,-34.356449291570556],[21.407937013148665,-34.35648029145757],[21.407982610701918,-34.35648139859619],[21.40798126959741,-34.356449291570556]]],[[[21.40782838368356,-34.35620129206164],[21.40782838368356,-34.35621568491033],[21.40789678001344,-34.35621679205244],[21.407894097804427,-34.356200184919324]]],[[[21.40981389612922,-34.357386584466624],[21.409811213920204,-34.35740983412297],[21.40985949368247,-34.35741536975446],[21.40986083478698,-34.35739101297309]]],[[[21.41176874950839,-34.35756076941464],[21.41177411392642,-34.3575873403947],[21.411933705362806,-34.35756076941464],[21.41192565873576,-34.35753419842615]]],[[[21.410923741724567,-34.35657450605376],[21.410918377306537,-34.35661325585285],[21.410951904919223,-34.35661547012654],[21.410955928232745,-34.35657893460313]]],[[[21.41032150981047,-34.35573962866883],[21.41032016870596,-34.355756235893196],[21.410369789572737,-34.35576177163392],[21.410369789572737,-34.35574073581722]]],[[[21.410760050984404,-34.35527130358687],[21.410729205580733,-34.35528791090403],[21.410738593312285,-34.35530341106373],[21.410769438715956,-34.35528348228644]]],[[[21.410364425154707,-34.35577505741016],[21.4103630840502,-34.35578834318431],[21.41038990614035,-34.355789450332054],[21.410387223931334,-34.35577284311428]]],[[[21.410734569998763,-34.35519048126305],[21.41071579453566,-34.355201552818855],[21.410749322148344,-34.35523255316737],[21.41076675650694,-34.35522258877088]]],[[[21.410794919701598,-34.355210410062455],[21.410770779820464,-34.355227017391684],[21.41077882644751,-34.35523919609769],[21.41080967185118,-34.35522369592611]]],[[[21.40974671276087,-34.354792542866896],[21.409723913984244,-34.35482575768765],[21.40977353485102,-34.35485343669488],[21.40979901583666,-34.35482132904564]]],[[[21.410486922190103,-34.35410106557675],[21.41049362771264,-34.35414203085838],[21.410516426489266,-34.35414203085838],[21.41051374428025,-34.354104387086814]]],[[[21.41042523138276,-34.35415642406069],[21.41042523138276,-34.354177460275],[21.41047753445855,-34.354176353105956],[21.410473511145028,-34.354157531229994]]],[[[21.411183316893766,-34.354732648709636],[21.411184657998273,-34.3547758280049],[21.41122355002899,-34.354778042327126],[21.41122220892448,-34.354732648709636]]],[[[21.405752174061416,-34.355644360408945],[21.405750832956908,-34.35566539624983],[21.405816547077773,-34.35566428910044],[21.40581788818228,-34.355649896157054]]],[[[21.405768267315505,-34.35566982484724],[21.405768267315505,-34.35568089633974],[21.4058031360327,-34.35568200348891],[21.405800453823684,-34.355667610548565]]]],""evenOdd"":true}"
1716644134065,4720095,21,,none
1716644134065,1992385,22,,"{""type"":""MultiPolygon"",""coordinates"":[[[[18.809872099664364,-34.06321273317368],[18.809861370828305,-34.06322939814153],[18.809960612561856,-34.063276060034106],[18.809971341397915,-34.06325939507543]]],[[[18.810290524270687,-34.063402713613016],[18.810285159852658,-34.06341604555767],[18.81030929973379,-34.06342715550996],[18.81032002856985,-34.06341604555767]]],[[[18.809236705831577,-34.06361489191015],[18.809225976995517,-34.06362933481394],[18.80932387762456,-34.0636715525186],[18.809337288669635,-34.06366377557459]]],[[[18.8091133040025,-34.0639104154515],[18.809101234061934,-34.063928191270755],[18.809137443883635,-34.063948189062955],[18.809146831615188,-34.063935968190506]]],[[[18.80887726960919,-34.064347032932844],[18.80885581193707,-34.064374807505686],[18.80889872728131,-34.06440036010465],[18.808928231580474,-34.06436925259183]]],[[[18.80830059467099,-34.06498917872892],[18.808312664611556,-34.06500028847496],[18.808359603269317,-34.064966959232486],[18.808348874433257,-34.06495696045718]]],[[[18.80825767932675,-34.064949183631136],[18.808291206939437,-34.06498140190583],[18.80829925356648,-34.06497362508202],[18.808281819207885,-34.06495696045718],[18.808303276880004,-34.06494807265593],[18.80831668792508,-34.064962515332496],[18.808327416761138,-34.06495696045718],[18.808297912461974,-34.06492918607516]]],[[[18.809399715393983,-34.065037223639195],[18.809383622139894,-34.06505166630057],[18.80945470067879,-34.06509388329662],[18.809473476141893,-34.0650761077219]]],[[[18.80993912818258,-34.06505944311721],[18.80992839934652,-34.06507055285404],[18.81001288893049,-34.065123879570514],[18.810022276662043,-34.06511165886762]]],[[[18.810736442108503,-34.06372021108315],[18.81072303106343,-34.063731320995565],[18.810808861751905,-34.06376576171477],[18.810814226169935,-34.06375131883422]]],[[[18.811498189468733,-34.0640835044639],[18.811487654309826,-34.06409449446176],[18.811546662908153,-34.06412115813132],[18.81155873284872,-34.06410893728381]]],[[[18.81147424326475,-34.06410893728381],[18.811466196637706,-34.06412449108943],[18.811530569654064,-34.064153376720846],[18.811535934072094,-34.06413448996296]]],[[[18.811482289891796,-34.064153376720846],[18.811466196637706,-34.064188928253685],[18.81148094878729,-34.064191150224],[18.811498383145885,-34.06415782066327]]],[[[18.811883280139522,-34.064613323525236],[18.811875233512477,-34.06462443332055],[18.8119154666477,-34.06464331996925],[18.81192083106573,-34.06462998821767]]],[[[18.810964103236373,-34.0659767334084],[18.81094532777327,-34.065978955331815],[18.810942645564253,-34.06604339108589],[18.810958738818343,-34.06604339108589]]],[[[18.810890342488463,-34.06611004871095],[18.810890342488463,-34.066123380229676],[18.810931916728194,-34.06612671310902],[18.81093459893721,-34.06611449255076]]],[[[18.811251099600966,-34.06648110853202],[18.81125378180998,-34.06650666049583],[18.81130206157225,-34.06650888240537],[18.81130072046774,-34.06648110853202]]],[[[18.812486442395024,-34.065145642455114],[18.812450232573322,-34.065201191068155],[18.812463643618397,-34.065207856899285],[18.812502535649113,-34.065158974125566]]],[[[18.81247169024544,-34.06522118855995],[18.81250387675362,-34.06522674341793],[18.8125360632618,-34.065173416766186],[18.812511923380665,-34.065162307042854]]],[[[18.813185607405313,-34.06491197045241],[18.813173537464746,-34.064924191184105],[18.813232546063073,-34.06494641069176],[18.813240592690118,-34.064934189963274]]],[[[18.81316834539421,-34.06780644875225],[18.81315225214012,-34.06781755812891],[18.813192485275344,-34.06784199875243],[18.813208578529434,-34.067832000316386]]],[[[18.81327965706833,-34.06786421749495],[18.813266246023254,-34.067884214358244],[18.81330513805397,-34.06790865496252],[18.813322572412567,-34.067894212788126]]],[[[18.813838392422152,-34.06762261445738],[18.813820958063555,-34.06763927855797],[18.813877284452868,-34.067671495809826],[18.813888013288928,-34.067663719232904],[18.81388667218442,-34.067649277016756]]],[[[18.81335559479947,-34.06773259746072],[18.81336766474004,-34.067743706847054],[18.813389122412158,-34.067712600561634],[18.813379734680606,-34.06770482398849]]],[[[18.8144231139874,-34.068082542430616],[18.81441238515134,-34.06809365177107],[18.814487487003756,-34.06814031098508],[18.814498215839816,-34.068124757916586]]],[[[18.81443384282346,-34.06748930153466],[18.81442177288289,-34.067504854719786],[18.81447005264516,-34.06753040637487],[18.81448480479474,-34.06751929696056]]],[[[18.814408361837817,-34.06751818601905],[18.814392268583727,-34.06753373919887],[18.814436525032473,-34.06756262366812],[18.814455300495577,-34.06754818143473]]],[[[18.814242064878894,-34.067302663090466],[18.81422731272931,-34.06731377253318],[18.814278274700595,-34.06734487896501],[18.814287662432147,-34.067332658582444]]],[[[18.81434398882146,-34.0672815551453],[18.814325213358355,-34.067302663090466],[18.81433862440343,-34.06731266158897],[18.81435337655301,-34.067289331757294]]],[[[18.813904564021392,-34.067005687417854],[18.81388981187181,-34.067021240691766],[18.8139421149476,-34.06705345817861],[18.813955525992675,-34.06704234870177]]],[[[18.81381202781038,-34.06710789459407],[18.81379593455629,-34.06712011500907],[18.81387505972223,-34.06716677475919],[18.813885788558288,-34.067157887189715]]],[[[18.813950161574645,-34.067141222994444],[18.813934068320556,-34.067160109082174],[18.813972960351272,-34.06718121705759],[18.813986371396346,-34.06716677475919]]],[[[18.814704468986736,-34.06625779439096],[18.814683011314617,-34.06627445875997],[18.8147339732859,-34.066307787488164],[18.81474470212196,-34.06629445599846],[18.81472324444984,-34.06628223546438],[18.81472860886787,-34.06627334780214]]],[[[18.813974819003505,-34.06519471516191],[18.813962749062938,-34.06520249196543],[18.814044556437892,-34.06524470888633],[18.814053944169444,-34.06523582111526]]],[[[18.814577838485853,-34.06570240780704],[18.814525535410063,-34.06576906570034],[18.814544310873167,-34.065771287629204],[18.81459527284445,-34.065709073598725]]],[[[18.814597955053465,-34.06571462842473],[18.814545651977674,-34.06577573148678],[18.81455906302275,-34.065780175344116],[18.814610024994032,-34.06572240518053]]],[[[18.814687809055464,-34.065752401231926],[18.814675739114897,-34.06576128894881],[18.814711948936598,-34.06578239727269],[18.814724018877165,-34.06577017666477]]],[[[18.81476827532591,-34.06579128498644],[18.81475754648985,-34.06580461655532],[18.814832648342268,-34.06584683317624],[18.814843377178327,-34.06583461257762]]],[[[18.815794220274107,-34.065647970488605],[18.81578215033354,-34.06566574594336],[18.81581433684172,-34.06568463235996],[18.815835794513838,-34.06567130077221]]],[[[18.815849205558912,-34.065682410428806],[18.815835794513838,-34.06569685298023],[18.815885415380613,-34.06572351614559],[18.815901508634703,-34.065709073598725]]],[[[18.816150954073088,-34.065883494961554],[18.81608658105673,-34.065946819826095],[18.8161174264604,-34.06596237329436],[18.816169729536192,-34.065903492292314]]],[[[18.816043665712492,-34.065923489618356],[18.81602891356291,-34.0659345992419],[18.816101333206312,-34.06598570349141],[18.816114744251387,-34.06596792810377]]],[[[18.815979292696134,-34.06576573280691],[18.815961858337538,-34.065785730165466],[18.816019525831358,-34.06582017004968],[18.816035619085447,-34.065794617878865]]],[[[18.817033765604446,-34.06622698768724],[18.816990850260208,-34.06626809313983],[18.81700560240979,-34.06628031367595],[18.817044494440506,-34.066239208229284]]],[[[18.817445484688232,-34.06644584621875],[18.81742536812062,-34.066426959971814],[18.817381111671875,-34.06647473105885],[18.81739988713498,-34.06649250634017]]],[[[18.81745219021077,-34.0665647183822],[18.81743609695668,-34.06658138269085],[18.81748840003247,-34.06661026748474],[18.81749912886853,-34.06659693604263]]],[[[18.817615804960678,-34.06643584761796],[18.817595688393066,-34.06645584481836],[18.81770431785817,-34.06652361307351],[18.817716387798736,-34.066503615889104]]],[[[18.817359653999755,-34.06680801696313],[18.81733551411862,-34.06684356738221],[18.817366359522293,-34.06686245353629],[18.81739854603047,-34.066834679778836]]],[[[18.815402746765056,-34.06747838939764],[18.815422863332667,-34.06748949881732],[18.815455049840846,-34.067447283014815],[18.815433592168727,-34.067438395474774]]],[[[18.816341519920268,-34.06784722135205],[18.81632408556167,-34.06786277447147],[18.816427350608745,-34.06792498692062],[18.816442102758327,-34.067910544749]]],[[[18.816353589860835,-34.067972757163055],[18.81632408556167,-34.06799830867703],[18.816338837711253,-34.06800941802854],[18.816364318696895,-34.067983866517906]]],[[[18.81630933341209,-34.06786388540846],[18.816297263471522,-34.06787721665123],[18.816354930965343,-34.067914988494366],[18.816360295383372,-34.06789943538453]]],[[[18.815866925537275,-34.06863293488426],[18.81584412676065,-34.06864959878614],[18.815915205299543,-34.06868625935875],[18.815928616344618,-34.06867292824328]]],[[[18.815266392563288,-34.068955078241785],[18.8152502993092,-34.06896618746784],[18.815289191339915,-34.06899062776001],[18.815299920175974,-34.068977296692424]]],[[[18.81640092411899,-34.06969542228071],[18.816414335164065,-34.069703198671135],[18.81644920388126,-34.06965654031784],[18.816439816149707,-34.06964765300955]]],[[[18.817491618131015,-34.06856339440172],[18.81747284266791,-34.06859450037478],[18.817518440221164,-34.06862782819039],[18.817542580102298,-34.068598944084286]]],[[[18.818608867152435,-34.06789411336992],[18.818587409480315,-34.06791299928982],[18.818667875750762,-34.06795854766756],[18.81868531010936,-34.067941883629764]]],[[[18.817837900091003,-34.06933153103986],[18.817801690269302,-34.06936263673091],[18.817845946718048,-34.06938707690872],[18.817875451017212,-34.06936041489622]]],[[[18.81865445727751,-34.069204013498286],[18.818637022918914,-34.06922067728785],[18.81873358244345,-34.06926955771832],[18.818736264652465,-34.069258448532054]]],[[[18.82057410839869,-34.06859270798378],[18.820547286308543,-34.06862048116495],[18.820588860548273,-34.06865603082357],[18.820621047056452,-34.068623813946076]]],[[[18.82114364302883,-34.0679948737264],[18.82112218535671,-34.06801709242884],[18.8211744884325,-34.0680348673866],[18.82118521726856,-34.068020425233705]]],[[[18.82099075711498,-34.067919330094526],[18.820982710487936,-34.06793155039248],[18.821014896996115,-34.06795265817571],[18.82102830804119,-34.0679404378808]]],[[[18.821372709384793,-34.06951560947622],[18.82135795723521,-34.06952005313742],[18.821425012460583,-34.06960892631235],[18.821439764610165,-34.069602260827466]]],[[[18.821430578732947,-34.069050733275105],[18.821410462165336,-34.06905962064603],[18.821431919837455,-34.069090726436905],[18.82144935419605,-34.06908072814823]]],[[[18.821457400823096,-34.06910183564517],[18.821442648673514,-34.069107390248746],[18.821478858495215,-34.06915627074458],[18.82149763395832,-34.06914849430395]]],[[[18.82119358402313,-34.0706833683567],[18.821170785246505,-34.07070003185529],[18.82126198035301,-34.07075224412964],[18.821282096920623,-34.07072891524508]]],[[[18.820977666197432,-34.07108551320776],[18.820949503002776,-34.071099954838175],[18.820997782765044,-34.07112550540902],[18.821012534914626,-34.07110106573273]]],[[[18.820230670986785,-34.07110550931076],[18.82020250779213,-34.07111884004347],[18.820252128658904,-34.07116549759142],[18.820270904122008,-34.07115105597219]]],[[[18.820403760949425,-34.068638533468715],[18.820394373217873,-34.068648531809586],[18.820435947457604,-34.06866852848777],[18.820439970771126,-34.06865853014928]]],[[[18.821629390774216,-34.07176851773803],[18.821605250893082,-34.07180850961688],[18.82165353065535,-34.071826283779195],[18.82166962390944,-34.071800733419686],[18.821650848446335,-34.07178851367981],[18.82165889507338,-34.071774072166775]]],[[[18.822468448361867,-34.071117665924966],[18.82243089743566,-34.07117432151636],[18.822538185796255,-34.0712331988555],[18.82255025573682,-34.07121542456875],[18.822904307326787,-34.07138428014233],[18.82293917604398,-34.07133206825749]]],[[[18.822307515820974,-34.07085438356194],[18.82225655384969,-34.07093214637033],[18.82241480418157,-34.071005465524316],[18.822471130570882,-34.0709299245768]]],[[[18.822602558812612,-34.07092548098956],[18.822516728124135,-34.07104990134432],[18.822978068074697,-34.07126763652548],[18.82307596870374,-34.07114432738447]]],[[[18.821714747628683,-34.07055332973061],[18.82169060774755,-34.07058332407175],[18.82173754640531,-34.070604431194326],[18.82175229855489,-34.070577769564935]]],[[[18.821791190585607,-34.07059443308429],[18.821772415122503,-34.07061776200589],[18.821834105929845,-34.07065219992603],[18.82185288139295,-34.07062664921243]]],[[[18.821897137841695,-34.070635536418024],[18.82187299796056,-34.07066219802925],[18.82193066545438,-34.07069885773099],[18.82194809981298,-34.07067441793159],[18.821902502259725,-34.07064664542372]]],[[[18.821982968530172,-34.0706844160322],[18.821958828649038,-34.07070996672839],[18.822008449515813,-34.07073218471879],[18.821982968530172,-34.07075551360246],[18.822035271605962,-34.07078328607463],[18.822082210263723,-34.070733295618176]]],[[[18.8221143967719,-34.070746626409445],[18.82208891578626,-34.070767733491344],[18.822154629907125,-34.070801060452055],[18.82214121886205,-34.070825500214916],[18.82217340537023,-34.07084438548139],[18.822210956296438,-34.07079772775658]]],[[[18.821819353780263,-34.07040446876928],[18.821777779540533,-34.0704555703228],[18.821823377093786,-34.070474455671736],[18.821844834765905,-34.070448904904524],[18.82187299796056,-34.070463346643464],[18.82189445563268,-34.07044112858254]]],[[[18.821907866677755,-34.070447794001424],[18.82186361022901,-34.070496673723916],[18.821929324349874,-34.070527778987184],[18.82194273539495,-34.07050333913843],[18.821964193067068,-34.07050667184549],[18.82198430963468,-34.070476677477224]]],[[[18.82198967405271,-34.07048667560116],[18.821958828649038,-34.070538888007015],[18.822017837247365,-34.0705666605502],[18.822039294919485,-34.07054444251637],[18.82205672927808,-34.07055110792713],[18.822074163636678,-34.070526668085115]]],[[[18.82208891578626,-34.07053444439926],[18.822048682651037,-34.0705799913677],[18.822142559966558,-34.07062553831166],[18.822170723161214,-34.07058887857819],[18.822107691249364,-34.07055999514067],[18.822117078980916,-34.07054333161453]]],[[[18.822227049550527,-34.07059443308429],[18.822201568564886,-34.07062109470845],[18.822243142804616,-34.0706444236227],[18.82222570844602,-34.07066664163031],[18.822290081462377,-34.07069885773099],[18.822332996806615,-34.07064886722469]]],[[[18.822339702329153,-34.07064886722469],[18.82232495017957,-34.07067330703145],[18.822350431165212,-34.070689970532015],[18.822328973493093,-34.07071218852768],[18.822402734241003,-34.070752180905195],[18.822444308480733,-34.07069552503148],[18.822350431165212,-34.07064775632421]]],[[[18.822449672898763,-34.07070107953059],[18.822413463077062,-34.07075662450152],[18.822731304845327,-34.07089770856399],[18.822779584607595,-34.070845496379285]]],[[[18.822457719525808,-34.0704566812258],[18.822386640986913,-34.07055332973061],[18.822763491353506,-34.07072329752332],[18.822846639832967,-34.07062553831166]]],[[[18.82298745580625,-34.070944366233746],[18.82294454046201,-34.070996578357516],[18.823145706138128,-34.0710932262464],[18.82318593927335,-34.07103879239151]]],[[[18.823348212918752,-34.0706155402041],[18.823309320888036,-34.07066775253054],[18.823366988381856,-34.07070107953059],[18.823336142978185,-34.07073996101407],[18.823285181006902,-34.07071107762804],[18.823208738049978,-34.070814391232666],[18.82331736751508,-34.07087215792443],[18.823456842383855,-34.07067330703145]]],[[[18.82320203252744,-34.07055555153402],[18.823172528228277,-34.070589989479444],[18.823152411660665,-34.070577769564935],[18.82303439446401,-34.07073996101407],[18.823148388347143,-34.07079217326382],[18.823290545424932,-34.0705922112819]]],[[[18.822591829976552,-34.07025894026321],[18.822505999288076,-34.07038113978895],[18.82288150855016,-34.0705488861236],[18.822978068074697,-34.07043113045322]]],[[[18.82329538952597,-34.06924050616002],[18.823366468064865,-34.06927605555847],[18.823570315949997,-34.06897388519613],[18.82349521409758,-34.0689383356709]]],[[[18.823627983443817,-34.06904720604485],[18.82357970368155,-34.06910719578296],[18.82377952825316,-34.06920273490781],[18.82379428040274,-34.0691838492754],[18.823806350343308,-34.06919162571278],[18.82384658347853,-34.069146077997935]]],[[[18.823575680368027,-34.06911386130679],[18.823548097903195,-34.06915587554687],[18.823636610800687,-34.06919809049804],[18.823659409577314,-34.06917365026572],[18.82367147951788,-34.06917365026572],[18.823680867249433,-34.06916365198683]]],[[[18.823856551939908,-34.06914921002634],[18.82377206235594,-34.069264745641284],[18.823804248864118,-34.069279187582076],[18.823817659909192,-34.06926363472265],[18.82383911758131,-34.069272522071245],[18.82382838874525,-34.06929251860217],[18.823868621880475,-34.06930807145627],[18.823879350716535,-34.06928918584733],[18.82389276176161,-34.069296962275054],[18.82395042925543,-34.069221419804144],[18.82395445256895,-34.06919586865904]]],[[[18.824053694302503,-34.069204756014734],[18.823859234148923,-34.06949581639851],[18.823930312687818,-34.069535809350214],[18.824130137259427,-34.06923697267131]]],[[[18.824248792491346,-34.06938472476698],[18.824124069772154,-34.06957358045393],[18.82417771395245,-34.06960357514193],[18.82430914219418,-34.06941027585513],[18.82424745138684,-34.06937583743016]]],[[[18.8173755913163,-34.067986944082044],[18.81736486248024,-34.06799694249979],[18.81743862322815,-34.06803915802841],[18.8174480109597,-34.06802693774598]]],[[[18.813788656833626,-34.06629272032961],[18.813779269102074,-34.06630494086217],[18.813878510835625,-34.06635160106119],[18.813885216358162,-34.06633715862138]]]],""evenOdd"":true}"
1716644134065,5993621,23,,none
1716644134065,7970753,24,,none
1716644134065,1630156,25,,none
1716644134065,7974452,26,,"{""type"":""Polygon"",""coordinates"":[[[28.14061631537735,-26.34734812482386],[28.14061631537735,-26.347372160632215],[28.140582787764664,-26.347375766003037],[28.140593516600724,-26.34743946086904],[28.14072092152893,-26.34742143402374],[28.14071153379738,-26.347339712289738]]],""geodesic"":true,""evenOdd"":true}"
1716644134065,5860107,27,,none
1716644134065,5990423,28,,"{""type"":""Polygon"",""coordinates"":[[[31.171721827832556,-29.522509125310084],[31.171721827832556,-29.52254763559051],[31.17187739595542,-29.522541800700473],[31.17188276037345,-29.522506791353234]]],""geodesic"":true,""evenOdd"":true}"
1716644134065,1991147,29,,"{""type"":""MultiPolygon"",""coordinates"":[[[[18.700656638677476,-33.927551779081334],[18.70067004972255,-33.9275929516872],[18.700692848499177,-33.92759183891433],[18.700678096349595,-33.9275495535345]]],[[[18.700688825185654,-33.92767640961101],[18.700692848499177,-33.92771535661415],[18.700719670589326,-33.92771424384288],[18.700708941753266,-33.92767974792627]]],[[[18.700503752763627,-33.92755511740147],[18.700501070554612,-33.92757848563876],[18.700641886527894,-33.92755066630792],[18.70063786321437,-33.927533974705064]]],[[[18.699530337233966,-33.92820753811732],[18.6994820574717,-33.928234244469145],[18.69952363171143,-33.92827207845321],[18.699569229264682,-33.928249823170496]]],[[[18.700810897027292,-33.92906447635921],[18.700809555922785,-33.9290878441824],[18.700919526492395,-33.929067814620055],[18.70091684428338,-33.9290522360683]]],[[[18.700358944808283,-33.92915015834622],[18.700369673644342,-33.92918910467546],[18.70044879881028,-33.92917018788919],[18.700427341138163,-33.929132354304066]]],[[[18.699515698167566,-33.92903321865834],[18.69951838037658,-33.92907327779458],[18.699547884675745,-33.92907216504105],[18.69955056688476,-33.929034331412375]]],[[[18.700469944746803,-33.92942254018807],[18.700473968060326,-33.929442569666996],[18.700546387703728,-33.929423652937025],[18.700565163166832,-33.92941029994864]]],[[[18.700636285509326,-33.92999219791128],[18.70063494440482,-33.93000666354978],[18.700704681839206,-33.93000888903241],[18.700704681839206,-33.92999219791128],[18.700645673240878,-33.92999108516976]]],[[[18.700169581140734,-33.929805257131235],[18.700169581140734,-33.929818610057715],[18.700200426544406,-33.92982639926385],[18.70019774433539,-33.929808595363056]]],[[[18.70012934800551,-33.929831962982085],[18.700128006901004,-33.9298486541346],[18.700200426544406,-33.929851992364725],[18.700200426544406,-33.929831962982085]]],[[[18.70013471242354,-33.92986089431105],[18.700132030214526,-33.92987647271488],[18.700195062126376,-33.92987535997184],[18.700195062126376,-33.929858668824544]]],[[[18.70013471242354,-33.929882036429845],[18.700133371319033,-33.929892051115864],[18.70019372102187,-33.92989650208705],[18.700196403230883,-33.92987869820091]]],[[[18.700137394632556,-33.92990429128606],[18.70013605352805,-33.92992098242442],[18.700196403230883,-33.92992209516686],[18.700200426544406,-33.92990985499922]]],[[[18.699662332690693,-33.93073498434888],[18.699660991586185,-33.93082289011669],[18.69969049588535,-33.93082622830861],[18.699691836989857,-33.930740548007755]]],[[[18.699607347405887,-33.93079173365241],[18.699607347405887,-33.930820664655336],[18.69964892164562,-33.93082289011669],[18.69964892164562,-33.93079173365241]]],[[[18.7008684510749,-33.93058401452475],[18.700855040029825,-33.930595141861865],[18.70087381549293,-33.930617396531744],[18.70089393206054,-33.93060738193102]]],[[[18.700881862119974,-33.93054506883336],[18.700883203224482,-33.93056621078232],[18.700919413046183,-33.930571774452225],[18.700930141882242,-33.93054618156766],[18.700891249851527,-33.93054173063042]]],[[[18.70156148051745,-33.931880861877936],[18.701545387263362,-33.9318897636122],[18.70157355045802,-33.93192314510739],[18.7015883026076,-33.93191758152577]]],[[[18.70109477614886,-33.93211898294899],[18.70107868289477,-33.93212788465836],[18.701118916029994,-33.932171280478215],[18.701129644866054,-33.93216905505209]]],[[[18.701122939343517,-33.93217684404327],[18.701148420329158,-33.93220577457568],[18.701160490269725,-33.93220021101251],[18.701135009284084,-33.93217239319126]]],[[[18.701432734484737,-33.93234041269332],[18.701396524663036,-33.93235932877543],[18.7014260289622,-33.932392710086575],[18.701459556574886,-33.93236934317015]]],[[[18.700190469192304,-33.93261942329311],[18.700175717042722,-33.93262832495018],[18.700209244655408,-33.93267060780852],[18.70022399680499,-33.932661706155876]]],[[[18.70069606559161,-33.932756286167624],[18.700657173560895,-33.93277854027278],[18.700675949024,-33.932804132486496],[18.700710817741193,-33.9327863292082]]],[[[18.700803353952207,-33.93279745625756],[18.700842245982923,-33.932775202157366],[18.70081676499728,-33.932738482879316],[18.700779214071073,-33.93276073698912]]],[[[18.700882479118146,-33.93262498682889],[18.700850292609967,-33.93264167743403],[18.70086906807307,-33.93267172051503],[18.700899913476743,-33.93265948074257]]],[[[18.701103761361875,-33.932519279587055],[18.7010903503168,-33.93252706854619],[18.70112790124301,-33.9325827039479],[18.701152041124143,-33.932573802286065]]],[[[18.702165199989746,-33.933064506039024],[18.70216385888524,-33.93310456327912],[18.702209456438492,-33.93310901408242],[18.702208115333985,-33.93307006954573]]],[[[18.701077564234208,-33.93318356500297],[18.701061470980118,-33.93318801580214],[18.701093657488297,-33.933232523780966],[18.701105727428864,-33.933223622187064]]],[[[18.700466465007224,-33.93350633217794],[18.700403433095374,-33.9335363749539],[18.70042757297651,-33.9335541780754],[18.7004798760523,-33.933533036868205]]],[[[18.700978335855652,-33.933809373856874],[18.700946149347473,-33.93383607845212],[18.700966265915085,-33.933860557657056],[18.700997111318756,-33.933833853069494]]],[[[18.699670490877658,-33.93316086595091],[18.699651715414554,-33.93317088025137],[18.699670490877658,-33.93319981044608],[18.699689266340762,-33.933196472347184]]],[[[18.699518946068316,-33.9332877136697],[18.699529674904376,-33.93329661525691],[18.69963696326497,-33.93323652952521],[18.699619528906375,-33.93322206443531]]],[[[18.699683901922732,-33.933243205719705],[18.69969999517682,-33.93325544540827],[18.699757662670642,-33.933225402533196],[18.699740228312045,-33.93321093744143]]],[[[18.69977375592473,-33.933358926341306],[18.6997858258653,-33.9333455739699],[18.699765709297687,-33.9333199819189],[18.699752298252612,-33.93332665810686]]],[[[18.699494806187182,-33.93336671522364],[18.699505535023242,-33.93338340568341],[18.699563202517062,-33.933351137458246],[18.699545768158465,-33.933335559689986]]],[[[18.699450549738437,-33.93341901198664],[18.699457255260974,-33.93342680086349],[18.6995162638593,-33.93340454692774],[18.699502852814227,-33.933393419957696],[18.699467984097033,-33.93341011041223]]],[[[18.69954308594945,-33.933540295845305],[18.699563202517062,-33.93355476088113],[18.699626234428912,-33.9335213800255],[18.699618187801867,-33.93350357689715]]],[[[18.69982605900052,-33.933382292986195],[18.699807283537417,-33.93339230726061],[18.699840811150104,-33.93344349131147],[18.6998582455087,-33.93343013895334]]],[[[18.69984751667264,-33.93337116601324],[18.69983276452306,-33.933382292986195],[18.699875679867297,-33.933439040525656],[18.699893114225894,-33.93343125164994]]],[[[18.699693289654284,-33.933501351505846],[18.699708041803866,-33.933516929243766],[18.699807283537417,-33.9334523928824],[18.699797895805865,-33.9334412659186]]],[[[18.699430433170825,-33.93364933990103],[18.699442503111392,-33.933661579531226],[18.69954845036748,-33.93360483214005],[18.6995336982179,-33.933588141723675]]],[[[18.699940052883655,-33.93353584506455],[18.69992664183858,-33.93354363393071],[18.699944076197177,-33.93357256399879],[18.699966874973803,-33.933561437050685]]],[[[18.7000205191541,-33.933585916334586],[18.700003084795505,-33.93359815597389],[18.700050023453265,-33.933654903369515],[18.700064775602847,-33.93365045259476]]],[[[18.699996379272967,-33.93359593058505],[18.699972239391833,-33.93360928291719],[18.700013813631564,-33.93365712875681],[18.70003661240819,-33.93364043835069]]],[[[18.700107690947085,-33.93374503150838],[18.70008891548398,-33.933755045740135],[18.700118419783145,-33.9337839757364],[18.700129148619204,-33.93377396150804]]],[[[18.70019486274007,-33.93380289149787],[18.700174746172458,-33.93381513110598],[18.700224367039233,-33.933874103738646],[18.7002364369798,-33.933867427593604]]],[[[18.700166699545413,-33.93381401841441],[18.700150606291324,-33.93382625802093],[18.700190839426547,-33.933872991047835],[18.70020961488965,-33.93386297682995]]],[[[18.70003258909467,-33.93392862557024],[18.70004734124425,-33.93394309054012],[18.700159994022876,-33.933881892573865],[18.70014255966428,-33.93386408952088]]],[[[18.69989043201688,-33.93396645702472],[18.699911889688998,-33.93397424585149],[18.699972239391833,-33.933944203230006],[18.699954805033236,-33.933930850950375]]],[[[18.699781802551776,-33.933849624537594],[18.699761685984164,-33.93385296261088],[18.699808624641925,-33.93391749866867],[18.69982605900052,-33.93390748445601]]],[[[18.69986360992673,-33.933712763420246],[18.699872997658282,-33.933722777655795],[18.699985650436908,-33.93366714299892],[18.699974921600848,-33.93365379067585]]],[[[18.6996597620416,-33.93378620112031],[18.699670490877658,-33.93380177880612],[18.699793872492343,-33.933733904582816],[18.699783143656283,-33.93371832688458]]],[[[18.70028337563756,-33.933962006266235],[18.70026191796544,-33.933968682403865],[18.70028874005559,-33.93399983770588],[18.70030483330968,-33.93399204888145]]],[[[18.70023107256177,-33.93408662741566],[18.700125125305682,-33.93415227598354],[18.700134513037234,-33.93415895210626],[18.70024180139783,-33.9341010923587]]],[[[18.70002186025861,-33.934073275158376],[18.70000576700452,-33.934082176663466],[18.70011573757413,-33.93421792450081],[18.700133171932727,-33.934211248382724]]],[[[18.700332996504336,-33.934066599028945],[18.700291422264606,-33.93408551472765],[18.700303492205173,-33.93409552891936],[18.70034238423589,-33.934081063975384]]],[[[18.699577954666644,-33.93419455808522],[18.699561861412555,-33.93420568495059],[18.699588683502704,-33.93423572747982],[18.699602094547778,-33.934225713304585]]],[[[18.699630257742434,-33.93424129091],[18.699612823383838,-33.93424907971163],[18.699650374310046,-33.93429247445058],[18.699661103146106,-33.93428246028202]]],[[[18.699671831982165,-33.934318066209336],[18.699657079832583,-33.934322516949194],[18.699734863894015,-33.93441709511638],[18.699746933834582,-33.934408193646306]]],[[[18.69952833379987,-33.9344660531852],[18.699541744844943,-33.93448496879516],[18.699655738728076,-33.93442154585109],[18.69964366878751,-33.93440596827864]]],[[[18.69944920863393,-33.93452970938336],[18.699461278574496,-33.93454194888702],[18.699494806187182,-33.93452970938336],[18.699486759560138,-33.934511906465815]]],[[[18.69934460248235,-33.93450189232305],[18.69932716812375,-33.93450411768821],[18.69940226997617,-33.93460203369763],[18.69941702212575,-33.93459090688405]]],[[[18.69926547731641,-33.934652104340756],[18.69928559388402,-33.93466434382681],[18.699321803705722,-33.93464542825671],[18.699305710451632,-33.934634301448796]]],[[[18.702419285662767,-33.933407280132876],[18.702389781363603,-33.93342730867466],[18.70240185130417,-33.93343843564029],[18.702430014498827,-33.93341840710112]]],[[[18.702431355603334,-33.93342619597802],[18.70236966479599,-33.93346736574411],[18.70238039363205,-33.93347404192051],[18.70244476664841,-33.93344288642613]]],[[[18.70237502921402,-33.93343732294379],[18.702358935959932,-33.933443999122545],[18.70236564148247,-33.93346068956717],[18.70238039363205,-33.933446224515365]]],[[[18.704573156597213,-33.934425846123595],[18.704577179910736,-33.93444698710914],[18.70462277746399,-33.93444253637577],[18.704620095254974,-33.9344236207564]]],[[[18.703696757827778,-33.935049748633986],[18.703703463350315,-33.935078678190386],[18.703814775024433,-33.93507422749005],[18.70380538729288,-33.93504752328308]]],[[[18.70387914804079,-33.93488507251033],[18.70387914804079,-33.934905100704555],[18.703986436401387,-33.93490176267251],[18.70397436646082,-33.93488062179988]]],[[[18.703346729551335,-33.93536018451454],[18.70334404734232,-33.93539133930745],[18.70342853692629,-33.93539578999122],[18.703420490299244,-33.93536129718591]]],[[[18.70358829064774,-33.93462789161876],[18.70358829064774,-33.93465014523481],[18.703660710291143,-33.93464569451206],[18.703660710291143,-33.934632342342425]]],[[[18.702851597288266,-33.93420318635728],[18.70285025618376,-33.934228778142874],[18.702898535946026,-33.934231003515166],[18.702898535946026,-33.93420763710316]]]],""evenOdd"":true}"
1716644134065,6620684,30,,none
1716644134065,1993309,31,,none
1716644134065,1760042,32,,none
1716644134065,8740714,33,,"{""type"":""Polygon"",""coordinates"":[[[31.164254659772674,-25.44945170380493],[31.164254659772674,-25.44949166581124],[31.164285505176345,-25.44949166581124],[31.164285505176345,-25.449454125745085]]],""geodesic"":true,""evenOdd"":true}"
1716644134065,8710362,34,,none
1716644134065,2600350,35,,none
1716644134065,2860343,36,,none
1716644134065,4640067,37,,none
1716644134065,5992341,38,,none
1716644134065,7980627,39,,"{""type"":""MultiPolygon"",""coordinates"":[[[[28.01824082163805,-26.13523984074609],[28.01823009280199,-26.13526392045798],[28.018268984832705,-26.135273552341346],[28.018279713668765,-26.13524826864581]]],[[[28.018144262113513,-26.1352350248031],[28.018136215486468,-26.135257900530473],[28.018200588502825,-26.135266328428894],[28.018200588502825,-26.135245860674523]]],[[[28.018047702588976,-26.135141113875395],[28.018042338170947,-26.135154357728755],[28.018065136947573,-26.135162785634645],[28.018058431425036,-26.135177233471914],[28.018090617933215,-26.13518204941728],[28.018090617933215,-26.135166397594126],[28.01811341670984,-26.135166397594126],[28.01811475781435,-26.135148337795595]]],[[[28.018267643728198,-26.13496412769095],[28.01825557378763,-26.135007471271138],[28.018273008146227,-26.135015899187625],[28.01828776029581,-26.134972555610585]]],[[[28.018262279310168,-26.13488346042946],[28.01825557378763,-26.134930416006366],[28.018278372564257,-26.134930416006366],[28.018283736982287,-26.134884664418855],[28.01827166704172,-26.134881052450655]]],[[[28.018173766412676,-26.13483048488414],[28.01816571978563,-26.134878644471794],[28.01818181303972,-26.13488948037628],[28.018193882980288,-26.134841320793093]]],[[[28.01781569150919,-26.13475910411013],[28.017811668195666,-26.134779571949814],[28.01781435040468,-26.134790407863505],[28.01785190133089,-26.134800039785915],[28.01786799458498,-26.134774755987873]]],[[[28.017790210523547,-26.134795223824813],[28.01777814058298,-26.134834955498047],[28.017791551628054,-26.134837363477814],[28.01781569150919,-26.13482532357851],[28.01781971482271,-26.13481207968784]]],[[[28.01727924970621,-26.134968827696664],[28.017275226392687,-26.134988091511282],[28.017331552782,-26.13499531544095],[28.017331552782,-26.13497725561594]]],[[[28.01723096994394,-26.134996519429187],[28.017222923316897,-26.135039862997335],[28.017249745407046,-26.1350482909115],[28.01725242761606,-26.13500494734646]]],[[[28.017332893886508,-26.135026619130986],[28.017323506154955,-26.135078390599958],[28.017344963827075,-26.135080798574702],[28.017354351558627,-26.135032639070417]]],[[[28.017008346595706,-26.13481712504546],[28.016998958864153,-26.134835184895213],[28.01706333188051,-26.13484722479351],[28.01706467298502,-26.13482073701564]]],[[[28.01649068025583,-26.13476896543244],[28.016478610315264,-26.134791841251094],[28.016525548973025,-26.134800269183167],[28.016534936704577,-26.134781005337548]]],[[[28.016757560052813,-26.134604018607316],[28.016752195634783,-26.134643750345624],[28.016772312202395,-26.134650974296584],[28.016779017724932,-26.13461124256076]]],[[[28.01670659808153,-26.13459679465345],[28.016694528140963,-26.134635322402268],[28.016718668022097,-26.134641342361874],[28.016725373544634,-26.134602814615047]]],[[[28.01701639322275,-26.134643750345624],[28.017008346595706,-26.13469792996696],[28.017023098745288,-26.13470635790582],[28.017035168685855,-26.134646158329335]]],[[[28.01716793803209,-26.13461124256076],[28.017155868091525,-26.134653382280145],[28.017193419017733,-26.134653382280145],[28.01719476012224,-26.134617262521598]]],[[[28.01718403128618,-26.13466301421388],[28.01718403128618,-26.134676258121445],[28.01721621779436,-26.13468829803613],[28.01722158221239,-26.134665422197184]]],[[[28.018362601769308,-26.134414991667246],[28.018357237351278,-26.134431847585155],[28.018410881531576,-26.13444509151894],[28.01841356374059,-26.13442703160885]]],[[[28.01833041526113,-26.13454743095672],[28.01831968642507,-26.134559470884675],[28.018373330605367,-26.13457151081139],[28.018376012814382,-26.13455345092085]]],[[[28.018257995617727,-26.13446194743252],[28.018228491318563,-26.13445953944501],[28.01820837475095,-26.134530575055482],[28.018244584572653,-26.1345390030064]]],[[[28.018169482720236,-26.13452575908326],[28.018197645914892,-26.134532983041524],[28.01820837475095,-26.13445472346985],[28.018181552660803,-26.13445351947603]]],[[[28.01806219435964,-26.134573918796594],[28.018052806628088,-26.134588366706712],[28.01810376859937,-26.13460642659184],[28.018107791912893,-26.134583550736867]]],[[[28.018043418896536,-26.13441137968452],[28.018032690060476,-26.134430643591106],[28.018079628718237,-26.134437867555246],[28.018080969822744,-26.134422215632355]]],[[[28.017756422531942,-26.13431385610869],[28.01775239921842,-26.134337936011523],[28.017791291249136,-26.134347567971272],[28.017796655667166,-26.13431867208964]]],[[[28.018001844656805,-26.13423078040577],[28.017991115820745,-26.13426930827534],[28.018003185761312,-26.134272920262468],[28.01801525570188,-26.134235596390166],[28.017989774716238,-26.134228372413503]]],[[[28.017741935582343,-26.134359607919833],[28.017720477910224,-26.134464355419972],[28.017735230059806,-26.134465559413677],[28.017745958895865,-26.134446295512856],[28.017756687731925,-26.134448703500638],[28.017762052149955,-26.134414991667246],[28.017747300000373,-26.134405359713053],[28.01775400552291,-26.13436683188838]]],[[[28.017778145404044,-26.134133256679117],[28.017763393254462,-26.134211516466216],[28.017774122090522,-26.1342211484364],[28.017799603076163,-26.1341392766646]]],[[[28.01768027840462,-26.13410916940491],[28.017666867359544,-26.13410314941787],[28.01766418515053,-26.134118801383526],[28.01762126980629,-26.13411398539432],[28.01762126980629,-26.134130841355677],[28.01771112380829,-26.134153717299338],[28.017720511539842,-26.134101945420422],[28.01769100724068,-26.134094721435492]]],[[[28.017446926220323,-26.134126025366953],[28.0174429029068,-26.134147697314592],[28.01749118266907,-26.134158533286907],[28.0174965470871,-26.134139269335435]]],[[[28.01752202807274,-26.13409110944286],[28.017509958132173,-26.134111577399626],[28.017539462431337,-26.13411518939163],[28.017535439117815,-26.134135657344185],[28.017556896789934,-26.1341404733325],[28.017566284521486,-26.134106761410123]]],[[[28.016946660731808,-26.134216214823052],[28.01693995520927,-26.134234274765753],[28.016957389567867,-26.134246314726],[28.01698823497154,-26.134243906734042],[28.016994940494076,-26.134227050789004]]],[[[28.016848760102764,-26.133567259028876],[28.01684071347572,-26.13358291106635],[28.016868876670376,-26.133594951093748],[28.0168728999839,-26.133570871037705]]],[[[28.01708211228706,-26.133643111190935],[28.017079430078045,-26.133657559216218],[28.01713977978088,-26.133674415243448],[28.01713977978088,-26.133653947210068]]],[[[28.017053949092404,-26.13366117122226],[28.01704992577888,-26.133670803237823],[28.017133074258343,-26.13368645526143],[28.017133074258343,-26.1336756192453]]],[[[28.017036514733807,-26.13367682324715],[28.017033832524792,-26.13368525125968],[28.01707674786903,-26.133696087274917],[28.017079430078045,-26.133684047257933]]],[[[28.017130392049328,-26.133574483046424],[28.017127709840313,-26.133590135082926],[28.01715050861694,-26.133590135082926],[28.01715587303497,-26.133578095055043]]],[[[28.017377155278698,-26.133721371306514],[28.01737581417419,-26.133734615320883],[28.017406659577862,-26.133744247330387],[28.017409341786877,-26.133726187311915]]],[[[28.017725842450634,-26.133640703186554],[28.017720478032604,-26.13365635521419],[28.017762052272335,-26.133662375224255],[28.01776473448135,-26.13364672319743]]],[[[28.0177017025695,-26.133663579226226],[28.01768560931541,-26.133720167305132],[28.0177017025695,-26.133720167305132],[28.01771779582359,-26.133670803237823]]],[[[28.01785861179687,-26.133633479173085],[28.01784385964729,-26.13366839523402],[28.017908232663647,-26.133691271268265],[28.017913597081677,-26.13365274320799]]],[[[28.017909573768154,-26.133796019367875],[28.017897503827587,-26.13383815938145],[28.01794846579887,-26.13385140338258],[28.0179538302169,-26.1338044473718]]],[[[28.01841517016746,-26.1334564907037],[28.01840980574943,-26.133484182794838],[28.018448697780148,-26.13348779480624],[28.018451379989163,-26.133468530744135]]],[[[28.018480884288326,-26.133428798605994],[28.01846344992973,-26.133481774787178],[28.01848356649734,-26.13348779480624],[28.018492954228893,-26.13344204265354]]],[[[28.01685680672981,-26.13314826524594],[28.016848760102764,-26.13316391733957],[28.01695604846336,-26.13318679347264],[28.01695604846336,-26.13317114138208]]],[[[28.01693831857792,-26.132769134093113],[28.01693295415989,-26.132783582226516],[28.01697586950413,-26.132792010303522],[28.016978551713144,-26.132773950137786]]],[[[28.017024149266398,-26.13286063890784],[28.017029513684427,-26.13282331458418],[28.017013420430338,-26.13281488650945],[28.0170067149078,-26.132853414846135]]],[[[28.0170965689098,-26.132805254423282],[28.017093886700785,-26.132822110573542],[28.017108638850367,-26.132826926616026],[28.017108638850367,-26.13284619078398],[28.01712741431347,-26.132848598804753],[28.017130096522486,-26.132834150679376],[28.017156918612635,-26.13284017073183],[28.017162283030665,-26.132819702552222]]],[[[28.017142166463053,-26.13284017073183],[28.017135460940516,-26.132905187278553],[28.01714887198559,-26.13290879930787],[28.017166306344187,-26.13285100682546]]],[[[28.017246772614634,-26.13284619078398],[28.01724274930111,-26.132864250938546],[28.017270912495768,-26.13287388301983],[28.0172588425552,-26.13288833114028],[28.017282982436335,-26.132889535150234],[28.0172950523769,-26.132859434897597]]],[[[28.017256160346186,-26.13266077303557],[28.01724274930111,-26.13270772950619],[28.017299075690424,-26.132717361600385],[28.017313827840006,-26.132677629206682]]],[[[28.0170067149078,-26.132534585437053],[28.01702817257992,-26.132569501826527],[28.017068405715143,-26.132553849653235]]],[[[28.017501560370647,-26.13254060798511],[28.017490831534587,-26.13255987220029],[28.01749485484811,-26.13257432035958],[28.01752167693826,-26.132585156477894],[28.017548499028408,-26.132555056146792]]],[[[28.017771122376644,-26.13259599259519],[28.017791238944255,-26.132634521004093],[28.017811355511867,-26.132634521004093],[28.017847565333568,-26.132612848775647]]],[[[28.017886457364284,-26.132563484240276],[28.017866340796672,-26.132621276864953],[28.01789852730485,-26.132616460813995],[28.017913279454433,-26.13256830029342]]],[[[28.018016544501506,-26.13258274845169],[28.01800983897897,-26.132610440750017],[28.018050072114193,-26.132614052788437],[28.018052754323207,-26.132591176543173]]],[[[28.018007156769954,-26.132614052788437],[28.018001792351924,-26.132622480877668],[28.01804604880067,-26.132641745079336],[28.018047389905178,-26.132617664826746]]],[[[28.018064824263774,-26.132585156477894],[28.018059459845745,-26.132620072852227],[28.018086281935894,-26.132632112978904],[28.018091646353923,-26.132585156477894]]],[[[28.017476079385006,-26.1327260259243],[28.017486808221065,-26.13273324999388],[28.01750021926614,-26.132670641375885],[28.017486808221065,-26.13266702933922]]],[[[28.017512289206707,-26.132671845388092],[28.017501560370647,-26.13272241388934],[28.01751497141572,-26.13272843394754],[28.017529723565303,-26.13268268149735]]],[[[28.017582026641094,-26.1327260259243],[28.017567274491512,-26.13278020643537],[28.017598119895183,-26.132779002424282],[28.017607507626735,-26.132727229935924]]],[[[28.017602143208705,-26.132924687675324],[28.01759543768617,-26.13295719592968],[28.017623600880825,-26.132963215975796],[28.017627624194347,-26.132934319751634]]],[[[28.018500683228694,-26.13305712865493],[28.018520799796306,-26.13309324889603],[28.018554327408992,-26.133073984768828]]],[[[28.018646863620006,-26.13290060748108],[28.018637475888454,-26.132929503713587],[28.018700507800304,-26.132946359845896],[28.018705872218334,-26.132918667627234]]],[[[28.01818284146043,-26.132864487180385],[28.018174794833385,-26.132881343322097],[28.018239167849742,-26.132893383421823],[28.01824587337228,-26.13286689520079]]],[[[28.018236485640728,-26.132673049400285],[28.018231121222698,-26.132694721617558],[28.01828744761201,-26.132710373771975],[28.01829817644807,-26.13268749754557]]],[[[28.018311587493145,-26.132817530772805],[28.018286106507503,-26.132898199461373],[28.018315610806667,-26.132893383421823],[28.01832902185174,-26.132825958847356],[28.018299517552578,-26.132810306708425]]],[[[28.018691120068752,-26.132361209828687],[28.018683073441707,-26.132391310209744],[28.018725988785945,-26.132399738315044],[28.018731353203975,-26.132366025890168]]],[[[28.018493977706157,-26.13235759778244],[28.018483248870098,-26.132394922254946],[28.018535551945888,-26.13240696240483],[28.018535551945888,-26.13236482187482]]],[[[28.018599924962245,-26.132130038643588],[28.01858249060365,-26.132210707807026],[28.018610653798305,-26.132210707807026],[28.01863345257493,-26.13213846676776]]],[[[28.01819263649761,-26.13207381546551],[28.018185930975072,-26.13210873199274],[28.018216776378743,-26.132111140028723],[28.018222140796773,-26.132077427520553]]],[[[28.018219458587758,-26.131984718072875],[28.01821409416973,-26.132001574341565],[28.018243598468892,-26.132011206494003],[28.018243598468892,-26.13199194218832]]],[[[28.017964648731343,-26.131848663815127],[28.017959284313314,-26.131878764328277],[28.018038409479253,-26.131895620612262],[28.018042432792775,-26.131866724123945]]],[[[28.017947214372747,-26.13200398237974],[28.01794050885021,-26.132075019483874],[28.017964648731343,-26.132068999391983],[28.017972695358388,-26.132013614531992]]],[[[28.018027680643193,-26.132078631538853],[28.01801963401615,-26.13212077217213],[28.018054502733342,-26.132125588243532],[28.018063890464894,-26.132088263684945],[28.01801829291164,-26.132076223502217]]],[[[28.018026339538686,-26.132237561847724],[28.018016951807134,-26.132256826112886],[28.01806120825588,-26.132260438162255],[28.01807193709194,-26.13224237791431]]],[[[28.017858701475255,-26.13214726056239],[28.017843949325673,-26.13216772885985],[28.017876135833852,-26.132177360998593],[28.017889546878926,-26.132160504755284]]],[[[28.01784126711666,-26.132173748946656],[28.0178305382806,-26.132190605188068],[28.017860042579763,-26.132199033307856],[28.017865406997792,-26.13218458510213]]],[[[28.01772995544254,-26.13219180920521],[28.017731296547048,-26.132208665444015],[28.01780371619045,-26.13221227749487],[28.01779835177242,-26.13219421723948]]],[[[28.017558294065587,-26.132188197153734],[28.01755158854305,-26.132207461427036],[28.017590480573766,-26.132213481511794],[28.017595844991796,-26.132197829290778]]],[[[28.017528789766423,-26.13215930073781],[28.017523425348394,-26.132173748946656],[28.017590480573766,-26.132188197153734],[28.01759852720081,-26.132173748946656]]],[[[28.017440276868932,-26.132138832438876],[28.017428206928365,-26.132153280650254],[28.01748319221317,-26.132165320825045],[28.01748319221317,-26.132150872615142]]],[[[28.017109024055593,-26.132076223502217],[28.017107682951085,-26.132088263684945],[28.017114388473622,-26.132096691812112],[28.01715193939983,-26.132115956100535],[28.01716803265392,-26.13209067172134]]],[[[28.017658853318554,-26.131887213644863],[28.01766153552757,-26.131872765400548],[28.017621302392346,-26.13186072519562],[28.017615937974316,-26.131875173441394]]],[[[28.01767762878166,-26.13187878550257],[28.01766153552757,-26.131913702088106],[28.017684334304196,-26.131917314148083],[28.017691039826733,-26.131888417665134]]],[[[28.018991027307234,-26.131738502922083],[28.01898834509822,-26.131768603463634],[28.01899773282977,-26.13178666378483],[28.01906612915965,-26.131798703997422],[28.01907685799571,-26.13176378737751]]],[[[28.018834118079862,-26.131653017341783],[28.018828753661833,-26.131672281703366],[28.01891458435031,-26.131704790306337],[28.018926654290876,-26.13168432192775]]],[[[28.01816356582614,-26.13155428743879],[28.01816222472163,-26.131573551816658],[28.018201116752348,-26.1315795719341],[28.018209163379392,-26.131562715604492]]],[[[28.018132720422468,-26.131613284585978],[28.018144790363035,-26.13161689665524],[28.018148813676557,-26.131577163887155],[28.018134061526975,-26.131577163887155]]],[[[28.017993245553694,-26.131449537328514],[28.01797983450862,-26.131483250017936],[28.018012021016798,-26.13148806611564],[28.018022749852857,-26.1314507413533],[28.018002633285246,-26.131448333303712]]],[[[28.017955694627485,-26.131377295818403],[28.017940942477903,-26.131421844754914],[28.017967764568052,-26.131432680980158],[28.01797983450862,-26.13138211192046]]],[[[28.017849747371397,-26.131283381788467],[28.01783767743083,-26.131341175046597],[28.017902050447187,-26.131353215305104],[28.01790607376071,-26.13132913478685],[28.01793289585086,-26.13132913478685],[28.017940942477903,-26.131311074394887]]],[[[28.017822925281248,-26.13152057476988],[28.01780683202716,-26.13158559205122],[28.017820243072233,-26.13158559205122],[28.017830971908293,-26.131563919628128],[28.017841700744352,-26.13152418684201]]],[[[28.017305494665536,-26.131300238158374],[28.017300130247506,-26.13131950257815],[28.01731890571061,-26.131341175046597],[28.0173349989647,-26.131331542838904],[28.017394007563027,-26.131342379072507],[28.01740875971261,-26.131326726734752],[28.017296106933983,-26.131305054263617]]]],""evenOdd"":true}"
1716644134065,3710052,40,,none
1716644134065,5992177,41,,none
1716644134065,1991774,42,,none
1716644134065,7985445,43,,none
1716644134065,7972076,44,,none
1716644134065,7983300,45,,none
1716644134065,7650029,46,,none
1716644134065,1990924,47,,"{""type"":""MultiPolygon"",""coordinates"":[[[[18.475669062834704,-34.04405733917837],[18.47562882969948,-34.04407400791227],[18.47565565178963,-34.044115124108586],[18.475701249342883,-34.04409289914008]]],[[[18.476005691988696,-34.041581288269164],[18.4759882576301,-34.04161573798809],[18.476000327570667,-34.04162796207854],[18.476016420824756,-34.0415957349272]]],[[[18.476001668675174,-34.04186355329569],[18.475986916525592,-34.04189244651312],[18.476017761929263,-34.041906893118146],[18.476032514078845,-34.04187799990564]]]],""evenOdd"":true}"
1716644134065,1993463,48,,"{""type"":""Polygon"",""coordinates"":[[[18.633105840347334,-33.911453828520955],[18.633124615810438,-33.91154064120263],[18.633205082080885,-33.91153396330718],[18.63319167103581,-33.9114471506187]]],""geodesic"":true,""evenOdd"":true}"
1716644134065,7984411,49,,none
1716644134065,2600943,50,,none
1716644134065,2620003,51,,"{""type"":""MultiPolygon"",""coordinates"":[[[[25.6152615237221,-32.760003989916264],[25.61525213599055,-32.760032184774786],[25.615355401037622,-32.76005248506739],[25.615368812082696,-32.76003444036308]]],[[[25.61525079488604,-32.7600389515395],[25.615237383840967,-32.76006037962438],[25.61534601330607,-32.76008519108463],[25.615348695515085,-32.760067146386945]]],[[[25.62161139935061,-32.746548476350334],[25.62162212818667,-32.746563139893],[25.621711982188668,-32.74653494077033],[25.621707958875145,-32.74652027722301]]],[[[25.621717346606697,-32.74656201192826],[25.621720028815712,-32.746581187326825],[25.621760261950936,-32.74657667546871],[25.6217535564284,-32.746552988209864]]],[[[25.621538979707207,-32.7466138982913],[25.621517522035088,-32.746616154219446],[25.62153227418467,-32.74665450498913],[25.621551049647774,-32.74665224906195]]],[[[25.621648950276818,-32.74657441953956],[25.621651632485833,-32.74659021104237],[25.621675772366967,-32.746581187326825],[25.62167309015795,-32.74656539582242]]],[[[25.61588652135263,-32.744949295978955],[25.615929436696867,-32.7450575824886],[25.61594955326448,-32.74505307055333],[25.615909320129255,-32.744943656052975]]],[[[25.61587445141206,-32.744952679934364],[25.615851652635435,-32.74496283179986],[25.615897250188688,-32.745069990309425],[25.615921390069822,-32.74505983845616]]]],""evenOdd"":true}"
1716644134065,4670093,52,,none
1716644134065,5060023,53,,none
1716644134065,1760117,54,,"{""type"":""Polygon"",""coordinates"":[[[22.089160841459737,-34.18183568525655],[22.089160841459737,-34.18187673454171],[22.089229237789617,-34.181880062861254],[22.089231919998632,-34.181843451339056]]],""geodesic"":true,""evenOdd"":true}"
1716644134065,8620083,55,,none
1716644134065,8670097,56,,none
1716644134065,7984719,57,,"{""type"":""MultiPolygon"",""coordinates"":[[[[27.845508148359514,-26.253500793122853],[27.845513512777543,-26.253539281559092],[27.845534970449663,-26.253541687085946],[27.845537652658678,-26.253503198650492]]],[[[27.84554704039023,-26.253465912966476],[27.845544358181215,-26.253499590359016],[27.84556849806235,-26.253499590359016],[27.84556849806235,-26.253465912966476]]]],""evenOdd"":true}"
1716644134065,7984905,58,,none
1716644134065,2650054,59,,"{""type"":""Polygon"",""coordinates"":[[[26.89003230842172,-33.58330420082058],[26.890012191854108,-33.58332766308093],[26.890067177138913,-33.58336788408383],[26.890091317020048,-33.58334553908453]]],""geodesic"":true,""evenOdd"":true}"
1716644134065,1993881,60,,none
1716644134065,6780017,61,,none
1716644134065,7982331,62,,none
1716644134065,2600989,63,,none
1716644134065,1750024,64,,"{""type"":""MultiPolygon"",""coordinates"":[[[[20.862356734023702,-34.391811477378866],[20.862383708213102,-34.39184799753718],[20.862419918034803,-34.39182807745279],[20.86239980146719,-34.391795983973545]]],[[[20.86245210454298,-34.391779383893244],[20.86246417448355,-34.39180041066107],[20.86253122970892,-34.39177163718797],[20.862513795350324,-34.39175282375791],[20.86245344564749,-34.3917749572046]]],[[[20.856315237026102,-34.393489093905565],[20.856320601444132,-34.393562132742325],[20.856362175683863,-34.393563239390886],[20.856364857892878,-34.393496840451874]]],[[[20.85385270151432,-34.394423216890594],[20.85385806593235,-34.394446456268014],[20.853887570231514,-34.3944387098096],[20.85388354691799,-34.394423216890594]]],[[[20.85385806593235,-34.39445752263596],[20.853859407036857,-34.39447965536743],[20.85389964017208,-34.394473015548606],[20.853896957963066,-34.39445309608896]]],[[[20.844977774663057,-34.393819992249256],[20.84494558815488,-34.393863151398975],[20.84508103971013,-34.39390963045838],[20.845103838486757,-34.39386979126618],[20.844968386931505,-34.393822205539536]]],[[[20.836519952600703,-34.39372934081503],[20.836604442184672,-34.39371827435081],[20.836596395557628,-34.39367843506753],[20.836507882660136,-34.39368728824323]]],[[[20.83677342135261,-34.393963949512056],[20.83677342135261,-34.39397833587303],[20.83682036001037,-34.39397944251608],[20.836824383323894,-34.39396284286881]]],[[[20.83536195200613,-34.39414759509426],[20.835359269797117,-34.39416640798605],[20.83542096060446,-34.394165301345474],[20.83542632502249,-34.394154234938895],[20.83539413851431,-34.39414759509426]]],[[[20.83546789926222,-34.394126568916064],[20.83546789926222,-34.39415755486103],[20.835512155710965,-34.39415755486103],[20.835517520128995,-34.39412103571041]]],[[[20.835131765737124,-34.39379741062823],[20.835130424632617,-34.39382175682456],[20.835194797648974,-34.39381843688911],[20.835194797648974,-34.39379077075528]]],[[[20.834640857615693,-34.39477414049751],[20.834655609765274,-34.39481619252322],[20.834690478482468,-34.39480955273109],[20.83468913737796,-34.39477856702752]]],[[[20.832449669924518,-34.39719867542093],[20.83243223556592,-34.39726617802268],[20.832514042940875,-34.39726507142309],[20.832523430672428,-34.3972064216239]]]],""evenOdd"":true}"
1716644134065,1994464,65,,none
1716644134065,2680015,66,,none
1716644134065,5670014,67,,"{""type"":""MultiPolygon"",""coordinates"":[[[[30.53289150535172,-29.727624062537775],[30.532879435411154,-29.72765900068608],[30.532900893083273,-29.727657836081335],[30.532916986337362,-29.72762755635315]]],[[[30.532481176085916,-29.72651796827995],[30.532475811667886,-29.72653776678372],[30.532634061999765,-29.726561059136117],[30.532644790835825,-29.72654126063692]]],[[[30.53380672492189,-29.723280836911364],[30.53381208933992,-29.723365856730805],[30.533842934743593,-29.723367021385364],[30.533832205907533,-29.723280836911364]]],[[[30.533526827833864,-29.722453285322764],[30.533520122311327,-29.722471919963567],[30.533569743178102,-29.722473084628508],[30.533575107596132,-29.722454449987925]]],[[[30.533600588581773,-29.722459108648394],[30.533595224163744,-29.722481237282672],[30.533662279389116,-29.722483566612325],[30.533668984911653,-29.722463767308653]]],[[[30.532597442410204,-29.722795696295112],[30.532601465723726,-29.72287023458323],[30.532637675545427,-29.72287023458323],[30.532626946709367,-29.7227991902786],[30.53258805467865,-29.722796860956286]]],[[[30.53302391364357,-29.722942443497054],[30.533027936957094,-29.723004170430585],[30.533049394629213,-29.722997182477748],[30.53304134800217,-29.722945937475437]]],[[[30.533049394629213,-29.722919150304733],[30.533053417942735,-29.72298437122961],[30.533068170092317,-29.72297971259354],[30.533065487883302,-29.72291798564497],[30.533037324688646,-29.72291798564497]]],[[[30.532958100311706,-29.722441426018815],[30.532948712580154,-29.72246006066182],[30.532999674551437,-29.72246006066182],[30.53300369786496,-29.722447249345134]]],[[[30.533405005015553,-29.72433463980413],[30.533399640597523,-29.724375402312198],[30.533450602568806,-29.72438122552628],[30.533462672509373,-29.724341627663826]]],[[[30.53510521327793,-29.725355520122086],[30.53514276420414,-29.725368331067497],[30.535160198562735,-29.725275160518056],[30.535114601009482,-29.725268172723354]]],[[[30.5323512462814,-29.728092078646984],[30.532337835236326,-29.72812934583091],[30.53241025487973,-29.72813633342637],[30.532429030342833,-29.728102560043858]]]],""evenOdd"":true}"
1716752506363,7982623,68,,"{""type"":""MultiPolygon"",""coordinates"":[[[[27.951533774903936,-26.11002916004969],[27.95152572827689,-26.110048427976675],[27.95155791478507,-26.110059266184205],[27.95156864362113,-26.110044815240602]]],[[[27.95153645711295,-26.11006649165533],[27.951523046067877,-26.11007853410623],[27.951567302516622,-26.11010382324905],[27.951576690248174,-26.110086963821107]]],[[[27.951403687766714,-26.10988826323709],[27.951403687766714,-26.109902714200054],[27.951470742992086,-26.109896692965705],[27.95146940188758,-26.109876220766594]]],[[[27.950999217632166,-26.109126332195498],[27.950969713333002,-26.109138374743225],[27.951015310886255,-26.109193770446847],[27.951046156289927,-26.10918052365055]]],[[[27.95103408634936,-26.1093527318854],[27.951052861812464,-26.1093804296897],[27.951082366111628,-26.109376816933008],[27.95106493175303,-26.109347914875286]]],[[[27.951013969781748,-26.1093659786622],[27.950999217632166,-26.109371999923884],[27.951022016408793,-26.10940090197564],[27.951035427453867,-26.109391267959175]]],[[[27.95088040922238,-26.10879243505203],[27.950860292654767,-26.108800864859653],[27.95091125462605,-26.10887312032863],[27.950928688984646,-26.108868303298756],[27.950909913521542,-26.108838196857533],[27.9509206423576,-26.108832175568356],[27.95091125462605,-26.108817724473077],[27.950899184685483,-26.108826154278866]]],[[[27.950062818108528,-26.108017385806562],[27.950033313809364,-26.108051105256955],[27.95002392607781,-26.108047492459153],[27.950011856137245,-26.108057126586353],[27.95003063160035,-26.10807639483834],[27.95007220584008,-26.108030632734664]]],[[[27.94996223527047,-26.10803544979905],[27.949954188643424,-26.10802461140389],[27.94988311010453,-26.108067964978492],[27.949891156731574,-26.10808362043203]]],[[[27.950043647684677,-26.107799908355123],[27.95007851640187,-26.107851691889106],[27.950101315178497,-26.107848079085144],[27.95006242314778,-26.10779027420673]]],[[[27.949263142159506,-26.106836678688897],[27.949243025591894,-26.10684510863753],[27.949267165473028,-26.106881236981945],[27.949285940936132,-26.106876419870016]]],[[[27.948907252877984,-26.10626817619581],[27.948876407474312,-26.106292261878846],[27.948916640609536,-26.106333207528632],[27.948939439386162,-26.10632116469194],[27.948928710550103,-26.106313938989338],[27.948944803804192,-26.106301896150676],[27.948932733863625,-26.106288649026705],[27.948911276191506,-26.10629707901487],[27.948905911773476,-26.106288649026705],[27.948917981714043,-26.10628262760623]]],[[[27.948633667558465,-26.106133296279136],[27.94861489209536,-26.10614172627848],[27.948649760812554,-26.10618508055126],[27.948664512962136,-26.106181467695798]]],[[[27.949070777036155,-26.105470908242726],[27.94907345924517,-26.105490176920945],[27.949133808948005,-26.105467295365205],[27.94912576232096,-26.1054468223905]]],[[[27.949321563579048,-26.105165017550817],[27.94929876480242,-26.105165017550817],[27.949297423697914,-26.105196329233213],[27.949322904683555,-26.105196329233213]]],[[[27.949296082593406,-26.105208372185746],[27.949308152533973,-26.105264974046033],[27.94934168014666,-26.10525895257284],[27.94933631572863,-26.105203555004888]]],[[[27.949343021251167,-26.105482951166994],[27.949333633519615,-26.10549740267445],[27.949384595490898,-26.105510649888068],[27.949389959908927,-26.105493789797748]]],[[[27.94944628629824,-26.10545163956135],[27.949434216357673,-26.105472112535214],[27.949501271583046,-26.10548897262865],[27.949502612687553,-26.105468499657732]]],[[[27.949442262984718,-26.105534735727137],[27.949436898566688,-26.105546778644822],[27.94948249611994,-26.105556412978082],[27.949490542746986,-26.105544370061388]]],[[[27.94960319552561,-26.10533241452466],[27.949585761167015,-26.10533964028793],[27.94959783110758,-26.105364930455806],[27.94962062988421,-26.105357704694118]]],[[[27.949490542746986,-26.105211985071268],[27.949466402865852,-26.105221619432108],[27.94947713170191,-26.105244501035912],[27.949497248269523,-26.10523125379213]]],[[[27.94947713170191,-26.105249318215094],[27.949463720656837,-26.105266178340635],[27.94947310838839,-26.105286651346983],[27.949490542746986,-26.105273404108]]],[[[27.94978290352961,-26.105154178889574],[27.949785585738624,-26.105215597956672],[27.94980302009722,-26.105216802251782],[27.94980302009722,-26.10515899607247]]],[[[27.949762786961998,-26.105161404663846],[27.949749375916923,-26.105162608959517],[27.949753399230445,-26.10522402802219],[27.949768151380027,-26.10522402802219]]],[[[27.949236791373153,-26.106078018361462],[27.949215333701034,-26.10611173837116],[27.949240814686675,-26.10612378122941],[27.949321280957122,-26.10607079264383],[27.94932262206163,-26.106057545493687],[27.949291776657958,-26.10605513692077]]],[[[27.94933335089769,-26.10604911548826],[27.949357490778823,-26.106090061223174],[27.949376266241927,-26.106086448364803],[27.9493534674653,-26.10604911548826]]],[[[27.94932262206163,-26.106071996930137],[27.949325304270644,-26.106084039792446],[27.949341397524734,-26.106078018361462],[27.94933737421121,-26.106064771212132]]],[[[27.94934407973375,-26.10603586833565],[27.949386995077987,-26.106096082653586],[27.9494071116456,-26.106092469795378],[27.949370901823897,-26.10603105118889]]],[[[27.949482213498015,-26.106438099391077],[27.949472825766463,-26.10645134649812],[27.9495157411107,-26.106463389321384],[27.949518423319716,-26.106448937933305]]],[[[27.949462096930404,-26.10646579788589],[27.949456732512374,-26.106482657836047],[27.949496965647597,-26.106494700656093],[27.949502330065627,-26.106482657836047]]],[[[27.948964547156415,-26.106527216264386],[27.94897259378388,-26.106540463361988],[27.949023555757783,-26.106513969165267],[27.949016850234898,-26.106501926346578]]],[[[27.94970081353273,-26.10692462851916],[27.949712883473296,-26.10693667129369],[27.949770550967116,-26.10691017718809],[27.94976250434007,-26.106894521577416]]],[[[27.94984833502855,-26.106841533341143],[27.949855040551085,-26.10685598468068],[27.949876498223205,-26.106847554732838],[27.949869792700667,-26.106834307670695]]],[[[27.94992388440666,-26.107051880660986],[27.949906450048065,-26.10706151487021],[27.94993461324272,-26.10708800894151],[27.94995607091484,-26.107083191838075]]],[[[27.949875604644394,-26.107147018442365],[27.949886333480453,-26.107162674019236],[27.949922543302154,-26.107147018442365],[27.949913155570602,-26.10712775003719]]],[[[27.95042277528343,-26.10728310146346],[27.950398635402298,-26.107299961295745],[27.95046032620964,-26.107330068133088],[27.950472396150207,-26.10730839121097]]],[[[27.950362425580597,-26.1076636513719],[27.950351696744537,-26.10768171541903],[27.95038656546173,-26.107691349576378],[27.950393270984268,-26.107679306879586]]],[[[27.95042948080597,-26.107688941037125],[27.95040265871582,-26.10771302642748],[27.95042813970146,-26.10773229473618],[27.950446915164566,-26.1077202520436],[27.950430821910476,-26.10771423069685],[27.950442891851043,-26.107699779463385]]],[[[27.950469713941192,-26.1077202520436],[27.95043350411949,-26.107770831344084],[27.950446915164566,-26.107784078300114],[27.95048580719528,-26.107726273390053]]],[[[27.95100816729282,-26.10829769746498],[27.95101353171085,-26.108313352887762],[27.951072540309177,-26.108291676147964],[27.951064493682132,-26.108277224985855]]],[[[27.951209332968936,-26.108088155450577],[27.951210674073444,-26.108119466350164],[27.951305892493473,-26.108115853554487],[27.951305892493473,-26.10809417677808]]],[[[27.95116105320667,-26.108158002830454],[27.951163735415683,-26.108178475330426],[27.95128041150783,-26.108178475330426],[27.951292481448398,-26.108158002830454]]],[[[27.951360877778278,-26.108106219432138],[27.95135953667377,-26.108120670615364],[27.95140781643604,-26.108121874880563],[27.95140781643604,-26.108106219432138]]],[[[27.951342102315174,-26.10814355165182],[27.95133942010616,-26.108160411360036],[27.95138635876392,-26.108156798565634],[27.95138635876392,-26.108136326061857]]],[[[27.951330032374607,-26.108172454007274],[27.951330032374607,-26.10818810944682],[27.95138635876392,-26.108185700917794],[27.951389040972934,-26.10817004547792]]],[[[27.951360877778278,-26.108194130769167],[27.95135953667377,-26.108212194734357],[27.95140781643604,-26.108212194734357],[27.951409157540546,-26.10819172224027]]],[[[27.95117044093822,-26.10818810944682],[27.951166417624698,-26.108204969148613],[27.9512750470898,-26.10820617341294],[27.95128711703037,-26.108190517975796]]],[[[27.951531198050724,-26.107940030696593],[27.951531198050724,-26.10799060990199],[27.95155399682735,-26.10798338430255],[27.951549973513828,-26.107934009361166]]],[[[27.951574113394962,-26.107979771502677],[27.9515808189175,-26.107996631234503],[27.95162239315723,-26.10798338430255],[27.951614346530185,-26.107964116035227]]],[[[27.95130186917995,-26.10784730209654],[27.951305892493473,-26.107865366115316],[27.951367583300815,-26.107829238075],[27.951363559987293,-26.107813582587386]]],[[[27.95184903981899,-26.107834055147677],[27.951859768655048,-26.107848506364554],[27.951904025103794,-26.10782562527035],[27.95190000179027,-26.10780876551385]]],[[[27.9517793023846,-26.107430624622374],[27.95176320913051,-26.10745471006593],[27.951818194415317,-26.10747518268907],[27.951828923251377,-26.107449892977613]]],[[[27.951505717065082,-26.10754864324846],[27.951500352647052,-26.107569115855153],[27.951558020140872,-26.107577545750964],[27.951567407872425,-26.107559481687726]]],[[[27.951434638526187,-26.1075510517906],[27.951418545272098,-26.107560685958703],[27.951429274108158,-26.10758838418757],[27.951445367362247,-26.10757875002176]]],[[[27.951410498645053,-26.10757875002176],[27.95139172318195,-26.10758477137548],[27.951399769808994,-26.10760163116427],[27.951418545272098,-26.107593201270188]]],[[[27.951052423741565,-26.107280090487645],[27.951036330487476,-26.107293337499282],[27.951077904727207,-26.10732224006491],[27.95109131577228,-26.107306584509416]]],[[[27.950974639680133,-26.107248779363275],[27.950953182008014,-26.10725841355628],[27.951009508397327,-26.10730176741499],[27.951025601651416,-26.107287316130535]]],[[[27.95095607441457,-26.106652672551693],[27.95092925232442,-26.106664715354224],[27.95095607441457,-26.10670325231401],[27.95097753208669,-26.10668639239567]]],[[[27.95081928175481,-26.1065755985861],[27.950800506291706,-26.106585232834565],[27.95081928175481,-26.106617748417328],[27.950844762740452,-26.1066117270138]]],[[[27.950666395840962,-26.106204679416066],[27.950663713631947,-26.10622394797335],[27.950697241244633,-26.10622153940387],[27.950702605662663,-26.106205883700984]]],[[[27.950631527123768,-26.106229969396864],[27.950627503810246,-26.106240807958375],[27.950686512408573,-26.10624442081199],[27.950695900140126,-26.10623117368152]]],[[[27.95041963261159,-26.106298613602863],[27.950402198252995,-26.106317882144662],[27.95042499702962,-26.106339559250408],[27.95045181911977,-26.106321494995893]]],[[[27.950297592101414,-26.10623719510465],[27.950282839951832,-26.106239603673814],[27.950348554072697,-26.10630222645469],[27.950360624013264,-26.10629018361481]]],[[[27.951530067143757,-26.106449149001232],[27.951509950576146,-26.10646841751824],[27.951558230338414,-26.10649611600586],[27.951563594756443,-26.10648166462183],[27.951546160397847,-26.106466008953785],[27.95154884260686,-26.106455170413135]]],[[[27.951678929744084,-26.10648166462183],[27.95168027084859,-26.10649732028778],[27.951741961655934,-26.10648166462183],[27.95173927944692,-26.10646721323602]]],[[[27.952149657426197,-26.107006730428385],[27.95207455557378,-26.107052492932823],[27.952097354350407,-26.10708500838564],[27.95216977399381,-26.10703804161758]]],[[[27.952876929810632,-26.107649834545025],[27.95287827091514,-26.107706435223417],[27.95291984515487,-26.107707639492876],[27.952915821841348,-26.107649834545025]]],[[[27.95105284788149,-26.10609542270607],[27.95105687119501,-26.10611469128137],[27.951142701883487,-26.106091809847854],[27.951138678569965,-26.10607374555507]]],[[[27.95097238161104,-26.106080971272522],[27.950961652774982,-26.10609662699212],[27.951005909223728,-26.106119508424698],[27.951022002477817,-26.106105056994114]]],[[[27.95068002082842,-26.105558309891833],[27.950651857633762,-26.105582395721108],[27.950701478500537,-26.105624545910374],[27.950733665008716,-26.10560166438094]]],[[[27.950399729986362,-26.1053836874813],[27.95037424900072,-26.10539573041454],[27.95040107109087,-26.105428246328074],[27.950433257599048,-26.105416203398196]]],[[[27.949513415880094,-26.10484710830353],[27.949504028148542,-26.104857946993235],[27.94953085023869,-26.104877215772447],[27.949549625701795,-26.104868785681944]]],[[[27.949459771699797,-26.10488805445937],[27.949471841640364,-26.104895280250094],[27.949495981521498,-26.10486396848709],[27.949475864953886,-26.104854334096775]]],[[[27.949943910426985,-26.104189559248667],[27.9499103828143,-26.104222075497624],[27.949947933740507,-26.104246161602138],[27.949960003681074,-26.104234118550497],[27.949950615949522,-26.104218462581517],[27.94996805030812,-26.104205215221523]]],[[[27.950216154641996,-26.104271452006525],[27.950201402492414,-26.104289516577747],[27.95030332643498,-26.10431360266837],[27.95031405527104,-26.10429915101459]]],[[[27.95050315100659,-26.104821818023634],[27.95047096449841,-26.104866377084537],[27.950484375543486,-26.104883237265323],[27.950531314201246,-26.104849516901325]]],[[[27.95087739998352,-26.10516865567096],[27.950873376669996,-26.10518672010356],[27.95094043189537,-26.105193945875833],[27.95094445520889,-26.105178290035365]]],[[[27.951098682227247,-26.105006075651875],[27.951096000018232,-26.105024140109602],[27.95119121843826,-26.1050217315154],[27.951195241751783,-26.105009688543642]]],[[[27.95147016817581,-26.105414331715355],[27.951467485966795,-26.105429987524225],[27.951557339968794,-26.1054287832313],[27.951557339968794,-26.105407105956715]]],[[[27.951698155942076,-26.105356525633695],[27.951687427106016,-26.105389041558148],[27.95172229582321,-26.105390245851474],[27.951731683554762,-26.105363751395473]]],[[[27.951267661395185,-26.10549501932321],[27.95130118900787,-26.105479363523052],[27.95128107244026,-26.105403493077226],[27.95124352151405,-26.105416740301475]]],[[[27.952279032694214,-26.10576566980605],[27.952269644962662,-26.105787347014175],[27.95232865356099,-26.10580541135121],[27.952338041292542,-26.105789755592603]]],[[[27.952351452337616,-26.105801798484023],[27.95237559221875,-26.105811432796262],[27.952383638845795,-26.105792164170992],[27.952362181173676,-26.10578614272494]]],[[[27.95222404740941,-26.105364640731004],[27.952225388513916,-26.105379092253084],[27.952329994665497,-26.105374275079264],[27.952332676874512,-26.10535982355657]]],[[[27.95217710875165,-26.10512980324671],[27.952178449856156,-26.105158706347158],[27.952209295259827,-26.10516352352986],[27.952209295259827,-26.10513341613465]]],[[[27.952148945556992,-26.105098491546507],[27.95213955782544,-26.10512498606261],[27.95217174433362,-26.105123781766558],[27.95217576764714,-26.10510210443541]]],[[[27.952004106270188,-26.106432844258705],[27.9519880130161,-26.10642682284565],[27.951962532030457,-26.106476198423547],[27.951983989702576,-26.10648101555198]]],[[[27.951949120985383,-26.10648944552626],[27.95196119092595,-26.106505101191168],[27.95197728418004,-26.106496671218004],[27.951962532030457,-26.106482219834046]]],[[[27.952567370163315,-26.10694105040288],[27.952568711267823,-26.106957910284493],[27.952630402075165,-26.106942254680217],[27.952630402075165,-26.106927803351336]]],[[[27.9528530254234,-26.10690010496596],[27.952850343214386,-26.106922986241305],[27.952899964081162,-26.106929007628803],[27.952902646290177,-26.10690130924373]]],[[[27.952788652407044,-26.10656049814247],[27.952777923570984,-26.10657615379787],[27.952744395958298,-26.106559293861203],[27.952730984913224,-26.10657494951676],[27.95280608676564,-26.106601443698317],[27.952828885542267,-26.10657494951676]]],[[[27.952835591064805,-26.10659542229394],[27.952814133392685,-26.10661589506754],[27.95285838984143,-26.106630346434972],[27.952870459781998,-26.106613486506127]]],[[[27.952903096816353,-26.106315084823777],[27.95287895693522,-26.106372890431537],[27.95289907350283,-26.10638613754595],[27.95292589559298,-26.106328331944734]]],[[[27.952924554488472,-26.106271730599204],[27.952911143443398,-26.10630183770131],[27.9529473532651,-26.106311471972344],[27.95295808210116,-26.10627895630442]]],[[[27.952645604750924,-26.106275343451873],[27.95262682928782,-26.10629822484946],[27.952692543408684,-26.10632712766109],[27.952708636662774,-26.106307859120804]]],[[[27.952971493146233,-26.106170570679357],[27.952959423205666,-26.10618622638695],[27.953029160640053,-26.10620790351711],[27.953039889476113,-26.106195860667523]]],[[[27.952876274726204,-26.106132033544004],[27.952866886994652,-26.106145280685713],[27.952891026875786,-26.106156119255086],[27.95289907350283,-26.106138054972238]]],[[[27.953080122611336,-26.105924896223907],[27.953069393775277,-26.105944164827307],[27.953102921387963,-26.105958616277764],[27.953121696851067,-26.105938143389086]]],[[[27.95319813980799,-26.105566017905332],[27.953186069867424,-26.105582877985217],[27.95324641957026,-26.105605759518333],[27.953258489510826,-26.10559010373301]]],[[[27.95283738269549,-26.10561057668263],[27.952833359381966,-26.105627436756087],[27.952887003562264,-26.105643092536422],[27.952897732398323,-26.105628641046962]]],[[[27.952912484547905,-26.105632253919495],[27.952903096816353,-26.105646705408507],[27.95294064774256,-26.10565633973352],[27.95294601216059,-26.105640683954967]]],[[[27.95346233739596,-26.10509754757033],[27.95344490303736,-26.10512885927079],[27.953501229426674,-26.10515294518852],[27.9535240282033,-26.105120429198422]]],[[[27.953396623275093,-26.105086708902828],[27.953373824498467,-26.105113203421617],[27.95342478646975,-26.105134880750693],[27.953443561932854,-26.105108386236825]]],[[[27.953076099297814,-26.105207138485266],[27.953058664939217,-26.10522881579692],[27.953148518941216,-26.10525771887289],[27.953157906672768,-26.105240858746114]]],[[[27.95317802324038,-26.105024085470955],[27.95316729440432,-26.105042149925897],[27.953250442883782,-26.105057805784597],[27.95325580730181,-26.105037332738192]]],[[[27.952909596709496,-26.107249579950803],[27.95289752676893,-26.107283299622626],[27.95295385315824,-26.107283299622626],[27.95296055868078,-26.107251988499105]]],[[[27.953732398603794,-26.107312773545946],[27.953704235409138,-26.107353718838333],[27.953757879589435,-26.10738141711624],[27.953786042784092,-26.10733204192063]]],[[[27.953149018143055,-26.10769187926486],[27.953143653725025,-26.107711147577046],[27.95317315802419,-26.10770633049929],[27.953175840233204,-26.107693083534464]]],[[[27.953208026741382,-26.10767742802862],[27.95320400342786,-26.10770030915183],[27.953242895458576,-26.107699104882304],[27.95324557766759,-26.107681040837846]]],[[[27.9532831285938,-26.10766056825076],[27.953276423071262,-26.107689470725607],[27.953347501610157,-26.107685857916646],[27.9533555482372,-26.10766056825076]]],[[[27.954425749634144,-26.107334210643145],[27.954424408529636,-26.10734745764865],[27.95448609933698,-26.107343844829106],[27.9544901226505,-26.10732818927651]]],[[[27.954665285617153,-26.107575105295236],[27.954663944512646,-26.107590760814777],[27.954764527350704,-26.107590760814777],[27.954768550664227,-26.107572696753575]]],[[[27.955605399876873,-26.10737278762337],[27.95560674098138,-26.10743179698049],[27.955661726266186,-26.107430592708205],[27.955663067370693,-26.10736917480463]]],[[[27.955285308183004,-26.107298291214114],[27.95528262597399,-26.10732598950514],[27.955338952363302,-26.107324785231746],[27.955344316781332,-26.107295882666758]]],[[[27.95276751679978,-26.105825450173672],[27.952750082441185,-26.10584953594789],[27.952791656680915,-26.105868804563713],[27.95280506772599,-26.105838697350112]]]],""evenOdd"":true}"
1716752506363,7971041,69,,"{""type"":""MultiPolygon"",""coordinates"":[[[[28.185179278288526,-25.903936362052775],[28.185179278288526,-25.90395445746253],[28.185253039036436,-25.903959282904662],[28.185258403454466,-25.903936362052775]]],[[[28.185195371542616,-25.90396169562566],[28.185191348229093,-25.903979791031542],[28.185243651304884,-25.903983410112392],[28.185243651304884,-25.903967727427936]]],[[[28.18548236790721,-25.903895345780363],[28.185475662384672,-25.903924298444714],[28.185640618239088,-25.90392912388808],[28.185643300448103,-25.903907409391376]]],[[[28.185658052597685,-25.90390982211343],[28.185651347075147,-25.903926711166424],[28.18572376671855,-25.9039315366097],[28.185730472241087,-25.90391464755738]]],[[[28.185448840294523,-25.904095601563448],[28.185447499190015,-25.904108871512978],[28.1854810268027,-25.904117316025523],[28.18548639122073,-25.904098014281658]]],[[[28.185931637917204,-25.904071474378686],[28.185930296812696,-25.904088363408523],[28.185950413380308,-25.9040931888452],[28.185942366753263,-25.90411249058985],[28.18597589436595,-25.90411249058985],[28.1859852820975,-25.904077506175337]]],[[[28.186036244068784,-25.904064236222272],[28.186020150814695,-25.9040931888452],[28.1861113459212,-25.90410645879498],[28.186115369234724,-25.904075093456708]]],[[[28.186114028130216,-25.904111284230893],[28.186108663712186,-25.90416315765455],[28.186140850220365,-25.90416195129613],[28.186146214638395,-25.904107665153994]]],[[[28.186409193150244,-25.904646978462917],[28.18641723977729,-25.90466266105709],[28.186466860644064,-25.904636121281147],[28.186466860644064,-25.90462043868344]]],[[[28.18641053425475,-25.904673518236436],[28.18641053425475,-25.90468437541479],[28.18647893058463,-25.90464456575594],[28.186472225062094,-25.904633708573936]]],[[[28.186413216463766,-25.90468678812095],[28.18641723977729,-25.904696438945102],[28.18649502383872,-25.90465301023016],[28.18648429500266,-25.90464094669539]]],[[[28.18647893058463,-25.904666280116963],[28.186488318316183,-25.90468799447402],[28.18654732691451,-25.904661454703767],[28.186529892555914,-25.904643359402442]]],[[[28.18652586924239,-25.904691613533124],[28.186539280287466,-25.90471091517988],[28.186571466795645,-25.90469523259214],[28.186556714646063,-25.904675930942826]]],[[[28.186607676617346,-25.904730216823467],[28.186602312199316,-25.904749518463902],[28.18665193306609,-25.904792947143328],[28.186670708529196,-25.904788121735304]]],[[[28.18659560667678,-25.90475434387352],[28.186630475393972,-25.904806217014425],[28.186643886439047,-25.904797772551177],[28.18660633551284,-25.90475434387352]]],[[[28.186582195631704,-25.90477364551001],[28.186609017721853,-25.904806217014425],[28.18662108766242,-25.904792947143328],[28.18659560667678,-25.90476520104444]]],[[[28.187015075287025,-25.90449187132199],[28.187020439705055,-25.904506347581854],[28.18703921516816,-25.904499109452146],[28.187032509645622,-25.90448945861183]]],[[[28.18702312191407,-25.90450996664654],[28.187031168541115,-25.90452444290419],[28.187056649526756,-25.904513585711126],[28.187047261795204,-25.904502728517063]]],[[[28.18705530842225,-25.90454615728734],[28.187062013944786,-25.904558220831802],[28.187095541557472,-25.904542538223755],[28.187090177139442,-25.904532887386992]]],[[[28.187041897377174,-25.904532887386992],[28.18704323848168,-25.904542538223755],[28.187063355049293,-25.904537712805478],[28.187057990631263,-25.90452444290419]]],[[[28.187063355049293,-25.9045618398949],[28.187068719467323,-25.904576316146176],[28.18710627039353,-25.904560633540548],[28.1871009059755,-25.904547363641846]]],[[[28.18711699922959,-25.904584760625276],[28.18710761149804,-25.90458837968756],[28.187125045856636,-25.904618538535626],[28.18713845690171,-25.904614919474255]]],[[[28.1871183403341,-25.904571490729282],[28.187139798006218,-25.90459079239568],[28.187151867946785,-25.90458837968756],[28.18713309248368,-25.904565458957887]]],[[[28.18717600782792,-25.9046040622895],[28.18718673666398,-25.904614919474255],[28.187240380844276,-25.904578728854553],[28.187229652008217,-25.90457028437503]]],[[[28.1871907599775,-25.904613713120437],[28.187197465500038,-25.904629395719017],[28.187213558754127,-25.904614919474255],[28.187202829918068,-25.904605268643422]]],[[[28.187145162424248,-25.904591998749734],[28.187134433588188,-25.9046040622895],[28.187142480215233,-25.904613713120437],[28.187155891260307,-25.90460044322771]]],[[[28.18755419929902,-25.904631808426313],[28.18753810604493,-25.904653522789687],[28.187567610344093,-25.904665586323173],[28.18758504470269,-25.904643871962023]]],[[[28.187614549001854,-25.904591998749734],[28.18760113795678,-25.904614919474255],[28.18762125452439,-25.9046245703043],[28.187634665569465,-25.904605268643422]]],[[[28.187641371092003,-25.9046076813512],[28.187636006673973,-25.904622157596865],[28.18765344103257,-25.90462818936536],[28.187660146555107,-25.90461612582805]]],[[[28.187654782137077,-25.90465593549649],[28.187633324464958,-25.90467885620858],[28.18768562754075,-25.90470298326914],[28.187699038585823,-25.90467885620858]]],[[[28.187735248407524,-25.9046921260925],[28.18772586067597,-25.90471142773917],[28.187745977243583,-25.904716253150337],[28.187759388288658,-25.904696951504455]]],[[[28.1881094165651,-25.904842750192895],[28.18810539325158,-25.904856020058368],[28.188124168714683,-25.90486446451744],[28.188129533132713,-25.904851194652913]]],[[[28.187598455747764,-25.905126242448905],[28.187575656971138,-25.90513951228251],[28.18761589010636,-25.90521068681901],[28.187660146555107,-25.90519259160194]]],[[[28.18712370475213,-25.905269797842116],[28.18711297591607,-25.905289099394267],[28.187131751379173,-25.905293924781812],[28.187139798006218,-25.905277035924552]]],[[[28.187182713350456,-25.905284274006522],[28.187167961200874,-25.905315639023325],[28.187193442186516,-25.90532528979604],[28.187204171022575,-25.90529633747551]]],[[[28.187202829918068,-25.905315639023325],[28.1871907599775,-25.905331321528582],[28.1872269697992,-25.905337353260826],[28.187236357530754,-25.905315639023325]]],[[[28.187247086366813,-25.905289099394267],[28.187241721948784,-25.90531081363666],[28.18730609496514,-25.905318051716574],[28.1873168238012,-25.90530236920954]]],[[[28.187245745262306,-25.90531081363666],[28.187235016426246,-25.905330115182107],[28.187265861829918,-25.90533855960724],[28.187268544038933,-25.90532287710293]]],[[[28.187821079096,-25.905356654801924],[28.18781169136445,-25.905377162685873],[28.1878747232763,-25.90539043249125],[28.187882769903343,-25.905373543647798]]],[[[28.188161719640892,-25.90545798784086],[28.188165742954414,-25.90547608301724],[28.188228774866264,-25.90545798784086],[28.188223410448234,-25.90543265458929]]],[[[28.1882891245691,-25.90548332108701],[28.188295830091636,-25.905505035293665],[28.188365567526024,-25.905478495707218],[28.18835752089898,-25.905459194186044]]],[[[28.188329357704323,-25.90549659088044],[28.188332039913337,-25.905518305084637],[28.188391048511665,-25.90550624163835],[28.188381660780113,-25.905479702052187]]],[[[28.188617695173424,-25.905378369031883],[28.188616354068916,-25.90538922614537],[28.188639152845543,-25.90538922614537],[28.188641835054558,-25.905378369031883]]],[[[28.188659269413154,-25.90538078172386],[28.188659269413154,-25.905391638837116],[28.18868206818978,-25.905391638837116],[28.18868743260781,-25.905375956339867]]],[[[28.18888189276139,-25.904951321775687],[28.188864458402794,-25.904970623379953],[28.188902009329002,-25.90498630593108],[28.188920784792106,-25.904965797979166]]],[[[28.188942242464226,-25.90497665513063],[28.18893419583718,-25.90499475038083],[28.18897174676339,-25.905011639278513],[28.188983816703956,-25.90498992498105]]],[[[28.18892346700112,-25.9050345599215],[28.188906032642524,-25.905056274210743],[28.188994545540016,-25.90508884563712],[28.189001251062553,-25.90506713135387]]],[[[28.18921314557473,-25.905190178906114],[28.18919168790261,-25.905221543947928],[28.18922387441079,-25.905240845507972],[28.18923996766488,-25.905204655080293]]],[[[28.189269471964042,-25.90519621064557],[28.189257402023475,-25.905234813770793],[28.18928154190461,-25.905244464550126],[28.189300317367714,-25.905204655080293]]],[[[28.189466614326637,-25.905285480353474],[28.189455885490577,-25.90530236920954],[28.18942772229592,-25.90529513112866],[28.18941699345986,-25.90531081363666],[28.18951221187989,-25.905347004031775],[28.189536351761024,-25.905316845369956]]],[[[28.189673795785506,-25.905345177252762],[28.189663066949446,-25.905360859754108],[28.18967781909903,-25.905369304177054],[28.189688547935088,-25.905350002638016]]],[[[28.189738168801863,-25.905387399367015],[28.18972341665228,-25.90540549455422],[28.189742192115386,-25.90541031993699],[28.18975560316046,-25.90539705013386]]],[[[28.189940675582488,-25.90544771664687],[28.18991251238783,-25.905481494310116],[28.189967497672637,-25.905497176793343],[28.189978226508696,-25.905464605479708]]],[[[28.188838287677367,-25.905674509343147],[28.188834264363845,-25.905701048885483],[28.188906684007247,-25.90570346157086],[28.188912048425276,-25.90568536642938]]],[[[28.188865109767516,-25.90566123956973],[28.188854380931456,-25.905673303000167],[28.188897296275695,-25.905676922029055],[28.188897296275695,-25.90566485859899]]],[[[28.189180269326766,-25.90569381082907],[28.189169540490706,-25.905727588421854],[28.189207091416915,-25.90573723916089],[28.189212455834944,-25.90571552499698],[28.189260735597212,-25.90572155670958],[28.189264758910735,-25.90570346157086]]],[[[28.189406915988524,-25.905853047967515],[28.18938277610739,-25.905871143083296],[28.189447149123747,-25.905903714284683],[28.189457877959807,-25.905884412833085]]],[[[28.18935729512175,-25.905935079136768],[28.18934522518118,-25.905951967899835],[28.189389481629927,-25.905985745418693],[28.18940825709303,-25.905971269340377]]],[[[28.190337642516692,-25.905551462296085],[28.190309479322035,-25.905594890680295],[28.190321549262602,-25.905609366804807],[28.19032825478514,-25.905599716055313],[28.190337642516692,-25.905600922399046],[28.19035373577078,-25.905575589178163],[28.190341665830214,-25.905565938425926],[28.19034837135275,-25.905550255951848]]],[[[28.19040201553305,-25.905586446273492],[28.190377875651915,-25.90561781120995],[28.190435543145735,-25.905640731735154],[28.190447613086302,-25.90562384292755],[28.19042749651869,-25.9056166048664],[28.190431519832213,-25.905599716055313]]],[[[28.190466388549407,-25.905596097024063],[28.19045431860884,-25.905612985835653],[28.19047577628096,-25.90561901755349],[28.190487846221526,-25.905603335086468]]],[[[28.189632221545775,-25.90607018917354],[28.189620151605208,-25.906091903272166],[28.189646973695357,-25.906094315949538],[28.189664408053954,-25.906082252562157]]],[[[28.18971805223425,-25.906101553981365],[28.189711346711714,-25.90611723638215],[28.189726098861296,-25.906123268074214],[28.18974085101088,-25.906102760319968]]],[[[28.189704641189177,-25.90604847507093],[28.189684524621565,-25.906091903272166],[28.18972878107031,-25.906053300427406]]],[[[28.190084173764784,-25.90623545749025],[28.190073444928725,-25.906253552547355],[28.190132453527053,-25.906274060275383],[28.190147205676634,-25.906257171558433]]],[[[28.190190121020873,-25.906161870896074],[28.190172686662276,-25.906199267367704],[28.190182074393828,-25.906207711730627],[28.190199508752425,-25.906177553288835]]],[[[28.190219625320037,-25.906227013129314],[28.190206214274962,-25.906243901850576],[28.190282657231887,-25.906274060275383],[28.19029204496344,-25.90625958423243]]],[[[28.190190121020873,-25.906280091959417],[28.190172686662276,-25.906309044038508],[28.190184756602843,-25.906318694729958],[28.19019682654341,-25.906289742653247]]],[[[28.191085978831847,-25.905967650320505],[28.191080614413817,-25.905988158098243],[28.19112084754904,-25.905989364438],[28.191122188653548,-25.905971269340377]]],[[[28.19097332605322,-25.905992983457196],[28.19097332605322,-25.906007459532855],[28.190982713784773,-25.906007459532855],[28.190981372680266,-25.906024348285555],[28.191017582501967,-25.906031586321678],[28.191014900292952,-25.905996602476275]]],[[[28.191123529758055,-25.906106379335686],[28.191116824235518,-25.906123268074214],[28.191139623012145,-25.90612809342765],[28.191134258594115,-25.90614498216307],[28.19121070155104,-25.906152220191792],[28.19121606596907,-25.906130506104283],[28.191238864745696,-25.90612809342765],[28.191242888059218,-25.906108792012766]]],[[[28.19073729165991,-25.90633558343809],[28.190773501481612,-25.906339202446677],[28.190788253631194,-25.906301806019407],[28.19074802049597,-25.906289742653247]]],[[[28.190829827870925,-25.90634523412738],[28.190819099034865,-25.90636936084712],[28.190876766528685,-25.90637297985466],[28.190888836469252,-25.90635609115187]]],[[[28.19123215922316,-25.90649481971023],[28.1912214303871,-25.906527390739413],[28.191291167821486,-25.90652859707365],[28.191292508925994,-25.90650205771749]]],[[[28.19098941930731,-25.906591326437205],[28.190993442620833,-25.906629929105893],[28.191033675756056,-25.906625103773003],[28.19102697023352,-25.9065901201036]]],[[[28.190735950555403,-25.90641278893022],[28.190749361600478,-25.906416407936426],[28.190762772645552,-25.906368154511252],[28.190749361600478,-25.90636453550357]]],[[[28.190782889213164,-25.906403138246464],[28.190782889213164,-25.906417614271792],[28.190812393512328,-25.906405550917476],[28.190819099034865,-25.9063850432123]]],[[[28.19048516401251,-25.90623787016468],[28.19047979959448,-25.90625596522142],[28.190489187326033,-25.90626440958028],[28.19049589284857,-25.90624510818772]]],[[[28.190461024131377,-25.906270441264812],[28.190455659713347,-25.90628491730643],[28.190467729653914,-25.906287329979858],[28.19047979959448,-25.90627647294904]]],[[[28.19060049900015,-25.90629456799986],[28.1905911112686,-25.906316282057166],[28.19060720452269,-25.906324726411714],[28.190617933358748,-25.90630421869249]]],[[[28.19057501801451,-25.906309044038508],[28.190565630282958,-25.906330758093155],[28.19058574685057,-25.90633558343809],[28.19058977016409,-25.9063211074027]]],[[[28.190125748004515,-25.906420026942513],[28.190121724690993,-25.90644174097674],[28.190093561496337,-25.90644174097674],[28.190088197078307,-25.906458629667252],[28.190136476840575,-25.906471899350976],[28.190163298930724,-25.906463455006957],[28.19016598113974,-25.906445359982055],[28.190199508752425,-25.906453804327356],[28.19020219096144,-25.906432090295354]]],[[[28.19003455289801,-25.90647551835536],[28.190068080510695,-25.906482756363815],[28.190068080510695,-25.906434502965784],[28.190057351674636,-25.906432090295354],[28.190058692779143,-25.906418820607165],[28.19003991731604,-25.906409169923897]]],[[[28.1896284860788,-25.907209613325595],[28.1896284860788,-25.907243390484336],[28.18970627014023,-25.90723253354151],[28.189704929035724,-25.907199962707033]]],[[[28.189924870174945,-25.90710466280634],[28.189931575697482,-25.907152915930237],[28.189951692265094,-25.907149296946628],[28.18994766895157,-25.907103456478]]],[[[28.18990207139832,-25.90711190077618],[28.189907435816348,-25.907154122258078],[28.189923529070438,-25.90715653491373],[28.189914141338885,-25.907108281791324]]],[[[28.189766619843066,-25.906828413292057],[28.189745162170947,-25.906886317173978],[28.18975991432053,-25.906887523504555],[28.18977064315659,-25.906867015883165],[28.189782713097156,-25.90687063487544],[28.1897907597242,-25.906854952574797]]],[[[28.189808194082797,-25.906815143648462],[28.189798806351245,-25.90683323861664],[28.1898269695459,-25.90684168293418],[28.18983367506844,-25.906824794298497]]],[[[28.189679448050082,-25.906757239731604],[28.1897009057222,-25.906799461340455],[28.18972236339432,-25.906794636014485],[28.18969554130417,-25.90674638274403]]],[[[28.189688835781634,-25.90669209779118],[28.189672742527545,-25.906702954783757],[28.189683471363605,-25.906724668765886],[28.189699564617694,-25.906722256101396]]],[[[28.18823465562722,-25.905982817393042],[28.18824404335877,-25.905980404713382],[28.18824404335877,-25.905835643843602],[28.188233314522712,-25.905835643843602]]],[[[28.18825477219483,-25.90585373896204],[28.188252089985816,-25.905975579353917],[28.188262818821876,-25.905975579353917],[28.18827086544892,-25.905854945303176]]],[[[28.188274888762443,-25.905860977008647],[28.188274888762443,-25.90587304041865],[28.1883392617788,-25.905874246759584],[28.1883392617788,-25.90585977066756]]],[[[28.188272206553428,-25.9058754531005],[28.18827622986695,-25.905886310168235],[28.188336579569786,-25.90588872284982],[28.188336579569786,-25.905876659441404]]],[[[28.18827622986695,-25.90588872284982],[28.18827622986695,-25.905901992597634],[28.18831378079316,-25.905901992597634],[28.18831378079316,-25.905891135531355]]],[[[28.188190399178474,-25.90588027846406],[28.188185034760444,-25.905889929190586],[28.18822929120919,-25.90589354821282],[28.18822929120919,-25.90588027846406]]],[[[28.18814480162522,-25.905838056526218],[28.188151507147758,-25.9058754531005],[28.188168941506355,-25.9058754531005],[28.18816625929734,-25.905830818478222]]],[[[28.1880509243097,-25.90593456379051],[28.188042877682655,-25.905996087130276],[28.188069699772804,-25.905993674450883],[28.18807104087731,-25.905938182811386]]],[[[28.18802410221954,-25.90590078625698],[28.188021420010532,-25.905958690594243],[28.18804153657814,-25.905959896934302],[28.18804287768265,-25.9059044052789]]],[[[28.186493787950766,-25.90571628176269],[28.186532679981482,-25.90576574179656],[28.186552796549094,-25.905756091059857],[28.186519268936408,-25.905709043707205]]],[[[28.186422709411872,-25.905893613983118],[28.18643477935244,-25.905921359816617],[28.18649244684626,-25.9058767252117],[28.186483059114707,-25.905851392050053]]],[[[28.18674323338915,-25.90600942263624],[28.18671775240351,-25.90604078746023],[28.18673921007563,-25.906063707903265],[28.18675932664324,-25.90605526353003],[28.186745915598166,-25.906037168442516],[28.18675932664324,-25.90602269237048]]],[[[28.186741892284644,-25.90611919948373],[28.186725799030555,-25.906131262867323],[28.186762008852256,-25.906160214982936],[28.18677541989733,-25.9061529769547]]],[[[28.186783466524375,-25.9061529769547],[28.186795536464942,-25.90616262765891],[28.186814311928046,-25.906154183292774],[28.186799559778464,-25.906143326249694]]],[[[28.18618801612307,-25.90603113674605],[28.18618265170504,-25.90605043817363],[28.18623897809435,-25.90605526353003],[28.186241660303367,-25.906032343085368]]],[[[28.186185333914054,-25.9060564698691],[28.1861759461825,-25.906068533259113],[28.186154488510383,-25.906068533259113],[28.186147782987845,-25.906087834680573],[28.18617192286898,-25.906092660035462],[28.18618265170504,-25.90607577129253],[28.18624434251238,-25.906080596647897],[28.18624434251238,-25.9060564698691]]],[[[28.186267141289008,-25.906034755763958],[28.186264459079993,-25.90605043817363],[28.186295304483664,-25.9060588825472],[28.186300668901694,-25.906041993799448]]],[[[28.186389181799186,-25.906193992442166],[28.18638649959017,-25.906215706518008],[28.18643880266596,-25.90621932553026],[28.1864455081885,-25.906196405117466]]],[[[28.186359677500022,-25.906215706518008],[28.186356995291007,-25.906236214252615],[28.186410639471305,-25.906239833264237],[28.186410639471305,-25.90622173820502]]],[[[28.186320785469405,-25.906213293842885],[28.186318103260362,-25.906265166342788],[28.18633553761914,-25.906265166342788],[28.186340902037223,-25.906219325530078]]],[[[28.186080727762473,-25.906497989140057],[28.186080727762473,-25.906554686850203],[28.186111573166144,-25.906569162856943],[28.18611291427065,-25.906499195474606]]],[[[28.186090115494025,-25.906596908531544],[28.186096821016562,-25.906624654199632],[28.18611291427065,-25.906619828866525],[28.186110232061637,-25.90659449586445]]],[[[28.18625641245295,-25.906900904191083],[28.18625104803492,-25.90692503079718],[28.186284575647605,-25.90692261813679],[28.186288598961127,-25.9069057295127]]],[[[28.18630871552874,-25.906912967494755],[28.186306033319724,-25.906938300428425],[28.186346266454947,-25.906938300428425],[28.186352971977485,-25.90692261813679],[28.186379794067633,-25.90692141180657],[28.186385158485663,-25.906899697860652],[28.186340902036918,-25.90689125354727],[28.186332855409873,-25.906915380155333]]],[[[28.186284575647605,-25.90709753588694],[28.186267141289008,-25.907138551045996],[28.186322126573813,-25.907143376357894],[28.186340902036918,-25.907109599170496]]],[[[28.18633419651438,-25.907134932061954],[28.186332855409873,-25.90715664596457],[28.186358336395514,-25.907157852292368],[28.186358336395514,-25.907139757373987]]],[[[28.1867700554793,-25.90719162946595],[28.18674457449366,-25.907192835793396],[28.186732504553092,-25.907253152150098],[28.186772737688315,-25.907253152150098]]],[[[28.186668131536734,-25.9072085180491],[28.186621192878974,-25.907243501535095],[28.186700318044913,-25.907244707862006]]],[[[28.18661716956545,-25.907190423138488],[28.18661716956545,-25.907212137030903],[28.186635945028556,-25.907210930703645],[28.186635945028556,-25.907188010483534]]],[[[28.18670165914942,-25.90719162946595],[28.186716411299003,-25.90723143826523],[28.186732504553092,-25.907220581321305],[28.186720434612525,-25.907185597828512]]],[[[28.18660241741587,-25.907468166240676],[28.186590347475303,-25.90748746743312],[28.186668131536734,-25.907485054784235],[28.186666790432227,-25.90745851564327]]],[[[28.186543408817542,-25.90750797494664],[28.186567548698676,-25.907510387595057],[28.18655950207163,-25.90745248401949],[28.18653938550402,-25.90745248401949]]],[[[28.18676066774775,-25.90807494596721],[28.18674323338915,-25.908095453378582],[28.186799559778464,-25.908147325050276],[28.186815653032554,-25.908134055555045]]],[[[28.18630688282671,-25.9077061940181],[28.186297495095157,-25.907724288849604],[28.18634309264841,-25.907738764712814],[28.186352480379963,-25.907721876205564]]],[[[28.186300177304172,-25.907803906075216],[28.186300177304172,-25.90782561985471],[28.186351139275455,-25.907824413533724],[28.18635382148447,-25.907805112396403]]],[[[28.18629073879328,-25.908018631052155],[28.186273304434682,-25.9080306942415],[28.186281351061726,-25.908046376385823],[28.186298785420323,-25.908031900560363]]],[[[28.186322925301457,-25.908065677483652],[28.186301467629338,-25.90808135962332],[28.18635242960062,-25.90812237444027],[28.186372546168233,-25.908106692306067]]],[[[28.186481175633336,-25.908393596485155],[28.18645837685671,-25.9084008343759],[28.186502633305455,-25.908468388001502],[28.186524090977574,-25.908461150114903]]],[[[28.186336336346532,-25.908476832201988],[28.186356452914143,-25.908508196369908],[28.186392662735845,-25.90848286377338],[28.186377910586263,-25.90844908696956]]],[[[28.185880360814,-25.908669842333836],[28.18586024424639,-25.908671048646156],[28.18583878657427,-25.908671048646156],[28.18583878657427,-25.908713269569965],[28.18588572523203,-25.90871447588185]]],[[[28.185656396361257,-25.90873136424698],[28.185629574271108,-25.90873136424698],[28.185624209853078,-25.908772378837913],[28.18564969083872,-25.908772378837913]]],[[[28.185574588986302,-25.90872292006473],[28.185574588986302,-25.908761522035817],[28.185588000031377,-25.90877117252661],[28.18559068224039,-25.90872774531179]]],[[[28.185181962116285,-25.908648583569562],[28.185177938802763,-25.90867029719355],[28.185196714265867,-25.908675122442773],[28.185196714265867,-25.90865340881968]]],[[[28.185175256593748,-25.908682360316245],[28.185172574384733,-25.908700454997994],[28.185191349847837,-25.90870166131001],[28.185192690952345,-25.908687185564986]]],[[[28.185202078683897,-25.908675122442773],[28.185196714265867,-25.908722168612424],[28.185212807519957,-25.90872578754777],[28.185218171937986,-25.908682360316245]]],[[[28.185218171937986,-25.90865340881968],[28.185230241878553,-25.908675122442773],[28.185257063968702,-25.908658234069605]]],[[[28.185277180536314,-25.908666678256488],[28.185277180536314,-25.90869080450141],[28.18529595599942,-25.90869080450141],[28.185301320417448,-25.90866788456886]]],[[[28.18527315722279,-25.908389226085195],[28.18525840507321,-25.908455573402932],[28.185271816118284,-25.908455573402932],[28.185277180536314,-25.908441097627698],[28.18529997931294,-25.908439891313023],[28.185301320417448,-25.908388019769987]]],[[[28.185306684835478,-25.908455573402932],[28.185302661521956,-25.908479699691032],[28.185325460298582,-25.908479699691032],[28.185329483612104,-25.90845195445929]]],[[[28.18560038672261,-25.908055076299558],[28.1855990456181,-25.90807920266958],[28.185666100843473,-25.908088853216213],[28.18566878305249,-25.90806713948518]]],[[[28.185696946247145,-25.90804180679395],[28.185690240724607,-25.9081045353528],[28.185711698396727,-25.9081045353528],[28.185717062814756,-25.908046632068885]]],[[[28.1856526897984,-25.907745052005673],[28.18564598427586,-25.90776314683121],[28.18566341863446,-25.907764353152817],[28.185666100843473,-25.907746258327457]]],[[[28.185718403919264,-25.907776416368172],[28.185696946247145,-25.907793304867596],[28.185703651769682,-25.907802955437614],[28.18572645054631,-25.907792098546295]]],[[[28.1857251094418,-25.907805368079995],[28.18573047385983,-25.907822256575287],[28.185753272636457,-25.907807780722333],[28.185750590427443,-25.9077884795823]]],[[[28.185690240724607,-25.907759527866315],[28.185659395320936,-25.907780035332546],[28.185671465261503,-25.9077945111889],[28.185696946247145,-25.907772797403695]]],[[[28.18533753023915,-25.90774987729275],[28.18533216582112,-25.907835526105604],[28.18535898791127,-25.907831907142935],[28.185364352329298,-25.907753496257925]]],[[[28.18523694740109,-25.907718512923196],[28.18523292408757,-25.90773781407467],[28.185287909372374,-25.907741433040233],[28.185302661521956,-25.907718512923196]]],[[[28.185185985429808,-25.907781241653957],[28.185187326534315,-25.907842764030605],[28.185207443101927,-25.907841557709798],[28.185207443101927,-25.907784860618182]]],[[[28.185691581829115,-25.90755445300807],[28.18566341863446,-25.907576166833476],[28.185664759738966,-25.907591849038216],[28.185691581829115,-25.907578579480493],[28.185770706995054,-25.907572547862856],[28.185780094726606,-25.90755445300807]]],[[[28.185797529085203,-25.90757496050995],[28.185796187980696,-25.90758702374468],[28.185816304548307,-25.907589436391465],[28.185816304548307,-25.90757134153929]]],[[[28.185747908218428,-25.907357822073884],[28.185745226009413,-25.90737591695882],[28.185818986757322,-25.907377123284384],[28.185824351175352,-25.907354203096556]]],[[[28.18575729594998,-25.907390392864777],[28.18575193153195,-25.907415725695913],[28.185829715593382,-25.907415725695913],[28.185829715593382,-25.907396424491726]]],[[[28.185308952827473,-25.907217744783207],[28.185286154050846,-25.907223776418995],[28.185306270618458,-25.907263585207428],[28.185381372470875,-25.907270823167508],[28.185380031366368,-25.907253934593278],[28.185325046081562,-25.90725152193962]]],[[[28.18537869026186,-25.907222570091857],[28.18537332584383,-25.907239458670578],[28.185390760202427,-25.90724187132449],[28.185398806829472,-25.907224982746097]]],[[[28.18484358956339,-25.90739628107186],[28.184831519622822,-25.907413169625716],[28.184863706131,-25.907416788601235],[28.184863706131,-25.907434883477123],[28.18490528037073,-25.907434883477123],[28.18491064478876,-25.907405931674358]]],[[[28.184938807983418,-25.907392662095724],[28.184938807983418,-25.907417994926377],[28.184960265655537,-25.90741920125152],[28.18496428896906,-25.9074011063732]]],[[[28.184757338467083,-25.90712826096878],[28.18475331515356,-25.907177720410633],[28.184773431721172,-25.907177720410633],[28.18478013724371,-25.90713791159321]]],[[[28.184788183870754,-25.907092071120147],[28.184781478348217,-25.90711619768715],[28.184804277124844,-25.907118610343566],[28.184798912706814,-25.90714514956103],[28.184817688169918,-25.907147562216863],[28.184825734796963,-25.907099309090764]]],[[[28.184760020676098,-25.906934041984346],[28.184755997362576,-25.906997977461742],[28.18477477282568,-25.907006421767488],[28.184784160557232,-25.906934041984346]]],[[[28.184784160557232,-25.906915947031624],[28.184784160557232,-25.906935248314436],[28.184809641542873,-25.90693886730461],[28.184809641542873,-25.90692077235263]]],[[[28.184798912706814,-25.90694127996466],[28.184793548288784,-25.90695454959408],[28.184847192469082,-25.90696058124332],[28.184844510260067,-25.90694248629467]]],[[[28.184831099214993,-25.906908709049763],[28.184825734796963,-25.9069195660224],[28.184847192469082,-25.906925597673432],[28.18484853357359,-25.90694248629467],[28.1848686501412,-25.90694127996466],[28.184865967932186,-25.906906296389042]]],[[[28.184788183870754,-25.906737410015957],[28.184782819452725,-25.906763949319163],[28.184824393692455,-25.90676998097815],[28.184825734796963,-25.906734997351737]]],[[[28.184908883276425,-25.906669855399013],[28.184907542171917,-25.906709664374393],[28.18493168205305,-25.90671569603615],[28.184930340948544,-25.906671061731803]]],[[[28.18568806499525,-25.9070812141634],[28.185675995054684,-25.90709689643394],[28.185686723890743,-25.90710172174754],[28.185685382786236,-25.90711981667176],[28.1857148870854,-25.90711619768715],[28.185717569294415,-25.907099309090764],[28.185732321443997,-25.90709689643394],[28.185739026966534,-25.907080007834775]]],[[[28.185763166847668,-25.90709689643394],[28.185755120220623,-25.90710895971756],[28.185739026966534,-25.90711016604586],[28.185739026966534,-25.907129467296887],[28.185760484638653,-25.90713187995304],[28.18576182574316,-25.907112578702407],[28.18578328341528,-25.907111372374143],[28.185787306728802,-25.907093277448613]]],[[[28.18567733615919,-25.90668797431753],[28.185598210993252,-25.906686767984905],[28.18559418767973,-25.906706069305223],[28.18567331284567,-25.90670727563763]]],[[[28.185559318962536,-25.906625245005362],[28.18556200117155,-25.90666626032863],[28.185590164366207,-25.906667466661446],[28.185586141052685,-25.906620419672265]]],[[[28.18537826985403,-25.906726576954586],[28.185354129972897,-25.906765179579004],[28.18540509194418,-25.906774830233136],[28.18541045636221,-25.906731402283327]]],[[[28.185323284569225,-25.90673381494762],[28.185323284569225,-25.906754322592167],[28.185334013405285,-25.906754322592167],[28.185338036718807,-25.90673864027607]]],[[[28.185256229343853,-25.906768798574404],[28.185254888239346,-25.906788099881275],[28.18527366370245,-25.906790512544426],[28.18527902812048,-25.906772417569684]]],[[[28.184855239096127,-25.906469627913854],[28.184845851364575,-25.906508230622375],[28.184930340948544,-25.906509436956807],[28.184912906589947,-25.906476865922663]]],[[[28.185538583846554,-25.90626374933092],[28.185537242742047,-25.906283050720447],[28.185581499190793,-25.906285463393914],[28.185581499190793,-25.906264955667854]]],[[[28.18562977895306,-25.90622032119295],[28.18562977895306,-25.906252892297932],[28.185643189998135,-25.9062432416011],[28.18564587220715,-25.906216702180746]]],[[[28.185694151969418,-25.90612863951586],[28.18570353970097,-25.906209464155967],[28.18571426853703,-25.906207051480948],[28.185710245223508,-25.90612863951586]]],[[[28.18572499737309,-25.90612984585417],[28.185726338477597,-25.90620825781847],[28.185754501672253,-25.906201019793173],[28.18574645504521,-25.90613105219247]]],[[[28.185801440330014,-25.906161210646143],[28.185801440330014,-25.90619619444274],[28.18584569677876,-25.90619860711796],[28.185847037883267,-25.906164829660053]]],[[[28.18551971018424,-25.905482470454775],[28.18551434576621,-25.905501771972123],[28.185597494245673,-25.90549332755867],[28.18559883535018,-25.90547764507493]]],[[[28.185613587499763,-25.905472819694907],[28.185610905290748,-25.90548729583442],[28.18576245010009,-25.90546920065976],[28.185763791204597,-25.905451105482324]]],[[[28.185779884458686,-25.90544628010122],[28.18577720224967,-25.905466787969587],[28.185868397356177,-25.905454724518048],[28.185869738460685,-25.905435422992994]]],[[[28.185929431261584,-25.905113946709523],[28.18588383370833,-25.905139280029537],[28.1859321134706,-25.905203216479688],[28.185956253351733,-25.905191153001176],[28.18593747788863,-25.905170645084887],[28.18595893556075,-25.90516461334412]]],[[[28.185977711023853,-25.905159787951288],[28.185987098755405,-25.905176676825345],[28.186004533114,-25.905170645084887],[28.185992463173434,-25.905146518119974]]],[[[28.186019285263583,-25.90527077193653],[28.186048789562747,-25.905314200424066],[28.186071588339374,-25.90530937503735],[28.186050130667255,-25.905264740200877]]],[[[28.184973223747775,-25.9051272165445],[28.184969200434253,-25.905150137165034],[28.185036255659625,-25.905152549861665],[28.185042961182162,-25.905135660984165]]]],""evenOdd"":true}"
1716799539178,3830059,70,,"{""type"":""MultiPolygon"",""coordinates"":[[[[24.74954842380595,-28.743751957794007],[24.74954842380595,-28.743806046996824],[24.75016801408839,-28.74379546432891],[24.750165331879376,-28.743739023415277]]],[[[24.744178641358136,-28.744067085799298],[24.74418266467166,-28.744085899381492],[24.74422960332942,-28.74407531674192],[24.74422826222491,-28.744058854856025]]],[[[24.74430872849536,-28.744061206554175],[24.74430738739085,-28.74404474466605],[24.744257766524075,-28.744050623912102],[24.74426044873309,-28.744069437497256]]],[[[24.74430618383024,-28.743960565890575],[24.744318253770807,-28.743997017240154],[24.74437458016012,-28.743987610441476],[24.74436921574209,-28.743951159088628]]],[[[24.744288749471643,-28.74385591517112],[24.744287408367136,-28.743875904642493],[24.744321606531877,-28.743877668423508],[24.744355804697015,-28.743877080493625],[24.744355804697015,-28.74385591517112]]],[[[24.741941401722187,-28.739040877055896],[24.741948107244724,-28.739052636110884],[24.74196554160332,-28.739056163827115],[24.741968223812336,-28.73904558067805],[24.741958836080784,-28.739043228867],[24.7419615182898,-28.73900089625907],[24.74194542503571,-28.738999720353046]]]],""evenOdd"":true}"
1716799539178,2640030,71,A LOT of solar panels on GEPro and not here on GEEApp.,"{""type"":""MultiPolygon"",""coordinates"":[[[[26.52493958378076,-33.297799381567536],[26.524967746975417,-33.29783749329136],[26.525005297901625,-33.29781955836457],[26.524974452497954,-33.29778480943343]]],[[[26.524888621809477,-33.29777808383225],[26.52490739727258,-33.29779826063424],[26.524948971512313,-33.29777920476583],[26.5249288549447,-33.29776014889326]]],[[[26.52486045861482,-33.297728762741144],[26.524872528555388,-33.29774221395058],[26.52493958378076,-33.297710827792],[26.5249288549447,-33.297694013773835]]],[[[26.524879234077925,-33.297702981250595],[26.524864481928343,-33.29768840910039],[26.524837659838195,-33.29770186031604],[26.52485107088327,-33.29771979526703]]],[[[26.53062243639197,-33.29686991622163],[26.53061170755591,-33.2968575858231],[26.53049637256827,-33.29689345606853],[26.53050710140433,-33.296906907406786]]],[[[26.530525876867433,-33.296903544572416],[26.530537946808,-33.29691923779834],[26.53060634313788,-33.29690018173792],[26.53059561430182,-33.29688224661842]]]],""evenOdd"":true}"
1716799539178,1992362,72,,"{""type"":""MultiPolygon"",""coordinates"":[[[[18.68085600273401,-33.95103031035863],[18.680833203957384,-33.95106702174773],[18.6808720959881,-33.95108593366928],[18.68089355366022,-33.951051447220955]]],[[[18.679469301903527,-33.95151089970504],[18.679480030739587,-33.95151646200633],[18.67949478288917,-33.951491987877944],[18.67948405405311,-33.95148753803566]]],[[[18.679334853883248,-33.95015500074852],[18.679318760629158,-33.950173912872735],[18.67935899376438,-33.95019393747026],[18.67937508701847,-33.950175025350504]]],[[[18.67934960603283,-33.95011383905189],[18.67935899376438,-33.95012273887987],[18.679381792541008,-33.95008713956234],[18.67937106370495,-33.950083802125555]]],[[[18.67937106370495,-33.95013163870693],[18.67938581585453,-33.95014165101125],[18.67941800236271,-33.950098264350665],[18.67939654469059,-33.95008936452012]]],[[[18.679455553288918,-33.95014498844577],[18.67941800236271,-33.95012830127189],[18.67940190910862,-33.950149438358245],[18.67944348334835,-33.95016835048369]]],[[[18.679452871079903,-33.950159450660486],[18.679446165557366,-33.95016723800584],[18.679466282124977,-33.950177250305984],[18.679471646543007,-33.95016723800584]]],[[[18.67936271716557,-33.94986748336534],[18.67935198832951,-33.94989195796091],[18.679402950300794,-33.94991420758714],[18.679417702450376,-33.94988973299796]]],[[[18.679760152100332,-33.95014329569995],[18.679790997504004,-33.950177782516285],[18.67981916069866,-33.95015442048094],[18.679785633085974,-33.95012104613362]]],[[[18.679823184012182,-33.95009879656145],[18.679799044131048,-33.95011325878402],[18.679832571743734,-33.9501510830468],[18.679858052729376,-33.9501355083524]]]],""evenOdd"":true}"
1716799539178,1670033,73,Some hard to tell if solar panel or roof window (for e.g.) so left them.,"{""type"":""MultiPolygon"",""coordinates"":[[[[18.85717714329147,-33.94033531477959],[18.85718653102302,-33.940357566903984],[18.857279067234035,-33.94033531477959],[18.857269679502483,-33.94031306264939]]],[[[18.856701051191326,-33.94032196350218],[18.856707756713863,-33.94033531477959],[18.856802975133892,-33.94031306264939],[18.856796269611355,-33.94029971136848]]],[[[18.857304789214382,-33.94100993750229],[18.857324905781994,-33.94100548711197],[18.857281990437755,-33.94089756507573],[18.857265897183666,-33.94090090287273]]],[[[18.85780904450918,-33.9409531950084],[18.85781440892721,-33.94096543358871],[18.857910968451748,-33.94094429422162],[18.85790426292921,-33.9409287178425]]],[[[18.857908286242733,-33.940924267447954],[18.857913650660763,-33.94094318162321],[18.85799411693121,-33.940922042250584],[18.857986070304165,-33.94090312807063]]],[[[18.857445605187664,-33.94001081904119],[18.8574523107102,-33.940024170367415],[18.857535459189663,-33.94000191815588],[18.857530094771633,-33.939986341604346]]],[[[18.85763067760969,-33.94001415687295],[18.85764677086378,-33.94001304426237],[18.857629336505184,-33.9399729902722],[18.857617266564617,-33.939978553327514]]],[[[18.860688074869657,-33.939428834884865],[18.8606961214967,-33.93944997462825],[18.860732331318403,-33.939439961066256],[18.860724284691358,-33.93942104655703]]],[[[18.860659911675,-33.939461100806874],[18.860667958302045,-33.93948446577725],[18.860694780392194,-33.939471114366384],[18.86068673376515,-33.93944997462825]]],[[[18.861026033205533,-33.939404357280694],[18.861030056519056,-33.939422159175336],[18.861110522789502,-33.939405469899235],[18.86110649947598,-33.939387668001096]]],[[[18.8610381031461,-33.93943662321198],[18.861044808668638,-33.93945553771775],[18.861121251625562,-33.93943551059387],[18.861113204998517,-33.939417708702024]]],[[[18.86132778171971,-33.939299771074545],[18.86134789828732,-33.93929532059484],[18.861330463928724,-33.93924302744085],[18.861310347361112,-33.939249703164435]]],[[[18.86138410810902,-33.93971352379341],[18.86138544921353,-33.939730213009135],[18.861477985424543,-33.93971018594988],[18.861472621006513,-33.93969683457441]]],[[[18.861392154736066,-33.939739113922855],[18.861393495840574,-33.939754690519614],[18.861486032051587,-33.93973355085189],[18.86147932652905,-33.939720199480085]]],[[[18.860294651313403,-33.93845746543623],[18.860304039044955,-33.93851532222364],[18.860360365434268,-33.93850864644248],[18.8603482954937,-33.938451902281514]]],[[[18.860313426776507,-33.938417410714216],[18.860318791194537,-33.93844856438852],[18.860384505315402,-33.9384363254464],[18.86038048200188,-33.93840850966232]]],[[[18.860231619401553,-33.93841407281987],[18.860241007133105,-33.93845301491249],[18.860302697940448,-33.938443001233225],[18.860294651313403,-33.938410734925384]]],[[[18.86029062799988,-33.93839070755575],[18.860297333522418,-33.93841296018838],[18.86033890776215,-33.93840405913602],[18.860336225553134,-33.93839293281927],[18.860316108985522,-33.93839738334614],[18.860312085672,-33.938388482292154]]],[[[18.86033220223961,-33.93836845491728],[18.86033890776215,-33.93840294650442],[18.86038584641991,-33.93839515808274],[18.860381823106387,-33.9383762433414],[18.86039657525597,-33.93837290544545],[18.860392551942446,-33.93835510333142]]],[[[18.860163223071673,-33.938231601062895],[18.86020077399788,-33.938379581237236],[18.86033354334412,-33.938350652802335],[18.860298674626925,-33.93819265886899],[18.860210161729434,-33.93820155994346],[18.86021284393845,-33.938218249455566],[18.860203456206897,-33.93822826316126]]],[[[18.860392551942446,-33.93843410018402],[18.860440831704715,-33.938428537027775],[18.860434126182177,-33.93841296018838],[18.860403280778506,-33.93841852334564],[18.860401939674,-33.9383996086095],[18.860387187524417,-33.938401833872796]]],[[[18.861464094443896,-33.93754844113414],[18.861590158267596,-33.93752618827555],[18.861541878505328,-33.93728585703217],[18.86145604781685,-33.937294758201446],[18.861442636771777,-33.93723467529089],[18.861407768054583,-33.93723690058463]]],[[[18.86246589951096,-33.94015250245908],[18.862481992765048,-33.9401970067976],[18.862557094617465,-33.94018143028176],[18.862541001363375,-33.94014360158859]]],[[[18.862744849248507,-33.939987836204246],[18.862747531457522,-33.94001008841946],[18.86282799772797,-33.93999006142604],[18.862819951100924,-33.9399700344279]]],[[[18.862278144879916,-33.93989437683686],[18.86229692034302,-33.93993443086402],[18.8623291068512,-33.93993443086402],[18.86231837801514,-33.93988992638823]]],[[[18.862541001363375,-33.93979424168653],[18.862546365781405,-33.939816493952335],[18.862650971932986,-33.93979201645963],[18.86264292530594,-33.93976976418741]]],[[[18.862753922251375,-33.93879457509931],[18.86277806213251,-33.938793462472816],[18.862759286669405,-33.938682199748676],[18.862733805683764,-33.93868331237663]]],[[[18.862784767655047,-33.93878678671346],[18.862811589745196,-33.93878567408685],[18.86280354311815,-33.93872336697355],[18.862780744341524,-33.93872559222839]]],[[[18.862775379923495,-33.93862323044593],[18.86277806213251,-33.93864548301781],[18.862826341894777,-33.93864325776088],[18.862827682999285,-33.93862100518843]]],[[[18.86278342655054,-33.93871891646371],[18.862827682999285,-33.93871669120871],[18.86281963637224,-33.93864882090308],[18.86277269771448,-33.93865215878824]]],[[[18.862839752939852,-33.938672186096376],[18.862847799566897,-33.93869110077196],[18.862933630255373,-33.93867886186471],[18.862933630255373,-33.93866217244289]]],[[[18.86284511735788,-33.93869888916657],[18.862847799566897,-33.938713353326094],[18.862936312464388,-33.93870333967745],[18.862933630255373,-33.938686650260436]]],[[[18.86285048177591,-33.93872336697355],[18.86285718729845,-33.93873894375615],[18.86294033577791,-33.93872670485578],[18.862936312464388,-33.93871224069852]]],[[[18.864761057334274,-33.937478905923314],[18.864782515006393,-33.937477793279605],[18.86476910396132,-33.93741771049822],[18.864750328498214,-33.93742216107607]]],[[[18.864797267155975,-33.93774816527122],[18.864798608260482,-33.937772643351536],[18.86487907453093,-33.937758179032194],[18.864875051217407,-33.937737038868754]]],[[[18.865862420894747,-33.938417284307725],[18.865863761999254,-33.938437311671116],[18.865930817224626,-33.9384317485151],[18.86592947612012,-33.938412833781896]]],[[[18.86580743560994,-33.9378865574614],[18.865832916595583,-33.93788544482302],[18.865822187759523,-33.93781868649403],[18.865800730087404,-33.937825362329285]]],[[[18.865810117818956,-33.937785307309916],[18.86581950555051,-33.93781534857621],[18.865854374267702,-33.93781089801892],[18.86585035095418,-33.93778085675103]]],[[[18.865857056476717,-33.937812010658256],[18.86586644420827,-33.93784761510968],[18.865906677343492,-33.937845389831914],[18.865898630716448,-33.937812010658256]]],[[[18.862265760676213,-33.9402378058945],[18.862276489512272,-33.94026228325904],[18.862348909155674,-33.94024670675515],[18.862338180319615,-33.94022445460178]]]],""evenOdd"":true}"
1716799539178,7630202,74,,"{""type"":""MultiPolygon"",""coordinates"":[[[[27.793945581847005,-26.083332556545074],[27.793999226027303,-26.083274739551012],[27.79393753521996,-26.083236194872434],[27.79388523214417,-26.083287989281345]]],[[[27.793584824734502,-26.08333737462663],[27.793598235779577,-26.083374714751894],[27.793621034556203,-26.083368692151865],[27.7936022590931,-26.083328942983787]]],[[[27.79361164682465,-26.083357851470996],[27.793630422287755,-26.083348215309393],[27.79361835234719,-26.083333761065482],[27.79360762351113,-26.083342192707963]]],[[[27.79381683581429,-26.083709570826812],[27.79382220023232,-26.083727638573396],[27.793844999008947,-26.08372161599151],[27.793836952381902,-26.083704752760585]]],[[[27.79387450330811,-26.083702343727406],[27.79387986772614,-26.083716797925785],[27.79390132539826,-26.08371559340932],[27.793893278771215,-26.08369993469416]]],[[[27.793840975695424,-26.083726434057045],[27.793850363426976,-26.08374088825246],[27.793889255457692,-26.08373607018752],[27.79387986772614,-26.08371920695867]]],[[[27.794078351193242,-26.083728843089748],[27.794093103342824,-26.083730047606057],[27.79408505671578,-26.083665003706653],[27.794067622357183,-26.083665003706653]]],[[[27.794224531584554,-26.083662594672646],[27.794239283734136,-26.08366379918964],[27.794233919316106,-26.08360839139439],[27.794217826062017,-26.08360839139439]]],[[[27.794266105824285,-26.08384447660065],[27.79429426901894,-26.083838454024782],[27.79427951686936,-26.08380111404744],[27.794255376988225,-26.08380472759417]]],[[[27.794298292332464,-26.08384688563091],[27.794323773318105,-26.083839658539972],[27.794311703377538,-26.08380111404744],[27.79428354018288,-26.08380954565627]]],[[[27.794145406418615,-26.083966132566918],[27.794166864090734,-26.083957700969382],[27.79415345304566,-26.083921565544458],[27.794129313164525,-26.083927588116048]]],[[[27.793987156086736,-26.083937224229945],[27.793992520504766,-26.083956496455404],[27.794030071430974,-26.08394686034308],[27.794020683699422,-26.0839324061731]]],[[[27.79398983829575,-26.084028767272525],[27.79401129596787,-26.084023949219443],[27.79399520271378,-26.08398781381497],[27.793976427250676,-26.083990222842278]]],[[[27.794046164685064,-26.0839829957602],[27.79405823462563,-26.083976973191444],[27.794050187998586,-26.0839504738853],[27.79403275363999,-26.0839504738853]]],[[[27.794694398044854,-26.083230134545214],[27.79469708025387,-26.08325663401447],[27.794737313389092,-26.08325783853566],[27.794734631180077,-26.083233748109556]]],[[[27.79474938332966,-26.08322411193773],[27.79474938332966,-26.08325302045083],[27.794792298673897,-26.08325302045083],[27.794786934255868,-26.083225316459263]]],[[[27.794726584553032,-26.083404790027487],[27.79474938332966,-26.083404790027487],[27.794745360016137,-26.08336142731138],[27.794723902344018,-26.08336142731138]]],[[[27.795039061903267,-26.083386722231058],[27.79505917847088,-26.08340238098812],[27.79508465945652,-26.083378290591778],[27.79506454288891,-26.08336263183148]]],[[[27.795254979728966,-26.08334576854884],[27.79525229751995,-26.083379495111714],[27.795292530655175,-26.083395153869734],[27.795297895073205,-26.083363836351595]]],[[[27.795362268089562,-26.083401176468428],[27.795344833730965,-26.083424062340598],[27.795381043552666,-26.083455379842647],[27.795398477911263,-26.083428880418385]]],[[[27.795402501224785,-26.083528855487607],[27.795391772388726,-26.083546923262084],[27.795444075464516,-26.083583058802684],[27.795456145405083,-26.08356740006979]]],[[[27.795170847299023,-26.083839423383296],[27.79516145956747,-26.08385628659481],[27.795247290255947,-26.083900853642145],[27.795252654673977,-26.083879172377998]]],[[[27.79557586086027,-26.083841832413654],[27.795598659636898,-26.083844241443973],[27.795600000741405,-26.08382015113858],[27.79557720196478,-26.0838153330769]]],[[[27.795610729577465,-26.083822560169345],[27.79560804736845,-26.083846650474243],[27.795641574981136,-26.083853877564742],[27.79564559829466,-26.08383099177663]]],[[[27.795300934436245,-26.08405262237874],[27.795304957749767,-26.08407791714903],[27.795373354079647,-26.084076712636282],[27.795363966348095,-26.08405262237874]]],[[[27.795872683887115,-26.084096225623856],[27.795859272842044,-26.084113088798382],[27.79590487039529,-26.08413958806772],[27.795915599231353,-26.084122724897014]]],[[[27.794540108963062,-26.084178763239105],[27.794526697917988,-26.084205262493573],[27.794585706516315,-26.084228148208513],[27.794600458665897,-26.084204057982134]]],[[[27.79475066237073,-26.084317282003006],[27.79475200347524,-26.084341372206087],[27.794816376491596,-26.084348599266026],[27.79481369428258,-26.084324509064448]]],[[[27.794334919973423,-26.084637681298293],[27.794348331018497,-26.08465454439481],[27.794459642692615,-26.084608773127208],[27.794443549438526,-26.084594319038974]]],[[[27.794491829200794,-26.084591910024102],[27.794497193618824,-26.084607568619912],[27.794564248844196,-26.084577455933783],[27.794553520008137,-26.0845630018417]]],[[[27.794506581350376,-26.084618409185033],[27.794513286872913,-26.084634067777298],[27.794574977680256,-26.084606364112624],[27.794564248844196,-26.084593114531543]]],[[[27.794405998512318,-26.084543729716128],[27.79442477397542,-26.084565410857174],[27.794486464782764,-26.084538911684245],[27.794465007110645,-26.084517230538285]]],[[[27.794497193618824,-26.084837629286202],[27.794491829200794,-26.084861719382165],[27.79455620221715,-26.08487376442829],[27.79456156663518,-26.084854492353898]]],[[[27.794899524971058,-26.084642499326108],[27.794920982643177,-26.084664180448858],[27.79500413112264,-26.084623227213637],[27.794985355659534,-26.084599137068583]]],[[[27.79498803786855,-26.084599137068583],[27.79500949554067,-26.084628045242052],[27.795116783901264,-26.084589501009177],[27.795084597393085,-26.084555774794982]]],[[[27.794585706516315,-26.085109847082045],[27.794570954366733,-26.0851243011066],[27.79462057523351,-26.08517007217259],[27.794633986278583,-26.085150800146977]]],[[[27.79507655076604,-26.086103557112743],[27.795084597393085,-26.086127646948125],[27.795132877155353,-26.086126442456468],[27.795126171632816,-26.086102352620845]]],[[[27.79612927046881,-26.085870133370644],[27.79611317721472,-26.085918313132552],[27.796236558829406,-26.085968901861197],[27.796252652083496,-26.085944811993137],[27.79618291464911,-26.085915904144915],[27.796188279067138,-26.085896632242132]]],[[[27.796692534361938,-26.085947220980167],[27.796705945407012,-26.08597853780703],[27.79673276749716,-26.085976128820654],[27.796730085288146,-26.085942403006065]]],[[[27.796756907378295,-26.085968901861197],[27.796762271796325,-26.085990582738216],[27.796832009230712,-26.085985764765894],[27.796823962603668,-26.085966492874615]]],[[[27.795564665471176,-26.08459285737366],[27.79558880535231,-26.084612129491145],[27.795639767323593,-26.08454949509774],[27.79561026302443,-26.084530222969953]]],[[[27.79557271209822,-26.084857848710786],[27.795596851979354,-26.084877120784633],[27.795642449532608,-26.084840985643577],[27.795623674069503,-26.08481689554334]]],[[[27.796416266833404,-26.08516740601294],[27.79642431346045,-26.08520233655205],[27.796457841073135,-26.08520113205088],[27.796447112237075,-26.0851637925083]]],[[[27.796516849671463,-26.085179451027603],[27.796524896298507,-26.085197518547265],[27.79657049385176,-26.08519390504356],[27.79656110612021,-26.08516138350514],[27.796535625134567,-26.0851637925083],[27.796542330657104,-26.085175837523337]]],[[[27.796595068728973,-26.085634816906968],[27.796593727624465,-26.08566492932104],[27.796640666282226,-26.08567336079558],[27.796644689595748,-26.08564686187353]]],[[[27.795489998614837,-26.085907032848542],[27.79549938634639,-26.085929918230704],[27.795590581452895,-26.08592148677464],[27.79558253482585,-26.08589739689683]]],[[[27.796129836762862,-26.08699569388274],[27.796129836762862,-26.087022192499383],[27.7961727521071,-26.08702460146423],[27.796175434316115,-26.08699569388274]]],[[[27.795691295588927,-26.087337271717928],[27.795707388843017,-26.087373406088197],[27.795838817084746,-26.087338476197115],[27.79582138272615,-26.087304750775143]]],[[[27.795995726312118,-26.087321613487344],[27.79600511404367,-26.087340885155463],[27.796112402404265,-26.08732643140468],[27.796107037986236,-26.08730595525467]]],[[[27.79603595944734,-26.08731679556982],[27.796072169269042,-26.087314386610984],[27.796066804851012,-26.087292705979234],[27.79603193613382,-26.08729993285693]]],[[[27.796320671296197,-26.087735898256277],[27.796336764550286,-26.087732284830956],[27.796311283564645,-26.08765158496948],[27.796296531415063,-26.087656402873215]]],[[[27.795718515372354,-26.087805757790754],[27.795731926417428,-26.087829847275746],[27.795770818448144,-26.087815393585352],[27.79575740740307,-26.087793713046423]]],[[[27.795686328864175,-26.088833169920402],[27.795690352177697,-26.08885003241236],[27.795813733792382,-26.088842805630385],[27.795805687165338,-26.088824738673516]]],[[[27.795812392687875,-26.088739221706486],[27.795808369374353,-26.088768128857264],[27.795844579196054,-26.088772946715036],[27.795844579196054,-26.088748857424214]]],[[[27.795895541167337,-26.088862077047978],[27.79590492889889,-26.088888575241977],[27.795939797616082,-26.088883757388963],[27.795931750989038,-26.088854850266742]]],[[[27.79597734854229,-26.0886549091426],[27.79597734854229,-26.088680202918145],[27.79604574487217,-26.08868863417545],[27.796043062663156,-26.08866213593618]]],[[[27.79611950562008,-26.088634433225067],[27.796116823411065,-26.088691043106],[27.79616107985981,-26.08868863417545],[27.79616242096432,-26.088636842156713]]],[[[27.796175832009393,-26.088669362729295],[27.796170467591363,-26.08872235919858],[27.796216065144616,-26.08872235919858],[27.796221429562646,-26.08867297612569]]],[[[27.796487433824264,-26.089139229268756],[27.79651693812343,-26.089135615886764],[27.796498162660324,-26.08908623298828],[27.796471340570175,-26.08909345975523]]],[[[27.79650620928737,-26.089057325916087],[27.796514255914413,-26.089072983914427],[27.79655314794513,-26.08906093930051],[27.796541078004562,-26.08904287237733]]],[[[27.7968723308179,-26.089085028527084],[27.79689915290805,-26.08908261960466],[27.796881718549454,-26.089029623298536],[27.796854896459305,-26.089034441145547]]],[[[27.796905858430588,-26.089016374218268],[27.79692061058017,-26.089010351908566],[27.796876354131424,-26.08898264927988],[27.796861601981842,-26.08899228497756]]],[[[27.797128481778824,-26.089010351908566],[27.79715128055545,-26.088999511750288],[27.7971244584653,-26.088956151107183],[27.797101659688675,-26.088965786807037]]],[[[27.797103000793182,-26.08893326631686],[27.797116411838257,-26.08895133325696],[27.797149939450943,-26.088932061854084],[27.79713652840587,-26.088917608299834]]],[[[27.796934021625244,-26.08904407683895],[27.796950114879333,-26.089051303608493],[27.796960843715393,-26.089035645607268],[27.79694743267032,-26.089029623298536]]],[[[27.79688842407199,-26.088950128794373],[27.79689378849002,-26.08896217341969],[27.79692061058017,-26.08895133325696],[27.796913905057632,-26.088940493093226]]],[[[27.796750466724724,-26.08986075486291],[27.796745102306694,-26.089872799394488],[27.79684702624926,-26.089917364150555],[27.796851049562783,-26.089904115170803]]],[[[27.79677862991938,-26.08984630142339],[27.79676924218783,-26.089861959316117],[27.796804110905022,-26.089878821659823],[27.796812157532067,-26.089861959316117]]],[[[27.797264308400695,-26.089153276388053],[27.797279060550277,-26.089179774516097],[27.79730320043141,-26.089168934373543],[27.797287107177322,-26.089143640703632]]],[[[27.797311247058456,-26.089162912071675],[27.797320634790008,-26.08919422803797],[27.797338069148605,-26.0891857968171],[27.797327340312545,-26.089156889769498]]],[[[27.797584832377975,-26.089250837648073],[27.797604948945587,-26.089250837648073],[27.797595561214035,-26.08920988601798],[27.797570080228393,-26.089213499397676]]],[[[27.797583491273468,-26.089179774516097],[27.797591537900512,-26.08919784141817],[27.79761433667714,-26.089190614657674],[27.797606290050094,-26.0891737522148]]],[[[27.79763981766278,-26.089184592356936],[27.797649205394332,-26.08919422803797],[27.797714919515197,-26.08918097897633],[27.797705531783645,-26.089164116532068]]],[[[27.797649205394332,-26.089200250338212],[27.797659934230392,-26.089218317237115],[27.797700167365615,-26.0892050681782],[27.79769212073857,-26.089189410197555]]],[[[27.797748447127884,-26.08902078565778],[27.797773928113525,-26.089012354424405],[27.797757834859436,-26.08897862948486],[27.797737718291824,-26.08898465179622]]],[[[27.79783427781636,-26.089035239199283],[27.79785037107045,-26.08902801242875],[27.79783427781636,-26.08899549195586],[27.797815502353256,-26.089000309804252]]],[[[27.798366696305816,-26.089079804274345],[27.798393518395965,-26.089077395351794],[27.79837474293286,-26.089014763348292],[27.798345238633697,-26.089019581195906]]],[[[27.79842704600865,-26.089065350738352],[27.79843241042668,-26.089088235502835],[27.798451185889785,-26.089079804274345],[27.79844313926274,-26.089060532892617]]],[[[27.798770368762558,-26.08879193767941],[27.79879987306172,-26.088826867136625],[27.798818648524826,-26.088817231425335],[27.798791826434677,-26.088778688572223]]],[[[27.798870351428103,-26.088920245634885],[27.798875715846133,-26.08893951703972],[27.79891326677234,-26.088935903651556],[27.798906561249805,-26.088915427783196]]],[[[27.7977151133587,-26.08852228085368],[27.797731206612788,-26.08853914339044],[27.79777143974801,-26.08850782724883],[27.7977513231804,-26.088493373642173]]],[[[27.796913132863246,-26.088262115692995],[27.79692117949029,-26.0882765693282],[27.796992258029185,-26.088256093344476],[27.79697884698411,-26.088238026297017]]],[[[27.796990916924678,-26.088259706753618],[27.796998963551722,-26.08828018273673],[27.79701505680581,-26.08827175145],[27.797007010178767,-26.088256093344476]]],[[[27.79670123835107,-26.087461140617506],[27.79672269602319,-26.0874948659944],[27.796870217519007,-26.087451504793748],[27.796851442055903,-26.08741537044759]]],[[[27.79720012922784,-26.086904670495393],[27.797213540272914,-26.086937191549346],[27.797260478930674,-26.0869251467156],[27.79724170346757,-26.086887807723105]]],[[[27.796934590535365,-26.086698703610388],[27.79694263716241,-26.086722793323258],[27.79702712674638,-26.08669990809615],[27.79701639791032,-26.086678227350554]]],[[[27.79698421140214,-26.086715566409914],[27.79698957582017,-26.086730020236153],[27.79701103349229,-26.086727611265246],[27.797002986865245,-26.086708339496138]]],[[[27.797043220000468,-26.08668424978029],[27.79705260773202,-26.08669990809615],[27.797071383195124,-26.086692681181397],[27.797064677672587,-26.08667702286456]]],[[[27.796437040763102,-26.08682999248541],[27.79645313401719,-26.08683842387602],[27.796488002734385,-26.086805902794598],[27.79647459168931,-26.086793857947345]]],[[[27.796461180644236,-26.086769768249095],[27.796473250584803,-26.086781813098842],[27.79650677819749,-26.086754109942586],[27.7964906849434,-26.086739656119306]]],[[[27.7963158738486,-26.08637745460169],[27.796329284893673,-26.08643406557449],[27.796385611282986,-26.086426838643312],[27.79638292907397,-26.086406362335907],[27.79643120883624,-26.086402748869517],[27.796427185522717,-26.086385886024903],[27.796376223551434,-26.08638949949182],[27.796370859133404,-26.08637504562353]]]],""evenOdd"":true}"
1716799539178,3640053,75,No solar panels as far as I can see.,none
1716799539178,1993834,76,No solar panels as far as I can see.,none
1716799539178,7971555,77,Only spotted one solar panel.,"{""type"":""Polygon"",""coordinates"":[[[28.30814170521416,-26.189862571837143],[28.30816852730431,-26.189903488177535],[28.308208760439534,-26.189881826587342],[28.3081846205584,-26.18984572392811]]],""geodesic"":true,""evenOdd"":true}"
1716799539178,1994711,78,No solar panels,none
1716799539178,7630218,79,,"{""type"":""MultiPolygon"",""coordinates"":[[[[27.768623291553748,-26.078762333833737],[27.768644749225867,-26.07875992469883],[27.76863804370333,-26.07871294655819],[27.768615244926703,-26.078716560261988]]],[[[27.768152656715365,-26.078709416245697],[27.768170091073962,-26.078740735009166],[27.76826530949399,-26.07872628019629],[27.768246534030887,-26.07869496142895]]],[[[27.768054756086322,-26.078813009046716],[27.768049391668292,-26.078827463848874],[27.768127175729724,-26.07886360084645],[27.76813388125226,-26.078849146048768]]],[[[27.768513411612922,-26.079483948870067],[27.768512070508415,-26.07950081270909],[27.76856705579322,-26.07949599446962],[27.768564373584205,-26.079476721509742]]],[[[27.76860326561492,-26.07956465436339],[27.768623382182533,-26.07956224524498],[27.768609971137458,-26.07950804006792],[27.76859253677886,-26.07951406286662]]],[[[27.768632769914085,-26.07956585892256],[27.768647522063667,-26.07956344980419],[27.768642157645637,-26.079524903903483],[27.768626064391547,-26.07952851758222]]],[[[27.76803177098886,-26.079638308411607],[27.768038476511396,-26.07966119501952],[27.768102849527754,-26.07965155855357],[27.76809480290071,-26.0796298765023]]],[[[27.7673008690323,-26.07967203604275],[27.76730623345033,-26.079686490738837],[27.767377311989225,-26.079676854274975],[27.767367924257673,-26.07966119501952]]],[[[27.766968275114454,-26.079841878609024],[27.7669763217415,-26.079875606181503],[27.766995097204603,-26.079871992513493],[27.76698705057756,-26.079838264939962]]],[[[27.766268371265497,-26.079743379260112],[27.766248254697885,-26.079774697746945],[27.766309945505228,-26.079798788884972],[27.766328720968332,-26.079769879518743]]],[[[27.765950529497232,-26.078979993080516],[27.76597735158738,-26.079014925466172],[27.766057817857828,-26.07899083416683],[27.7660350190812,-26.078955901773988]]],[[[27.765765987389315,-26.07825819994122],[27.765782080643405,-26.078275063956823],[27.765859864704836,-26.07825097250521],[27.765849135868777,-26.078236517631883]]],[[[27.765256367676486,-26.076476091752223],[27.765263073199023,-26.07648813766126],[27.76528587197565,-26.07647488716125],[27.765279166453112,-26.076462841250848]]],[[[27.766244761698474,-26.076787310833954],[27.766259513848055,-26.076830675985427],[27.76630913471483,-26.076827062223423],[27.76629974698328,-26.076787310833954]]],[[[27.765947375550528,-26.077551485987957],[27.765955422177573,-26.077565940945878],[27.766022477402945,-26.077547872248193],[27.766015771880408,-26.077531008127846]]],[[[27.76602515961196,-26.07753462186812],[27.766033206239005,-26.077547872248193],[27.766085509314795,-26.077533417288045],[27.766076121583243,-26.07752137148656]]],[[[27.767008189215918,-26.07923323141231],[27.767021600260993,-26.079256118099405],[27.767045740142127,-26.079251299849865],[27.767035011306067,-26.079224799473835]]],[[[27.76754731322791,-26.07784436249945],[27.76757413531806,-26.077869658611366],[27.767635826125403,-26.07784556707633],[27.767619732871314,-26.077831112152943],[27.767598275199195,-26.07784074876873],[27.767586205258628,-26.07782388469057]]],[[[27.767655942693015,-26.07781424807338],[27.767670694842597,-26.077828702998858],[27.767713610186835,-26.077811838918958],[27.767696175828238,-26.077794974836635]]],[[[27.767630461707373,-26.077794974836635],[27.76764253164794,-26.07781304349618],[27.767654601588507,-26.07780702060998],[27.767643872752448,-26.07779256568183]]],[[[27.767368498962995,-26.07733812044113],[27.76739800326216,-26.07733330211264],[27.767375204485532,-26.077269459241496],[27.767353746813413,-26.077275482155354]]],[[[27.767871456222196,-26.07655806008738],[27.767887549476285,-26.076566492217925],[27.767914371566434,-26.07652071778762],[27.767896937207837,-26.07651228565375]]],[[[27.76922999508824,-26.075368550505605],[27.769221948461194,-26.075387824141803],[27.76927156932797,-26.075404688570867],[27.769278274850507,-26.075384210335258]]],[[[27.768476294355054,-26.0751697909473],[27.76848299987759,-26.075187860011994],[27.76861576922383,-26.075150517275222],[27.76860504038777,-26.075137266623827]]],[[[27.76803641207661,-26.075202315261752],[27.768044458703656,-26.075219179717543],[27.76811017282452,-26.07520111065767],[27.76809542067494,-26.075186655407773]]],[[[27.768065916375775,-26.07380288699088],[27.768083350734372,-26.073840230157465],[27.768135653810162,-26.07382457012131],[27.768118219451566,-26.07379084080556]]],[[[27.76764883287396,-26.074026037843588],[27.767662243919034,-26.074054948628188],[27.767713205890317,-26.0740429024688],[27.767703818158765,-26.07401158244862]]],[[[27.767719911412854,-26.07402483322742],[27.76772661693539,-26.074039288620742],[27.76784865744557,-26.074006763983235],[27.76784329302754,-26.073989899352807]]],[[[27.767746733503003,-26.074233231642076],[27.767752097921033,-26.07424648239579],[27.767766850070615,-26.074240459326102],[27.767760144548078,-26.07422720857171]]],[[[27.76777892001118,-26.074222390115207],[27.767786966638226,-26.07423564087014],[27.767891572789807,-26.074211548587314],[27.767888890580792,-26.07419709321525]]],[[[27.767986791209836,-26.074754828360327],[27.76799081452336,-26.07477410209754],[27.768088715152402,-26.07475603296899],[27.768080668525357,-26.074736759228788]]],[[[27.767603235320706,-26.07531617465741],[27.76761262305226,-26.075334243699526],[27.76765419729199,-26.07531858386318],[27.76764346845593,-26.075306537833818]]],[[[27.76728539355244,-26.075376404786923],[27.76730282791104,-26.07541254284975],[27.76734306104626,-26.075396883023892],[27.767318921165128,-26.07536315416108]]],[[[27.767148600892682,-26.075405315238072],[27.767163353042264,-26.075437839487094],[27.767241137103696,-26.075417361257287],[27.767221020536084,-26.07538363240037]]],[[[27.76753886230435,-26.075802833217615],[27.767552273349423,-26.075822106782315],[27.767628716306348,-26.075805242413377],[27.767619328574796,-26.07577994585542]]],[[[27.767534838990827,-26.075836561953764],[27.7675482500359,-26.075854630915565],[27.767644809560437,-26.07583053896587],[27.76763273961987,-26.075812470000372]]],[[[27.767300145702023,-26.075860653902208],[27.767325626687665,-26.075889564233794],[27.76739670522656,-26.075872699874576],[27.76737524755444,-26.075838971148833]]],[[[27.76666714437451,-26.075634189391135],[27.766684578733106,-26.075682373366337],[27.766711400823255,-26.075675145771328],[27.766700671987195,-26.075626961793134]]],[[[27.766625570134778,-26.07578837804202],[27.766637640075345,-26.07582331138001],[27.766669826583524,-26.075814879195924],[27.76665641553845,-26.07577994585542]]],[[[27.76667250879254,-26.07577392286462],[27.76668726094212,-26.075810060804752],[27.766715424136777,-26.075802833217615],[27.766696648673673,-26.07576910447175]]],[[[27.766841487960477,-26.076156984462532],[27.76688708551373,-26.076141324736263],[27.766868310050626,-26.076087117975238],[27.76681868918385,-26.076097959329456]]],[[[27.767249645875822,-26.076442768926356],[27.76726708023442,-26.07646565615899],[27.767358275340925,-26.07644156433503],[27.767348887609373,-26.076425904646815],[27.76731401889218,-26.076433132195476],[27.767307313369642,-26.076424700055316]]],[[[27.76675075499905,-26.07708120057933],[27.766764166044126,-26.077126974790524],[27.76681512801541,-26.077116133531597],[27.766796352552305,-26.077070359316178]]],[[[27.76680439917935,-26.07706192722192],[27.766817810224424,-26.07710408768717],[27.766832562374006,-26.0771004739336],[27.766817810224424,-26.077059518052007]]]],""evenOdd"":true}"
1716799539178,8630109,80,No solar panels as far as I can see,none
1716889678069,5740075,81,,"{""type"":""MultiPolygon"",""coordinates"":[[[[30.22638777534473,-28.173312447383076],[30.226395821971774,-28.17330417187711],[30.226362294359088,-28.173268705415772],[30.226352906627536,-28.17327816313995]]],[[[30.228724819512077,-28.170654399701498],[30.22874493607969,-28.170665039901138],[30.228774440378853,-28.170592922971707],[30.22875566491575,-28.170585829500595]]],[[[30.22840685765751,-28.170287095728263],[30.22843904416569,-28.170317834185447],[30.228467207360346,-28.170293006970713],[30.228436361956675,-28.17026463300397]]],[[[30.229352336334756,-28.170145225811424],[30.229369770693737,-28.170160595061844],[30.229396592784475,-28.17013576781006],[30.22937647621642,-28.1701239453072]]],[[[30.229601781773646,-28.169873307945053],[30.229632627177317,-28.169889859487103],[30.22964603822239,-28.16987567245121],[30.229617875027735,-28.169856756400424]]],[[[30.23069410569328,-28.169648086817883],[30.230712881156386,-28.16966345613937],[30.23076250202316,-28.169622077191868],[30.230743726560057,-28.16960670786444]]],[[[30.230728974410475,-28.169675278692864],[30.230745067664564,-28.16969419477572],[30.230782618590773,-28.16966345613937],[30.230766525336684,-28.1696469045623]]],[[[30.235986287728203,-28.168849672339853],[30.235999698773277,-28.16886149498327],[30.23607748283471,-28.168794105898318],[30.236065412894142,-28.16878110098231]]]],""evenOdd"":true}"
1716889678069,7972028,82,Only solar geysers as far as I can see.,none
1716889678069,7993590,83,None as far as I can tell.,none
1716889678069,7981606,84,"Solar panels tricky to see here, hopefully got all of them.","{""type"":""MultiPolygon"",""coordinates"":[[[[27.99418622822622,-26.249112011602314],[27.994221096943413,-26.249103591937125],[27.994205003689324,-26.24906750765084],[27.994174158285652,-26.249072318889652]]],[[[27.994681095789467,-26.248853407321683],[27.994691824625527,-26.248869043875935],[27.99476424426893,-26.248813714520676],[27.994750833223854,-26.248799280771497]]],[[[27.995028441856896,-26.248648929110907],[27.995043194006477,-26.248665768506573],[27.995065992783104,-26.248647726296838],[27.995051240633522,-26.248634495341253]]],[[[27.993753051470314,-26.249424741591397],[27.99375439257482,-26.24944518929214],[27.993801331232582,-26.24943917526288],[27.99379730791906,-26.249415119142736]]],[[[27.994415557096993,-26.249546224937077],[27.994420921515022,-26.24957028103007],[27.99445444912771,-26.249559455788837],[27.99444908470968,-26.249539008108204]]],[[[27.995362617608887,-26.249495707125583],[27.9953827341765,-26.24951976322903],[27.995412238475662,-26.24949690993088],[27.995394804117065,-26.249471651017153]]],[[[27.996845053402726,-26.249967020873232],[27.996857123343293,-26.24999107687911],[27.99690003868753,-26.249967020873232],[27.99688528653795,-26.249944167663056]]],[[[27.99760948297197,-26.24859123383149],[27.997626917330567,-26.248575597239864],[27.997565226523225,-26.248511848036802],[27.997547792164628,-26.248525079006356]]],[[[27.998297600165955,-26.248041938015177],[27.99832710446512,-26.248017881605755],[27.998290894643418,-26.247980594161316],[27.99826273144876,-26.248001042116194]]],[[[27.999508372158783,-26.248234033288956],[27.999519100994842,-26.248250872744748],[27.999571404070632,-26.248212382556492],[27.999560675234573,-26.24819794873261]]],[[[27.99947752675511,-26.248250872744748],[27.99948959669568,-26.24826650938008],[27.99951507768132,-26.248250872744748],[27.999503007740753,-26.248235236107305]]],[[[27.999469480128067,-26.248072855517208],[27.999486914486663,-26.248059624496168],[27.999434611410873,-26.24800309193473],[27.99941449484326,-26.248015120141595]]],[[[27.999448022455947,-26.248093303455857],[27.99946277460553,-26.248077666797208],[27.999411812634246,-26.24801872860341],[27.999393037171142,-26.248034365269998]]],[[[27.999303183169143,-26.248139010599825],[27.99932061752774,-26.248159458526832],[27.999370238394516,-26.248123373947333],[27.999354145140426,-26.248105331653377]]],[[[27.999253562302368,-26.24877770591478],[27.999264291138427,-26.248796950916866],[27.999312570900695,-26.248762069348242],[27.99930050096013,-26.248741621527284]]],[[[27.999219441696628,-26.248283908391528],[27.999232852741702,-26.248276691484264],[27.99920200733803,-26.248243012577714],[27.99918725518845,-26.248252635123443]]],[[[27.999033028170093,-26.24882517515954],[27.999035710379108,-26.24884442015376],[27.999100083395465,-26.2488372032813],[27.999096060081943,-26.248822769535035]]],[[[27.999041074797137,-26.24884442015376],[27.999043757006152,-26.248863665144786],[27.999074602409824,-26.24886125952108],[27.9990705790963,-26.248845622965792]]],[[[27.998410755678638,-26.24855333927567],[27.998422825619205,-26.24857258431491],[27.99844562439583,-26.248559353350768],[27.99843087224625,-26.248542513939682]]],[[[27.998085469308517,-26.24881011951868],[27.998086810413024,-26.248790874518768],[27.998061329427383,-26.24878967170617],[27.998058647218368,-26.248808916706277]]],[[[27.99870371848645,-26.247570013322473],[27.998733222785614,-26.247609706548335],[27.99875602156224,-26.247586852874495],[27.99872919947209,-26.247555579418794]]],[[[27.999030947986267,-26.24741364593714],[27.999041676822326,-26.24742807985845],[27.9990550878674,-26.247418457244443],[27.999043017926834,-26.24740522614889]]]],""evenOdd"":true}"
1716889678069,8710019,85,No solar panels as far as I can see.,none
1716889678069,5660168,86,,"{""type"":""MultiPolygon"",""coordinates"":[[[[30.411817389769038,-29.560043943297703],[30.411834824128036,-29.560057941839915],[30.411907243773108,-29.56000428075086],[30.41189115051865,-29.559991448747066]]],[[[30.414221588694918,-29.56142977081736],[30.414208177649844,-29.56145193487042],[30.414302054965365,-29.561504428660896],[30.414311442696917,-29.561479931562065]]]],""evenOdd"":true}"
1716889678069,1640099,87,Not updated with solar panels (many more on GEPro),"{""type"":""MultiPolygon"",""coordinates"":[[[[18.377590814083504,-33.383275857734134],[18.377581426351952,-33.38330497340478],[18.37762434169619,-33.383320651069546],[18.377632388323235,-33.38329041557068]]],[[[18.375905801529896,-33.381789356605964],[18.375931282515538,-33.38179831542804],[18.37595542239667,-33.3817479220418],[18.375933964724553,-33.381742322774855]]],[[[18.375980903382313,-33.381702008042225],[18.375979562277806,-33.38171768599602],[18.376038570876133,-33.381742322774855],[18.37604125308515,-33.38172664482549]]],[[[18.374145011778932,-33.37812592239745],[18.374170492764573,-33.37813152189726],[18.374183903809648,-33.378095685092276],[18.37416244613753,-33.378088965689706]]],[[[18.373507057069475,-33.37941879515743],[18.37353119695061,-33.3794232746907],[18.373558019040757,-33.37936952027617],[18.37353119695061,-33.37936504074013]]],[[[18.37353522026413,-33.37942215480741],[18.373549972413713,-33.37942775422374],[18.37358752333992,-33.379354961783186],[18.37357679450386,-33.37934488282507]]],[[[18.373815511106187,-33.380540911031964],[18.373831604360277,-33.38054875011389],[18.373843674300844,-33.380527472604165],[18.373822216628724,-33.38052187325863]]],[[[18.374005947946245,-33.3797066047015],[18.374000583528215,-33.379722283015056],[18.374046181081468,-33.37974132096344],[18.374051545499498,-33.37972452277391]]],[[[18.37405556881302,-33.37972340289449],[18.374051545499498,-33.37973460168803],[18.374074344276124,-33.37974132096344],[18.374078367589647,-33.37973012217079]]],[[[18.37408104979866,-33.379736841446565],[18.37407568538063,-33.379750279996536],[18.374099825261766,-33.379759239028715],[18.374103848575288,-33.37974468060097]]],[[[18.374141399501497,-33.379647251060256],[18.374136035083467,-33.37966180950432],[18.37420845472687,-33.37968644686562],[18.374209795831376,-33.37967188842569]]],[[[18.37402338230484,-33.37964389141898],[18.374056909917527,-33.379658449863605],[18.374079708694154,-33.37961813416484],[18.374046181081468,-33.379606935356314]]],[[[18.375281684371462,-33.38050273828501],[18.375307165357103,-33.38051057737037],[18.375338010760775,-33.38045794349793],[18.375311188670626,-33.380453464017954]]],[[[18.378148030272374,-33.38168893441288],[18.37813998364533,-33.38170461236904],[18.378173511258016,-33.38171805061492],[18.378178875676046,-33.381700132953284]]],[[[18.380013506642232,-33.38192410345841],[18.380026917687307,-33.38193194241565],[18.380038987627874,-33.381915144649255],[18.38002423547829,-33.38190842554184]]],[[[18.37972465198508,-33.38237567746762],[18.37971258204451,-33.38240031406002],[18.379833281450182,-33.38245182691248],[18.379837304763704,-33.382437268935526],[18.37975013297072,-33.38240031406002],[18.37975549738875,-33.3823846362293]]],[[[18.37964016240111,-33.38241375219838],[18.379688442163378,-33.38243614909104],[18.379709899835497,-33.382399194215054],[18.37966162007323,-33.38238015684857]]],[[[18.379747450761705,-33.38243614909104],[18.37971928756705,-33.382427190334674],[18.37968710105887,-33.382489901609894],[18.379705876521975,-33.38250333973442]]],[[[18.380711476244628,-33.379854869231394],[18.380723546185195,-33.379867187885566],[18.380755732693373,-33.37983583130787],[18.380739639439284,-33.379825752405495]]],[[[18.38114599410504,-33.37988958543412],[18.381137947477995,-33.3799063835918],[18.38116208735913,-33.37991422273093],[18.381170133986174,-33.379898544451976]]],[[[18.378809407965864,-33.380992565336],[18.378833547846998,-33.381002644103134],[18.378883168713774,-33.38090857556441],[18.378856346623625,-33.38090297624342]]],[[[18.37900356445623,-33.380288765240984],[18.379023681023842,-33.38029772421768],[18.37904111538244,-33.38026860754005],[18.37901965771032,-33.380255169070175]]],[[[18.37931335959745,-33.37981729779023],[18.37930799517942,-33.37983073632778],[18.379325429538017,-33.37983969535167],[18.379333476165062,-33.37982401705928]]],[[[18.379400531390434,-33.379602280907],[18.379393825867897,-33.379616839358576],[18.379463563302284,-33.379644836374005],[18.37947026882482,-33.37963363756892],[18.379467586615807,-33.37963251768833]]],[[[18.37941394243551,-33.37958996221529],[18.379412601331,-33.379601161026],[18.379451493361717,-33.37961795923937],[18.379456857779747,-33.37960564054988]]],[[[18.37918282752598,-33.37894876875975],[18.379176122003443,-33.37896220743152],[18.37922574287022,-33.378983485324234],[18.37922976618374,-33.37897116654487]]],[[[18.378671620269774,-33.379472167112304],[18.3786582092247,-33.379492324997855],[18.378733311077116,-33.379523681699425],[18.37874672212219,-33.379499044292]]],[[[18.38047968314699,-33.376602318095955],[18.38047029541544,-33.37661463721087],[18.38053332732729,-33.376640395354585],[18.38053735064081,-33.37662471648541]]],[[[18.380444814429797,-33.37661239737193],[18.380439450011767,-33.376629196162604],[18.38050114081911,-33.37664935470714],[18.380503823028125,-33.37663367583957]]],[[[18.380676825509585,-33.376895736540554],[18.38070632980875,-33.37691029544524],[18.380746562943973,-33.376841980563704],[18.38071705864481,-33.3768274216476]]],[[[18.378089536179246,-33.376871533614164],[18.378074784029664,-33.37691297050184],[18.37817670797223,-33.37695328745468],[18.378191460121812,-33.37691297050184]]],[[[18.37837894073065,-33.378673373347034],[18.37837357631262,-33.378698010988366],[18.37841515055235,-33.37871144969888],[18.378419173865872,-33.37869017173961]]],[[[18.37832529655035,-33.37864985559196],[18.378317249923306,-33.37867001366811],[18.378358824163037,-33.37869017173961],[18.378364188581067,-33.37866889377512]]],[[[18.377318544286474,-33.38045126661612],[18.377307815450415,-33.38047814349319],[18.377377552884802,-33.38051621905484],[18.377396328347906,-33.38048710245038]]],[[[18.377538485425696,-33.38049382166766],[18.37753580321668,-33.38051397931638],[18.37756798972486,-33.3805251780081],[18.37757335414289,-33.38050726010067]]],[[[18.37585387655162,-33.37985087976455],[18.375851194342605,-33.379873277317316],[18.37593702503108,-33.379904633881516],[18.37593702503108,-33.37988447609155]]],[[[18.37741785737595,-33.37566523264694],[18.37740712853989,-33.37568987114048],[18.377436632839053,-33.37570107045341],[18.377450043884128,-33.37567867182611]]],[[[18.377510393586963,-33.375583477595626],[18.37752782794556,-33.375592437057065],[18.377545262304157,-33.375575638066124],[18.377530510154575,-33.375566678602965]]],[[[18.378170217004627,-33.37405334593332],[18.378156805959552,-33.37408582454798],[18.378227884498447,-33.37411270339232],[18.378239954439014,-33.374081344739785]]],[[[18.378020013299793,-33.37434570943519],[18.378014648881763,-33.37436138871521],[18.378176922527164,-33.37442298585937],[18.37817960473618,-33.37440618664256]]],[[[18.377571000195214,-33.37411284928202],[18.377564294672677,-33.37412404879802],[18.377580387926766,-33.37413076850693],[18.37758441124029,-33.374119568991794]]],[[[18.37752540264196,-33.374061331489834],[18.377507968283364,-33.37410388966817],[18.377528084850976,-33.37410836947521],[18.377545519209573,-33.374068051203594]]],[[[18.374237645741314,-33.379268039580765],[18.37421887027821,-33.379297156593395],[18.374293972130626,-33.37932403382719],[18.374310065384716,-33.37929043728365]]],[[[18.374398578282207,-33.379200846437456],[18.374385167237133,-33.379232203244136],[18.374436129208416,-33.3792501214143],[18.374446858044475,-33.379225483929375]]],[[[18.374452222462505,-33.37909333730019],[18.37444417583546,-33.37911125549896],[18.374524642105907,-33.3791403725641],[18.374530006523937,-33.37912245437133]]],[[[18.374562193032116,-33.37903958268171],[18.37458096849522,-33.3790485417871],[18.37461851942143,-33.378983588252126],[18.37459706174931,-33.37897462914005]]],[[[18.37497525322041,-33.378799926270034],[18.37496452438435,-33.37882680365749],[18.3749913464745,-33.37883800256649],[18.375002075310558,-33.37881784452926]]],[[[18.374736536618084,-33.37848635613586],[18.374766040917248,-33.378495315298245],[18.374814320679516,-33.37841916238858],[18.374774087544292,-33.37841020321835]]],[[[18.374814320679516,-33.37846843780833],[18.37480090963444,-33.37848635613586],[18.374851871605724,-33.37850427445971],[18.374857236023754,-33.37848187655432]]],[[[18.375372220154613,-33.378013759011786],[18.375361491318554,-33.378031677433],[18.375385631199688,-33.378040636642226],[18.375396360035747,-33.37802495802547]]],[[[18.375423182125896,-33.377864811992545],[18.375445980902523,-33.37787265131571],[18.375467438574642,-33.37782785517385],[18.375444639798015,-33.37781889594269]]],[[[18.37548353182873,-33.377821135750565],[18.375455368634075,-33.3778748911222],[18.375507671709865,-33.37789616928096],[18.375539858218044,-33.37784241392248]]],[[[18.375834109575763,-33.37705399818077],[18.375860931665912,-33.377066317231694],[18.37591457584621,-33.37697336434976],[18.375885071547046,-33.37696328511563]]],[[[18.37596139648198,-33.374781976757255],[18.37597748973607,-33.37478869641532],[18.37599358299016,-33.37476853743953],[18.375969443109025,-33.37475733800652]]],[[[18.375906919551333,-33.37508833928292],[18.37589887292429,-33.37510625830687],[18.375995432448825,-33.375138736528356],[18.376006161284884,-33.37511297793989],[18.37594983489557,-33.37508945922204],[18.375944470477542,-33.37510625830687]]],[[[18.374218872894318,-33.3781533714321],[18.374194733013184,-33.37814553213424],[18.37419070969966,-33.37815785103056],[18.37427519928363,-33.37818920821331],[18.374281904806168,-33.37816569032731],[18.374218872894318,-33.37814217243495]]],[[[18.37721861208824,-33.37688210648164],[18.377242751969373,-33.37688994589339],[18.37727091516403,-33.37683842974614],[18.377248116387403,-33.376829470413064]]],[[[18.377453305377042,-33.37685186874401],[18.377445258749997,-33.37686642765603],[18.37747610415367,-33.37687762681747],[18.3774814685717,-33.37686530773981]]],[[[18.37743453157545,-33.37653382254152],[18.37743453157545,-33.37655846078899],[18.377472082501658,-33.37656070062931],[18.377469400292643,-33.37653830222338]]],[[[18.378409585917478,-33.37504233048931],[18.37851955648709,-33.375091607822334],[18.37852894421864,-33.37507368879537],[18.378614774907117,-33.3751095268456],[18.378650984728818,-33.37505576976472],[18.378675124609952,-33.374996412949315],[18.378598011077273,-33.37496673454917],[18.37851285096455,-33.37494601562143],[18.378526262009625,-33.374921376917165],[18.378484687769895,-33.37490233791363]]],[[[18.374059258748176,-33.37826120578495],[18.374076693106772,-33.37826792517423],[18.3740994918834,-33.37823320832408],[18.37407803421128,-33.378220889438445]]]],""evenOdd"":true}"
1717055279658,1760080,88,Many missing solar panels compared to GEPro,"{""type"":""MultiPolygon"",""coordinates"":[[[[22.035683924013654,-34.1954053623356],[22.03570135837225,-34.19541534569238],[22.035710746103803,-34.1954053623356],[22.03569599395422,-34.19539759750172]]],[[[22.03777876552231,-34.193801056010706],[22.03780558761214,-34.19379107246293],[22.03778010662686,-34.19374559184132],[22.03775462564158,-34.193755575394455]]],[[[22.037814975344055,-34.19379772816206],[22.037847161852234,-34.19379329102963],[22.037821680866593,-34.19373560828671],[22.03779083546292,-34.193740045422174]]],[[[22.039017946087235,-34.19375779396172],[22.03903538044583,-34.1937644496631],[22.03904610928189,-34.19374781040869],[22.0390300160278,-34.19374115470601]]],[[[22.036405338711152,-34.195805905079084],[22.036430819696793,-34.195830308722144],[22.036445571846375,-34.195822543927385],[22.036424114174256,-34.19580035879559]]],[[[22.03554569072188,-34.19647034720225],[22.035559101766953,-34.19648143968074],[22.035584582752595,-34.196461473218406],[22.035575195021043,-34.196449271489094]]],[[[22.035647614664445,-34.19653912054537],[22.035669072336564,-34.1965235910857],[22.035611404842744,-34.19647367494595],[22.035585923857102,-34.19648809516713]]],[[[22.03687792610749,-34.196290477699556],[22.036899383779325,-34.19630489795189],[22.036949004645447,-34.19626385568878],[22.036931570287084,-34.196254981683325]]],[[[22.036839034076255,-34.196462420769414],[22.036859150643867,-34.196475731744684],[22.036871220584434,-34.19646574851343],[22.036853786225837,-34.196455765281]]],[[[22.039913688873217,-34.195607197306856],[22.039929782127306,-34.195617180639765],[22.039988790725634,-34.195572810262256],[22.039972697471544,-34.19556060840436]]],[[[22.038956849648205,-34.196198801897815],[22.0389742840068,-34.196212112914694],[22.038983671738354,-34.1961999111493],[22.038968919588772,-34.19618770938214]]],[[[22.03916337974235,-34.196315273224265],[22.039152650906292,-34.19632747497296],[22.039167403055874,-34.19633634897091],[22.039178131891934,-34.19632636572316]]],[[[22.039349793268887,-34.19610562472082],[22.039360522104946,-34.1961133894895],[22.0393699098365,-34.196102296962586],[22.039361863209454,-34.19609342294]]],[[[22.03654822595283,-34.196620316412044],[22.036556272579876,-34.19664693831063],[22.036579071356503,-34.19664582906502],[22.036571024729458,-34.196619207166094]]],[[[22.0379565299136,-34.1948186743759],[22.037964576540645,-34.19483087634116],[22.037986034212764,-34.19482089291516],[22.037975305376705,-34.194808690948456]]],[[[22.037325411828448,-34.19681626021892],[22.037338822873522,-34.196826243408665],[22.037349551709582,-34.19681736946228],[22.037337481769015,-34.196807386271466]]],[[[22.037759858640612,-34.19684393253381],[22.03778265741724,-34.196863898905576],[22.037796068462313,-34.196852806477395],[22.037783998521746,-34.19683949556167]]],[[[22.037866188681544,-34.197402831977136],[22.037880940831126,-34.197412815097444],[22.037913127339305,-34.19738952114823],[22.037898375189723,-34.197381756497066]]],[[[22.036690926674392,-34.197413121421086],[22.036704337719467,-34.19742865071692],[22.03672311318257,-34.19741977683393],[22.03670836103299,-34.19740535677208]]],[[[22.038970004473754,-34.197319063855154],[22.038986097727843,-34.19732793774875],[22.038999508772918,-34.197319063855154],[22.03898743883235,-34.19731018996064]]],[[[22.03912959591014,-34.19691640995104],[22.039148371373244,-34.19692639312893],[22.039164464627333,-34.19691197298271],[22.039148371373244,-34.196903099045336]]],[[[22.04008023776222,-34.19723128629348],[22.040099013225323,-34.19724459714737],[22.040112424270397,-34.19723350476928],[22.040093648807293,-34.19721908467558]]],[[[22.040218371526485,-34.19712258090808],[22.04023714698959,-34.197133673300776],[22.04024787582565,-34.19712036242937],[22.040234464780575,-34.19711148851394]]],[[[22.04017411507774,-34.19687300168685],[22.04019959606338,-34.19688853108217],[22.040207642690426,-34.19687854789979],[22.040186185018307,-34.19686523698812]]],[[[22.04013254083801,-34.19663054855188],[22.04015265740562,-34.19666160742896],[22.0401848439138,-34.19665162421971],[22.040167409555202,-34.196619456093]]],[[[22.039876389877087,-34.1962700428915],[22.03989114202667,-34.19628113539634],[22.039903211967236,-34.1962700428915],[22.03988577760864,-34.19626005963589]]],[[[22.040175456182247,-34.196104764396516],[22.04019557274986,-34.196112529165276],[22.040203619376904,-34.19610032738547],[22.040186185018307,-34.196093671868475]]],[[[22.0401486340921,-34.19619572307142],[22.040162045137173,-34.19620459708324],[22.040171432868725,-34.19619017681357],[22.040160704032665,-34.19618130280024]]],[[[22.040424901620632,-34.196222345104054],[22.040434289352184,-34.19623454686621],[22.04054694213081,-34.19619239531676],[22.040538895503765,-34.19618130280024]]],[[[22.039829451219326,-34.19831547610881],[22.039830792323833,-34.19833876980221],[22.03988041319061,-34.198339879025546],[22.0398790720861,-34.198319913003296]]],[[[22.039846885577923,-34.1982333935189],[22.03985895551849,-34.19824892266365],[22.039903211967236,-34.19822784739508],[22.03988577760864,-34.19821453669641]]],[[[22.040702510253674,-34.19763551927073],[22.04071994461227,-34.19764328389853],[22.040732014552837,-34.19763219157289],[22.040718603507763,-34.19762331771132]]],[[[22.041812505379646,-34.194610452630705],[22.041827257529228,-34.194618217537084],[22.041839327469795,-34.19459935990609],[22.04182591642472,-34.194593813543236]]],[[[22.04194661583039,-34.19443740596048],[22.04197343792054,-34.19444406160821],[22.041974779025047,-34.19443185958698],[22.041958685770958,-34.1944274224879]]],[[[22.040304052794646,-34.19850630726207],[22.04031746383972,-34.198518508693695],[22.040334898198317,-34.19850630726207],[22.04032282825775,-34.19849632427125]]],[[[22.040257114136885,-34.19855844063942],[22.04027052518196,-34.19854734843417],[22.04025443192787,-34.19853736544819],[22.04024370309181,-34.19854512999295]]],[[[22.04029198285408,-34.19860059100605],[22.040305393899153,-34.19859393568639],[22.040293323958586,-34.19857396972431],[22.040278571809004,-34.198582843485816]]],[[[22.040525335038375,-34.198848409002615],[22.040540087187956,-34.19884619056931],[22.040534722769927,-34.198832879968265],[22.040519970620345,-34.19883509840192]]],[[[22.04097209612474,-34.19853228166845],[22.040986848274322,-34.19854115543435],[22.041000259319397,-34.19853228166845],[22.040986848274322,-34.19852118945976]]],[[[22.042281014124008,-34.19790778804763],[22.042283696333023,-34.19792331725236],[22.042298448482605,-34.197924426481165],[22.042298448482605,-34.19790556958958]]],[[[22.04306605800635,-34.19779152476415],[22.04306605800635,-34.19780816322063],[22.043088856782976,-34.197810381681236],[22.043090197887484,-34.1977948524557]]],[[[22.04527619823462,-34.197313445045516],[22.04527753933913,-34.19732897435971],[22.045309725847307,-34.19732897435971],[22.045304361429277,-34.197314554282336]]],[[[22.044306579675737,-34.197909103119535],[22.04430523857123,-34.197924632324025],[22.04432133182532,-34.19792796001033],[22.044324014034334,-34.197909103119535]]],[[[22.04567912045305,-34.19776681142672],[22.04568314376657,-34.1977845591187],[22.045834688575912,-34.197786777579935],[22.045832006366897,-34.19777235758086]]],[[[22.04658097346408,-34.19741071269611],[22.04659304340465,-34.19741071269611],[22.04659170230014,-34.1973940741612],[22.046579632359574,-34.19739518339697]]],[[[22.04675531705005,-34.1974229142863],[22.046756658154557,-34.19743733434513],[22.046779456931183,-34.19743289740423],[22.04677677472217,-34.19741847734461]]],[[[22.044284117862645,-34.196985016031455],[22.044285458967153,-34.19700165464708],[22.044298870012227,-34.19700054540615],[22.044294846698705,-34.1969839067903]]],[[[22.046515715763036,-34.196868949043775],[22.04651437465853,-34.19688225995487],[22.046535832330648,-34.19688115071235],[22.04653449122614,-34.196868949043775]]],[[[22.04769566508141,-34.1982055908345],[22.047678230722813,-34.19822444765898],[22.047730533798603,-34.19824552292841],[22.047746627052693,-34.19822444765898]]],[[[22.04649343737818,-34.19828101810713],[22.046496119587196,-34.198299874914746],[22.046518918363823,-34.19829765646701],[22.046518918363823,-34.19828101810713]]],[[[22.03612558696127,-34.196014557416184],[22.03614033911085,-34.196025649954635],[22.036155091260433,-34.196011229654374],[22.036143021319866,-34.19600124636812]]]],""evenOdd"":true}"
1717055279658,1790052,89,,"{""type"":""MultiPolygon"",""coordinates"":[[[[23.362880688095142,-34.07527096237789],[23.36291421570783,-34.07526874069816],[23.36288739361768,-34.0751332181238],[23.362910192394306,-34.075129885598756],[23.362906169080784,-34.075093227814534],[23.362853866004993,-34.075096560341024]]],[[[23.36293433227544,-34.074543359147505],[23.36295981326108,-34.07458223886749],[23.36301345744138,-34.074558911037634],[23.36298663535123,-34.07452114215664]]],[[[23.363543143600072,-34.07526981002207],[23.36357130679473,-34.07528202925977],[23.363579353421773,-34.0752664775024],[23.363553872436132,-34.075255369102514]]],[[[23.363611372537534,-34.075107548783826],[23.363600643701474,-34.07514087403723],[23.363640876836698,-34.07515309329352],[23.363647582359235,-34.07512421141216]]],[[[23.36485189420692,-34.07414817401732],[23.364846529788892,-34.074217046973274],[23.36490017396919,-34.0741892756268]]],[[[23.36486262304298,-34.07414261974424],[23.364888104028623,-34.07416483683437],[23.364953818149488,-34.0741692802517],[23.364964546985547,-34.07414484145351]]],[[[23.36425158748031,-34.073174185376104],[23.364243540853266,-34.07320751139013],[23.364317301601176,-34.07323083959215],[23.364324007123713,-34.07319862445435]]],[[[23.365246687767804,-34.07215440204367],[23.365266804335416,-34.07216328908901],[23.365277533171476,-34.07214329323568],[23.36526009881288,-34.07213440618826]]],[[[23.36552161419183,-34.07185335283213],[23.365513567564786,-34.07187557052269],[23.365540389654935,-34.07188890113423],[23.365547095177472,-34.071863350793606]]],[[[23.36461368644029,-34.072299099014515],[23.3646512373665,-34.072305764287215],[23.364659283993543,-34.072272437918436],[23.36462441527635,-34.07226355088456]]],[[[23.36616054910245,-34.070953427514894],[23.3661873711926,-34.070986754402554],[23.36623833316388,-34.07095120572191],[23.366208828864718,-34.07092232240791]]],[[[23.366208828864718,-34.07098008902607],[23.36623296874585,-34.071005639633086],[23.366282589612627,-34.07097453454527],[23.36625576752248,-34.070945651239214]]],[[[23.36724400861208,-34.070887344960994],[23.367276195120258,-34.07090956290489],[23.36729094726984,-34.07089067765295],[23.36725876076166,-34.07087179239681]]],[[[23.366736156151553,-34.069807950772294],[23.36672810952451,-34.06983016899927],[23.366761637137195,-34.069842389021616],[23.366768342659732,-34.06982017079785]]],[[[23.367665541575214,-34.06989238000379],[23.367669564888736,-34.06992348548892],[23.367707115814945,-34.069921263668945],[23.36770443360593,-34.069890158182986]]],[[[23.367163582093315,-34.07123094881179],[23.367159558779793,-34.071250944880454],[23.367185039765435,-34.071256499343136],[23.367186380869942,-34.07123872506128]]],[[[23.369497633321927,-34.06727906419747],[23.369502997739957,-34.06731239253051],[23.36964247260873,-34.06729683931006],[23.369635767086194,-34.06726128908115]]],[[[23.367849415882276,-34.06828001941751],[23.36782661710565,-34.068317791081064],[23.367885625703977,-34.06835222993611],[23.36790440116708,-34.068316680150026]]],[[[23.36768446002786,-34.06849887264604],[23.36768446002786,-34.06853220049926],[23.367746150835202,-34.06853664421203],[23.36774749193971,-34.068505538217735]]],[[[23.36772603426759,-34.06857552668885],[23.367727375372098,-34.06859885616639],[23.367751515253232,-34.06859885616639],[23.367751515253232,-34.0685766376165]]],[[[23.371050503846373,-34.06929729909827],[23.371074643727507,-34.06930951919748],[23.371102806922163,-34.06925730603399],[23.37107866704103,-34.06924730776496]]],[[[23.371113535758223,-34.06926397154601],[23.37108805477258,-34.06931396286949],[23.371108171340193,-34.069320628377056],[23.371133652325835,-34.06926952613897]]],[[[23.370611962672438,-34.070792191264424],[23.370598551627364,-34.07083773809429],[23.370681700106825,-34.07086551053951],[23.370696452256407,-34.07082218552096]]],[[[23.369678553935255,-34.071072137246134],[23.369777795668806,-34.07109879871995],[23.36978584229585,-34.07106991545626],[23.369748291369643,-34.07105880650607],[23.369761702414717,-34.071038810392054],[23.3696866005623,-34.07102103606452]]],[[[23.369830098744597,-34.07088550669444],[23.36985021531221,-34.07089217207837],[23.369858261939253,-34.07086884323234],[23.36983814537164,-34.07086106694889]]],[[[23.370803770714048,-34.07122884807663],[23.370795724087003,-34.07124551146793],[23.370817181759122,-34.07125662039364],[23.37082791059518,-34.071238846111804]]],[[[23.37080779402757,-34.07149768372278],[23.370835957222226,-34.07153101039635],[23.37086009710336,-34.071508792615425],[23.370835957222226,-34.07148102038109]]],[[[23.370575782947782,-34.07173874636599],[23.37059187620187,-34.07176651851584],[23.370616016083005,-34.071760964086586],[23.370599922828916,-34.071730970162406]]],[[[23.37141180103454,-34.07198736530044],[23.371431917602152,-34.0720062503079],[23.37144801085624,-34.07199291971483],[23.371429235393137,-34.07197514558748]]],[[[23.370414019281,-34.07233840357456],[23.37046095793876,-34.07238394957313],[23.370485097819895,-34.07235617762569],[23.370436818057627,-34.072315075126774]]],[[[23.369590581113428,-34.072585018201],[23.369609356576532,-34.0725983487009],[23.369629473144144,-34.072583907325914],[23.369613379890055,-34.07257057682374]]],[[[23.36887577241096,-34.07260834657444],[23.368883819038004,-34.07264389455971],[23.368977696353525,-34.07263278581592],[23.368961603099436,-34.0725994595758],[23.36894282763633,-34.0725994595758],[23.368934781009287,-34.07257946382541],[23.36891198223266,-34.0725816855757],[23.368920028859705,-34.072606124824866]]],[[[23.369901650029256,-34.07246972458569],[23.369905673342778,-34.072489720361965],[23.369921766596867,-34.07248527685653],[23.369916402178838,-34.07246639195586]]],[[[23.370340378726546,-34.07120669511792],[23.37033367320401,-34.07122224762064],[23.37035378977162,-34.071230023870925],[23.37036451860768,-34.07121224958351]]],[[[23.37172976299626,-34.071628833464295],[23.371764631713454,-34.07167437984437],[23.371788771594588,-34.07164882943905],[23.3717552439819,-34.071608837484824]]],[[[23.371565146442112,-34.071013719098026],[23.3715812396962,-34.071053711333185],[23.371747536655125,-34.071004831932086],[23.371720714564976,-34.07096483967385]]],[[[23.37082926046648,-34.07431466536045],[23.370858764765643,-34.074300224278076],[23.370831942675494,-34.074263566134796],[23.370805120585345,-34.07427467466474]]],[[[23.370858764765643,-34.074300224278076],[23.37083998930254,-34.07433243899695],[23.37089095127382,-34.074345769221864],[23.370900339005374,-34.07431577621285]]],[[[23.370900339005374,-34.07431577621285],[23.37091375005045,-34.07435798859285],[23.37095532429018,-34.074335771553365],[23.37093386661806,-34.07430577854082]]],[[[23.370945936558627,-34.07429355916229],[23.37093923103609,-34.07431466536045],[23.370963370917224,-34.074330217292584],[23.37097141754427,-34.0743046676883]]],[[[23.371882998142155,-34.073679431822995],[23.371862881574543,-34.07372719882077],[23.371924572381886,-34.073753859459],[23.37194871226302,-34.073702759895035]]],[[[23.372379489030315,-34.07269598558407],[23.372370101298763,-34.072722646546836],[23.37245593198724,-34.07274819662829],[23.37246129640527,-34.07272375742011]]],[[[23.372186369981243,-34.07255379364092],[23.37217295893617,-34.072582676398696],[23.37227220066972,-34.07261044827187],[23.372284270610287,-34.072582676398696]]],[[[23.373015450459516,-34.07109470801806],[23.373010086041486,-34.071111371435734],[23.373036908131635,-34.0711180368019],[23.373043613654172,-34.07110470606907]]],[[[23.373161630850827,-34.07106758216612],[23.373179065209424,-34.07107313664083],[23.37318711183647,-34.07105314053019],[23.37317101858238,-34.07104647515894]]],[[[23.37300338051895,-34.07084762467511],[23.373000698309934,-34.070863177243744],[23.373051660281217,-34.070879840706965],[23.373053001385724,-34.0708642881414]]],[[[23.373506058015774,-34.06995754576061],[23.373496670284222,-34.06998754031268],[23.373562384405087,-34.07000753667484],[23.37357177213664,-34.06998754031268]]],[[[23.373527515687893,-34.06986867295139],[23.37357177213664,-34.06988422569973],[23.37358115986819,-34.06985978566534],[23.37355567888255,-34.06985312020018],[23.373559702196072,-34.06984201109043],[23.373535562314938,-34.06983312380159],[23.37352349237437,-34.06986089657614],[23.373499352493237,-34.069850898378355],[23.373463142671536,-34.06991199845753],[23.373515445747326,-34.06992866210784],[23.373535562314938,-34.06990200026576],[23.373511422433804,-34.06989422389359]]],[[[23.37248315301651,-34.07268888894699],[23.372471083075943,-34.072713328165236],[23.37252606836075,-34.07273332388401],[23.372539479405823,-34.07270777379808]]],[[[23.364481961781507,-34.074300686132645],[23.364490008408552,-34.07432068147673],[23.364519512707716,-34.074317348919706],[23.36451280718518,-34.07429957528005]]]],""evenOdd"":true}"
1717055279658,1990751,90,,"{""type"":""MultiPolygon"",""coordinates"":[[[[18.494516308986977,-33.82886765685928],[18.49453642555459,-33.82889216619752],[18.494586046421365,-33.82887434122495],[18.494571294271783,-33.82884648969786]]],[[[18.49474563785775,-33.828972378528114],[18.494769777738885,-33.82896458011038],[18.494737591230706,-33.82891333334762],[18.494716133558587,-33.828921131770024]]],[[[18.495043363058404,-33.829201874502715],[18.495068844044045,-33.82918850582207],[18.49498703666909,-33.829100495288934],[18.494964237892464,-33.82911609209887]]],[[[18.49504368753669,-33.82874956631289],[18.49507453294036,-33.8287361975615],[18.49500077219245,-33.82861699276928],[18.494968585684273,-33.82863036153929]]],[[[18.496108524515602,-33.828768505373745],[18.496143393232796,-33.82882643659274],[18.496163509800407,-33.828817524100074],[18.496128641083214,-33.82876293506217]]],[[[18.49567937107322,-33.82853789417055],[18.49568875880477,-33.8285167269275],[18.49560024590728,-33.82849221748161],[18.495592199280235,-33.828511156599504]]],[[[18.49570485205886,-33.82850892846821],[18.49568875880477,-33.82853789417055],[18.495779953911278,-33.82856017547337],[18.495788000538322,-33.82853232384394]]],[[[18.49538566918609,-33.82817916439583],[18.4954057857537,-33.82818696288519],[18.49542187900779,-33.82814685636087],[18.49540042133567,-33.828141286008766]]],[[[18.49543260784385,-33.82814797043123],[18.49541651458976,-33.82818919102489],[18.495440654470894,-33.82819698951334],[18.49545808882949,-33.82815131264228]]],[[[18.495995871736977,-33.82802430853106],[18.495990507318947,-33.82804547589603],[18.4960361048722,-33.82805773068389],[18.496048174812767,-33.82804213368086]]],[[[18.496074996902916,-33.82807109954135],[18.496097795679542,-33.82807889804058],[18.496113888933632,-33.82803990553734],[18.496092431261513,-33.82803433517828]]],[[[18.496186308577034,-33.82802987889078],[18.49617826194999,-33.8280532743976],[18.49626275153396,-33.82807666989802],[18.496270798161003,-33.82805438846919]]],[[[18.496285550310585,-33.82805773068389],[18.496280185892555,-33.8280777839693],[18.496339194490883,-33.82809449503689],[18.496349923326942,-33.828075555826715]]],[[[18.495867034173358,-33.82874194643197],[18.49587642190491,-33.828757543307326],[18.49590860841309,-33.82874417455719],[18.495900561786044,-33.82872746361659]]],[[[18.496592069049456,-33.83003190369249],[18.496614867826082,-33.830069781241896],[18.49665241875229,-33.83005641269697],[18.496629619975664,-33.830016307049625]]],[[[18.496655100961306,-33.83013105371276],[18.4966899696785,-33.830119913266785],[18.496665829797365,-33.83008092169442],[18.496628278871157,-33.8300931761905]]],[[[18.49704979920983,-33.83000679117247],[18.497063210254904,-33.83003352827577],[18.497147699838873,-33.83000010689533],[18.4971342887938,-33.82997336978159]]],[[[18.49750175142884,-33.82986642124297],[18.49751650357842,-33.829887588151855],[18.497599652057882,-33.829855280762494],[18.4975848999083,-33.82983411384561]]],[[[18.498175453521473,-33.82956320542755],[18.498184841253025,-33.829585486463145],[18.49825994310544,-33.82955206490756],[18.49824519095586,-33.82953424007257]]],[[[18.4982344621198,-33.829530897915596],[18.498262625314457,-33.82951864333891],[18.498226415492756,-33.82945625637581],[18.4981982522981,-33.82947073906773]]],[[[18.498426240064365,-33.82984283200351],[18.49841282901929,-33.82988293773224],[18.49846110878156,-33.829894078209094],[18.498473178722126,-33.82985842867803]]],[[[18.498498659707767,-33.8298617708222],[18.498482566453678,-33.82990187654205],[18.498530846215946,-33.8299141310638],[18.498545598365528,-33.82987625344543]]],[[[18.49667625123704,-33.82896993573017],[18.496696367804653,-33.829000015335595],[18.496719166581276,-33.82898553256394],[18.49670307332719,-33.828959909192676]]],[[[18.49671648437226,-33.82896436543171],[18.496731236521843,-33.82898219038551],[18.496741965357902,-33.828975506028264],[18.496729895417335,-33.828961023252454]]],[[[18.496733918730857,-33.828946540474185],[18.49675403529847,-33.82897439196868],[18.49682109052384,-33.82894431235423],[18.49680633837426,-33.82891757491029]]],[[[18.496999457423332,-33.82899110286102],[18.497019573990944,-33.828984418504476],[18.49698470527375,-33.82892982957314],[18.49696324760163,-33.82893539987385]]],[[[18.497018232886436,-33.828986646623385],[18.49703164393151,-33.82900001533559],[18.497096016947868,-33.8289688216705],[18.497086629216316,-33.828955452953416]]],[[[18.497091993634346,-33.82894765453415],[18.497108086888435,-33.828966593551144],[18.497149661128166,-33.828946540474185],[18.497134908978584,-33.82892982957314]]],[[[18.497120156829002,-33.82896436543171],[18.497134908978584,-33.82898776068278],[18.497172459904792,-33.82896993573017],[18.497153684441688,-33.82894876859408]]],[[[18.497590462457282,-33.829034262820066],[18.49760119129334,-33.82905431587644],[18.49763874221955,-33.82903871905523],[18.49762801338349,-33.82902089411321]]],[[[18.497731278430564,-33.829134528054894],[18.497740666162116,-33.829151238915934],[18.49779028702889,-33.82913341399738],[18.497778217088324,-33.829116703132854]]],[[[18.497695068608863,-33.829190230912324],[18.497705797444922,-33.82920471364931],[18.49775407720719,-33.82918911685553],[18.49774334837113,-33.829171291944874]]],[[[18.497127083951078,-33.82837166259791],[18.497159270459257,-33.82837834700237],[18.497190115862928,-33.82829256377222],[18.497153906041227,-33.828289221566706]]],[[[18.498880887087672,-33.82834125893843],[18.49891441470036,-33.828349057413014],[18.498927155199254,-33.828307836889344],[18.498942577895015,-33.82827218670393],[18.498911732491344,-33.82826550229118]]],[[[18.499356979187816,-33.82840810298321],[18.499385142382472,-33.82841701551855],[18.499405258950084,-33.82836799656261],[18.49937575465092,-33.82835908402215]]],[[[18.498836630638927,-33.82831006503299],[18.49887149935612,-33.82831897757856],[18.498890274819225,-33.8282699585664],[18.49885674720654,-33.82826327415348]]],[[[18.499656045492976,-33.828515053346145],[18.499672138747066,-33.82852173773938],[18.499692255314677,-33.82847940324003],[18.49966945653805,-33.828468262578824]]],[[[18.49970164304623,-33.82847271884348],[18.499672138747066,-33.82854179091597],[18.49970164304623,-33.82854847530712],[18.49972846513638,-33.828477175107906]]],[[[18.50054636819646,-33.82883119419306],[18.50056782586858,-33.82883787856158],[18.50060403569028,-33.82874541141728],[18.500581236913654,-33.82873761297884]]],[[[18.50075558049962,-33.828763236416734],[18.500747533872577,-33.828782175474586],[18.500838728979083,-33.828808912960874],[18.500846775606128,-33.82878885984694]]],[[[18.50085616333768,-33.82879108797095],[18.500846775606128,-33.82881114108435],[18.500916513040515,-33.828828966070105],[18.50092455966756,-33.828808912960874]]],[[[18.50079313142583,-33.82866980756828],[18.50082531793401,-33.828682062266644],[18.500848116710635,-33.82862970127046],[18.50081324799344,-33.82861633250033]]]],""evenOdd"":true}"
1717055279658,7980223,91,No solar panels,none
1717055279658,7983528,92,only solar geysers,"{""type"":""Polygon"",""coordinates"":[[[27.8419090559385,-26.23207505007354],[27.841906373729486,-26.232096703812072],[27.841974770059366,-26.232096703812072],[27.84197745226838,-26.23207505007354]]],""geodesic"":true,""evenOdd"":true}"
1717055279658,1991933,93,,"{""type"":""MultiPolygon"",""coordinates"":[[[[18.353224535546047,-34.15243892952569],[18.353200395664913,-34.15246112605961],[18.35325001653169,-34.15250107980596],[18.353271474203808,-34.15247999310885]]],[[[18.352914740404827,-34.15225469806903],[18.352936198076947,-34.152276894651365],[18.352984477839215,-34.15223694079897],[18.35296033795808,-34.15222029335489]]],[[[18.353095025253875,-34.15143951425738],[18.3531178240305,-34.15145505201559],[18.353172809315307,-34.15141176825347],[18.353148669434173,-34.15139512064675]]],[[[18.35312855286656,-34.151463930733286],[18.35314464612065,-34.15147724880807],[18.353178173733337,-34.1514506126564],[18.353158057165725,-34.151438404417405]]],[[[18.352080973383682,-34.150424197041296],[18.35210377216031,-34.15044528425166],[18.35211852430989,-34.150433075867355],[18.35209706663777,-34.15041198865395]]]],""evenOdd"":true}"
1717055279658,1990729,94,Only solar geysers as far as I can see.,none
1717141422968,5240475,95,Only few solar geysers as far as I can see.,none
1717141422968,5920269,96,None as far as I can see.,none
1717141422968,1640095,97,Many solar panels missing according to GEPro.,"{""type"":""MultiPolygon"",""coordinates"":[[[[18.867142668147597,-33.35873763893624],[18.86716278471521,-33.358762282224056],[18.867217770000014,-33.35873651878663],[18.867201676745925,-33.35870963519161]]],[[[18.867637781408305,-33.35823357015435],[18.867663262393947,-33.35826045389641],[18.867694107797618,-33.358231329842134],[18.8676726501255,-33.35820668640397]]],[[[18.867686061170573,-33.358289577940944],[18.867710201051707,-33.35831534151069],[18.86773970535087,-33.358289577940944],[18.867718247678752,-33.35826493451928]]],[[[18.866594402101512,-33.35802298055417],[18.866613177564616,-33.35806218610344],[18.8666641395359,-33.358036422458774],[18.866650728490825,-33.357997216897886]]],[[[18.86667889168548,-33.358066666736526],[18.866709737089153,-33.35811147305462],[18.86674728801536,-33.35809355053015],[18.866715101507182,-33.35804986436129]]],[[[18.866704372671123,-33.35811819400033],[18.866725830343242,-33.358158519663796],[18.86677947452354,-33.35813387620501],[18.86675801685142,-33.358091310214334]]],[[[18.866707054880138,-33.357792227534866],[18.866719124820705,-33.357810150121374],[18.8667365591793,-33.357798948505234],[18.866723148134227,-33.35778662672581]]],[[[18.866544781234737,-33.35753234961557],[18.866594402101512,-33.35759843933241],[18.86661720087814,-33.3575861175246],[18.866567580011363,-33.357518907633114]]],[[[18.866063324716563,-33.35737104568915],[18.866126356628413,-33.35745057752356],[18.86616524865913,-33.35742145319827],[18.8661062400608,-33.357348642342394]]],[[[18.866020409372325,-33.357278071762416],[18.866041867044444,-33.35731055663967],[18.86606466582107,-33.3572982347911],[18.866041867044444,-33.357267990246314]]],[[[18.865856794622417,-33.35712460855765],[18.865847406890865,-33.35714253128165],[18.865906415489192,-33.3571761363792],[18.865915803220744,-33.357158213662125]]],[[[18.865931896474834,-33.35714701196207],[18.86594933083343,-33.3571638145116],[18.86598688175964,-33.35711676736474],[18.86597078850555,-33.35710444548873]]],[[[18.86681667233825,-33.358347029299644],[18.86682740117431,-33.35835935099973],[18.86684751774192,-33.358347029299644],[18.86683678890586,-33.35833470759781]]],[[[18.86727801228881,-33.35720222373629],[18.867361160768272,-33.357308639761044],[18.86738261844039,-33.35729631791221],[18.86729946996093,-33.35718654136375]]],[[[18.86731556321502,-33.35740273382192],[18.86733702088714,-33.35742961782063],[18.867426874889137,-33.35738817165249],[18.867402735008003,-33.35736240780829]]],[[[18.864953129203563,-33.356038294543595],[18.86496519914413,-33.3560573376754],[18.86498665681625,-33.35604613583366],[18.864974586875682,-33.356028212883885]]],[[[18.86478146782661,-33.35580081513818],[18.864804266603237,-33.355841141875345],[18.864831088693386,-33.35582657944464],[18.864805607707744,-33.35578961326343]]],[[[18.86477073899055,-33.35570559915688],[18.864785491140132,-33.355724642361466],[18.864864616306072,-33.355687676136974],[18.86485522857452,-33.3556630319786]]],[[[18.866261368475076,-33.355846140242356],[18.866288190565225,-33.3558819862132],[18.86631635375988,-33.355867423789334],[18.866292213878747,-33.355832697999496]]],[[[18.86546072908413,-33.35552912679517],[18.865491574487802,-33.3555739344196],[18.865530466518518,-33.35555713156314],[18.865504985532876,-33.35551008354779]]],[[[18.865541195354577,-33.355519045076484],[18.86552912541401,-33.35552688641333],[18.865543877563592,-33.35554704984771],[18.865632390461084,-33.35550112201817],[18.865574722967263,-33.3554159874408],[18.865494256696817,-33.355460795123484]]],[[[18.86727744643069,-33.3564405276207],[18.867294880789288,-33.356462931201214],[18.8673149973569,-33.35644948905359],[18.867300245207318,-33.35642708546962]]],[[[18.867537620705136,-33.35620192913051],[18.867557737272747,-33.35618960712501],[18.867481294315823,-33.35608879065071],[18.867458495539196,-33.35610223285402]]],[[[18.86733109061099,-33.35645060923264],[18.867369982641705,-33.35651221905803],[18.867400828045376,-33.35649429620423],[18.867359253805645,-33.356434926724674]]],[[[18.86395509259033,-33.35215062410745],[18.86397655026245,-33.352179750196406],[18.86400873677063,-33.35216406691895],[18.86398191468048,-33.35213494082474]]],[[[18.86401812450218,-33.35222455954499],[18.8640395821743,-33.35225592607529],[18.864073109786986,-33.35223912257832],[18.864048969905852,-33.35221111674284]]],[[[18.864099931877135,-33.35232762095922],[18.864125412862776,-33.352363468379046],[18.864157599370955,-33.35234330420722],[18.864132118385314,-33.3523119377084]]],[[[18.868546396110542,-33.3561306645972],[18.8685571249466,-33.35615754898884],[18.868675142143257,-33.35610153983023],[18.868659048889167,-33.35607689578902]]],[[[18.868072986219413,-33.35597607918418],[18.868087738368995,-33.35599400214469],[18.868102490518577,-33.35598728103493],[18.868091761682518,-33.35596711770255]]],[[[18.867710888002403,-33.35562097976819],[18.867725640151985,-33.355635542233294],[18.867741733406074,-33.3556220999579],[18.867731004570015,-33.35560865768043]]],[[[18.868026047561653,-33.35547087421665],[18.86806359848786,-33.35552016263525],[18.86807969174195,-33.35551344148891],[18.868044823024757,-33.35546415306651]]],[[[18.86812126598168,-33.35531404724451],[18.868134677026756,-33.3553308501479],[18.868162840221412,-33.355317407825446],[18.868152111385353,-33.35529836453175]]],[[[18.869259863708503,-33.35568707093641],[18.869275956962593,-33.355709474710864],[18.869294732425697,-33.355698272824355],[18.869279980276115,-33.35567810942502]]],[[[18.868916540954597,-33.3552378740418],[18.86892592868615,-33.355254676959895],[18.86895677408982,-33.35524011443106],[18.868948727462776,-33.355223311510166]]],[[[18.86663745637678,-33.35431661727506],[18.866650867421853,-33.354352463875806],[18.866707193811166,-33.354325578926634],[18.866685736139047,-33.35429309293531]]],[[[18.866687077243554,-33.35429197272849],[18.866697806079614,-33.354309896035794],[18.866724628169763,-33.35429869396916],[18.866713899333703,-33.354280770659564]]],[[[18.867055880983102,-33.353935746230526],[18.86706258650564,-33.35396151108903],[18.867247658927667,-33.35393462601911],[18.86724095340513,-33.35390998136438]]],[[[18.865035145018943,-33.34997326748381],[18.865055261586555,-33.349963185121645],[18.86501100513781,-33.349908292240556],[18.864993570779212,-33.34991949487216]]],[[[18.863848267529853,-33.349386248008926],[18.863877771829017,-33.349371684498344],[18.863837538693794,-33.3493134304317],[18.863805352185615,-33.349327993952016]]],[[[18.86393629272115,-33.34908824199675],[18.863955068184254,-33.34911736911029],[18.864069062067387,-33.34905911487348],[18.86404626329076,-33.349035589112944]]],[[[18.864263522220966,-33.34833205390802],[18.864274251057026,-33.34835333929219],[18.864420431448337,-33.34827715999846],[18.864409702612278,-33.34825699488015]]],[[[18.8647691715903,-33.34904402804763],[18.864778559321852,-33.34907091462797],[18.864833544606658,-33.34904402804763],[18.864820133561583,-33.349017141458994]]],[[[18.86556900061703,-33.34939626331498],[18.86559448160267,-33.3494410740963],[18.865674947873117,-33.34940298493365],[18.865650807991983,-33.34935817413272]]],[[[18.866043751612665,-33.34911395486228],[18.866059844866754,-33.34913636032847],[18.866142993346216,-33.34909154939032],[18.866133605614664,-33.349066903364495]]],[[[18.86631331361866,-33.34917444960778],[18.866337453499796,-33.34916660769869],[18.866294538155557,-33.34910723322129],[18.866270398274423,-33.34911395486228]]],[[[18.866301243678095,-33.349055700623175],[18.866310631409647,-33.34907698583044],[18.86632940687275,-33.34907026418661],[18.866321360245706,-33.349048978977706]]],[[[18.86624089397526,-33.35023805093323],[18.866259669438364,-33.35022796860173],[18.866232847348215,-33.35018987978334],[18.866212730780603,-33.35020332289761]]],[[[18.866702299765915,-33.35146869273529],[18.86671571081099,-33.35149333808116],[18.866828363589615,-33.35143732592134],[18.866813611440033,-33.35141940202259]]],[[[18.868272743877668,-33.35277920448692],[18.86830761259486,-33.35282961465532],[18.868347845730085,-33.35281393149496],[18.868311635908384,-33.35276352131748]]],[[[18.868605337795515,-33.35265373905215],[18.86861874884059,-33.35268286497277],[18.868719331678648,-33.35264365700045],[18.868704579529066,-33.35261789175186]]],[[[18.868919156250257,-33.35235575791983],[18.868931226190824,-33.35237816255171],[18.86897548263957,-33.352354637688094],[18.868966094908018,-33.352328872353965]]],[[[18.86834802214209,-33.35349982390376],[18.868356068769135,-33.3535233484579],[18.86846872154776,-33.35346957803909],[18.868455310502686,-33.35344605347042]]],[[[18.8686377007157,-33.354208378491876],[18.868661840596832,-33.35423526347726],[18.868761082330384,-33.35419045516369],[18.868744989076294,-33.35416357016448]]],[[[18.86881472651068,-33.35426662928303],[18.86883081976477,-33.354248705966825],[18.868790586629547,-33.35419045516369],[18.868771811166443,-33.35420613807606]]],[[[18.869276066461243,-33.354073953440476],[18.86933507505957,-33.354159089330466],[18.86938871923987,-33.35412996390378],[18.86932971064154,-33.354051549245064]]],[[[18.86846872154776,-33.353963052616784],[18.868478109279312,-33.353987697256485],[18.868570645490326,-33.353947369660624],[18.868554552236237,-33.353921604797925]]],[[[18.869670465248713,-33.355515646689305],[18.869689240711818,-33.35548988229082],[18.86963559653152,-33.35546747845984],[18.869622185486445,-33.355488762099405]]],[[[18.869649007576594,-33.3554417140471],[18.8697039928614,-33.355468598651534],[18.86973617936958,-33.35541146885719],[18.869679852980266,-33.355389065006044]]],[[[18.87125958274259,-33.354735653191455],[18.87128506372823,-33.354772619820274],[18.871349436744588,-33.354737893593644],[18.87132663796796,-33.35469980674852]]],[[[18.871251536115544,-33.354746855201846],[18.87126897047414,-33.3547692592183],[18.871275675996678,-33.35476141781321],[18.871262264951604,-33.35474237439785]]],[[[18.871028623229154,-33.3544618399974],[18.871044716483244,-33.35448648449587],[18.871106407290586,-33.35445399856461],[18.871087631827482,-33.35442823385187]]],[[[18.871983955334457,-33.35402686721089],[18.872005413006576,-33.35405711288192],[18.87205503387335,-33.354033588472],[18.872033576201233,-33.35400446300335]]],[[[18.870362507828474,-33.35307779850407],[18.870373236664534,-33.35309572206136],[18.870397376545668,-33.35308339961612],[18.870383965500594,-33.35306547605629]]],[[[18.868718313702345,-33.34973616376724],[18.868739771374464,-33.349772012254185],[18.868806826599837,-33.34973616376724],[18.868785368927718,-33.34970703686073]]],[[[18.867812601786518,-33.3495976435072],[18.867830036145115,-33.3495886813689],[18.867745546561146,-33.3494755342935],[18.867725429993534,-33.34948785724944]]],[[[18.868067411642933,-33.349267164047085],[18.8680794815835,-33.349289569473854],[18.868096915942097,-33.34928172757513],[18.868082163792515,-33.34925932214636]]],[[[18.867925254565144,-33.34906663522077],[18.867961464386845,-33.349046470285295],[18.867919890147114,-33.34899269710122],[18.867883680325413,-33.34900950122481]]],[[[18.86470353285845,-33.34895946183042],[18.86471292059,-33.34898186733638],[18.864765223665792,-33.34895610100403],[18.86475047151621,-33.34893369549144]]]],""evenOdd"":true}"
1717141422968,5040039,98,"Wasnt sure on side of one house, otherwise only on a large warehouse/store.","{""type"":""MultiPolygon"",""coordinates"":[[[[29.883797760800423,-30.576391811688456],[29.883795078591408,-30.57651997511254],[29.883895661429467,-30.576526902860365],[29.88389297922045,-30.576402203323752]]],[[[29.88396137555033,-30.576404512575888],[29.883958693341317,-30.5765303667341],[29.88423496086985,-30.576548840725223],[29.884238984183373,-30.576510738114653],[29.884112920359673,-30.576498037241155],[29.884110238150658,-30.576414904209813]]],[[[29.88422020872027,-30.576442615228185],[29.88422020872027,-30.57650150111592],[29.88433017928988,-30.57651304736422],[29.88433554370791,-30.576454161483497]]],[[[29.884257759646477,-30.576510738114653],[29.884255077437462,-30.576554613846717],[29.88436102469355,-30.576561541592085],[29.884359683589043,-30.57652112973721]]],[[[29.88382125143642,-30.576238246281587],[29.8837997937643,-30.57636410065558],[29.884116294428058,-30.57638603855727],[29.884118976637073,-30.57636756453513],[29.88421955947513,-30.57637564692024],[29.884228947206683,-30.576269421233487]]],[[[29.884238334938235,-30.576269421233487],[29.884227606102176,-30.576377956173012],[29.884324165626712,-30.57638142005205],[29.884326847835727,-30.576361791402494],[29.884384515329547,-30.57636410065558],[29.8843939030611,-30.576282122136934]]]],""evenOdd"":true}"
1717141422968,7973884,99,"Not sure od one panel I highlighted, otherwise not many here.","{""type"":""MultiPolygon"",""coordinates"":[[[[28.21384595481062,-26.000877973454653],[28.213832543765545,-26.000890027131412],[28.21387680021429,-26.00093703645895],[28.21388752905035,-26.00092498278702]]],[[[28.21393446770811,-26.000893643234203],[28.213951902066707,-26.000879178822373],[28.213911668931484,-26.00083458020807],[28.213890211259365,-26.000847839257343]]],[[[28.213888870154857,-26.000788776208186],[28.21390362230444,-26.000805651368108],[28.21393446770811,-26.000781543996037],[28.213922397767544,-26.000767079570423]]],[[[28.213937149917125,-26.000758641987982],[28.213951902066707,-26.00076949030814],[28.213984088574886,-26.000745382928653],[28.213973359738826,-26.00072971312932]]],[[[28.213996158515453,-26.000815294315558],[28.214005546247005,-26.00083216947168],[28.214041756068706,-26.000804445999623],[28.214031027232647,-26.000791186945456]]],[[[28.214918507427058,-25.999806951813387],[28.21495471724876,-25.99984672930466],[28.214989585965952,-25.99981900560005],[28.214952035039744,-25.999781638857378]]],[[[28.215087486594996,-25.999627350245696],[28.215115649789652,-25.99965869013634],[28.2151424718798,-25.999640609431225],[28.215114308685145,-25.99960806415498]]],[[[28.21175976021782,-25.998966764956116],[28.211783900098954,-25.998998105023002],[28.21183352096573,-25.998965559568767],[28.211805357771073,-25.998934219493204]]]],""evenOdd"":true}"