SessionID,SAL_CODE,INDEX,Notes,Geometry,Geometry2,Geometry3
1717351457522,4750258,0,,,,
1717404672607,4750258,0,"Lots of solar geysers, but no other solar panels as far as I can tell.",,,
1717404672607,5992494,1,"Think I saw one panel, but was hard to make out, but think it was a panel.","{""type"":""Polygon"",""coordinates"":[[[30.98203478926224,-29.70795787393724],[30.982037471471255,-29.70799165409843],[30.9821179377417,-29.707986994766525],[30.98210855001015,-29.70795437943717]]],""geodesic"":true,""evenOdd"":true}",,
1717404672607,5240073,2,"Google Street View people are racist. They never go between the houses in poor areas lol, so hard to see what the small black marks on some of the rooves are. I think I saw a tyre on someones roof and a chimney on another, so I dont think they are solar panels or solar geysers, but could be.",,,
1717404672607,3840031,5,,"{""type"":""MultiPolygon"",""coordinates"":[[[[24.312553433510697,-28.407677544049683],[24.31257355007831,-28.407685801355644],[24.312627194258607,-28.40759615057078],[24.312611101004517,-28.407585534025454]]],[[[24.311159131694975,-28.417186785093723],[24.311179248262587,-28.41719975969496],[24.311211434770765,-28.417146681770735],[24.311191318203154,-28.41713960471217]]],[[[24.31112426297778,-28.417137245692537],[24.311141697336378,-28.41714432275127],[24.31116717832202,-28.417100680881553],[24.311152426172438,-28.417093603819904]]],[[[24.305289628786745,-28.419178185645958],[24.305288287682238,-28.41920059589835],[24.30532986192197,-28.419201775385197],[24.30532986192197,-28.41918054462012]]],[[[24.302712399790213,-28.416859094424698],[24.30268825990908,-28.416894479806594],[24.302768726179526,-28.416927506152327],[24.302779455015585,-28.416910992980746],[24.302774090597556,-28.41688976175636]]],[[[24.305698578403998,-28.416364546156974],[24.30568784956794,-28.416382238932012],[24.30574954037528,-28.416401111222147],[24.305768315838385,-28.41636808471222],[24.305736129330207,-28.41635864856463],[24.305728082703162,-28.41637398230403]]],[[[24.306788896368552,-28.415672166572172],[24.306809012936164,-28.415683961832986],[24.306829129503775,-28.415649755573014],[24.30681035404067,-28.415639139834905]]],[[[24.306766097591925,-28.415663909888824],[24.306782190846015,-28.415670987046013],[24.306802307413626,-28.41563678078186],[24.30678487305503,-28.415627344569106]]],[[[24.305872931092562,-28.414656398155984],[24.305893047660174,-28.41466937306726],[24.305917187541308,-28.41462926879091],[24.30589438876468,-28.414617473412626]]],[[[24.3051036587945,-28.414311615459596],[24.305126457571127,-28.414322231330765],[24.305168031810858,-28.41425263837812],[24.305149256347754,-28.414240842957888]]],[[[24.30507281339083,-28.414302179128764],[24.30508756554041,-28.414311615459596],[24.305131821989157,-28.414233765705116],[24.305118410944083,-28.41422668845187]]]],""evenOdd"":true}",,
1717404672607,6620061,6,,,,
1717404672607,7993138,7,,,,
1717404672607,7970353,8,"Some weird structures that I left off because I think they are rob glass panels. They could be panels, but really not sue so left them out.","{""type"":""MultiPolygon"",""coordinates"":[[[[28.264394565627242,-26.113405232090233],[28.264445527598525,-26.113532878360683],[28.26453672270503,-26.113503977330524],[28.264488442942763,-26.11338114787264]]],[[[28.265988256519297,-26.11464832539885],[28.26600300866888,-26.114672409355343],[28.266027148550013,-26.114655550586317],[28.26601239640043,-26.11463146662635]]],[[[28.265905108039835,-26.114568848307204],[28.265917177980402,-26.114586911287322],[28.26592924792097,-26.114580890294246],[28.265919860189417,-26.11456403151203]]],[[[28.265659685914972,-26.11460497426465],[28.26566639143751,-26.114614607851422],[28.26568784910963,-26.11460497426465],[28.26567712027357,-26.114595340677095]]],[[[28.265831347291925,-26.115050526821758],[28.26585012275503,-26.115040893270915],[28.265815254037836,-26.114992725504813],[28.26579781967924,-26.115002359059623]]],[[[28.26587560374067,-26.114890368935946],[28.26588633257673,-26.114906023475815],[28.265901084726313,-26.114900002499194],[28.265890355890253,-26.11488314376299]]],[[[28.265802358483132,-26.115352222149706],[28.265817110632714,-26.115367876627705],[28.265853320454415,-26.115347405386824],[28.26583990940934,-26.11533054671515]]],[[[28.266145681237038,-26.115119813114177],[28.266159092282113,-26.115141488587817],[28.26617116222268,-26.115129446658518],[28.26616043338662,-26.115116200534843]]],[[[28.266252969597634,-26.115004210520247],[28.2662650395382,-26.115024681821264],[28.26628113279229,-26.115013844074117],[28.266271745060738,-26.114999393743027]]],[[[28.26656544694787,-26.11507284957419],[28.266552035902794,-26.115090912476422],[28.266615067814644,-26.115130650851505],[28.26662177333718,-26.115114996341713]]],[[[28.266573493574914,-26.11507646215486],[28.266584222410973,-26.115087299896196],[28.266594951247033,-26.11507284957419],[28.26658154020196,-26.11506321602519]]],[[[28.267001621008337,-26.116431161360964],[28.26700027990383,-26.116452836591396],[28.267023078680456,-26.116454040770744],[28.267023078680456,-26.116431161360964]]],[[[28.267043195248068,-26.11642273210359],[28.267043195248068,-26.116445611515037],[28.267065994024694,-26.116446815694452],[28.26706867623371,-26.116421527923936]]],[[[28.267166576862753,-26.116560008504997],[28.267163894653738,-26.116600950558404],[28.267190716743887,-26.116604563091837],[28.267190716743887,-26.116558804326743]]],[[[28.2668688516621,-26.11675147269028],[28.2668688516621,-26.116769535333077],[28.26689567375225,-26.11677073950917],[28.26689567375225,-26.11675147269028]]],[[[28.266911767006338,-26.11674424763238],[28.266911767006338,-26.11676592280475],[28.266938589096487,-26.116764718628602],[28.266938589096487,-26.11674424763238]]],[[[28.266584461939487,-26.11549554256955],[28.26661530734316,-26.115522034729388],[28.266628718388233,-26.115508788650224],[28.266601896298084,-26.115483500676724]]],[[[28.266628718388233,-26.115514809595485],[28.266654199373875,-26.115534076618243],[28.266679680359516,-26.115505176082916],[28.266652858269367,-26.11548229648739]]],[[[28.26732413227735,-26.115736564063894],[28.26731340344129,-26.115748605930637],[28.267367047621587,-26.11578473152344],[28.267379117562154,-26.115770281287663]]],[[[28.267342907740453,-26.11571488870063],[28.267332178904393,-26.11573295150363],[28.267373753144124,-26.115759443609647],[28.26738582308469,-26.115742584997424]]],[[[28.268387767642093,-26.11621087863685],[28.268379721015048,-26.11622653299985],[28.268402519791675,-26.11623737063454],[28.26841593083675,-26.1162024493636],[28.268360945551944,-26.116177161540193],[28.268344852297854,-26.116208470273122],[28.26836362776096,-26.116221716273],[28.268371674388003,-26.116201245181653]]]],""evenOdd"":true}",,
1717404672607,9770100,9,,"{""type"":""MultiPolygon"",""coordinates"":[[[[27.41392117392687,-24.592026542304108],[27.413925197240392,-24.592052150926296],[27.41399359357027,-24.59204483417764],[27.413988229152242,-24.592020445012356]]],[[[27.413387414332906,-24.59290030782888],[27.413387414332906,-24.59292835517142],[27.413410213109533,-24.592925916272318],[27.41340618979601,-24.592897868929217]]],[[[27.412733845831784,-24.593383144546102],[27.4127365280408,-24.593407533445895],[27.412755303503904,-24.593407533445895],[27.412755303503904,-24.593381925100978]]],[[[27.412896119477185,-24.593369730649172],[27.412900142790708,-24.593412411225295],[27.41292025935832,-24.593408752890767],[27.412916236044797,-24.593368511203934]]],[[[27.412926964880857,-24.593367291758668],[27.41292964708987,-24.593408752890767],[27.412949763657483,-24.593406314001015],[27.41294574034396,-24.593366072313394]]],[[[27.412953786971006,-24.593384363991195],[27.412957810284528,-24.593405094556132],[27.412975244643125,-24.59340265566631],[27.41297256243411,-24.593383144546102]]],[[[27.412995361210736,-24.59340021677646],[27.41300474894229,-24.59343680011939],[27.413027547718915,-24.593433141785574],[27.413018159987363,-24.59340021677646]]],[[[27.413027547718915,-24.59334168340552],[27.413031571032437,-24.593398997331516],[27.413054369809064,-24.59339533899658],[27.413047664286527,-24.593339244514475]]],[[[27.413448654534253,-24.59332217227579],[27.413448654534253,-24.59334168340552],[27.413530461909208,-24.593335586177798],[27.4135291208047,-24.593314855601353]]],[[[27.413649678017915,-24.593322738814997],[27.41365236022693,-24.59333493327138],[27.413707345511735,-24.59332883604334],[27.413701981093705,-24.593316641586355]]],[[[27.413382798220933,-24.593332494380192],[27.413390844847978,-24.593359322180568],[27.413401573684038,-24.59335322495371],[27.413397550370515,-24.593332494380192]]],[[[27.413402914788545,-24.593336152716947],[27.413402914788545,-24.593359322180568],[27.413428395774186,-24.59335444439911],[27.41342705466968,-24.59333493327138]]],[[[27.413685887839616,-24.593383711085025],[27.41369929888469,-24.593417855543265],[27.413714051034273,-24.593412977764086],[27.413716733243287,-24.59338127219479]]],[[[27.414231717374147,-24.593631258196275],[27.414233058478654,-24.59365686649019],[27.414300113704027,-24.59364833039281],[27.414294749285997,-24.593622722097148]]],[[[27.41760648938595,-24.589533711933065],[27.41759576054989,-24.589577613299152],[27.417703048910486,-24.589595905530466],[27.417713777746545,-24.58955322365322]]],[[[27.417724506582605,-24.589547126240998],[27.41771645995556,-24.589586149674094],[27.417775468553888,-24.589597125012457],[27.417780832971918,-24.58955322365322]]],[[[27.419289268730378,-24.591442431971092],[27.419291950939392,-24.591464382321412],[27.419354982851242,-24.591460723929963],[27.419354982851242,-24.591438773579]]],[[[27.419546216870664,-24.5925745500238],[27.419546216870664,-24.59258552510019],[27.41956901564729,-24.59258674455306],[27.419566333438276,-24.5925745500238]]]],""evenOdd"":true}",,
1717404672607,7600704,10,"Not 100% sure, but think the polygons are likely solar panels.","{""type"":""MultiPolygon"",""coordinates"":[[[[27.86215694845195,-26.682291158283174],[27.86217304170604,-26.68228396853946],[27.862152925138428,-26.682256407850957],[27.86213683188434,-26.682265994178156]]],[[[27.85974579647367,-26.677526582912986],[27.85975250199621,-26.677536169637843],[27.859771277459313,-26.677526582912986],[27.859764571936775,-26.67751819452807]]],[[[27.86058876340677,-26.678063251746345],[27.860634360960024,-26.678024905019296],[27.86061558549692,-26.678006929986577],[27.86058339898874,-26.678030896696253],[27.860565964630144,-26.67801172332891],[27.860545848062532,-26.678023706683884]]]],""evenOdd"":true}",,
1717487906319,7981590,11,Lots of panels here,"{""type"":""MultiPolygon"",""coordinates"":[[[[27.902107156555726,-26.140426205338933],[27.90210581545122,-26.14044306038909],[27.902171529572083,-26.14044306038909],[27.90217287067659,-26.140426205338933]]],[[[27.9021567774225,-26.14047677048208],[27.902180917303635,-26.140470750823333],[27.90217287067659,-26.140446672185227],[27.902150071899964,-26.14045028398126]]],[[[27.902143366377427,-26.14074404301772],[27.902148730795457,-26.140786180523808],[27.90218896393068,-26.14078497659528],[27.90218359951265,-26.14074404301772]]],[[[27.902184940617158,-26.140741635159777],[27.902190305035187,-26.140781364809595],[27.902231879274918,-26.140780160881015],[27.902229197065903,-26.14073681944372]]],[[[27.90246120814569,-26.140546598500887],[27.902489371340348,-26.140546598500887],[27.90248803023584,-26.140486401935437],[27.902459867041184,-26.140485198003816]]],[[[27.90245718483217,-26.14044306038909],[27.90245718483217,-26.140462323300557],[27.902490712444855,-26.140462323300557],[27.902490712444855,-26.140446672185227]]],[[[27.902506805698945,-26.140427409271183],[27.902502782385422,-26.140444264321157],[27.902565814297272,-26.140446672185227],[27.902565814297272,-26.140426205338933]]],[[[27.902506805698945,-26.14045028398126],[27.90250412348993,-26.14046834295974],[27.90254569772966,-26.140467139027937],[27.902549721043183,-26.14045028398126]]],[[[27.902520216743824,-26.140469546891474],[27.902516193430216,-26.140477974413894],[27.90254033331185,-26.140479178345615],[27.902541674416383,-26.14046954689147]]],[[[27.903075434010102,-26.140486401935437],[27.903075434010102,-26.140509276633964],[27.903138465921952,-26.14050807270258],[27.90313980702646,-26.140488809798644]]],[[[27.903288669626786,-26.140582716425275],[27.90328598741777,-26.14062124219895],[27.90336511258371,-26.140620038268725],[27.903367794792725,-26.140581512494645]]],[[[27.90340802792795,-26.140603183244128],[27.90340802792795,-26.140627261849943],[27.903456307690217,-26.140626057919782],[27.90345496658571,-26.14060438717453]]],[[[27.903686977665497,-26.140758490164373],[27.903692342083527,-26.14077293730925],[27.903729893009736,-26.140770529451892],[27.90372721080072,-26.140757286235562]]],[[[27.903724528591706,-26.14073320765656],[27.90372855190523,-26.140752470520162],[27.90377012614496,-26.14074404301772],[27.90376476172693,-26.140730799798387]]],[[[27.903859980146958,-26.140816278733134],[27.903859980146958,-26.140837949439035],[27.90390155438669,-26.140834337655004],[27.90390155438669,-26.14085360050191],[27.90395922188051,-26.14084878479049],[27.903957880776,-26.140812666948428]]],[[[27.904654147804713,-26.140665476410796],[27.90465012449119,-26.14069798251013],[27.904695722044444,-26.14069437072176],[27.904695722044444,-26.14066186462142]]],[[[27.905193271816707,-26.14009481230376],[27.905193271816707,-26.14011889101443],[27.90527105587814,-26.1401285224973],[27.905273738087153,-26.14010685165971]]],[[[27.905541958988643,-26.140194738920577],[27.90552720683906,-26.140212797938588],[27.90563315409515,-26.140270586777458],[27.905646565140223,-26.14025373170242]]],[[[27.90566936391685,-26.14023446875652],[27.905666681707835,-26.14025493563642],[27.905708255947566,-26.1402609553063],[27.905714961470103,-26.140240488427462]]],[[[27.90458709257934,-26.140620931000704],[27.904589774788356,-26.14066186462142],[27.904636713446116,-26.140663068551223],[27.904631349028087,-26.14062333886114]]],[[[27.9025181571544,-26.141304280797566],[27.902535591512997,-26.141305484720743],[27.902538273722012,-26.141282610178216],[27.902520839363415,-26.141278998407937]]],[[[27.902558390289624,-26.141285018025012],[27.90255570808061,-26.141306688643905],[27.902573142439206,-26.141309096490208],[27.902577165752728,-26.14129103764178]]],[[[27.903404172760204,-26.14130265887194],[27.903402831655697,-26.141324329487574],[27.90341624270077,-26.141324329487574],[27.903408196073727,-26.141353223635466],[27.90346452246304,-26.14136044717132],[27.90346988688107,-26.141311086334053]]],[[[27.905030932527737,-26.14139897268836],[27.90505507240887,-26.14140499229925],[27.90505507240887,-26.141337572639568],[27.905030932527737,-26.141331553025218]]],[[[27.90499338160153,-26.141389341310294],[27.905012157064633,-26.14139174915489],[27.905012157064633,-26.141336368716736],[27.90499338160153,-26.141335164793865]]],[[[27.904998746019558,-26.14143870211448],[27.90501349816914,-26.14143870211448],[27.90501349816914,-26.14139897268836],[27.904996063810543,-26.14139897268836]]],[[[27.90508725891705,-26.14145074133185],[27.90510335217114,-26.141448333488487],[27.905100669962124,-26.141411011909828],[27.905080553394512,-26.14141221583191]]],[[[27.905136879783825,-26.14147361584144],[27.90515967856045,-26.14147481976286],[27.905156996351437,-26.141461576626423],[27.90516638408299,-26.141462780547972],[27.90516638408299,-26.141441109958063],[27.905156996351437,-26.14143870211448],[27.905156996351437,-26.141427866817782],[27.905135538679318,-26.141426662895878]]],[[[27.905162360769467,-26.141403788377094],[27.905163701873974,-26.14142907073969],[27.905178454023556,-26.141426662895878],[27.905174430710034,-26.141448333488487],[27.9052227104723,-26.141454353096826],[27.90522405157681,-26.141433886427187],[27.90520795832272,-26.141432682505336],[27.905210640531735,-26.141411011909828]]],[[[27.905407308033777,-26.14150049092745],[27.90540462582476,-26.141524569348192],[27.90542742460139,-26.1415257732691],[27.905434130123925,-26.14150410269087]]],[[[27.905423401287866,-26.141532996794275],[27.905434130123925,-26.14154022031902],[27.90544217675097,-26.141522161506344],[27.90543144791491,-26.141517345822496]]],[[[27.905448882273507,-26.14150410269087],[27.905439494541955,-26.14154623992262],[27.90553605406649,-26.141555871287743],[27.90554141848452,-26.141514937980496]]],[[[27.90554141848452,-26.141524569348192],[27.905538736275506,-26.141541424239765],[27.905560193947625,-26.141545036001926],[27.905561535052133,-26.141524569348192]]],[[[27.90573721974261,-26.141744886667443],[27.905749289683175,-26.14177980030281],[27.905792205027414,-26.14176655720097],[27.90578415840037,-26.14173766315537]]],[[[27.90589949338801,-26.14173766315537],[27.90592095106013,-26.141723216129883],[27.90589412896998,-26.141697933830986],[27.905874012402368,-26.141715992616476]]],[[[27.90590351670153,-26.141687098558364],[27.9059155866421,-26.141701545588315],[27.905943749836755,-26.141687098558364],[27.905934362105203,-26.14167626328473]]],[[[27.906059084824395,-26.14167746720406],[27.90605237930186,-26.14170034166921],[27.906222699574304,-26.141735255317915],[27.90622538178332,-26.141712380859605]]],[[[27.907074300936532,-26.141847219707085],[27.907074300936532,-26.141884541146286],[27.90710648744471,-26.141892968566392],[27.907110510758233,-26.14185083145979]]],[[[27.90711721628077,-26.14187731764287],[27.90711185186274,-26.141923066490374],[27.90716549604304,-26.141929086074228],[27.90716951935656,-26.141891764649273],[27.907157449415994,-26.141889356815],[27.9071587905205,-26.141880929394635]]],[[[27.907392142704797,-26.14179063556684],[27.907378731659723,-26.14180989825597],[27.90754234640963,-26.141862870634654],[27.90755307524569,-26.141839996201348]]],[[[27.90711721628077,-26.14185083145979],[27.907110510758233,-26.141871298056326],[27.90716415493853,-26.141878521560127],[27.907168178252054,-26.141860462799777]]],[[[27.901848471896272,-26.14175500311288],[27.901864565150362,-26.14176824621605],[27.901895410554033,-26.141740556089555],[27.901883340613466,-26.14172610906442]]],[[[27.901900774972063,-26.14178991674525],[27.901924914853197,-26.141803159844432],[27.90195441915236,-26.141774265807893],[27.901931620375734,-26.14175861486844]]],[[[27.902048296467882,-26.141864559648347],[27.902045614258867,-26.14188984191116],[27.90206975414,-26.141893453662533],[27.902083165185076,-26.14186937531787]]],[[[27.902020133273226,-26.141898269330873],[27.902018792168718,-26.14192595941996],[27.902048296467882,-26.14192595941996],[27.902050978676897,-26.141900677164962]]],[[[27.901969171301943,-26.142035515794976],[27.901983923451525,-26.1420499627818],[27.902045614258867,-26.14198133957842],[27.902029521004778,-26.141971708248395]]],[[[27.902569135061896,-26.141893819386567],[27.902565111748373,-26.141910674224818],[27.902612050406134,-26.141917897726188],[27.90262009703318,-26.14189863505488]]],[[[27.902221788994467,-26.14239344391611],[27.902216424576437,-26.142417522152684],[27.902290185324347,-26.142425949534307],[27.902295549742377,-26.14240427912318]]],[[[27.902553041807806,-26.142425949534307],[27.90255035959879,-26.142445212118595],[27.902616073719656,-26.142453639498235],[27.902622779242193,-26.142436784738365]]],[[[27.902573158375418,-26.14255476800631],[27.902567793957388,-26.142574030569342],[27.902610709301626,-26.142580050119637],[27.9026241203467,-26.1425439328132],[27.902605344883597,-26.1425391171715],[27.902597298256552,-26.142559583647362]]],[[[27.904209695646916,-26.14260774004699],[27.904204331228886,-26.142633022148857],[27.90424992878214,-26.142637837786687],[27.90425529320017,-26.142616167414896]]],[[[27.904276750872288,-26.14259570094894],[27.904268704245244,-26.142623390872604],[27.904319666216526,-26.142627002601298],[27.904325030634556,-26.1425993126785]]],[[[27.90477320777124,-26.142658268336785],[27.90476784335321,-26.142681142609753],[27.904889883863387,-26.142699201243133],[27.904895248281417,-26.14267753088273]]],[[[27.90489927159494,-26.142653452699797],[27.904896589385924,-26.14267753088273],[27.90491938816255,-26.142679938700766],[27.90491938816255,-26.14265586051831]]],[[[27.906422766315398,-26.142853301467756],[27.9064589761371,-26.142880991330298],[27.906488480436263,-26.142855709282134],[27.906467022764144,-26.14283885458034],[27.90645227061456,-26.142854505374952],[27.906438859569487,-26.142841262395024]]],[[[27.906488480436263,-26.142861728817913],[27.906476410495696,-26.142896642119265],[27.906535419094023,-26.142903865559628],[27.90654748903459,-26.14287136007451]]],[[[27.907353492843566,-26.14298693509158],[27.907353492843566,-26.143019440544524],[27.907405795919356,-26.143013421016875],[27.907401772605834,-26.142976099938593]]],[[[27.907428594695983,-26.142976099938593],[27.907427253591475,-26.143007401488934],[27.90747285114473,-26.14300017805499],[27.90747151004022,-26.142968876502714]]],[[[27.908123734356536,-26.143465687549323],[27.908165308596267,-26.14347893045841],[27.908193471790923,-26.143447629034515],[27.908150556446685,-26.143434386121875]]],[[[27.908149903968614,-26.143026613222517],[27.908137834028047,-26.143044671802464],[27.908206230357926,-26.1430699538097],[27.908216959193986,-26.143055506949093]]],[[[27.90822500582103,-26.143054303043954],[27.90821427698497,-26.143062730379608],[27.908229029134553,-26.143072361619627],[27.908238416866105,-26.143062730379608]]],[[[27.90777439470653,-26.142611498854947],[27.907755619243424,-26.142641596593663],[27.90783072109584,-26.142662063051567],[27.907849496558946,-26.14263437313709]]],[[[27.907153015555277,-26.142589227505532],[27.907147651137247,-26.142606082243393],[27.90718386095895,-26.14261210179204],[27.907190566481486,-26.14259524705505]]],[[[27.906698900068182,-26.142482181777563],[27.90668951233663,-26.142507463906615],[27.906776684129614,-26.14251709519243],[27.90678338965215,-26.142491813065465]]],[[[27.905609923208136,-26.14236781017297],[27.9056032176856,-26.142385868854824],[27.905663567388434,-26.14240513144573],[27.905676978433508,-26.142388276678858]]],[[[27.90546642502584,-26.142317245848904],[27.905448990667242,-26.14233650845113],[27.90553348025121,-26.14236058669944],[27.90554555019178,-26.142341324101174]]],[[[27.905269282663244,-26.14237503364605],[27.905259894931692,-26.142406335357556],[27.905330973470587,-26.142413558828256],[27.90533902009763,-26.142384664942796]]],[[[27.90454776843824,-26.14209452177979],[27.904543745124716,-26.142113784418775],[27.904617505872626,-26.14212341573707],[27.90462018808164,-26.142105357014607]]],[[[27.90436369539723,-26.142201072070367],[27.90437844754681,-26.142238393396433],[27.90440526963696,-26.142234781655723],[27.90438917638287,-26.142197460328497]]],[[[27.90435296656117,-26.14225524818494],[27.904370400919767,-26.14224561687752],[27.904351625456663,-26.142205887726007],[27.90433284999356,-26.14221431512291]]],[[[27.904112908854337,-26.142037339660156],[27.904102180018278,-26.1420638258009],[27.904161188616605,-26.142067437546906],[27.90416923524365,-26.142043359238134]]],[[[27.90717151877735,-26.14046183459519],[27.90716615435932,-26.140487117161783],[27.907206387494544,-26.14049554468278],[27.90720906970356,-26.14046785425441]]],[[[27.906981185818356,-26.140435441346774],[27.906959728146237,-26.140476375032524],[27.90699996128146,-26.140496841870018],[27.90702141895358,-26.140457112123357]]],[[[27.908310220385236,-26.14066780001953],[27.908308879280728,-26.140713549341026],[27.908379957819623,-26.14071716112881],[27.90838129892413,-26.140675023597804]]],[[[27.906373665476483,-26.140171779909274],[27.906393782044095,-26.1401838192573],[27.90640182867114,-26.14016576023481],[27.906384394312543,-26.140156128754995]]],[[[27.906121537829083,-26.139911729689032],[27.906121537829083,-26.13993580843747],[27.90618591084544,-26.139926176938683],[27.90618054642741,-26.139904506063544]]],[[[27.906820778455483,-26.14000563677983],[27.9068060263059,-26.140028511572567],[27.906855647172677,-26.140053794232998],[27.90687039932226,-26.140033327317834]]],[[[27.90688515147184,-26.14004175487156],[27.90686905821775,-26.140061017849263],[27.906887833680855,-26.1400730572087],[27.906909291352974,-26.140052590296907]]],[[[27.907201652135598,-26.140087504438384],[27.907204334344613,-26.14010435953743],[27.90722713312124,-26.14010315560187],[27.90722713312124,-26.140087504438384]]],[[[27.907260660733925,-26.14006824146507],[27.90726334294294,-26.14008509656689],[27.907365266885506,-26.1400730572087],[27.90736258467649,-26.14005620210512]]],[[[27.907519493903862,-26.139979150172124],[27.907535587157952,-26.140024899763482],[27.90762007674192,-26.140004432843245],[27.907606665696846,-26.139963498992028]]],[[[27.907907851914494,-26.14013104048322],[27.90791053412351,-26.14016113886144],[27.907954790572255,-26.14015993492646],[27.90795210836324,-26.14012983654793]]],[[[27.909055016145423,-26.140484721926523],[27.90905233393641,-26.140517228076188],[27.909085861549094,-26.14051843200748],[27.909087202653602,-26.14048712978978]]],[[[27.90911536584826,-26.140453419699774],[27.90911938916178,-26.14048833372138],[27.90914621125193,-26.14049074158455],[27.9091408468339,-26.140454623631726]]],[[[27.909100613698676,-26.14048953765298],[27.909112683639243,-26.14048833372138],[27.90911000143023,-26.140454623631726],[27.909096590385154,-26.140459439359418]]],[[[27.90903087626429,-26.1402379156801],[27.90903624068232,-26.140281257302593],[27.909126094684318,-26.140251158955348],[27.90911536584826,-26.140215040928396]]],[[[27.909249476299003,-26.140023615199024],[27.909252158508018,-26.14004889786051],[27.909273616180137,-26.140045286052054],[27.909273616180137,-26.1400248191354]]],[[[27.909531108245567,-26.139885162431863],[27.909547201499656,-26.139915260873465],[27.909627667770103,-26.13987071517713],[27.90961425672503,-26.139844228538816]]],[[[27.909616938934043,-26.139741893743405],[27.909673265323356,-26.139741893743405],[27.90967594753237,-26.13970457161924],[27.909633032188133,-26.139702163739848],[27.909631691083625,-26.13972383465256],[27.90961828003855,-26.13972383465256]]],[[[27.90970276962252,-26.139710591317495],[27.909679970845893,-26.1397430976827],[27.90972825060816,-26.13977199222196],[27.909741661653236,-26.139752729196587],[27.909732273921684,-26.13974550556124],[27.90974434386225,-26.13973346616804]]],[[[27.90866845408566,-26.13912846778779],[27.908669795190168,-26.139146526970748],[27.908734168206525,-26.13912967173342],[27.908728803788495,-26.139112816493654],[27.908708687220884,-26.139117632276683],[27.90870600501187,-26.139106796764587],[27.90867918292172,-26.139110408602065],[27.908680524026227,-26.139126059896533]]],[[[27.908935333882642,-26.13899964553511],[27.908940698300672,-26.139032152098267],[27.909027870093656,-26.1390044613228],[27.90902116457112,-26.138971954751952]]]],""evenOdd"":true}",,
1717487906319,8660064,12,No solar panels as far as I can see,,,
1717487906319,7600195,13,No solar panels as far as I can tell,,,
1717487906319,1720039,14,Hopefully got all the panels,"{""type"":""MultiPolygon"",""coordinates"":[[[[19.233302015154106,-34.415782928675135],[19.23329933294509,-34.41581833201728],[19.233391869156105,-34.415823863788134],[19.233393210260612,-34.415789566802935]]],[[[19.233149377853188,-34.417089071360564],[19.233149377853188,-34.417111198105566],[19.23325264290026,-34.417115623453874],[19.23325398400477,-34.41709349671003]]],[[[19.233522204906258,-34.41711341077975],[19.233546344787392,-34.41713000583422],[19.23356243804148,-34.41712336781283],[19.233543662578377,-34.417108985431334]]],[[[19.23494444513089,-34.41888980858845],[19.23494310402638,-34.41891636010998],[19.23501284146077,-34.41892521061528],[19.235014182565276,-34.418894233842614]]],[[[19.23499138378865,-34.41840796962925],[19.23498601937062,-34.41842898970562],[19.235014182565276,-34.418426777066244],[19.23501284146077,-34.41841571386853],[19.235039663550918,-34.41840907594919],[19.235047710177962,-34.41840022538926],[19.235050392386977,-34.41837588634462],[19.235034299132888,-34.418365929460684],[19.23501150035626,-34.41837146106302],[19.235015523669784,-34.4184013317093]]],[[[19.235028934714858,-34.41833605880174],[19.235028934714858,-34.41834933465148],[19.235039663550918,-34.41835265361359],[19.23504368686444,-34.41836039785798],[19.235066485641067,-34.41836039785798],[19.235066485641067,-34.41835265361359],[19.23508123779065,-34.41835265361359],[19.235078555581634,-34.41834048408523]]],[[[19.235672855295473,-34.41837256738344],[19.23567419639998,-34.41840022538926],[19.235727840580278,-34.418403544349346],[19.235727840580278,-34.41837256738344]]],[[[19.236194324286263,-34.41805489877259],[19.236194324286263,-34.418090301152894],[19.236298930437844,-34.418094726449375],[19.23629624822883,-34.41805932407095]]],[[[19.237013739140313,-34.418136766754294],[19.237016421349328,-34.418171062776864],[19.237037879021447,-34.418169956453774],[19.23704190233497,-34.41813897940134]]],[[[19.237076771052163,-34.418148936312306],[19.23707811215667,-34.41816885013067],[19.23710359314231,-34.418169956453774],[19.23709956982879,-34.418150042635666]]],[[[19.236602014095215,-34.41789782700293],[19.2365993318862,-34.417937654754525],[19.236661022693543,-34.41794097373297],[19.23666236379805,-34.41790335863623]]],[[[19.23580264334762,-34.417407820272],[19.23580264334762,-34.41742662793393],[19.23583885316932,-34.417427734266845],[19.235837512064812,-34.41741003293833]]],[[[19.23595418815696,-34.417009539378924],[19.23595418815696,-34.41703498515937],[19.236061476517555,-34.417039410511705],[19.236060135413048,-34.41702724079224],[19.236041359949944,-34.41702724079224],[19.23604270105445,-34.41701617740935],[19.23604940657699,-34.417015071070985],[19.23604940657699,-34.41699294430055],[19.23599039797866,-34.41698962528448],[19.23598637466514,-34.41701175205579]]],[[[19.23667436127746,-34.4170427295258],[19.23667302017295,-34.41705711191868],[19.23669447784507,-34.41705821825649],[19.236695818949578,-34.4170427295258]]],[[[19.23582592914063,-34.41697041490902],[19.23582592914063,-34.41698700999186],[19.235855433439795,-34.4169859036531],[19.235855433439795,-34.416971521247966]]],[[[19.235909077620093,-34.416735870719236],[19.2359104187246,-34.4167546785323],[19.23592651197869,-34.41675689121592],[19.23592651197869,-34.4167369770613]]],[[[19.235938581919257,-34.416718169244255],[19.23593187639672,-34.41673918974538],[19.235966745113913,-34.416757997557696],[19.235972109531943,-34.41673918974538]]],[[[19.2358205647226,-34.416777911707314],[19.2358379990812,-34.41678123073178],[19.235855433439795,-34.416761316582964],[19.23583129355866,-34.4167546785323]]],[[[19.23583665797669,-34.41674250877139],[19.23583263466317,-34.41675135950677],[19.235854092335288,-34.41675689121592],[19.235859456753317,-34.416746934139205]]],[[[19.236815664267127,-34.41646039109026],[19.23681298205811,-34.41647698627432],[19.236833098625723,-34.41648030531075],[19.23683443973023,-34.41646260378166]]],[[[19.2368827194925,-34.41644932763239],[19.236880037283484,-34.41646813550991],[19.237022194361273,-34.41647698627432],[19.23702353546578,-34.41646039109026]]],[[[19.23692965815026,-34.41627120575923],[19.23692965815026,-34.41629001367679],[19.23694441029984,-34.41629001367679],[19.23694441029984,-34.416272312107445]]],[[[19.23637689443686,-34.41545047998602],[19.2363661656008,-34.415475926240845],[19.2364023754225,-34.41548920254465],[19.236392987690948,-34.415506904279766],[19.236414445363067,-34.415514648787706],[19.236441267453216,-34.415471500805786]]],[[[19.23644931408026,-34.415472607164574],[19.23642919751265,-34.415501372487945],[19.23645467849829,-34.41551022335469],[19.236473453961395,-34.41548145803436]]],[[[19.236406398736023,-34.41530886590462],[19.236430538617157,-34.41531107862648],[19.2364385852442,-34.41525022875384],[19.236414445363067,-34.415249122392105]]],[[[19.23649759384253,-34.41522035698197],[19.236494911633514,-34.41524137785958],[19.23651771041014,-34.41524469694503],[19.23652307482817,-34.41522478243032]]],[[[19.23636080118277,-34.415021211563534],[19.23635543676474,-34.41504555158455],[19.236473453961395,-34.41505440249953],[19.236478818379425,-34.41502784975178]]],[[[19.23543963666067,-34.41502023917019],[19.235440977765176,-34.415052323742245],[19.235482552004907,-34.41505453647089],[19.235478528691385,-34.41502134553494]]],[[[19.235222377730462,-34.415522527265544],[19.235222377730462,-34.41554686714066],[19.235253223134134,-34.4155512925717],[19.235251882029626,-34.415562356148406],[19.235289432955835,-34.415565675221096],[19.235288091851327,-34.41553027177202]]],[[[19.235217013312432,-34.41559112144091],[19.235251882029626,-34.41559333415531],[19.23525456423864,-34.415562356148406],[19.235219695521447,-34.41556014343318]]],[[[19.235132523728463,-34.41562873757772],[19.235132523728463,-34.4156464392833],[19.235174097968194,-34.41564975835268],[19.235174097968194,-34.41562873757772]]],[[[19.235080220652673,-34.41559112144091],[19.235077538443658,-34.41561103586838],[19.23518616790876,-34.41561988672352],[19.235188850117776,-34.41560218501231]]],[[[19.234383151444998,-34.416416557292685],[19.234405950221625,-34.41642208902396],[19.234411314639654,-34.41636013361267],[19.234385833654013,-34.41635238918303]]],[[[19.23403348742658,-34.41597844301279],[19.234030805217564,-34.415997250996206],[19.234108589278996,-34.41600388910698],[19.234108589278996,-34.41598508112507]]],[[[19.23417564450437,-34.41592091268435],[19.234172962295354,-34.41593529527017],[19.234203807699025,-34.415941933385874],[19.234202466594517,-34.41592423174283]]],[[[19.234221355312265,-34.41549335292967],[19.234220014207757,-34.415524330962135],[19.234288410537637,-34.415528756394394],[19.234288410537637,-34.41549556564666]]],[[[19.234578089111245,-34.41491549623067],[19.234574065797723,-34.41493430445312],[19.23471756398002,-34.41493872991661],[19.234716222875512,-34.414928772623426],[19.234646485441125,-34.41492766625745],[19.234645144336618,-34.41491770896294]]],[[[19.23324771343986,-34.415526208116475],[19.233266488902963,-34.41552731447454],[19.233269171111978,-34.41550518731046],[19.23324637233535,-34.41550297459372]]],[[[19.23330403982917,-34.41550740002713],[19.23330403982917,-34.41553063354865],[19.23332147418777,-34.41553173990666],[19.23332549750129,-34.41551071910203]]]],""evenOdd"":true}",,
1717487906319,7972496,15,No panels,,,
1717487906319,4990886,16,Really not sure of the panels I think I see.,"{""type"":""MultiPolygon"",""coordinates"":[[[[26.82192931805436,-29.240282974348382],[26.821925294740836,-29.240306378734598],[26.821952116830985,-29.24031222983033],[26.82195479904,-29.240285314787254]]],[[[26.82053574504205,-29.23968493864714],[26.820555861609662,-29.23971185384809],[26.82058268369981,-29.239693130230783],[26.8205625671322,-29.23967206615723]]]],""evenOdd"":true}",,
1717487906319,5991148,17,Hope I got all the panels,"{""type"":""MultiPolygon"",""coordinates"":[[[[31.05675758832357,-29.7569132687498],[31.05674685948751,-29.756929568459025],[31.056766976055123,-29.756943539636246],[31.056777704891182,-29.756929568459025]]],[[[31.05698959940336,-29.75704715913984],[31.05696814173124,-29.757082087038256],[31.0569788705673,-29.757089072616473],[31.056972165044762,-29.75710071524577],[31.057015080389,-29.75712167197507],[31.05705263131521,-29.757073937196374],[31.057008374866463,-29.75704715913984],[31.057003010448433,-29.757056473247268]]],[[[31.058745105203606,-29.757657231348237],[31.058735717472054,-29.757679352217327],[31.05886446350477,-29.757732907985407],[31.058877874549843,-29.757713115639657]]],[[[31.05831729286573,-29.75783692757465],[31.0583119284477,-29.75785439138776],[31.058373619255043,-29.757874183705606],[31.058381665882088,-29.757859048404075]]],[[[31.058305222925163,-29.757869526689984],[31.05829583519361,-29.757883497736167],[31.05835484379194,-29.757904454301794],[31.058362890418984,-29.75789164751221]]],[[[31.058514435228325,-29.758271193490753],[31.0585278462734,-29.75829331422431],[31.05855466836355,-29.758277014736898],[31.058539916213967,-29.75825955099744]]],[[[31.05816439267654,-29.759170425949026],[31.058183168139646,-29.759163440515888],[31.058159028258512,-29.759113378230797],[31.058134888377378,-29.759116870949175]]],[[[31.0581751215126,-29.75910522855412],[31.05820194360275,-29.759156455082252],[31.05822340127487,-29.759144812691787],[31.058199261393735,-29.7590959146371]]],[[[31.058741121679134,-29.75923337652587],[31.058762579351253,-29.759277617563324],[31.058793424754924,-29.75926481094923],[31.058770625978298,-29.759219405667878]]],[[[31.058973132758922,-29.759143730153248],[31.05898520269949,-29.759168179171915],[31.059044211297817,-29.759148387109644],[31.059034823566265,-29.7591251023255]]],[[[31.05958364539493,-29.758623939772924],[31.059606444171557,-29.75866352410072],[31.059637289575228,-29.758648388918406],[31.059617173007616,-29.7586111330753]]],[[[31.06213687174475,-29.759859731966337],[31.062144918371796,-29.759885345040832],[31.062171740461945,-29.759878359657538],[31.062162352730393,-29.759855075043003]]],[[[31.061355180428237,-29.76045698059076],[31.06137395589134,-29.760466294381267],[31.061387366936415,-29.76044184567932],[31.06137395589134,-29.760434860334804]]],[[[31.061329699442595,-29.760440681455254],[31.061347133801192,-29.76045465214299],[31.061361885950774,-29.76042903921401],[31.061344451592177,-29.760418561195724]]],[[[31.060537578064146,-29.76192531154152],[31.060568423467817,-29.76194859567498],[31.06058854003543,-29.76192531154152],[31.060555012422743,-29.761904355816785]]],[[[31.05909178828317,-29.759932517691446],[31.05912263368684,-29.759974429961304],[31.05916420792657,-29.7599511453691],[31.059136044731915,-29.75990806885926]]],[[[31.05884551327682,-29.760482739994725],[31.058853559903866,-29.7605048602401],[31.058928661756283,-29.760482739994725],[31.05891525071121,-29.760462948192092]]],[[[31.05878382246948,-29.76025571614155],[31.058791869096524,-29.760275507985114],[31.058807962350613,-29.760270851081096],[31.058801256828076,-29.76025571614155]]],[[[31.05892597954727,-29.760479247323957],[31.058942072801358,-29.760511845579714],[31.058966212682492,-29.76050369601677],[31.058947437219388,-29.76047109775835]]],[[[31.058891110830075,-29.760538622710467],[31.058901839666134,-29.760556086052738],[31.058917932920224,-29.76055492183002],[31.05892597954727,-29.76056889250181],[31.058950119428403,-29.76056423561143],[31.058939390592343,-29.760538622710467],[31.05892597954727,-29.76054327960203],[31.058917932920224,-29.760529308926664]]],[[[31.059312217645413,-29.760818035821682],[31.059284054450757,-29.76084597708995],[31.059347086362607,-29.760900695384407],[31.059379272870785,-29.760869261474223]]]],""evenOdd"":true}",,
1717487906319,2991185,18,No panels as far as I can tell.,,,
1717487906319,4990198,19,No panels as far as I can see.,,,
1717487906319,1994280,20,No panels as far as I can see.,,,
1717487906319,7993607,21,Hope i got all the panels,"{""type"":""MultiPolygon"",""coordinates"":[[[[28.321283207951534,-25.699784355784278],[28.321288572369564,-25.699803690833004],[28.32130600672816,-25.699798857071112],[28.32130064231013,-25.6997783135809]]],[[[28.32023982864474,-25.699415780817404],[28.320263968525875,-25.699412155484197],[28.320242510853756,-25.699345691022447],[28.320215688763607,-25.699350524802735]]],[[[28.32118530732249,-25.699149922755883],[28.321208106099117,-25.699216387326928],[28.3212228582487,-25.699209136648236],[28.321204082785595,-25.69914267207316]]]],""evenOdd"":true}",,
1717487906319,4780098,22,No panels as far as I can see.,,,
1717487906319,7993253,23,Few panels,"{""type"":""MultiPolygon"",""coordinates"":[[[[28.325973355293954,-25.70855525365238],[28.325978719711983,-25.70857942068195],[28.32603236389228,-25.708569753870712],[28.326024317265237,-25.708548003542564]]],[[[28.326010906220162,-25.70851658639486],[28.326018952847207,-25.708548003542564],[28.326045774937356,-25.708545586839183],[28.326035046101296,-25.708515378042865]]],[[[28.326423966408456,-25.708816257312005],[28.326418601990426,-25.70883679924238],[28.326454811812127,-25.70884525768329],[28.326460176230157,-25.70883075749852]]],[[[28.328098702488752,-25.7080482222519],[28.328104066906782,-25.708063930888613],[28.328122842369886,-25.708060305818798],[28.32811613684735,-25.708045805538394]]],[[[28.32810540801129,-25.708074806097432],[28.32811077242932,-25.708088098017953],[28.328129547892424,-25.708080847879664],[28.32812150126538,-25.708071181027933]]]],""evenOdd"":true}",,
1717487906319,1993314,24,No panels as far as I can tell.,,,
1718012001211,1993871,25,,"{""type"":""MultiPolygon"",""coordinates"":[[[[18.448782556848673,-33.9274795488412],[18.44877451022163,-33.927502917099225],[18.448801332311778,-33.927509593743196],[18.448812061147837,-33.92748733826126]]],[[[18.4487691458036,-33.92751181929107],[18.448766463594584,-33.92752294702957],[18.448793285684733,-33.92752962367197],[18.448798650102763,-33.92751849593435]]],[[[18.448745005922465,-33.92754408972871],[18.448738300399928,-33.927555217462995],[18.44876244028106,-33.927558555783],[18.448766463594584,-33.927547428049145]]],[[[18.448303782539515,-33.92773882486878],[18.448298418121485,-33.92775329088999],[18.44839497764602,-33.92778222292505],[18.44840034206405,-33.92776886967931]]],[[[18.448345356779246,-33.92777443353196],[18.448341333465724,-33.927790012317416],[18.448436551885752,-33.92781671880015],[18.448436551885752,-33.927801140019575]]],[[[18.449572102095456,-33.926960721197695],[18.44954930331883,-33.927067548118444],[18.449718282486767,-33.92708980371007],[18.44973705794987,-33.926982976817236]]]],""evenOdd"":true}",,
1718012001211,1993871,25,,"{""type"":""MultiPolygon"",""coordinates"":[[[[18.448782556848673,-33.9274795488412],[18.44877451022163,-33.927502917099225],[18.448801332311778,-33.927509593743196],[18.448812061147837,-33.92748733826126]]],[[[18.4487691458036,-33.92751181929107],[18.448766463594584,-33.92752294702957],[18.448793285684733,-33.92752962367197],[18.448798650102763,-33.92751849593435]]],[[[18.448745005922465,-33.92754408972871],[18.448738300399928,-33.927555217462995],[18.44876244028106,-33.927558555783],[18.448766463594584,-33.927547428049145]]],[[[18.448303782539515,-33.92773882486878],[18.448298418121485,-33.92775329088999],[18.44839497764602,-33.92778222292505],[18.44840034206405,-33.92776886967931]]],[[[18.448345356779246,-33.92777443353196],[18.448341333465724,-33.927790012317416],[18.448436551885752,-33.92781671880015],[18.448436551885752,-33.927801140019575]]],[[[18.449572102095456,-33.926960721197695],[18.44954930331883,-33.927067548118444],[18.449718282486767,-33.92708980371007],[18.44973705794987,-33.926982976817236]]]],""evenOdd"":true}",,
1718012389932,1993913,26,no solar panels,,,
1718012389932,1994444,27,No solar panels,,,
1718012389932,6620510,28,,"{""type"":""MultiPolygon"",""coordinates"":[[[[27.236290700574106,-25.65235657581652],[27.236300088305654,-25.65237350071835],[27.236314840455236,-25.652367456110845],[27.236305452723684,-25.65234932228648]]],[[[27.238494930351766,-25.65278892252645],[27.238494930351766,-25.65280342953271],[27.238516388023886,-25.65279859386415],[27.238511023605856,-25.652785295774603]]],[[[27.238120911188965,-25.65175148278606],[27.238122252293472,-25.651768407773698],[27.238135663338547,-25.651765989918463],[27.238130298920517,-25.651750273858283]]]],""evenOdd"":true}",,
1718012389932,2991678,29,No panels,,,
1718012389932,2601235,30,No panels,,,
1718012389932,5660720,31,No panels,,,
1718012389932,7990649,32,,"{""type"":""MultiPolygon"",""coordinates"":[[[[28.298798059825437,-25.829116245595614],[28.298808788661496,-25.829137973839845],[28.29890132487251,-25.829112624221192],[28.29889059603645,-25.829090895972303]]],[[[28.300281321410672,-25.82863460182447],[28.30029875576927,-25.828624944786466],[28.300253158216016,-25.828550102715173],[28.300237064961927,-25.828559759759283]]],[[[28.30023438275291,-25.828890513044623],[28.300258522634046,-25.828904998568845],[28.30030277908279,-25.828861541990875],[28.300278639201657,-25.828847056461328]]],[[[28.30018744409515,-25.828958112142487],[28.30020353734924,-25.82894000524506],[28.30017269194557,-25.828917069837665],[28.300153916482465,-25.82893638386524]]],[[[28.30006138027145,-25.828633394694762],[28.300070768003003,-25.828650294509558],[28.30008283794357,-25.828643051732076],[28.300076132421033,-25.828628566175798]]],[[[28.30063488916191,-25.829141272378056],[28.300656346834028,-25.829179900356884],[28.30073413089546,-25.829148515125052],[28.300719378745878,-25.829127994007436],[28.300659029043043,-25.829148515125052],[28.300648300206984,-25.829135236755235]]],[[[28.30077168182167,-25.829102644386648],[28.300779728448713,-25.829120751259193],[28.300790457284773,-25.829117129884914],[28.300782410657728,-25.82909781588684]]],[[[28.30003005102905,-25.829088158886623],[28.30003005102905,-25.829100230136756],[28.300047485387648,-25.829099023011803],[28.300047485387648,-25.829088158886623]]],[[[28.299814133203352,-25.829248706412923],[28.299807427680815,-25.82928250586439],[28.299890576160276,-25.82932475516516],[28.2998945994738,-25.829306648323822],[28.29983022645744,-25.82927284887925],[28.29983559087547,-25.829258363400037]]],[[[28.298683582103575,-25.829333205023495],[28.298715768611753,-25.829373040061846],[28.29875868395599,-25.829353726105538],[28.298730520761335,-25.829312683937903]]],[[[28.298813669240797,-25.82956980081223],[28.298813669240797,-25.829610842890713],[28.29889145330223,-25.82962291408756],[28.29889145330223,-25.829584286253322]]],[[[28.299076525724256,-25.829661541909196],[28.299092618978346,-25.829682062934324],[28.29912212327751,-25.82966878462435],[28.299107371127928,-25.82965067783564]]],[[[28.299120782173002,-25.82962170696794],[28.299139557636106,-25.829645849358176],[28.29914894536766,-25.829641020880533],[28.299156991994703,-25.829654299193596],[28.299197225129927,-25.82963981376108],[28.29918515518936,-25.829616878489297],[28.29920661286148,-25.82961205001046],[28.299191860711897,-25.82959032185326]]],[[[28.29935092172062,-25.828944560141153],[28.29935628613865,-25.828965081290562],[28.299409930318948,-25.8289433530146],[28.299391154855844,-25.828909553466282],[28.299375061601754,-25.82891679622746],[28.29938713154232,-25.828933696001776]]],[[[28.29847040172894,-25.829438273866753],[28.29846637841542,-25.829460002051874],[28.298509293759658,-25.829458794930577],[28.298511975968673,-25.82943706674525]]],[[[28.29808282252629,-25.829367053676478],[28.29809355136235,-25.829383953386518],[28.29815121885617,-25.829362225187435],[28.29814049002011,-25.829344118351838]]],[[[28.2982826470979,-25.830045454426948],[28.298322880233123,-25.83012270978183],[28.298372501099898,-25.83011667420904],[28.298363113368346,-25.830096153259287],[28.298341655696227,-25.83009736037407],[28.298326903546645,-25.830059939809825],[28.29831349250157,-25.830064768270397],[28.298309469188048,-25.830043040196294]]],[[[28.298196816409423,-25.830062354040138],[28.298202180827452,-25.830081667880833],[28.29823570844014,-25.83007683942095],[28.2982290029176,-25.830055111349065]]],[[[28.297878974641158,-25.829707461656504],[28.29789909120877,-25.829731604029252],[28.297943347657515,-25.829706254537736],[28.297927254403426,-25.829685733516808]]],[[[28.298073434794738,-25.829684526397823],[28.29808818694432,-25.829695390468288],[28.298143172229125,-25.82964951994181],[28.29812976118405,-25.829637448747675]]],[[[28.298013085091902,-25.829433445380623],[28.298021131718947,-25.82944793083841],[28.29803990718205,-25.829445516595566],[28.29803454276402,-25.829428616894315]]],[[[28.297282183135344,-25.829775060287805],[28.297287547553374,-25.82979437417537],[28.29737874265988,-25.82977868164196],[28.29737337824185,-25.829758160633588]]],[[[28.296957635844542,-25.829950092278747],[28.29698043462117,-25.829993548457068],[28.29701128002484,-25.829976648834062],[28.29698982235272,-25.829940435348067]]],[[[28.297545039618804,-25.830228935812436],[28.2975624739774,-25.830248249625946],[28.297602707112624,-25.830222900245072],[28.29758393164952,-25.830203586427427]]],[[[28.297771686280562,-25.830286877243513],[28.297777050698592,-25.83030981238547],[28.297821307147338,-25.83030739816021],[28.297811919415786,-25.830280841679098]]],[[[28.29900858967939,-25.82942529296111],[28.299015295201926,-25.829450642512818],[28.299038093978552,-25.829448228270028],[28.299030047351508,-25.82942046447446]]]],""evenOdd"":true}",,
1718012389932,2940663,33,No panels,,,
1718012389932,7972345,34,Only solar geysers,,,
1718012389932,7971827,35,,"{""type"":""MultiPolygon"",""coordinates"":[[[[28.24906299749955,-26.18960126468861],[28.24906299749955,-26.189621722906494],[28.249113959470833,-26.189624129755423],[28.249108595052803,-26.189604874962615]]],[[[28.249049586454476,-26.189677080419187],[28.249050927558983,-26.18969994547112],[28.249127370515907,-26.189704759165682],[28.249123347202385,-26.1896843009624]]],[[[28.24927891532525,-26.189721607095123],[28.24927891532525,-26.18973845502211],[28.24936206380471,-26.189740861868604],[28.24935669938668,-26.189725217365385]]],[[[28.248958937446016,-26.1909291803248],[28.24896296075954,-26.19095324854167],[28.249050132552522,-26.190955655363094],[28.249043427029985,-26.190935197379478]]],[[[28.24896296075954,-26.19091112915888],[28.24896296075954,-26.19092677350283],[28.248997829476732,-26.19093038373577],[28.249000511685747,-26.190914739392277]]],[[[28.249731413642305,-26.190802822104587],[28.249736778060335,-26.190832907407547],[28.2497662823595,-26.190834110819498],[28.24976091794147,-26.190802822104587]]],[[[28.249884299556154,-26.190953027474382],[28.24988564066066,-26.190983112738547],[28.249915144959825,-26.190983112738547],[28.249911121646303,-26.190955434295805]]],[[[28.24995537809505,-26.190125077955265],[28.249958060304063,-26.190147942919246],[28.249983541289705,-26.190149146338292],[28.249982200185197,-26.1901274847938]]],[[[28.249963424722093,-26.190046855676105],[28.249967448035616,-26.190068517235595],[28.249995611230272,-26.19007092407529],[28.249990246812242,-26.190045652256018]]],[[[28.249927214900392,-26.190007142806575],[28.249931238213914,-26.190030007793723],[28.24995403699054,-26.19002880437346],[28.249952695886034,-26.190007142806575]]],[[[28.249853454152483,-26.18969926459576],[28.24985479525699,-26.189755825494725],[28.24987625292911,-26.189755825494725],[28.249877594033617,-26.189743791263204],[28.24989771060123,-26.1897461981096],[28.24989771060123,-26.18971731594947],[28.24987625292911,-26.189714909102477],[28.2498749118246,-26.189702874866732]]],[[[28.24988161734714,-26.189681213239254],[28.24988698176517,-26.189705281713973],[28.24993392042293,-26.189705281713973],[28.249929897109407,-26.189682416663096]]],[[[28.24990173391475,-26.18970768856117],[28.249905757228273,-26.189726943336982],[28.24995001367702,-26.189726943336982],[28.24994464925899,-26.189705281713973]]],[[[28.249940625945467,-26.189670382423998],[28.24993794373645,-26.18969084062973],[28.24995537809505,-26.18969084062973],[28.249952695886034,-26.189670382423998]]],[[[28.249952695886034,-26.18964511051783],[28.249952695886034,-26.189663161879942],[28.24997013024463,-26.18966556872801],[28.249967448035616,-26.189652331063016],[28.249976835767168,-26.189652331063016],[28.249974153558153,-26.189641500245074]]],[[[28.24988027624263,-26.18937915345861],[28.249877594033617,-26.189418866542216],[28.249905757228273,-26.189420069968776],[28.24990173391475,-26.189408035702566],[28.249916486064333,-26.189408035702566],[28.249915144959825,-26.18939239115465],[28.249904416123766,-26.189391187727797],[28.249903075019258,-26.189381560312537]]],[[[28.249978176871675,-26.18929250668373],[28.249982200185197,-26.18932259237676],[28.250026456633943,-26.1893262026594],[28.25001706890239,-26.189294913539467]]],[[[28.24993794373645,-26.189397204861926],[28.2499285560049,-26.18939359458148],[28.249927214900392,-26.189412849409205],[28.249936602631944,-26.189412849409205],[28.24993392042293,-26.189422476821868],[28.249951354781526,-26.189424883674906],[28.249952695886034,-26.189385170593347],[28.24993794373645,-26.18938276373948]]],[[[28.250444881240266,-26.18964312803692],[28.25044890455379,-26.189672010215432],[28.250481091061967,-26.189673213639388],[28.250475726643938,-26.18964312803692]]],[[[28.25020080021991,-26.190000544492094],[28.250228963414568,-26.19000656159475],[28.250228963414568,-26.189956017922785],[28.250199459115404,-26.18995481450177]]],[[[28.250251762191194,-26.19000415475372],[28.250257126609224,-26.190028223161733],[28.250289313117403,-26.19002581632115],[28.250286630908388,-26.19000656159475]]],[[[28.250399283687013,-26.190108852292305],[28.25041135362758,-26.190149768546185],[28.250444881240266,-26.190149768546185],[28.250434152404207,-26.190108852292305]]],[[[28.2504690211214,-26.190106445453402],[28.250471703330415,-26.19013773435535],[28.250487796584505,-26.19013773435535],[28.250487796584505,-26.190107648872864]]],[[[28.25049047879352,-26.190142548031837],[28.250491819898027,-26.19016180273577],[28.250525347510713,-26.19016420957353],[28.25052132419719,-26.190142548031837]]],[[[28.25035905055179,-26.19013171725949],[28.250356368342775,-26.19016180273577],[28.250393919268983,-26.19016661641125],[28.25039526037349,-26.190135327517044]]],[[[28.250424764672655,-26.19024363519195],[28.250423423568147,-26.19027251722158],[28.25044890455379,-26.190279737727874],[28.250455610076326,-26.190246042028033]]],[[[28.250475726643938,-26.190301399244056],[28.250477067748445,-26.19032065392173],[28.250513277570146,-26.19032185733897],[28.25051059536113,-26.190301399244056]]],[[[28.25038050822391,-26.190266500132665],[28.25038050822391,-26.190296585574146],[28.25041671804561,-26.19029778899164],[28.2504328112997,-26.19030621291377],[28.250430129090685,-26.19027853431019],[28.250415376941103,-26.19026890696826]]],[[[28.250165931502718,-26.19014856512715],[28.250167272607225,-26.190169023248917],[28.250192753592867,-26.19017143008654],[28.250188730279344,-26.190150971965203]]],[[[28.25024371556415,-26.190172633505327],[28.250242374459642,-26.19021114290005],[28.250278584281343,-26.190209939481655],[28.250273219863313,-26.190193091622863],[28.25029065422191,-26.190193091622863],[28.250286630908388,-26.190173836924107]]],[[[28.250160567084688,-26.19022077024674],[28.250163249293703,-26.19023882151964],[28.250187389174837,-26.19023882151964],[28.250179342547792,-26.1902231770833]]],[[[28.250235668937105,-26.190217159991832],[28.250230304519075,-26.19023882151964],[28.2502705376543,-26.1902424317739],[28.25027992538585,-26.190219566828457]]],[[[28.25028528980388,-26.190380824768933],[28.25028528980388,-26.190410910180876],[28.250300041953462,-26.190410910180876],[28.25030138305797,-26.190380824768933]]],[[[28.25023298672809,-26.19035314618307],[28.250235668937105,-26.190371197435468],[28.250246397773164,-26.190371197435468],[28.25024371556415,-26.190389248685065],[28.250266514340776,-26.190389248685065],[28.250262491027254,-26.190372400852198],[28.250273219863313,-26.190371197435468],[28.25026517323627,-26.190354349599993]]],[[[28.250218234578508,-26.190326671007842],[28.250220916787523,-26.190350739349206],[28.25023298672809,-26.190350739349206],[28.25023298672809,-26.190327874425034]]],[[[28.252921525604336,-26.19036577215517],[28.252926890022366,-26.1904247395629],[28.2529510299035,-26.190423536146717],[28.25294566548547,-26.19036577215517]]],[[[28.25294566548547,-26.190342907233937],[28.252952371008007,-26.19036216190474],[28.252968464262096,-26.190359755071068],[28.252969805366604,-26.19038141657238],[28.252988580829708,-26.190380213155738],[28.252991263038723,-26.19040067123682],[28.253043566114513,-26.190397060987483],[28.253038201696484,-26.19038141657238],[28.253052953846066,-26.19038141657238],[28.253048930532543,-26.190360958487926],[28.25306636489114,-26.190359755071068],[28.253062341577618,-26.19034050039987]]],[[[28.253111962444393,-26.190345314067958],[28.253114644653408,-26.190376602905765],[28.253211204177944,-26.190369382405475],[28.25320852196893,-26.19033929698281]]],[[[28.252707736389883,-26.190390900471417],[28.252718465225943,-26.190378866305508],[28.252702371971854,-26.190364425304764],[28.25268896092678,-26.190372849222086]]],[[[28.253194557326086,-26.189923991748795],[28.253194557326086,-26.18994685675225],[28.253244178192862,-26.189956484120778],[28.253244178192862,-26.189933619119216]]],[[[28.253201262848624,-26.18989390621109],[28.25319858063961,-26.189917974641876],[28.253248201506384,-26.189926398591464],[28.253248201506384,-26.189902330162422]]],[[[28.25365992059017,-26.189857803555583],[28.25363846291805,-26.189859006977617],[28.253646509545096,-26.18996731490944],[28.253669308321722,-26.18996972175122],[28.25367064942623,-26.19003711330102],[28.253688083784827,-26.19003711330102],[28.253679366587942,-26.18987645648544],[28.253662602799185,-26.189715799668736],[28.253646509545096,-26.18971820651571]]],[[[28.253084586756476,-26.189593024897732],[28.25308324565197,-26.189632737908425],[28.253079222338446,-26.189654399544924],[28.253148959772833,-26.189665230361655],[28.253148959772833,-26.189637551605777],[28.25314627756382,-26.18959904202143]]],[[[28.25326563586498,-26.18918145289877],[28.253268318073996,-26.189284947748803],[28.253305869000204,-26.18928735460469],[28.253301845686682,-26.18926087918723],[28.253316597836264,-26.18925967575903],[28.25330855120922,-26.189180249469732]]],[[[28.25337560643459,-26.18931623687142],[28.25337560643459,-26.189334288284485],[28.253563361065634,-26.189360763685247],[28.253557996647604,-26.18934391570365]]],[[[28.25337024201656,-26.189355949976477],[28.253367559807547,-26.18937400138338],[28.253435956137427,-26.189383628799263],[28.25343327392841,-26.189367984248054]]],[[[28.255237808793307,-26.189197097475024],[28.25524183210683,-26.189247641476253],[28.255316933959246,-26.189250048332905],[28.255318275063754,-26.189195894046144]]],[[[28.254289647906543,-26.189935096686643],[28.254295012324572,-26.189990454050438],[28.254349997609378,-26.189991657471097],[28.254344633191348,-26.189935096686643]]],[[[28.254430463879824,-26.18984845032528],[28.254435828297854,-26.189868908499758],[28.254465332597018,-26.189867705077827],[28.25445996817899,-26.189846043480994]]],[[[28.25446047278195,-26.190846050006396],[28.254463154990965,-26.19086410118241],[28.254483271558577,-26.19086410118241],[28.254484612663084,-26.190847253418212]]],[[[28.254463154990965,-26.190870118240458],[28.254467178304488,-26.190889372824117],[28.254489977081114,-26.190889372824117],[28.2544872948721,-26.190870118240458]]],[[[28.254467178304488,-26.190900203526034],[28.254469860513503,-26.190921864926835],[28.25449802370816,-26.190919458104727],[28.25449668260365,-26.19090140693729]]]],""evenOdd"":true}",,
1718012389932,1994230,36,,,,
1718094883004,5991989,3,Some panels missing from GEE,"{""type"":""MultiPolygon"",""coordinates"":[[[[30.83682730719764,-29.752094628271486],[30.836835353824686,-29.752105107160073],[30.836852788183283,-29.75209695691349],[30.836844741556238,-29.75208647802406]]],[[[30.837161565764266,-29.753415513146734],[30.837176317913848,-29.753471399803363],[30.837219233258086,-29.753462085362763],[30.83720045779498,-29.753403870089347]]],[[[30.837209845526534,-29.753402705783543],[30.83722727988513,-29.753463249667877],[30.837267513020354,-29.753460921057616],[30.837252760870772,-29.753394555642462]]],[[[30.837923313124495,-29.75320710221497],[30.837943429692107,-29.753200116366166],[30.837924654229003,-29.753161694189085],[30.83790051434787,-29.753169844349095]]],[[[30.83949947837689,-29.756054303929087],[30.839503501690412,-29.756065946678586],[30.83959469679692,-29.756054303929087],[30.839592014587904,-29.75604033262791]]],[[[30.840343033112074,-29.75542792201226],[30.84033900979855,-29.75546517903874],[30.840422158278013,-29.755475657574948],[30.84042349938252,-29.75545819334733],[30.84041277054646,-29.75545470050145],[30.84041411165097,-29.75543956483453]]],[[[30.840896919172256,-29.75501158477504],[30.840899601381263,-29.755032541941187],[30.840929105680434,-29.75503370622807],[30.840927764575923,-29.755013913349266]]],[[[30.84163753093433,-29.7543800257861],[30.841624119889257,-29.754375368608134],[30.841620096575735,-29.754395161613036],[30.841693857323644,-29.75441146173179],[30.841703245055196,-29.754370711429942],[30.841640213143346,-29.754359068483506]]],[[[30.83926832407591,-29.754109030582722],[30.839281735120984,-29.75412300215312],[30.839386341272565,-29.754051979983355],[30.839370248018476,-29.754036844104593]]],[[[30.838683602510667,-29.753620024391555],[30.838698354660245,-29.753620024391555],[30.838699695764753,-29.753603724144092],[30.838683602510667,-29.753602559840598]]],[[[30.84150100270189,-29.75265248368336],[30.841494297179352,-29.752665291142414],[30.841534530314576,-29.752685084485012],[30.841541235837113,-29.752671112714186]]],[[[30.84149027386583,-29.752685084485012],[30.841499661597382,-29.75269207036971],[30.84150636711992,-29.752675769971336],[30.84149563828386,-29.752671112714186]]],[[[30.841165750641977,-29.753429902359983],[30.841168432850992,-29.753445038330394],[30.84119525494114,-29.75344154541434],[30.84118989052311,-29.75342640944342]]],[[[30.838747803991755,-29.751509423464412],[30.83876657945486,-29.75151757375877],[30.838789378231485,-29.75149195854572],[30.83876657945486,-29.751481479593053]]],[[[30.838810835903605,-29.75147449362399],[30.838798765963038,-29.75148613690548],[30.83881888253065,-29.751497780185623],[30.8388282702622,-29.75148730123356]]],[[[30.838836316889246,-29.75150709480877],[30.838825588053187,-29.751525724052453],[30.83885509235235,-29.75154086031039],[30.838863138979395,-29.75152223106953]]],[[[30.838908736532648,-29.75153969598294],[30.83889800769659,-29.75155483223878],[30.838916783159693,-29.75156531118379],[30.838927511995752,-29.751551339256864]]],[[[30.8387265736386,-29.75088154901527],[30.83872523253409,-29.750901342710094],[30.838749372415226,-29.75090600004948],[30.83874803131072,-29.750923465070265],[30.838824474267643,-29.75093045107772],[30.83882581537215,-29.750914150392894],[30.83881508653609,-29.75090949305387],[30.838817768745105,-29.75089202803066]]],[[[30.83922948782889,-29.75015616562078],[30.83922412341086,-29.75018643854799],[30.839411878041904,-29.75022253318],[30.83941992466895,-29.7501945889499]]],[[[30.839464181117695,-29.75031800924075],[30.83946686332671,-29.750334310022538],[30.83949234431235,-29.75033663870543],[30.83949368541686,-29.750321502265646]]],[[[30.8392308289334,-29.75041581389163],[30.83922948782889,-29.75043444333812],[30.839254968814533,-29.750433278997825],[30.83925630991904,-29.75045656580133],[30.839394443683307,-29.75045773014137],[30.839390420369785,-29.75043444333812],[30.83937298601119,-29.750432114657503],[30.83937164490668,-29.75041581389163]]],[[[30.83939846699683,-29.750373897624367],[30.839399808101337,-29.75039369141943],[30.83941456025092,-29.75039369141943],[30.839417242459934,-29.750411156529474],[30.839465522222202,-29.7504099921889],[30.83946149890868,-29.75038670537457],[30.839446746759098,-29.75038903405624],[30.83944540565459,-29.75037156894234]]],[[[30.839480274371784,-29.750465880521237],[30.839505755357425,-29.750468209201063],[30.839504414252918,-29.75035293948416],[30.839478933267277,-29.75034944646038]]],[[[30.840000357082722,-29.750930777435926],[30.839977558306096,-29.750970364802217],[30.840029861381886,-29.750997144482323],[30.84005400126302,-29.750962214463385]]],[[[30.840025838068364,-29.751018102487826],[30.840015109232304,-29.751035567489087],[30.84012776201093,-29.751092619805313],[30.84013849084699,-29.75107631914684]]],[[[30.843494410454475,-29.751016962015065],[30.84350245708152,-29.75103792001644],[30.84359096997901,-29.751021619349082],[30.843582923351967,-29.751002990011717]]],[[[30.843609745442116,-29.75099833267683],[30.843613768755638,-29.751014633347985],[30.843678141771996,-29.751002990011717],[30.84367143624946,-29.750985525004783]]],[[[30.845560429313387,-29.74998989211335],[30.84558591029903,-29.749999206876613],[30.845612732389178,-29.74995263305168],[30.845593956926074,-29.749940989592083]]],[[[30.847369263123483,-29.748348913894947],[30.8473907207956,-29.748359393175086],[30.84740144963166,-29.748346585165887],[30.84741754288575,-29.74835357135292],[30.84745375270745,-29.74830932549346],[30.847414860676736,-29.748287202556398]]],[[[30.845236073166486,-29.74873515447285],[30.845258871943113,-29.74873282575276],[30.84525484862959,-29.74864666307121],[30.84522936764395,-29.74864782743227]]],[[[30.84666638484802,-29.74770552043807],[30.84668247810211,-29.747693876717484],[30.846631516130827,-29.74764497307618],[30.846616763981245,-29.747654288057323]]],[[[30.84437711945381,-29.74758675442451],[30.844411988171004,-29.747618192500617],[30.844458926828764,-29.74757045319598],[30.844425399216078,-29.74754134385272]]],[[[30.842816073807143,-29.748167775053403],[30.842813391598128,-29.748203870412237],[30.8429166566452,-29.748214349707528],[30.84292336216774,-29.74817941871895]]],[[[30.84226622095909,-29.748054831427268],[30.842264879854582,-29.748080447518582],[30.84234936943855,-29.748087433724177],[30.842352051647566,-29.748058324531012]]],[[[30.842358757170103,-29.748059488898903],[30.842357416065596,-29.748087433724177],[30.842495549829863,-29.74809209119428],[30.842495549829863,-29.74806414637032]]],[[[30.842751700790785,-29.748111885439876],[30.842750359686278,-29.74813400841563],[30.842767794044875,-29.748136337149628],[30.84277047625389,-29.74811304980714]]],[[[30.843060966011738,-29.74857139964997],[30.843074377056812,-29.74862612464603],[30.84313875007317,-29.7486133166709],[30.84312265681908,-29.74855975602993]]],[[[30.84291880893395,-29.748523660799236],[30.84291880893395,-29.74859002943922],[30.84296038317368,-29.748591193800923],[30.842956359860157,-29.748523660799236]]],[[[30.844884354978074,-29.74523561662998],[30.844909835963715,-29.745243767434385],[30.844927270322312,-29.745178560980598],[30.844900448232163,-29.74517157457231]]]],""evenOdd"":true}",,
1718094883004,1990574,4,No panels as far as I can see,,,
1718097265064,7990477,37,Some panels missing on Gee,"{""type"":""MultiPolygon"",""coordinates"":[[[[28.137327360134197,-25.878953319588305],[28.137368934373928,-25.878975038676],[28.137385027628017,-25.87895573282047],[28.13734211228378,-25.878936426961783]]],[[[28.1365535428334,-25.87913793170635],[28.13653744957931,-25.87915482430406],[28.136599140386654,-25.879187402878504],[28.136613892536236,-25.879169303671592]]],[[[28.136777507286144,-25.87906794806158],[28.136760072927547,-25.879095700201532],[28.136793600540233,-25.879110179576315],[28.136815058212353,-25.87908604728404]]],[[[28.13663266799934,-25.879023303301],[28.136617915849758,-25.87904260914548],[28.136660831193996,-25.879064328216764],[28.136675583343578,-25.87904260914548]]],[[[28.13652269742973,-25.878962972516664],[28.136503921966625,-25.878991931296994],[28.13656427166946,-25.879018476839384],[28.136584388237072,-25.878991931296994]]],[[[28.136997448425365,-25.878843517472735],[28.136981355171276,-25.878868856431545],[28.137008177261425,-25.87887971598366],[28.137024270515514,-25.878857996878434]]],[[[28.136817556472632,-25.879133175081343],[28.136814874263617,-25.879145241223277],[28.136826944204184,-25.879147654451522],[28.136830967517707,-25.879138001538262]]],[[[28.13683901414475,-25.87914162138083],[28.13683499083123,-25.87915368752191],[28.13684437856278,-25.879157307364],[28.136848401876303,-25.879146447837403]]],[[[28.13672904357514,-25.879047505438066],[28.13672367915711,-25.87905957158877],[28.136733066888663,-25.87906801789352],[28.136763912292334,-25.879078877427318],[28.13677195891938,-25.87906801789352],[28.136754524560782,-25.879063191433737],[28.136759888978812,-25.87905715835873]]],[[[28.136733066888663,-25.87908491050123],[28.136746477933738,-25.879095770033473],[28.136759888978812,-25.87908491050123],[28.136746477933738,-25.879075257582834]]],[[[28.13639376744828,-25.87874947112457],[28.13638303861222,-25.878765157159815],[28.13642461285195,-25.878785669664314],[28.136432659478995,-25.878769983631788]]],[[[28.135606539102408,-25.87864208205806],[28.135593128057334,-25.878665007822033],[28.13563202008805,-25.878683107106223],[28.13564677223763,-25.87866138796485]]],[[[28.136376827913942,-25.87789488007893],[28.136368781286897,-25.877910566227683],[28.136375486809435,-25.87793590538664],[28.13639292116803,-25.877943145145338],[28.136396944481554,-25.87793228550712],[28.136396944481554,-25.877903326466964]]],[[[28.13641437884015,-25.8778984999596],[28.136402308899584,-25.877916599361253],[28.136406332213106,-25.87792987225404],[28.136422425467195,-25.877939525266036],[28.13643047209424,-25.87792987225404],[28.136422425467195,-25.8779190126146],[28.13643047209424,-25.87790815297416]]],[[[28.1364412009303,-25.877903326466964],[28.13643583651227,-25.877915392734565],[28.136454611975374,-25.877922632494514],[28.136459976393404,-25.877911772854407]]],[[[28.136427789885225,-25.877958831287682],[28.13641974325818,-25.877975724054014],[28.136438518721285,-25.877980550558245],[28.136431813198747,-25.877997443321473],[28.136442542034807,-25.87800106319901],[28.136453270870867,-25.877982963810283],[28.13646668191594,-25.877956418035154],[28.136454611975374,-25.87795279815627],[28.136449247557344,-25.87796607104497]]],[[[28.136494845110597,-25.877981757184273],[28.13648813958806,-25.877997443321473],[28.136492162901583,-25.87801192283091],[28.136505573946657,-25.878016749333657],[28.13652434940976,-25.877985377062277],[28.136510938364687,-25.87797813730616],[28.136506915051164,-25.87798899694017]]],[[[28.136379916408284,-25.877135178220158],[28.136379916408284,-25.877160517545466],[28.136500615813954,-25.877150864469783],[28.136500615813954,-25.87712793841193]]],[[[28.136559624412282,-25.877108632254473],[28.136558283307775,-25.87713759148947],[28.136603880861028,-25.87713759148947],[28.136605221965535,-25.877107425619528]]],[[[28.13675944898389,-25.877129145046656],[28.13675542567037,-25.877152071104295],[28.136803705432637,-25.877149657835275],[28.136805046537145,-25.87713035168138]]],[[[28.136853326299413,-25.87709656590448],[28.136851985194905,-25.8771182853336],[28.136894900539144,-25.87711707869875],[28.13689758274816,-25.87709777253952]]],[[[28.136589128711446,-25.87693970324222],[28.13659717533849,-25.877001241696078],[28.136619974115117,-25.876997621787922],[28.136617291906102,-25.876938496605533]]],[[[28.13653950784467,-25.87698917533511],[28.13655023668073,-25.876990381971257],[28.13655560109876,-25.876955389517814],[28.13653950784467,-25.87695176960824]]],[[[28.136540848949178,-25.876997621787922],[28.136540848949178,-25.87701451469173],[28.136563647725804,-25.87701451469173],[28.136562306621297,-25.87699400187965]]],[[[28.136729944684728,-25.876936083332165],[28.136727262475713,-25.87696504260945],[28.136746037938817,-25.87696504260945],[28.136746037938817,-25.876934876695454]]],[[[28.136893559434636,-25.87689867758848],[28.136889536121114,-25.876924016964523],[28.136982072332128,-25.876919190417134],[28.136984754541142,-25.87689867758848]]],[[[28.13702230546735,-25.87689023112859],[28.13701828215383,-25.876909537321733],[28.13703303430341,-25.87691195059565],[28.137031693198903,-25.87689143776576]]],[[[28.13632111561473,-25.876372553979664],[28.136318433405716,-25.87639668682636],[28.13636403095897,-25.876393066899666],[28.136366713167984,-25.876372553979664]]],[[[28.136323797823913,-25.87622051693215],[28.1363264800329,-25.876243443165905],[28.136392194153093,-25.876237409946935],[28.136392194153093,-25.876218103644117],[28.136363360406833,-25.87622172358008]]],[[[28.136303681256134,-25.87570648546465],[28.13630099904712,-25.875725791851288],[28.13636268985446,-25.875725791851288],[28.13636268985446,-25.875711312061604],[28.136413651825745,-25.875711312061604],[28.136419016243774,-25.875681145827414],[28.136350619913895,-25.875683559126436],[28.136346596600372,-25.8757040721661]]],[[[28.136429745079834,-25.875689592373764],[28.136429745079834,-25.875711312061604],[28.13644315612491,-25.875710105412388],[28.13644315612491,-25.875690799023193]]],[[[28.136508870245773,-25.875649373198872],[28.136503505827744,-25.875680746090698],[28.13654239785846,-25.87567833279162],[28.13654776227649,-25.875646959899154]]],[[[28.136549103380997,-25.87565781974748],[28.13654776227649,-25.875679539441165],[28.13656251442607,-25.87567712614207],[28.13656385553058,-25.875660233046982]]],[[[28.1367475868481,-25.875631273449798],[28.136743563534576,-25.875654199798156],[28.136770385624725,-25.875652993148353],[28.136770385624725,-25.875632480099817]]],[[[28.13675161016162,-25.875663852996137],[28.136748927952606,-25.875683159389727],[28.13681598317798,-25.875680746090698],[28.1368200064915,-25.875660233046982]]],[[[28.136848169686157,-25.875733838657887],[28.136842805268127,-25.875756764986342],[28.13686694514926,-25.875755558337584],[28.136869627358276,-25.875733838657887]]],[[[28.136842805268127,-25.875767624824583],[28.136840123059113,-25.875789344498074],[28.136911201598007,-25.87578451790431],[28.136911201598007,-25.875765211527284]]],[[[28.136840123059113,-25.87591448741047],[28.136838781954605,-25.87593500041004],[28.13685755741771,-25.87593500041004],[28.13685755741771,-25.87591690070472]]],[[[28.13688303840335,-25.875907247527426],[28.136881697298843,-25.875930173822216],[28.13695679915126,-25.875925347234222],[28.136960822464783,-25.875893974407354],[28.13693668258365,-25.875893974407354],[28.136934000374634,-25.875906040880206]]],[[[28.13704128873523,-25.875874668048212],[28.13704128873523,-25.875892767759993],[28.137085545183975,-25.87589156111262],[28.137094932915527,-25.875836055320473],[28.137064087511856,-25.875836055320473],[28.13705604088481,-25.875874668048212]]],[[[28.137288006726067,-25.875664691248485],[28.137309464398186,-25.875662277949083],[28.137305441084663,-25.875622458501798],[28.137282642308037,-25.875623665151924]]],[[[28.137356403055946,-25.875594705545755],[28.137357744160454,-25.87561763190122],[28.137400659504692,-25.87561763190122],[28.1374020006092,-25.87559711884654]]],[[[28.137534769955437,-25.87558022574002],[28.13753745216445,-25.875604358748607],[28.137566956463615,-25.875599532147287],[28.1375642742546,-25.87558022574002]]],[[[28.13729203003959,-25.87575277664297],[28.13729605335311,-25.875790182749533],[28.137336286488335,-25.87578656280425],[28.137332263174812,-25.875751569994176]]],[[[28.13744357484893,-25.875709337278565],[28.137440892639916,-25.875743123452256],[28.13747039693908,-25.875738296856614],[28.13747039693908,-25.875710543927777]]],[[[28.13745430368499,-25.87586499492711],[28.137450280371468,-25.875906020939855],[28.137494536820213,-25.875906020939855],[28.137498560133736,-25.875862581631793]]],[[[28.13789016264991,-25.87604719858073],[28.137894185963432,-25.876062884974857],[28.137934419098656,-25.876060471683587],[28.13792637247161,-25.876045991934934]]],[[[28.13794783014373,-25.876062884974857],[28.13794783014373,-25.876105117564062],[28.138022931996147,-25.876101497628436],[28.138024273100655,-25.876082191303222],[28.138002815428536,-25.87608339794865],[28.13800549763755,-25.876065298266077]]],[[[28.138006838742058,-25.875869821517586],[28.138009520951073,-25.87591326082298],[28.138033660832207,-25.875910847528655],[28.138028296414177,-25.87586620157475]]],[[[28.137988063278954,-25.875914467470125],[28.138002815428536,-25.875915674117266],[28.137996109906,-25.875867408222373],[28.13798001665191,-25.875867408222373]]],[[[28.137934419098656,-25.875899987703583],[28.13796928781585,-25.875897574408995],[28.13796928781585,-25.875879474697946],[28.137934419098656,-25.875877061402925]]],[[[28.13776946324424,-25.875699684084292],[28.13777482766227,-25.875743123452256],[28.137815060797493,-25.875735883558715],[28.13781103748397,-25.875697270785608]]],[[[28.13792637247161,-25.875682790992443],[28.137925031367104,-25.87570692398006],[28.137962582293312,-25.87570451068153],[28.137959900084297,-25.875683997641936]]],[[[28.137992086592476,-25.87567675774477],[28.137997451010506,-25.875723817068472],[28.138022931996147,-25.87571657717373],[28.13801622647361,-25.875677964394317]]],[[[28.137729230109016,-25.875539199614117],[28.137735935631554,-25.875586258992627],[28.13774800557212,-25.875583845691622],[28.137745323363106,-25.87554040626509]]],[[[28.137745323363106,-25.87551144663852],[28.13774264115409,-25.875528339754872],[28.13776409882621,-25.875527133103787],[28.137766781035225,-25.87551506659222]]],[[[28.137762757721703,-25.87553557966115],[28.137766781035225,-25.87558022574002],[28.137788238707344,-25.875574192487104],[28.137782874289314,-25.875533166359105]]],[[[28.137951853457253,-25.87553557966115],[28.137949171248238,-25.875556092726505],[28.137961241188805,-25.87555367942488],[28.137959900084297,-25.87557177918586],[28.138002815428536,-25.875570572535207],[28.13800549763755,-25.875551266123217],[28.137981357756416,-25.87555247277406],[28.137981357756416,-25.87553557966115]]],[[[28.13800549763755,-25.87551506659222],[28.13801086205558,-25.87553195970807],[28.1380323197277,-25.875533166359105],[28.138029637518684,-25.87551385994101]]],[[[28.138040366354744,-25.87551144663852],[28.138040366354744,-25.875533166359105],[28.13807389396743,-25.87553075305702],[28.138077917280953,-25.87551144663852]]],[[[28.13829383510665,-25.87550662003339],[28.13829383510665,-25.875547646170617],[28.138346138182442,-25.87554040626509],[28.138350161495964,-25.875507826684697]]],[[[28.13825226086692,-25.87571295722621],[28.138269695225517,-25.87571175057699],[28.13826298970298,-25.87566107129936],[28.138245555344383,-25.875663484598782]]],[[[28.138271036330025,-25.875663484598782],[28.138276400748055,-25.87571175057699],[28.13829919952468,-25.875709337278565],[28.13829517621116,-25.87566107129936]]]],""evenOdd"":true}",,
1718097265064,6750010,38,,"{""type"":""MultiPolygon"",""coordinates"":[[[[26.824837566075324,-26.309635464595516],[26.824837566075324,-26.30967874314116],[26.824900597987174,-26.309684754048998],[26.82490328019619,-26.309641475505604]]],[[[26.825227010187042,-26.310792141815913],[26.82522835129155,-26.31081378087476],[26.825320887502563,-26.310820993893483],[26.82531820529355,-26.31080055700595]]],[[[26.823190923931328,-26.310271018809463],[26.823190923931328,-26.310297466666434],[26.823233839275566,-26.310297466666434],[26.823229815962044,-26.31026861445853]]],[[[26.823262002470223,-26.31027222098491],[26.82326334357473,-26.310293860140845],[26.82329016566488,-26.310292657965622],[26.823287483455864,-26.31027222098491]]],[[[26.82377049336373,-26.3111444937327],[26.823895216082924,-26.311102417901335],[26.82388716945588,-26.311090396232423],[26.823790609931343,-26.311122854735626],[26.823767811154717,-26.311066352890858],[26.823746353482598,-26.311072363726712]]],[[[26.824188730092303,-26.311690282764577],[26.824199458928362,-26.311709517334656],[26.824219575495974,-26.31169749572873],[26.824207505555407,-26.311683069799972]]],[[[26.82386797538263,-26.312089399439447],[26.823890774159256,-26.31211945335026],[26.823971240429703,-26.312071367089214],[26.82395782938463,-26.312056941207008],[26.82392027845842,-26.312080984343023],[26.823908208517853,-26.31206655846201]]],[[[26.824110569357178,-26.31294399880166],[26.824111910461685,-26.312966839606123],[26.824217857717773,-26.31296203101608],[26.824212493299743,-26.312937988062888]]],[[[26.826700372065986,-26.31445521610663],[26.82671378311106,-26.31446964169023],[26.826767427291358,-26.31444199265343],[26.8267566984553,-26.314423960669327]]],[[[26.822441766673457,-26.31095429952633],[26.82248736422671,-26.310959108199704],[26.82248736422671,-26.31097473638674],[26.822589288169276,-26.310987960235682],[26.82259197037829,-26.310971129882226],[26.8225396673025,-26.310965119041118],[26.822542349511515,-26.310951895189568],[26.82252491515292,-26.310948288684354],[26.82252893846644,-26.31093386266232],[26.82246590655459,-26.310925447481967],[26.822463224345576,-26.310942277842052],[26.82244444888247,-26.310935064830897]]],[[[26.822477976495158,-26.310043052322246],[26.822495410853755,-26.310070702408797],[26.822532961779963,-26.31005146756667],[26.822516868525874,-26.310026221831556]]],[[[26.822687871771517,-26.31367873329803],[26.822709329443637,-26.313717201774804],[26.822746880369845,-26.31369796753802],[26.82272274048871,-26.313660701195147]]],[[[26.822610087710085,-26.313572944921063],[26.82263959200925,-26.31361982841823],[26.82267043741292,-26.313602998447063],[26.82263959200925,-26.31355972136715]]],[[[26.822537668066683,-26.313557317084456],[26.822567172365847,-26.313600594165276],[26.822604723292056,-26.31357414706226],[26.8225765600974,-26.313534476396402]]],[[[26.822777094284536,-26.31298266233166],[26.822797210852148,-26.31301632245175],[26.822818668524267,-26.31300670527558],[26.822797210852148,-26.312975449447503]]],[[[26.82229697887087,-26.313175005743332],[26.822315754333975,-26.313203857227535],[26.822330506483556,-26.31319544221205],[26.822311731020452,-26.313170197161934]]],[[[26.820519803810836,-26.311136143192027],[26.82052785043788,-26.311152973521512],[26.820586859036208,-26.311136143192027],[26.82058015351367,-26.31111931286011]]],[[[26.82042860870433,-26.311173410346882],[26.820442019749404,-26.31120827315831],[26.820499687243224,-26.311193847168642],[26.820487617302657,-26.311156580020363]]],[[[26.82125437974164,-26.313619016432757],[26.821271814100236,-26.313634644261043],[26.821344233743638,-26.313594973615896],[26.821329481594056,-26.31357814364112]]],[[[26.822712051824837,-26.3142762197696],[26.82272143955639,-26.314289443241723],[26.82273753281048,-26.31427862403737],[26.82272680397442,-26.314266602698005]]],[[[26.823844553702394,-26.31663955337561],[26.823857964747468,-26.316655180796452],[26.82387808131508,-26.316646766031642],[26.823863329165498,-26.31662873439073]]]],""evenOdd"":true}",,
1718097265064,4790064,39,No panels as far as I can see,,,
1718097265064,7972951,40,,"{""type"":""Polygon"",""coordinates"":[[[28.467444170793467,-26.115887598406978],[28.467441488584452,-26.115904456998297],[28.467466969570093,-26.115902048628246],[28.4674683106746,-26.115887598406978]]],""geodesic"":true,""evenOdd"":true}",,
1718097265064,8740046,41,"Bit of a difficult search area, hope I got everyhing","{""type"":""MultiPolygon"",""coordinates"":[[[[30.989271721725896,-25.29320251192649],[30.989267698412373,-25.293388029971478],[30.98933207142873,-25.293398942788816],[30.989340118055775,-25.29321342476052]]],[[[30.989350846891835,-25.293209787149294],[30.989341459160283,-25.293401367859207],[30.989396444445088,-25.293401367859207],[30.98940583217664,-25.293209787149294]]],[[[30.98867237567211,-25.2898351409926],[30.988685786717184,-25.289843628988205],[30.98868176340366,-25.289864242689337],[30.98875150083805,-25.289881218675873],[30.988752841942556,-25.289858179836425],[30.988775640719183,-25.289863030118784],[30.988785028450735,-25.289842416417443],[30.98868176340366,-25.28981331471547]]],[[[30.984054604865694,-25.290718752853778],[30.984063992597246,-25.290741791529726],[30.98408276806035,-25.290738153844345],[30.98408813247838,-25.29075997995502],[30.98413104782262,-25.290757554831806],[30.984123001195574,-25.290739366406157],[30.984149823285723,-25.290739366406157],[30.984139094449663,-25.2907126900436]]],[[[30.986137340165758,-25.289469807554692],[30.986149410106325,-25.289486783596455],[30.9861628211514,-25.28947950815028],[30.98617354998746,-25.289497696764904],[30.986201713182115,-25.289485571022123],[30.986192325450563,-25.28947223270367],[30.986205736495638,-25.289458894383746],[30.986190984346056,-25.289441918338085]]],[[[30.98594153890767,-25.289548624871312],[30.98596299657979,-25.289553475166045],[30.98596299657979,-25.289529223690433],[30.985945562221193,-25.289526798542614]]],[[[30.98688701758542,-25.28914209452337],[30.986909816362047,-25.289146944834364],[30.98690847525754,-25.289013561211362],[30.986888358689928,-25.289009923474133]]],[[[30.986920545198107,-25.289029324738078],[30.986921886302614,-25.28914573225663],[30.986936638452196,-25.289144519678903],[30.986936638452196,-25.289026899580257]]],[[[30.986907134153032,-25.289180897005892],[30.986925909616136,-25.289180897005892],[30.986927250720644,-25.289150582567483],[30.986905793048525,-25.289150582567483]]],[[[30.98693395624318,-25.289151795145166],[30.98693932066121,-25.289180897005892],[30.986952731706285,-25.289179684428504],[30.986951390601778,-25.289150582567483]]],[[[30.9878829970781,-25.288991221519513],[30.987865562719502,-25.289022748576716],[30.987885679287114,-25.289031236629175],[30.98786690382401,-25.289062763675997],[30.987891043705144,-25.289076102039488],[30.98794468788544,-25.288986371202284],[30.987917865795293,-25.288974245408372],[30.98790445475022,-25.289003347311706]]],[[[30.988732729724504,-25.289207515004524],[30.9887139542614,-25.289225703659945],[30.988748822978593,-25.289253592926283],[30.988763575128175,-25.289236616851877]]],[[[30.989545439056016,-25.289093532701823],[30.989570920041658,-25.289110508796245],[30.989582989982225,-25.289092320123558],[30.989560191205598,-25.289071706291207]]],[[[30.989638618339107,-25.288975231724145],[30.98965739380221,-25.28898978267657],[30.989682874787853,-25.288961893349562],[30.98966409932475,-25.288947342393786]]],[[[30.9896734870563,-25.289000695889737],[30.989688239205883,-25.289010396522837],[30.989713720191524,-25.2889812946212],[30.98970030914645,-25.288970381406294]]],[[[30.990160903266894,-25.287707705996294],[30.990174314311968,-25.28771983191684],[30.990148833326327,-25.287746508937765],[30.990181019834505,-25.287775611135718],[30.990211865238177,-25.287746508937765],[30.990238687328326,-25.28771861932485],[30.990185043148028,-25.28767617859722]]],[[[30.99005227380179,-25.28785442955343],[30.990061661533343,-25.287862917687665],[30.990006676248537,-25.287913846480617],[30.990029475025164,-25.28792961015029],[30.99013139896773,-25.287820477010545],[30.99010994129561,-25.287801075553197]]],[[[30.989949008754717,-25.287998727754665],[30.98998387747191,-25.2880302550699],[30.99003752165221,-25.287972050789225],[30.990003994039522,-25.28794052345886]]],[[[30.98985244923018,-25.28806663273113],[30.98990609341048,-25.28810786073401],[30.98992620997809,-25.288081183792574],[30.989880612424837,-25.288035105425354]]],[[[30.989093705918442,-25.287481660282165],[30.98910041144098,-25.287507124761376],[30.989217087533127,-25.28748529806523],[30.98920501759256,-25.28744043206642],[30.989129915740143,-25.287451345419015],[30.98913662126268,-25.287473172121253]]],[[[30.98791870027226,-25.288140806850777],[30.987932111317335,-25.28815778307856],[30.98790260701817,-25.28817597189142],[30.987916018063245,-25.288194160701547],[30.988004530960737,-25.28813353132385],[30.98797636776608,-25.28810200403547]]],[[[30.987865056091962,-25.2882863172976],[30.98789724260014,-25.288322694882037],[30.98792406469029,-25.288300868332687],[30.987894560391126,-25.288262065568585]]],[[[30.98447616478926,-25.28887430000608],[30.984480188102783,-25.288896126452215],[30.984521762342514,-25.288893701291727],[30.984516397924484,-25.288870662264678]]],[[[30.984567359895767,-25.28884277291026],[30.98457004210478,-25.288864599362086],[30.984599546403945,-25.288860961620394],[30.984592840881408,-25.288840347748717]]],[[[30.989889033959468,-25.284879451992452],[30.989905127213557,-25.28489885391716],[30.98996145360287,-25.284868538408436],[30.98994536034878,-25.284844285995998]]],[[[30.989910491631587,-25.284909767498444],[30.98992926709469,-25.28493159465808],[30.98998827569302,-25.28489885391716],[30.989968159125407,-25.284878239372052]]],[[[30.986760645731596,-25.2800918179549],[30.986783444508223,-25.280103944636796],[30.98683842979303,-25.280010569154832],[30.98681160770288,-25.280002080471103]]],[[[30.986849158629088,-25.280019057837983],[30.986814289911894,-25.280083329276838],[30.986830383165984,-25.280088179950084],[30.986871957405715,-25.280025121182735]]],[[[30.98683842979303,-25.28007969127178],[30.98681697212091,-25.2800918179549],[30.98689475618234,-25.280130623332738],[30.986906826122908,-25.280108795309225]]],[[[30.98834705734803,-25.281469507770044],[30.988389972692268,-25.28148648493158],[30.988434229141014,-25.28135673085097],[30.98839399600579,-25.281339753671265]]],[[[30.988444957977073,-25.281357943506578],[30.98841545367791,-25.281441616713792],[30.988428864722984,-25.281442829368544],[30.988458369022148,-25.281360368817733]]],[[[30.988391313796775,-25.281490122894436],[30.988423500304954,-25.28149376085722],[30.988442275768058,-25.281442829368544],[30.988407407050865,-25.28143919140425]]],[[[30.988506648784416,-25.28147072042452],[30.9885039665754,-25.28149376085722],[30.988585773950355,-25.281521651901475],[30.988591138368385,-25.281497398819873]]],[[[30.98941583565289,-25.2816551801034],[30.989406447921336,-25.28169155967666],[30.98944131663853,-25.281708536807127],[30.989453386579097,-25.281668519281528]]],[[[30.989460092101634,-25.281669731934013],[30.989449363265575,-25.281710962111276],[30.989464115415156,-25.281715812719444],[30.98946679762417,-25.281693984981167],[30.989476185355723,-25.2816951976334],[30.989481549773753,-25.281675795196254]]],[[[31.001476638924384,-25.272993710183318],[31.001471274506354,-25.27301190126984],[31.00159331501653,-25.273053134389205],[31.001595997225547,-25.2730373687864]]],[[[31.00178911627462,-25.272763289517993],[31.00179448069265,-25.27278511886294],[31.001815938364768,-25.27278511886294],[31.001813256155753,-25.27276207677649]]],[[[30.99207835004365,-25.274794571578987],[30.992089078879708,-25.27481154967455],[30.992263422465676,-25.274730297338586],[30.99225135252511,-25.274714531953666]]]],""evenOdd"":true}",,
1718097265064,4991238,42,No panels as far as I can see,,,
1718097265064,1830064,43,Missing panels on GEE,"{""type"":""MultiPolygon"",""coordinates"":[[[[22.600028173413218,-32.34935522736726],[22.60001744457716,-32.34939941305884],[22.600087182011546,-32.349415274583905],[22.600103275265635,-32.34936655703383]]],[[[22.60008986422056,-32.3494209394136],[22.600087182011546,-32.34944246576322],[22.600103275265635,-32.34944699762564],[22.600104616370142,-32.34942320534537]]],[[[22.602149800743998,-32.34937901966538],[22.60216455289358,-32.34937675373253],[22.602167235102595,-32.34938695043008],[22.602183328356684,-32.34938355153102],[22.602183328356684,-32.34939601416026],[22.60220210381979,-32.34939261526156],[22.602199421610774,-32.34936315813401],[22.60214443632597,-32.34936769000041]]],[[[22.602239654745997,-32.34935636033399],[22.602239654745997,-32.34939261526156],[22.60227452346319,-32.349390349329],[22.602273182358683,-32.34935409440053]]],[[[22.60362459055763,-32.349281764081475],[22.60362459055763,-32.34932821574309],[22.60371846787315,-32.34931801903894],[22.60371310345512,-32.349273833307585]]],[[[22.60093065299892,-32.351098390637134],[22.600933335207934,-32.3511210495322],[22.60098697938823,-32.35111651775365],[22.600981614970202,-32.35109612474733]]],[[[22.605773220510788,-32.351024214673885],[22.605837593527145,-32.35101968289047],[22.60582418248207,-32.350946041378265],[22.605762491674728,-32.3509494402186]]],[[[22.605544088435835,-32.35077886384818],[22.605632601333326,-32.35076980025655],[22.60563528354234,-32.35068256314069],[22.605549452853865,-32.35068709494099]]],[[[22.60113637248077,-32.35318963910577],[22.60113637248077,-32.35322589249694],[22.60117928782501,-32.35322136082384],[22.601180628929516,-32.353185107430846]]],[[[22.60186253031971,-32.353664762601746],[22.60188398799183,-32.35366023095064],[22.601881305782815,-32.353650034734805],[22.60190410455944,-32.35364437016995],[22.601897399036904,-32.35361944608041],[22.601875941364785,-32.35362397773356],[22.601874600260278,-32.35360245237905],[22.601854483692666,-32.35360471820609]]],[[[22.60540930897504,-32.35074403780099],[22.60541467339307,-32.350766696784824],[22.605438813274205,-32.35076443088669],[22.605434789960682,-32.35074403780099]]]],""evenOdd"":true}",,
1718097265064,2600515,44,Most on hospital roof. SO many panels in this polygon! Phew.,"{""type"":""MultiPolygon"",""coordinates"":[[[[27.93790914487343,-32.949924157343084],[27.937922555918504,-32.949946664996745],[27.93795206021767,-32.94993541117063],[27.937960106844713,-32.949953417291724],[27.937986928934862,-32.94994441423164],[27.937970835680773,-32.949924157343084],[27.9379936344574,-32.94991402889707],[27.93797754120331,-32.949892646618345]]],[[[27.93809469469558,-32.94947625735489],[27.938108105740653,-32.949494263569505],[27.938159067711936,-32.949469505023465],[27.93814699777137,-32.949451498803796],[27.938148338875877,-32.94943911952566],[27.938132245621787,-32.94942223868903],[27.938116152367698,-32.949440244914655],[27.93813090451728,-32.949458251136605]]],[[[27.939448486088168,-32.94830411446237],[27.939471284864794,-32.9484087769213],[27.939455191610705,-32.94840765151916],[27.93945787381972,-32.948443664380065],[27.9394364161476,-32.94844816598663],[27.939448486088168,-32.94848192802869],[27.93962048291143,-32.94845463737523],[27.939789797415926,-32.94842509568671],[27.940125743864428,-32.948361510019694],[27.940116356132876,-32.94831424309283],[27.94017804694022,-32.94830073825195],[27.94015524816359,-32.948236590229556],[27.940090875147234,-32.948245593463575],[27.940081487415682,-32.948215207545076],[27.94010428619231,-32.94820732971266],[27.94009758066977,-32.94819269945057],[27.940076122997652,-32.948196075665116],[27.940073440788638,-32.948187072426045],[27.94009355735625,-32.94817919459111],[27.94008819293822,-32.948166815134805]]],[[[27.939355949877154,-32.948400899106105],[27.939350585459124,-32.94837951646139],[27.93932644557799,-32.94838514347365],[27.93932644557799,-32.94836263542241],[27.93930096459235,-32.94836938783839],[27.939296941278826,-32.948344628977296],[27.939256708143603,-32.94835475760313],[27.939248661516558,-32.948344628977296],[27.939113209961306,-32.94837276404618],[27.939127962110888,-32.948436911969765],[27.939149419783007,-32.94843128496078],[27.939161489723574,-32.94848642963333],[27.939138690946947,-32.948490931237714],[27.939152101992022,-32.948539323470584],[27.939350585459124,-32.94850105984679],[27.93933717441405,-32.94845154219143],[27.939313034532915,-32.948457169199116],[27.9393103523239,-32.94844591518338],[27.939209769485842,-32.94846504700928],[27.93919501733626,-32.94840990232339],[27.93927950692023,-32.94839189588791],[27.93928353023375,-32.94841552933373]]],[[[27.939017991541277,-32.94842340714761],[27.93901128601874,-32.94839864830165],[27.938967029569994,-32.9484087769213],[27.93898446392859,-32.94847742642383],[27.93901128601874,-32.94847292481873],[27.939001898287188,-32.94842678335334]]],[[[27.938963006256472,-32.948444789781725],[27.93895361852492,-32.94841215312758],[27.938815484760653,-32.94844141357668],[27.938840965746294,-32.94853369646812],[27.93886912894095,-32.9485291948659],[27.938857059000384,-32.94848192802869],[27.938946913002383,-32.94846279620644],[27.938941548584353,-32.94845154219143]]],[[[27.938574085949313,-32.948665368231794],[27.938799391506564,-32.94861472526897],[27.938788662670504,-32.94857871247776],[27.938767204998385,-32.948583214077466],[27.93875915837134,-32.94855057747442],[27.938709537504565,-32.94856070607666],[27.938708196400057,-32.94854720127342],[27.938776592729937,-32.94853144566704],[27.938757817266833,-32.94845491839609],[27.93853251170958,-32.948498809044885]]],[[[27.938844989059817,-32.94855170287473],[27.93885840010489,-32.94860347127331],[27.938997874973666,-32.94857196007777],[27.938981781719576,-32.94852244246212]]],[[[27.939008603809725,-32.948526944064696],[27.939017991541277,-32.9485674584775],[27.939093093393694,-32.94855170287473],[27.939083705662142,-32.948514564657074]]],[[[27.93860627245749,-32.9487801588401],[27.938614319084536,-32.948797039799345],[27.93874842953528,-32.94876665407039],[27.93874306511725,-32.948749773105355]]],[[[27.93861163687552,-32.94880491757922],[27.938626389025103,-32.94885330964019],[27.938646505592715,-32.94884880805424],[27.938655893324267,-32.94887919375495],[27.938634435652148,-32.94888594613147],[27.93865455221976,-32.94894334131105],[27.9386800332054,-32.948937714334306],[27.938671986578356,-32.948902827070505],[27.9387698872074,-32.94888031915108],[27.938777933834444,-32.948896074695284],[27.93880743813361,-32.94888819692353],[27.938781957147967,-32.948798165196514],[27.93875379395331,-32.94880379218214],[27.938761840580355,-32.94883530329502],[27.93873770069922,-32.94883980488166],[27.93874842953528,-32.94887356677413],[27.93871221971358,-32.94888031915108],[27.938694785354983,-32.94882404932742],[27.938716243027102,-32.94881729694617],[27.938710878609072,-32.948797039799345],[27.93875379395331,-32.94878691122418],[27.938747088430773,-32.94877228105803]]],[[[27.93872160744513,-32.948945592101644],[27.93874842953528,-32.948941090520385],[27.93873770069922,-32.94891408102808],[27.938713560818087,-32.94891858261071]]],[[[27.93875915837134,-32.948938839729685],[27.938783298252474,-32.948934338148085],[27.938773910520922,-32.94890845404947],[27.938751111744295,-32.94891295563238]]],[[[27.93880073261107,-32.9488296763114],[27.93881146144713,-32.94887244137792],[27.938851694582354,-32.94886343820774],[27.938857059000384,-32.94888031915108],[27.938814143656145,-32.948890447715534],[27.938828895805727,-32.948938839729685],[27.938946913002383,-32.94891408102808],[27.938920090912234,-32.94881842234309],[27.938891927717577,-32.948825174724234],[27.9388959510311,-32.94883417789833],[27.938857059000384,-32.94884655726117],[27.938850353477847,-32.948820673136865]]],[[[27.93914761551863,-32.94888551687378],[27.939155662145673,-32.948902397812894],[27.93922003516203,-32.94888776766584],[27.93922539958006,-32.94891252637482],[27.93924685725218,-32.94890915018763],[27.939260268297254,-32.94896204377197],[27.939332687940656,-32.94894966442528],[27.939327323522626,-32.94893728507686],[27.93935146340376,-32.948931658099724],[27.93934609898573,-32.94891927874878],[27.939501667108594,-32.94888889306185],[27.93949898489958,-32.948876513704924],[27.9395204425717,-32.94887201212016],[27.93949898489958,-32.948812366100334]]],[[[27.93913554557806,-32.94903294363323],[27.939228081789075,-32.949013811930236],[27.93922539958006,-32.949003683379914],[27.9392683149243,-32.94899242943376],[27.939265632715284,-32.948980050091315],[27.939285749282895,-32.948974423116915],[27.939281725969373,-32.94896316916704],[27.939171755399762,-32.948989053249626],[27.939143592205106,-32.94888664226982],[27.939091289129315,-32.94889677083354]]],[[[27.938996070709287,-32.94899242943376],[27.939051055994092,-32.948977799301595],[27.939045691576062,-32.948968796142154],[27.9390886069203,-32.948960918376876],[27.939085924711286,-32.94894966442528],[27.93910470017439,-32.94894741363478],[27.93909933575636,-32.948920404144395],[27.939076536979734,-32.94892265493558],[27.93907251366621,-32.948902397812894],[27.93897863635069,-32.94891927874878]]],[[[27.939024233903943,-32.949005934168966],[27.939032280530988,-32.94903294363323],[27.939056420412122,-32.94902844205642],[27.939059102621137,-32.94903857060391],[27.93913152226454,-32.94902619126794],[27.939116770114957,-32.94898792785489]]],[[[27.939321959104596,-32.94864580719038],[27.939275020446836,-32.94865481038273],[27.93928843149191,-32.94869532473694],[27.939453387346326,-32.94866606437187],[27.93943461188322,-32.94859854041554],[27.93938364991194,-32.94860754361268],[27.939390355434476,-32.948621048406714],[27.939348781194745,-32.948630051601576],[27.939339393463193,-32.94861654680893],[27.93931391247755,-32.948621048406714]]],[[[27.93922003516203,-32.948769601004756],[27.939106041278897,-32.948792108952375],[27.939119452323972,-32.94883825022709],[27.939165049877225,-32.94883037245018],[27.939170414295255,-32.94884162641697],[27.939237469520627,-32.94882812165665],[27.939244175043164,-32.94885175498586],[27.939338052358686,-32.94883487403707],[27.93929916032797,-32.9487020771275],[27.939248198356687,-32.94871108031411],[27.93925222167021,-32.9487234596942],[27.939206624116956,-32.94873133748064]]],[[[27.939297819223462,-32.94870095172911],[27.939303183641492,-32.94871333111061],[27.9393407345677,-32.94870432792423],[27.93935682782179,-32.948753845438006],[27.93931391247755,-32.948761723221736],[27.939339393463193,-32.94883037245018],[27.939511054840146,-32.94879435974683],[27.939490938272534,-32.94872008349981],[27.939443999614774,-32.94873133748064],[27.939438635196744,-32.94872008349981],[27.93941985973364,-32.9487234596942],[27.93940376647955,-32.948679569156944]]],[[[27.939405107584058,-32.94867731835958],[27.93941449531561,-32.9487020771275],[27.93945204624182,-32.948694199338455],[27.939464116182386,-32.94872683588848],[27.939489597168027,-32.94871895810165],[27.93947216280943,-32.94866381357415]]],[[[27.944038298046706,-32.947784320225374],[27.94402086368811,-32.94783383825447],[27.944101329958556,-32.94786084807684],[27.944118764317153,-32.94780457760427]]],[[[27.944807522160872,-32.94779669973524],[27.944820933205946,-32.94781920793057],[27.944869212968214,-32.94780232678462],[27.944858484132155,-32.947783194815294]]],[[[27.94477131233917,-32.94785747184949],[27.944788746697768,-32.94787660380274],[27.94483970866905,-32.94785747184949],[27.94482361541496,-32.94783833989211]]],[[[27.939038161315167,-32.95035708001186],[27.93905693677827,-32.95035032774772],[27.93904218462869,-32.95032556944145],[27.939023409165586,-32.950332321707485]]],[[[27.938230816401685,-32.95069806868044],[27.938240204133237,-32.95071382390065],[27.93826032070085,-32.95070482091801],[27.938246909655774,-32.95068906569619]]],[[[27.937796298541272,-32.950812856649165],[27.937807027377332,-32.95082973722023],[27.93782446173593,-32.95082298499219],[27.937841896094525,-32.95081398202067],[27.937831167258466,-32.9507937253314]]],[[[27.93739401705599,-32.951313680236666],[27.93739401705599,-32.951329435347155],[27.937422180250646,-32.95133506217165],[27.93742620356417,-32.95132043242722]]],[[[27.941077535708445,-32.953426560731714],[27.94108960564901,-32.95341418201026],[27.941073512394922,-32.953397301932775],[27.941060101349848,-32.95340517930267]]],[[[27.940983658392923,-32.95348282762554],[27.940999751647013,-32.953473824924934],[27.940983658392923,-32.9534546941831],[27.94096890624334,-32.95346482222342]]],[[[27.940893804390925,-32.953542470493886],[27.940909897645014,-32.95353121712558],[27.94089112218191,-32.95350983572185],[27.94087502892782,-32.953519963755845]]],[[[27.940817361434,-32.95359311063353],[27.940832113583582,-32.95358635861658],[27.940814679224985,-32.95356497722619],[27.94080126817991,-32.95357285458115]]],[[[27.94071811970045,-32.953623494703386],[27.94073421295454,-32.9536471267505],[27.940750306208628,-32.95363587339551],[27.940736895163553,-32.95361561735294]]],[[[27.940651064475077,-32.953704518838606],[27.940661793311136,-32.95369439082576],[27.940647041161554,-32.95367526013167],[27.940630947907465,-32.953684262811755]]],[[[27.940557187159555,-32.95376078555547],[27.940573280413645,-32.95375065754909],[27.940557187159555,-32.953730401532816],[27.940541093905466,-32.95374052954153]]],[[[27.940479403098124,-32.95381142557003],[27.940495496352213,-32.953802422902896],[27.940478061993616,-32.953779916231056],[27.94046062763502,-32.953791169567694]]],[[[27.940372114737528,-32.95384993928413],[27.940385525782602,-32.95386794460781],[27.940405642350214,-32.953858941946436],[27.940393572409647,-32.953840936620914]]],[[[27.940314447243708,-32.95391295790093],[27.940331881602305,-32.953906205908424],[27.9403131061392,-32.95388820059255],[27.940299695094126,-32.95389495258643]]],[[[27.94021386440565,-32.9539759764728],[27.940227275450724,-32.95396809915378],[27.940209841092127,-32.95395009385051],[27.94019777115156,-32.953959096502594]]],[[[27.939806524037895,-32.95424013069828],[27.939822617291984,-32.9542592612701],[27.939837369441566,-32.95425025864859],[27.939822617291984,-32.95423337873076]]],[[[27.939669731378135,-32.95430765034505],[27.939684483527717,-32.95429977305559],[27.93967241358715,-32.95428176781988],[27.93965632033306,-32.95429077043819]]],[[[27.93973008108097,-32.954524723563],[27.939734104394493,-32.9545371021289],[27.939755562066612,-32.954533726156555],[27.939752879857597,-32.95452247291447]]],[[[27.939738127708015,-32.954628253333574],[27.939743492126045,-32.954644007853254],[27.939764949798164,-32.95463950656221],[27.939759585380134,-32.95462712801063]]],[[[27.939750197648582,-32.95473201494016],[27.939755562066612,-32.95474551879848],[27.93977299642521,-32.95474101751261],[27.9397716553207,-32.9547297642969]]],[[[27.9399875731464,-32.95453395811435],[27.940002325295982,-32.954524955520824],[27.939986232041893,-32.95450695033099],[27.93997147989231,-32.95451370227761]]],[[[27.9400421321444,-32.95441779377686],[27.940054202084966,-32.95440766584575],[27.94003542662186,-32.95438853530606],[27.940024697785802,-32.95439866323935]]],[[[27.940205746894307,-32.95451007042902],[27.940216475730367,-32.95449881718391],[27.94019904137177,-32.95448306263836],[27.940186971431203,-32.954493190560825]]],[[[27.94033583403153,-32.954432423008626],[27.94034656286759,-32.95442342040475],[27.940334492927022,-32.95440428986846],[27.94031974077744,-32.95441329247429]]],[[[27.940448486810155,-32.95436152747825],[27.94046189785523,-32.9543513995407],[27.94044044018311,-32.9543345196422],[27.940431052451558,-32.954345772908226]]],[[[27.940227204566426,-32.9542813264326],[27.940241956716008,-32.954274574468236],[27.940223181252904,-32.954256569227404],[27.940212452416844,-32.95426444652072]]],[[[27.9402768254332,-32.954256569227404],[27.940286213164754,-32.954250942588885],[27.940271461015172,-32.954230686687275],[27.940260732179112,-32.95424081463866]]],[[[27.940488719945378,-32.954120404474835],[27.940502130990453,-32.95411252716869],[27.94048335552735,-32.954094521894845],[27.94047262669129,-32.95410127387297]]],[[[27.94052492976708,-32.95409677255427],[27.940538340812154,-32.95408776991621],[27.940520906453557,-32.9540675139772],[27.94050883651299,-32.95407876727722]]],[[[27.94071402550263,-32.95397993598583],[27.94073011875672,-32.95396868267323],[27.940711343293614,-32.953948426706916],[27.940693908935017,-32.95395742935918]]],[[[27.94077571630997,-32.95393942405374],[27.940789127355046,-32.95393042139965],[27.940769010787434,-32.953910165424574],[27.940756940846867,-32.953921418744635]]],[[[27.94096615315003,-32.953810787018114],[27.94097688198609,-32.95380065901745],[27.940959447627492,-32.95378265368008],[27.94095005989594,-32.9537927816828]]],[[[27.941068077092595,-32.9537578963352],[27.941082829242177,-32.95374776832847],[27.941068077092595,-32.95372751231154],[27.941046619420476,-32.953738765654855]]],[[[27.94114452004952,-32.95369895771558],[27.9411592721991,-32.95368995503699],[27.941137814526982,-32.9536696990068],[27.941124403481908,-32.95368095235747]]],[[[27.941288018231816,-32.953826120452696],[27.941304111485906,-32.953818243120324],[27.94128667712731,-32.95379798711954],[27.94127058387322,-32.95380924045388]]],[[[27.94127460718674,-32.95384975244564],[27.941293382649846,-32.953868883101954],[27.941365802293248,-32.95382837111897],[27.94134836793465,-32.953806989787125]]],[[[27.941178789845882,-32.955186404474645],[27.941192200890956,-32.95517965257943],[27.941176107636867,-32.95515602094209],[27.941160014382778,-32.95516614878744]]],[[[27.941241821757732,-32.95513463993143],[27.94125255059379,-32.955125637399085],[27.941236457339702,-32.95511100828206],[27.941225728503643,-32.95512113613257]]],[[[27.941272667161403,-32.95508737662636],[27.941288760415492,-32.9551031310642],[27.941304853669582,-32.95509637916261],[27.941288760415492,-32.955078374089204]]],[[[27.941433599702297,-32.954990599303784],[27.9414523751654,-32.95501085503124],[27.94146310400146,-32.95500297780444],[27.941449692956386,-32.954984972712005]]],[[[27.941481879464565,-32.954954589110194],[27.941497972718654,-32.954970343571695],[27.94151004265922,-32.954959090385195],[27.94149529050964,-32.95494558655951]]],[[[27.941600178881625,-32.95492935847205],[27.941617613240222,-32.95492035591879],[27.94159749667261,-32.95490347612895],[27.94158274452303,-32.95491022804527]]],[[[27.94136836043219,-32.95503686892281],[27.9413884769998,-32.95506162590942],[27.94140457025389,-32.955052623369646],[27.941385794790786,-32.955031242333966]]],[[[27.94179058846233,-32.95476040934643],[27.941808022820926,-32.954780665126634],[27.941824116075015,-32.95477166255822],[27.941803999507403,-32.95475140677597]]],[[[27.941850938165164,-32.95471989777209],[27.941872395837283,-32.95473790291854],[27.941883124673343,-32.95472890034577],[27.941865690314746,-32.9547108951975]]],[[[27.94192604001758,-32.95467488488993],[27.941939451062655,-32.9546906394013],[27.941954203212237,-32.9546838874682],[27.94194213327167,-32.954665882310756]]],[[[27.941991754138446,-32.95462649601605],[27.942007847392535,-32.95464337585879],[27.94202125843761,-32.95463324795354],[27.942006506288028,-32.95461749343195]]],[[[27.942064173781848,-32.954588235027245],[27.942081608140445,-32.95460511487729],[27.942096360290027,-32.95459498696765],[27.942080267035937,-32.9545758564685]]],[[[27.942160733306384,-32.954530843512984],[27.942175485455966,-32.95454884869795],[27.94218889650104,-32.95453984610593],[27.94217414435146,-32.95452409156768]]],[[[27.942385873009226,-32.95474001439306],[27.942401966263315,-32.954760270177935],[27.94241537730839,-32.95475014228608],[27.942395260740778,-32.954728761177236]]],[[[27.942317476679346,-32.95480099203574],[27.942328205515405,-32.95479874139425],[27.942313453365824,-32.95477152338976],[27.94229870121624,-32.95477940063718]]],[[[27.942182025124094,-32.95489551892691],[27.94219409506466,-32.95488426573089],[27.94217800181057,-32.95486851125404],[27.942167272974512,-32.95487526317304]]],[[[27.94212033431675,-32.95493490510173],[27.942129722048303,-32.954925902549036],[27.94211631100323,-32.95490789744089],[27.94210021774914,-32.95492140127234]]],[[[27.94201572816517,-32.95500467485403],[27.942030480314752,-32.95499792294492],[27.942013045956156,-32.954977667214514],[27.941998293806574,-32.95498441912516]]],[[[27.94192721526768,-32.95505869010831],[27.94194330852177,-32.95505418883838],[27.94192721526768,-32.95503393312086],[27.94191112201359,-32.95504293566254]]],[[[27.941830655743143,-32.95512508381312],[27.941841384579202,-32.95512058254658],[27.941822609116098,-32.95509695089345],[27.941809198071024,-32.9551082040624]]],[[[27.94161071460392,-32.95523086351099],[27.94162680785801,-32.9552477432383],[27.9416429011121,-32.95524099134776],[27.94162680785801,-32.95522073567306]]],[[[27.94154365937855,-32.955299507715274],[27.941557070423624,-32.955291630514196],[27.94153829496052,-32.955272500165854],[27.94152756612446,-32.955282627997846]]],[[[27.941386750151178,-32.955400414841726],[27.941404184509775,-32.955393662962855],[27.941386750151178,-32.95537790857681],[27.941367974688074,-32.95538353514358]]],[[[27.941573163677713,-32.95552644981933],[27.941591939140817,-32.95554670542396],[27.941636195589563,-32.95552419919631],[27.94161742012646,-32.955501692962905]]],[[[27.941668382097742,-32.95542967297755],[27.94168983976986,-32.95544992860436],[27.941701909710428,-32.95544205141671],[27.94168447535183,-32.95542292110091]]],[[[27.94174348395016,-32.95538353514358],[27.941760918308756,-32.9554026654679],[27.941772988249323,-32.9553981642155],[27.941756894995233,-32.95537565795001]]],[[[27.94183199684765,-32.955292384717865],[27.941852113415262,-32.95531038974768],[27.94186418335583,-32.955303637861945],[27.941844066788217,-32.95528450751617]]],[[[27.94192050974514,-32.955230492399906],[27.94193794410374,-32.95524737212729],[27.94195269625332,-32.95523611897606],[27.94193660299923,-32.955221489877324]]],[[[27.942035844732782,-32.95516072282588],[27.942049255777857,-32.95517535193467],[27.942061325718424,-32.955165224090386],[27.94204657356884,-32.95514946966362]]],[[[27.942223599363825,-32.95511008358442],[27.94224237482693,-32.95512583801821],[27.942285290171167,-32.955103331683375],[27.942271879126093,-32.955084201294255]]],[[[27.942160567451975,-32.95505719367903],[27.94219007175114,-32.955084201294255],[27.942206165005228,-32.95506394558361],[27.942192753960153,-32.95505719367903],[27.942203482796213,-32.95504819113879],[27.942187389542124,-32.95503356200896]]],[[[27.941945952364353,-32.954190682565546],[27.941964727827457,-32.95421093847632],[27.941978138872532,-32.95420193584989],[27.941964727827457,-32.95418505592283]]],[[[27.941850733944325,-32.95427395683572],[27.94186280388489,-32.954267204870796],[27.941849392839817,-32.9542446983173],[27.941833299585728,-32.95425370093939]]],[[[27.94173674006119,-32.95434372710979],[27.941750151106266,-32.954334724496874],[27.941735398956684,-32.95431446861447],[27.941720646807102,-32.95432347122944]]],[[[27.941713941284565,-32.954365108311784],[27.94172735232964,-32.95435610570105],[27.941709917971043,-32.954338100476825],[27.941697848030476,-32.9543482284159]]],[[[27.941579581264094,-32.95445534378348],[27.941594333413676,-32.954447466507176],[27.94157153463705,-32.9544260853251],[27.941559464696482,-32.9544362132541]]],[[[27.941552759173945,-32.9544755996336],[27.941564829114512,-32.95446659703412],[27.9415447125469,-32.9544485918324],[27.941529960397318,-32.95445759443371]]],[[[27.941288428586248,-32.9546034913154],[27.941304521840337,-32.95462262180857],[27.94131793288541,-32.95461586987028],[27.94130318073583,-32.95459561405231]]],[[[27.94127635864568,-32.9546440029431],[27.941289769690755,-32.95463612568362],[27.941273676436666,-32.95461586987028],[27.941257583182576,-32.95462712310048]]],[[[27.941120790522817,-32.95471039695944],[27.94114090709043,-32.954731778072734],[27.941154318135503,-32.95472052485586],[27.941136883776906,-32.95470139438388]]],[[[27.941110061686757,-32.954753159180854],[27.941120790522817,-32.954741905966706],[27.941104697268727,-32.95472502614278],[27.941091286223653,-32.95473402871594]]],[[[27.940949129145864,-32.9548195531152],[27.940967904608968,-32.9548386835616],[27.940979974549535,-32.954829680999104],[27.94096656350446,-32.954810550550754]]],[[[27.94087134508443,-32.95488144572095],[27.940880732815984,-32.95487244316279],[27.940863298457387,-32.95485781400386],[27.940852569621327,-32.954867941883386]]],[[[27.94094108251882,-32.95492533317875],[27.940959857981923,-32.95494671424004],[27.94100411443067,-32.95491182934789],[27.940983997863057,-32.95489494955644]]],[[[27.940439509433034,-32.954673261329326],[27.940448897164586,-32.954666509394904],[27.940434145015004,-32.954650754879246],[27.940422075074437,-32.95465750681487]]],[[[27.94031076340032,-32.95473627935908],[27.94032685665441,-32.95475090853814],[27.94034160880399,-32.954746407252536],[27.9403255155499,-32.954727276786144]]],[[[27.940477060359243,-32.95480942523013],[27.940493153613332,-32.95482855567872],[27.940502541344884,-32.95482180375617],[27.940490471404317,-32.95480379862681]]],[[[27.940482424777272,-32.95489382423689],[27.940493153613332,-32.95488369636034],[27.940475719254735,-32.9548668165635],[27.94046230820966,-32.954875819122215]]],[[[27.9402893057282,-32.95490732807049],[27.94027857689214,-32.9549320850934],[27.94032015113187,-32.95494446360226],[27.940329538863423,-32.95492083190203]]],[[[27.94062402537604,-32.9545873539122],[27.940637436421113,-32.954598607146046],[27.94065487077971,-32.95457947664767],[27.940642800839143,-32.95456709808771]]],[[[27.940646824152665,-32.954614361671005],[27.940661576302247,-32.954621113609406],[27.940677669556337,-32.9546109857016],[27.940668281824784,-32.954598607146046]]],[[[27.940751430304246,-32.954729144553795],[27.940762159140306,-32.95473814712652],[27.940779593498902,-32.954724643267085],[27.940766182453828,-32.95471339004929]]],[[[27.94081312111159,-32.954782034655494],[27.94082250884314,-32.954789911901976],[27.940845307619767,-32.9547786586925],[27.9408332376792,-32.954769656123894]]],[[[27.940547582419114,-32.954266636145654],[27.940562334568696,-32.95428464138443],[27.940579768927293,-32.95428014007507],[27.940563675673204,-32.95425763352488]]],[[[27.940677669556337,-32.954183361868566],[27.94069242170592,-32.95420361778102],[27.94071253827353,-32.95419236449691],[27.94069242170592,-32.95416985792435]]],[[[27.94079309551389,-32.95410991506363],[27.940806506558964,-32.954130170992926],[27.940822599813053,-32.954116667040566],[27.94080784766347,-32.954097536437885]]],[[[27.940912453815052,-32.954031141961146],[27.940932570382664,-32.954046896587265],[27.940948663636753,-32.95403339262219],[27.940927205964634,-32.954017637993665]]],[[[27.941034987621833,-32.95394919975835],[27.941055104189445,-32.953969455724476],[27.94106851523452,-32.953960453073435],[27.94105242198043,-32.95394019710524]]],[[[27.941169098072578,-32.95386930118004],[27.941186532431175,-32.953885055835],[27.94119994347625,-32.95387717850787],[27.941181168013145,-32.95385692252059]]],[[[27.941322179231484,-32.95409465411801],[27.94133559027656,-32.95411153406232],[27.94135034242614,-32.954102531425754],[27.94133559027656,-32.95408227549014]]],[[[27.941212208661874,-32.95416329920478],[27.94122964302047,-32.95418242979322],[27.941244395170052,-32.95417680315],[27.941228301915963,-32.95415542190244]]],[[[27.94111967245086,-32.954247698828546],[27.941133083495934,-32.95423982153374],[27.941118331346352,-32.954222941613935],[27.941106261405785,-32.95422969358224]]],[[[27.940997631940682,-32.95432534641123],[27.941012384090264,-32.95431859445022],[27.940996290836175,-32.95430058921837],[27.940978856477578,-32.95430959183475]]],[[[27.9409104601477,-32.95438386338499],[27.940923871192773,-32.95437486077617],[27.940911801252206,-32.954356855555766],[27.94089436689361,-32.95436585816642]]],[[[27.940772557064026,-32.95443450304255],[27.940788650318115,-32.95445363357229],[27.940803402467697,-32.95444463097058],[27.940789991422623,-32.954424375113355]]],[[[27.940909349723785,-32.95455378745457],[27.940924101873367,-32.95454591018704],[27.940910690828293,-32.954527905001484],[27.940894597574204,-32.95453578227062]]],[[[27.940983110471695,-32.95447614007258],[27.941000544830292,-32.95449527059332],[27.94101663808438,-32.95448401734633],[27.940999203725784,-32.95446601214815]]],[[[27.94110649208638,-32.9544029939257],[27.941121244235962,-32.954420999136694],[27.94113197307202,-32.954409745880255],[27.941118562026947,-32.95439174066697]]],[[[27.941192322774857,-32.954350103597164],[27.94121109823796,-32.95436810881894],[27.941223168178528,-32.95435573022936],[27.94120573381993,-32.95433997565831]]],[[[27.94131727519251,-32.954267695058284],[27.941330686237585,-32.954283449642226],[27.94134409728266,-32.954274447023174],[27.941329345133077,-32.95426094309287]]],[[[27.94141651692606,-32.954200175381],[27.941429927971136,-32.954215929976975],[27.94144333901621,-32.95420580202273],[27.94142724576212,-32.95419342341042]]],[[[27.94151173534609,-32.954022373317365],[27.941523805286657,-32.95403362662313],[27.941539898540746,-32.9540212479867],[27.9415318519137,-32.95400999467936]]],[[[27.94160158934809,-32.95412477834706],[27.94161231818415,-32.95413603163979],[27.941633775856268,-32.95412027702956],[27.941619023706686,-32.954107898405276]]],[[[27.94192414365827,-32.95409104980278],[27.941932190285314,-32.95410455375904],[27.941953647957433,-32.95408879914321],[27.941942919121374,-32.95407754584446]]],[[[27.941875863896,-32.95402352999054],[27.94188793383657,-32.95403590862664],[27.941910732613195,-32.95402352999054],[27.941900003777135,-32.9540100260219]]],[[[27.941832948551763,-32.95396163678401],[27.941840995178808,-32.95397063943492],[27.941859770641912,-32.95395938612114],[27.941853065119375,-32.95395038346907]]],[[[27.941786009894003,-32.95390424486286],[27.941795397625555,-32.95391549818367],[27.941815514193166,-32.95389974353414],[27.941806126461614,-32.953889615543666]]],[[[27.94174041234075,-32.95383672490791],[27.9417498000723,-32.95384572757155],[27.9417672344309,-32.95383447424185],[27.941763211117376,-32.953824346243906]]],[[[27.94169749699651,-32.953778207571894],[27.941706884728063,-32.95378946090876],[27.941728342400182,-32.953780458239386],[27.94171895466863,-32.953768079567496]]],[[[27.941649217234243,-32.95371518885902],[27.941658604965795,-32.953729818207094],[27.941678721533407,-32.95371969019715],[27.941673357115377,-32.95370731151675]]],[[[27.941610325203527,-32.95365667144254],[27.941617030726064,-32.953666799459704],[27.94163446508466,-32.953654420771905],[27.94162910066663,-32.953645418088776]]],[[[27.941553998814214,-32.953591401970755],[27.941563386545766,-32.9536026553314],[27.9415875264269,-32.9535869006261],[27.941579479799856,-32.9535778979361]]],[[[27.941494990215887,-32.953505876383055],[27.941501695738424,-32.953518255091666],[27.94152985893308,-32.953505876383055],[27.94151376567899,-32.953493497672724]]],[[[27.939784385081268,-32.955309232986174],[27.939797796126342,-32.95532611269851],[27.93981388938043,-32.95531711018566],[27.939803160544372,-32.95530135578598]]]],""evenOdd"":true}",,
1718097265064,7992927,45,,"{""type"":""MultiPolygon"",""coordinates"":[[[[28.071785429664793,-25.58496818122013],[28.071794817396345,-25.584977858048944],[28.07180822844142,-25.58497060042741],[28.071798840709867,-25.584959713994273]]],[[[28.07177604193324,-25.58499116368731],[28.071784088560285,-25.58500084051427],[28.07179749960536,-25.58499116368731],[28.0717867707693,-25.584982696463076]]],[[[28.071006247945967,-25.585622575006425],[28.07101563567752,-25.585635880573104],[28.07102636451358,-25.585632251782343],[28.071016976782026,-25.585617736618193]]]],""evenOdd"":true}",,
1718185452760,7985655,46,"Mostly solar geysers, but some panels.","{""type"":""MultiPolygon"",""coordinates"":[[[[27.89500782965793,-26.290178972719605],[27.8950561094202,-26.29018859178983],[27.89506683825626,-26.290082781973553],[27.8950198995985,-26.290075567664378]]],[[[27.895206313125033,-26.29003468657059],[27.89520228981151,-26.29006955573973],[27.895285438290973,-26.290079174819024],[27.89529214381351,-26.29002386510218],[27.895268003932376,-26.290020257945816],[27.895263980618854,-26.290041900882304]]],[[[27.895304213754077,-26.290045508037995],[27.895294826022525,-26.290150115504172],[27.89532433032169,-26.290151317888252],[27.895336400262256,-26.290047912808394]]],[[[27.895341764680285,-26.29004911519357],[27.895331035844226,-26.290151317888277],[27.895373951188464,-26.290157329808704],[27.89538199781551,-26.290056329504395]]],[[[27.89498875991207,-26.291348488246854],[27.89498875991207,-26.291370130935473],[27.895039721883354,-26.291373738049852],[27.895038380778846,-26.291350892990227]]]],""evenOdd"":true}",,
1718185452760,7970781,47,,"{""type"":""MultiPolygon"",""coordinates"":[[[[28.329923904921863,-26.206102435466857],[28.3299306104444,-26.206119281024066],[28.330021805550906,-26.206114468007975],[28.330017782237384,-26.20609762245007]]],[[[28.33022967674956,-26.206482663164664],[28.33024040558562,-26.206505524917034],[28.33032891848311,-26.20648988266589],[28.330315507438037,-26.206462207908725]]],[[[28.33124891617522,-26.205927963480978],[28.33125428059325,-26.20595082534229],[28.33134413459525,-26.205935183016614],[28.331340111281726,-26.205912321152223]]],[[[28.3316418597959,-26.206223964074926],[28.3316592941545,-26.206223964074926],[28.331639177586887,-26.206149362370162],[28.331619061019275,-26.206156581892074]]],[[[28.331682092931125,-26.2062696876768],[28.33170086839423,-26.206267281171893],[28.331682092931125,-26.206196289254546],[28.331664658572528,-26.206198695760932]]],[[[28.331848389890048,-26.2061782404551],[28.331864483144138,-26.206239606361805],[28.331885940816257,-26.206237199856265],[28.33186850645766,-26.20617463069487]]],[[[28.33282471397147,-26.20597489045461],[28.332846171643588,-26.205984516498134],[28.3328662882112,-26.205933979760694],[28.332847512748096,-26.205925556968996]]],[[[28.332867629315707,-26.205935183016614],[28.332848853852603,-26.205984516498134],[28.332868970420215,-26.205992939285586],[28.332889086987826,-26.205941199295964]]],[[[28.33399549820647,-26.205467115529668],[28.334003544833514,-26.20548877422097],[28.334049142386768,-26.205480351397057],[28.334039754655215,-26.20545508292164]]],[[[28.334187276150654,-26.205619929543218],[28.334192640568798,-26.205650011018964],[28.334232873704842,-26.20564038494757],[28.334226168182173,-26.205613913247134]]],[[[28.335672916850378,-26.204744439506822],[28.335675599059392,-26.204764895064592],[28.335699738940527,-26.204763691796575],[28.335699738940527,-26.20474564277502]]],[[[28.331622449672235,-26.20511078987068],[28.331626472985757,-26.205131245364075],[28.33163988403083,-26.205130042099864],[28.331634519612802,-26.20510718007736]]],[[[28.332588659646984,-26.20523592930345],[28.33260072958755,-26.205278043505363],[28.332628892782207,-26.20527323045449],[28.332615481737133,-26.205227506461227]]],[[[28.332626210573192,-26.20524194561893],[28.332634257200237,-26.205266010877796],[28.33266912591743,-26.20526360435214],[28.332665102603908,-26.20523713256657]]],[[[28.332846439690773,-26.2049483490602],[28.332850463004295,-26.20496519478442],[28.332865215153877,-26.20496519478442],[28.332859850735847,-26.20494353599569]]],[[[28.331612623543922,-26.204749907027693],[28.331611282439415,-26.204769159316555],[28.331599212498848,-26.204773972388267],[28.331601894707862,-26.204793224673157],[28.33172929963607,-26.2047703625845],[28.331730640740577,-26.204748703759535],[28.331714547486488,-26.204749907027693],[28.331711865277473,-26.204731858003992]]],[[[28.331730640740577,-26.20468372726045],[28.331736005158607,-26.2046981664856],[28.33176148614425,-26.204690946873246],[28.331757462830726,-26.204680117453883]]],[[[28.3320230015232,-26.204534521829004],[28.33202836594123,-26.204548961072653],[28.33207530459899,-26.204539334910418],[28.33206994018096,-26.204526098936043]]],[[[28.33206055244941,-26.20449962698276],[28.33206994018096,-26.20452489566557],[28.332100785584633,-26.204516472771914],[28.332087374539558,-26.204471951752446],[28.332068599076454,-26.204477968107426],[28.332072622389976,-26.20449962698276]]],[[[28.332004226060096,-26.20438772275014],[28.332010931582634,-26.204399755468494],[28.33203909477729,-26.20441419472886],[28.332061893553917,-26.2044057718272],[28.33205518803138,-26.204396145653124],[28.33202836594123,-26.204384112934406]]],[[[28.33188754996795,-26.204066448710396],[28.33189157328147,-26.20408449783725],[28.33191839537162,-26.204082091287166],[28.331910348744575,-26.204062838884685]]],[[[28.331921077580635,-26.203910022827035],[28.331930465312187,-26.203954544061393],[28.33197606286544,-26.20394371457352],[28.331962651820366,-26.20390039661196]]],[[[28.33204982361335,-26.20399906527872],[28.3320592113449,-26.204043586479013],[28.332095421166603,-26.204036366826074],[28.332087374539558,-26.203990642347012]]],[[[28.33272265799672,-26.203301774901156],[28.332723999101226,-26.20332584056109],[28.332797759849136,-26.203316214297715],[28.33279641874463,-26.203294555202213]]],[[[28.332909071523254,-26.202813158516342],[28.3329171181503,-26.2028552735947],[28.332946622449462,-26.20285407030696],[28.332941258031433,-26.202811955228167]]],[[[28.332820558625762,-26.20275780724733],[28.33282189973027,-26.202779466442692],[28.332839334088867,-26.202777059865635],[28.332839334088867,-26.202792702615646],[28.332872861701553,-26.202791499327255],[28.332871520597045,-26.20276984013414],[28.332855427342956,-26.20276984013414],[28.332855427342956,-26.202756603958587]]],[[[28.333008313256805,-26.202745774359293],[28.33301099546582,-26.202760213824796],[28.333035135346954,-26.202759010536077],[28.33303647645146,-26.202744571070408]]],[[[28.3329171181503,-26.202745774359293],[28.33292248256833,-26.20276984013414],[28.332943940240447,-26.20276863684552],[28.332941258031433,-26.202743367781526]]],[[[28.332943940240447,-26.20276502697957],[28.332943940240447,-26.202783076308183],[28.332997584420745,-26.202779466442692],[28.33299490221173,-26.202751790803458],[28.332957351285522,-26.20275540066982],[28.332960033494537,-26.20276502697957]]],[[[28.33287420280606,-26.20273855462585],[28.332871520597045,-26.20275540066982],[28.332892978269165,-26.202756603958587],[28.332892978269165,-26.202737351336904]]],[[[28.332460754335003,-26.20224159523228],[28.332459413230495,-26.202262051229816],[28.33250903409727,-26.202257238054244],[28.332506351888256,-26.2022343754676]]],[[[28.332423203408794,-26.20138244009075],[28.3324245445133,-26.201405302844687],[28.33248891752966,-26.20139687972533],[28.33248891752966,-26.20137642357581]]],[[[28.332613353112855,-26.200851251622346],[28.332590554336228,-26.200880131021506],[28.33263078747145,-26.200904197181988],[28.332658950666108,-26.200877724405174]]],[[[28.331863675693192,-26.200939093105838],[28.331855629066148,-26.200960752639517],[28.3319012266194,-26.20096917579043],[28.331907932141938,-26.200948719565744]]],[[[28.33191195545546,-26.20095834602487],[28.33189586220137,-26.200995648546424],[28.33193877754561,-26.201006478308514],[28.3319548707997,-26.200966769175945]]],[[[28.331961404428057,-26.20138653537377],[28.331947993382983,-26.201433464177992],[28.331977497682146,-26.20143827738761],[28.331989567622713,-26.20139375519104]]],[[[28.331926535710863,-26.20142504106068],[28.331942628964953,-26.20142985427065],[28.331950675591997,-26.201387738676686],[28.331937264546923,-26.201379315556057]]],[[[28.331683795795016,-26.20141541464014],[28.33170793567615,-26.20141902454794],[28.331705253467135,-26.201374502344006],[28.331679772481493,-26.20137329904095]]],[[[28.33165563260036,-26.201453920317498],[28.331651609286837,-26.201474376453415],[28.331689160213045,-26.201474376453415],[28.331690501317553,-26.201455123619713]]],[[[28.331610035047106,-26.20150686560307],[28.331624787196688,-26.20150686560307],[28.331627469405703,-26.20148520617098],[28.33161271725612,-26.20148520617098]]]],""evenOdd"":true}",,
1718185452760,7972781,48,,"{""type"":""MultiPolygon"",""coordinates"":[[[[28.368021019745935,-26.118819893289842],[28.36803443079101,-26.118830730684028],[28.368080028344263,-26.1187897894118],[28.368074663926233,-26.11877774785842]]],[[[28.3681229436885,-26.11873560241178],[28.368104168225397,-26.118763297992707],[28.368136354733576,-26.11879219772232],[28.368157812405695,-26.118763297992707]]],[[[28.368098803807367,-26.1186970694187],[28.368168541241754,-26.11875366474792],[28.36820206885444,-26.118727173320636],[28.36813367252456,-26.118663353039338],[28.36811221485244,-26.118677802917404],[28.368120261479486,-26.118686232012127]]],[[[28.369156398620373,-26.118369718715226],[28.369161763038402,-26.118382964470133],[28.36918322071052,-26.118375739513098],[28.369176515187984,-26.118363697917044]]],[[[28.36874380638152,-26.11750460382119],[28.368751853008565,-26.117515441337353],[28.368771969576176,-26.11750460382119],[28.36876392294913,-26.117493766304005]]],[[[28.367745169517715,-26.117926125605166],[28.367745169517715,-26.117944188066403],[28.367777356025893,-26.117944188066403],[28.36778003823491,-26.117926125605166]]],[[[28.37008462350461,-26.11755506318147],[28.370096693445177,-26.11756830902872],[28.370119492221804,-26.117547838173255],[28.370108763385744,-26.11753700066009]]],[[[28.370110104490387,-26.11758396320986],[28.370127538848806,-26.117594800718567],[28.370148996520705,-26.1175767382035],[28.37013156216229,-26.117563492357345]]],[[[28.370838324237795,-26.11637590298863],[28.37086112301442,-26.116407211668324],[28.370890627313585,-26.116389148969525],[28.37086246411893,-26.116359044465323]]],[[[28.370883921791048,-26.116349411022338],[28.370905379463167,-26.116383128069298],[28.37092415492627,-26.116403599128788],[28.37098182242009,-26.116366269547033],[28.370938907075853,-26.116313285604097]]],[[[28.37117968297827,-26.115306586124248],[28.371182365187284,-26.115336690899536],[28.371219916113493,-26.115336690899536],[28.37121589279997,-26.11530779031541]]],[[[28.37127892471182,-26.115310198697696],[28.37127892471182,-26.115340303472053],[28.371340615519163,-26.115342711853664],[28.371339274414655,-26.115313811271037]]],[[[28.373423069228274,-26.114645389399065],[28.373444526900393,-26.114664656565147],[28.373510241021258,-26.114617692842266],[28.373490124453646,-26.114597221469975]]],[[[28.37346732567702,-26.114724507997014],[28.37353035758887,-26.114801576590104],[28.373543768633944,-26.114793147215217],[28.373479395617586,-26.11471607861657]]],[[[28.372389077653033,-26.11541089836501],[28.372402488698107,-26.115425348645218],[28.37252184699927,-26.115360322370197],[28.372509777058703,-26.115344667891183]]],[[[28.373251987714838,-26.11714836063241],[28.373265398759912,-26.117149564804595],[28.373270763177942,-26.11712909387578],[28.373254669923853,-26.117126685530994]]],[[[28.37429134370811,-26.117143543943552],[28.374288661499094,-26.117167627385868],[28.374307436962198,-26.117164014869843],[28.374307436962198,-26.117145952288006]]],[[[28.37453274251945,-26.117177260761416],[28.37453274251945,-26.11720134419677],[28.374554200191568,-26.117195323338404],[28.37454883577354,-26.117174852417598]]],[[[28.374134434480737,-26.117182077448877],[28.37413845779426,-26.11720134419677],[28.374150527734827,-26.117200140025115],[28.37414918663032,-26.117182077448877]]],[[[28.375058455486368,-26.117453015799427],[28.37507320763595,-26.11746866999604],[28.37508930089004,-26.117454219968472],[28.375075889844965,-26.117439769939114]]],[[[28.375314388117296,-26.116936351402465],[28.37530231817673,-26.116948393145588],[28.375331822475893,-26.116983314193646],[28.37534389241646,-26.116970068280093]]],[[[28.37415701492737,-26.116268486305596],[28.37415701492737,-26.116287753204105],[28.37418383701752,-26.116284140660877],[28.374181154808504,-26.116267282124323]]],[[[28.374076548656923,-26.115744666285337],[28.37408325417946,-26.11576393327019],[28.374142262777788,-26.115738645351907],[28.374136898359758,-26.11572178673668]]],[[[28.37351596697281,-26.116093879893022],[28.373519990286333,-26.11611194263746],[28.373538765749437,-26.1161095342717],[28.373534742435915,-26.116090267343818]]]],""evenOdd"":true}",,
1718185452760,4670147,49,,"{""type"":""MultiPolygon"",""coordinates"":[[[[26.74705740418441,-27.994790630236285],[26.7470734974385,-27.994804840422177],[26.747097637319634,-27.994787077689512],[26.747081544065544,-27.99477168331884]]],[[[26.74708422627456,-27.994804840422177],[26.74709897842414,-27.994819050606196],[26.747144575977394,-27.99478470932494],[26.747129823827812,-27.994770499136376]]]],""evenOdd"":true}",,
1718185452760,7993479,50,"Mostly solar geysers. ONly one I wasnt sure of, but think was just solar geyser.",,,
1718185452760,1992061,51,"Some hard to see, hope I got all of them.","{""type"":""MultiPolygon"",""coordinates"":[[[[18.428446009509265,-34.13564078415123],[18.428468808285892,-34.13565854490984],[18.42849697148055,-34.13563856405614],[18.428478196017444,-34.1356230233889]]],[[[18.42775285571095,-34.13536244672629],[18.4277622434425,-34.135375767339454],[18.427779677801098,-34.13536577687978],[18.42776894896504,-34.13535356631634]]],[[[18.42784673302647,-34.135135995981194],[18.427858802967037,-34.135149316630056],[18.427885625057186,-34.135131555764445],[18.427876237325634,-34.13511823511279]]],[[[18.43020666036893,-34.134777898757875],[18.430226776936543,-34.1347956596978],[18.43027103338529,-34.13476346799142],[18.43026030454923,-34.13475791769599],[18.430246893504155,-34.13476790822752],[18.430237505772602,-34.1347601378142],[18.430225435832035,-34.13477012834547],[18.430218730309498,-34.1347656881095]]],[[[18.430277738907826,-34.13474348692613],[18.430289808848393,-34.13475125734097],[18.430356864073765,-34.13470130466164],[18.430335406401646,-34.134683543701875],[18.43029651437093,-34.1347124052596],[18.430289808848393,-34.13472572597524],[18.430299196579945,-34.13473238633225]]],[[[18.430729091879186,-34.1346148379882],[18.430739820715246,-34.13462815871921],[18.430757255073843,-34.1346192782321],[18.430746526237783,-34.13460817762192]]],[[[18.432305840574273,-34.134490068273024],[18.43234339150048,-34.13446786701725],[18.432142225824364,-34.13426361519044],[18.432104674898156,-34.134285816499876]]],[[[18.431126907511462,-34.13300886333583],[18.431137636347522,-34.13301996415608],[18.43114970628809,-34.13300997341792],[18.431161776228656,-34.13301774399214],[18.43118055169176,-34.13300775325372],[18.431168481751193,-34.13299887259636],[18.431179210587253,-34.13298888185572],[18.431168481751193,-34.13298000119637]]],[[[18.4312596768577,-34.1331409630022],[18.431273087902774,-34.13315539404567],[18.4312958866794,-34.13314429324321],[18.43127979342531,-34.13312875211732]]],[[[18.431310638828982,-34.13316538476665],[18.431320026560535,-34.13317870572609],[18.4313320965011,-34.13317204524663],[18.431320026560535,-34.133158724286126]]],[[[18.431325390978564,-34.133150953724865],[18.43133880202364,-34.1331676049267],[18.43134818975519,-34.133158724286126],[18.431336119814624,-34.133145403323525]]],[[[18.431210055990924,-34.13315539404567],[18.431223467036,-34.1331687150067],[18.431235536976565,-34.133162054526444],[18.431223467036,-34.133149843644624]]],[[[18.430086171030027,-34.13306666041097],[18.430091535448057,-34.133085531791615],[18.43011031091116,-34.13308109146713],[18.43010494649313,-34.13306111000409]]]],""evenOdd"":true}",,
1718185452760,4670083,52,,"{""type"":""MultiPolygon"",""coordinates"":[[[[26.692902671383003,-27.876236253972035],[26.692899989173988,-27.87625047975804],[26.693016665266136,-27.876271818433548],[26.693018006370643,-27.8762552216863]]],[[[26.69269345907984,-27.87716749399191],[26.692708211229423,-27.877172235880018],[26.692701505706886,-27.87721254192058],[26.69272028116999,-27.8772196547497],[26.69273101000605,-27.87716986493599],[26.692744421051124,-27.877174606824],[26.692755149887184,-27.877098736591005],[26.692708211229423,-27.877090438281037]]],[[[26.692319290922264,-27.8779442705872],[26.692317949817756,-27.877957310685467],[26.69235281853495,-27.877965608929028],[26.692355500743965,-27.877951383368273]]],[[[26.692293809936622,-27.877958496148885],[26.692293809936622,-27.87797509263516],[26.692366229580024,-27.87798576180355],[26.692371593998054,-27.87797153624545]]],[[[26.692721622274497,-27.87807467149938],[26.69274173884211,-27.878084155195957],[26.692775266454795,-27.87803673670476],[26.69275649099169,-27.878028438466657]]],[[[26.692759173200706,-27.87807941334778],[26.69274710326014,-27.878100751662984],[26.692796724126914,-27.87812801728185],[26.69281013517199,-27.878105493510244]]],[[[26.692461448000053,-27.87820507225459],[26.692450719163993,-27.878220483242558],[26.69250436334429,-27.878253676132275],[26.69250972776232,-27.878243006990267],[26.692521797702888,-27.878248934291513],[26.692532526538947,-27.878233523307582],[26.692480223463157,-27.87820270133317],[26.692469494627098,-27.878215741400336]]],[[[26.695306920539405,-27.879479354518743],[26.695327037107017,-27.879488838092325],[26.695353859197166,-27.879450903792993],[26.695332401525047,-27.879439049321732]]],[[[26.695884055936958,-27.87670370989787],[26.695901490295554,-27.876715564668512],[26.69591356023612,-27.876697782512064],[26.695901490295554,-27.876683556784794]]],[[[26.69479978354201,-27.877673811942323],[26.694817217900606,-27.877686852073175],[26.694837334468218,-27.87765958634326],[26.69481990010962,-27.877647731675935]]],[[[26.69540794229249,-27.878625228810254],[26.69539855456094,-27.878640639738435],[26.69544012880067,-27.878663163398762],[26.69544951653222,-27.878650123385462],[26.695458904263774,-27.878654865208663],[26.695469633099833,-27.878643010650276],[26.695426717755595,-27.878619301529593],[26.69541867112855,-27.878634712458627]]],[[[26.69575394725541,-27.879164609992117],[26.695743218419352,-27.879181206293577],[26.695804909226695,-27.879214398888877],[26.695815638062754,-27.879200173492144]]],[[[26.69621260499696,-27.87900575954948],[26.69619114732484,-27.87903895219854],[26.696271613595286,-27.879081628446666],[26.696283683535853,-27.87906621758123],[26.696244791505137,-27.879042508553187],[26.69625283813218,-27.879030654037233]]],[[[26.69688152426949,-27.877832420295377],[26.696869454328922,-27.877846645871745],[26.69690700525513,-27.87787035516157],[26.69691773409119,-27.877850202265563]]],[[[26.696889570896534,-27.877825307506495],[26.696924439613728,-27.87784546040712],[26.696937850658802,-27.877828863900998],[26.6969016408371,-27.877807525532226]]],[[[26.69682832168631,-27.877388665211917],[26.696867213717027,-27.87740763272438],[26.6968980591207,-27.877362584876856],[26.696861849298998,-27.8773436173565]]],[[[26.695769520728202,-27.877765648944106],[26.695789637295814,-27.877777503598516],[26.695795001713844,-27.877765648944106],[26.695874126879783,-27.877809511158976],[26.695884855715843,-27.877791729182114],[26.69579097840032,-27.877736012302385]]],[[[26.695742698638053,-27.877752608822746],[26.695757450787635,-27.877760907081974],[26.695768179623695,-27.877745496028606],[26.695753427474113,-27.877737197768205]]],[[[26.698127772272883,-27.878045321686503],[26.698135818899928,-27.878055990847987],[26.698165323199092,-27.87805006353618],[26.69815593546754,-27.878037023449068]]],[[[26.69786223358041,-27.878051248998577],[26.69786759799844,-27.878064289083973],[26.697937335432826,-27.878048878073784],[26.697927947701274,-27.87803228159882]]],[[[26.697870280207454,-27.878072587319327],[26.697875644625483,-27.878085627402164],[26.697931971014796,-27.878070216395002],[26.697927947701274,-27.878055990847987]]],[[[26.697762991846858,-27.8781081511779],[26.697771038473903,-27.878120005794838],[26.69786625689393,-27.87809274017396],[26.697859551371394,-27.87808088555404]]],[[[26.697771038473903,-27.878125933102822],[26.69777774399644,-27.878135416794912],[26.69790917223817,-27.87810222386896],[26.697905148924647,-27.87808799832614]]],[[[26.697905148924647,-27.8781081511779],[26.697911854447185,-27.878118820333203],[26.697937335432826,-27.8781105221014],[26.69793465322381,-27.87809985294529]]],[[[26.697186316908656,-27.878539658398314],[26.697182293595134,-27.87856218207964],[26.69720509237176,-27.878566923906696],[26.69721045678979,-27.87854440022635]]],[[[26.697260077656566,-27.87870609209332],[26.697249348820506,-27.87872268846505],[26.69726812428361,-27.878734543014716],[26.697281535328685,-27.878719132099896]]],[[[26.696991856755076,-27.878761808474042],[26.696982469023524,-27.878778404837217],[26.697034772099315,-27.878808041193718],[26.697045500935374,-27.87878907392649]]],[[[26.69702672547227,-27.878855459347257],[26.69701599663621,-27.878870870242693],[26.697107191742717,-27.878921844727326],[26.697117920578776,-27.878905248386122]]],[[[26.696993197859584,-27.879038019044547],[26.69701599663621,-27.879048688108245],[26.697036113203822,-27.879022608172903],[26.69701599663621,-27.87900956820287]]],[[[26.6967799622429,-27.87908899345052],[26.696792032183467,-27.879098477058296],[26.696802761019526,-27.879083066195253],[26.69679069107896,-27.87907595348849]]],[[[26.69640922203165,-27.879582810173048],[26.69639849319559,-27.87959585007406],[26.69646823062998,-27.879634969767686],[26.696478959466038,-27.87962311531655]]],[[[26.696127791423674,-27.880020238722686],[26.69611840369212,-27.88003446401171],[26.696158636827345,-27.880055801941758],[26.696168024558897,-27.880042762096128]]]],""evenOdd"":true}",,
1718185452760,3820023,53,No panels as far as I can see.,,,
1718614854767,7971510,54,,"{""type"":""MultiPolygon"",""coordinates"":[[[[28.31373958939496,-26.190010344952757],[28.313753000440034,-26.19003320993927],[28.313915274085435,-26.18996461496628],[28.313897839726838,-26.18994415680863]]],[[[28.315014061417514,-26.19087456827396],[28.31502210804456,-26.190895026268215],[28.315106597628528,-26.19085892392299],[28.315091845478946,-26.190843279569915]]],[[[28.316533227552405,-26.190412731259293],[28.316594918359748,-26.190531869412435],[28.316696842302314,-26.19048613963069],[28.316684772361747,-26.19046086790149],[28.316655268062583,-26.190471698643254],[28.31663112818145,-26.190428375670184],[28.316657950271598,-26.19041513809187],[28.31662978707694,-26.190368204847534],[28.3166043060913,-26.19038023901455],[28.316589553941718,-26.19035256042856],[28.316569437374106,-26.19036459459719],[28.316576142896643,-26.19038384926442],[28.316550661911002,-26.190393476596835],[28.31655602632903,-26.190404307344853]]],[[[28.31643130360984,-26.190257490452662],[28.31644739686393,-26.19028757589646],[28.316474218954077,-26.190274338302157],[28.316491653312674,-26.19030081348929],[28.316517134298316,-26.190291186149192],[28.316558708538047,-26.190363391180387],[28.316613693822852,-26.190338119424563],[28.31658284841918,-26.19028276222598],[28.31660967050933,-26.19026832121333],[28.31657211958312,-26.190197319541756],[28.316549320806494,-26.19020694688959],[28.31653590976142,-26.190200929797275],[28.316455443490973,-26.19023221867387],[28.31646214901351,-26.190245456272976]]]],""evenOdd"":true}",,
1718614854767,4780080,55,No panels as far as I can see,,,
1718614854767,2760261,56,No panels as far as I can see,,,
1718614854767,7990580,57,,"{""type"":""MultiPolygon"",""coordinates"":[[[[28.260611249143743,-25.870699104991733],[28.260621977979802,-25.87071961889691],[28.26065416448798,-25.87070634519397],[28.260642094547414,-25.870685831286494]]],[[[28.2606394123384,-25.870743752898438],[28.260652823383474,-25.870761853396342],[28.2606756221601,-25.870755819897358],[28.260662211115026,-25.87073530599847]]],[[[28.260667575533056,-25.870736512698496],[28.260679645473623,-25.87075461319748],[28.260694397623205,-25.870747372998245],[28.26068098657813,-25.870726859097886]]],[[[28.260636730129384,-25.87077030029442],[28.26064880006995,-25.87078960748776],[28.260667575533056,-25.87077995389149],[28.26065416448798,-25.87076064669657]]],[[[28.260718120683922,-25.8711630154627],[28.260723485101952,-25.871184735982776],[28.26077176486422,-25.87117990920088],[28.26076640044619,-25.87115818867991]]],[[[28.260405643333687,-25.870990457855733],[28.260412348856224,-25.871003731526752],[28.260439170946373,-25.870991664553152],[28.26042978321482,-25.870982010973396]]],[[[28.260008153346842,-25.871524552979828],[28.260026928809946,-25.871559547042008],[28.260049727586573,-25.871548686816926],[28.26003095212347,-25.871516106135676]]],[[[28.260033634332483,-25.871611434770326],[28.260043022064036,-25.871631948517084],[28.260071185258692,-25.87162470837159],[28.260055092004603,-25.87160419462355]]],[[[28.259915617135828,-25.871663322475843],[28.259926345971888,-25.871686249594276],[28.259963896898096,-25.87166452916641],[28.25995048585302,-25.871645222116044]]],[[[28.259906229404276,-25.871727277058273],[28.259920981553858,-25.87175382423327],[28.259937074807947,-25.87174055064651],[28.259920981553858,-25.871722450298538]]],[[[28.259939757016962,-25.87174779078492],[28.259920981553858,-25.871757444302123],[28.259939757016962,-25.871777958023536],[28.259958532480066,-25.87177071788696]]],[[[28.26034074726469,-25.87154506674167],[28.26035013499624,-25.871576440723498],[28.260383662608927,-25.8715704072661],[28.260368910459345,-25.87153903328267]]],[[[28.260375615981882,-25.871631948517084],[28.260380980399912,-25.871642808734524],[28.260405120281046,-25.871640395352962],[28.260399755863016,-25.87162470837159]]],[[[28.26079135837919,-25.871490765599592],[28.260799405006235,-25.871510072675203],[28.26083963814146,-25.871502832522214],[28.26083427372343,-25.871483525445434]]],[[[28.260800746110743,-25.871561960425232],[28.260811474946802,-25.871586094254702],[28.26083427372343,-25.87157885410637],[28.260822203782862,-25.871559547042008]]],[[[28.260743078616922,-25.871242186719446],[28.260751125243967,-25.87125425366746],[28.26076990070707,-25.871250633583188],[28.26076453628904,-25.871237359939897]]],[[[28.26063847246534,-25.87067383207222],[28.260657247928446,-25.87069675938267],[28.26068675222761,-25.870685899078286],[28.26065993013746,-25.870667798568732]]],[[[28.260711280391508,-25.87181536538871],[28.260719327018553,-25.87183225903362],[28.260760901258283,-25.871820192144636],[28.26075151352673,-25.871805711876245]]],[[[28.25978473496365,-25.871920915149207],[28.259775347232097,-25.871939015466772],[28.259816921471828,-25.871957115781566],[28.259822285889857,-25.871937808779023]]],[[[28.260044909238093,-25.87202469026561],[28.260039544820064,-25.87204882400055],[28.26008782458233,-25.87206571761208],[28.260090506791347,-25.872043997253968]]],[[[28.25989878662768,-25.87235065123957],[28.259886716687113,-25.872344617821717],[28.25988269337359,-25.87236392475777],[28.259947066389948,-25.872389265106573],[28.259952430807978,-25.872371164857988],[28.25994036086741,-25.872365131441175],[28.259943043076426,-25.872354271290146],[28.259900127732188,-25.872337377719884]]],[[[28.259088522462196,-25.873128283856957],[28.25908181693966,-25.8731608640936],[28.25913948443348,-25.87318379092143],[28.259146189956017,-25.873152417366448]]],[[[28.259257501630135,-25.873219991166813],[28.259252137212105,-25.873235677936375],[28.259311145810432,-25.8732622247724],[28.25931785133297,-25.873246538006377]]],[[[28.259067064790077,-25.87353483638255],[28.259061700372047,-25.873555349795346],[28.259116685656853,-25.873578276546603],[28.259124732283897,-25.8735577631378]]],[[[28.25891283777172,-25.87360120329342],[28.2589088144582,-25.87362171669468],[28.258973187474556,-25.873650676784514],[28.25897586968357,-25.87362895671781]]],[[[28.258888756072967,-25.87439074041771],[28.258886073863952,-25.874411253681874],[28.258926306999175,-25.874426940293244],[28.258933012521712,-25.874408840356864]]],[[[28.25872380021855,-25.87469602568704],[28.258717094696014,-25.874720158876258],[28.258801584279983,-25.874755151991867],[28.258806948698012,-25.874731018809797]]],[[[28.258549456632583,-25.87482996482497],[28.25854543331906,-25.874849271354844],[28.258601759708373,-25.874870991197195],[28.258605783021896,-25.874852891328842]]],[[[28.25866613272473,-25.87488788440514],[28.25866210941121,-25.874909604240383],[28.25872916463658,-25.874934944043133],[28.258731846845595,-25.874915637527252]]],[[[28.258559059450683,-25.875435205024363],[28.25855503613716,-25.87545330480347],[28.258619409153518,-25.875482264444294],[28.25862343246704,-25.875464164669616]]],[[[28.257948983849207,-25.87628965217919],[28.257948983849207,-25.87631137175669],[28.25796239489428,-25.876312578399762],[28.257965077103297,-25.87633067804445],[28.25802676791064,-25.87633067804445],[28.258024085701624,-25.876307751827376],[28.25803615564219,-25.87630654518425],[28.25803213232867,-25.876298098682014],[28.25801603907458,-25.87628723889255],[28.257977147043864,-25.87628603224921]]],[[[28.25787388199679,-25.87658286613846],[28.257875223101298,-25.87660579230212],[28.257907409609476,-25.876604585662037],[28.257903386295954,-25.876585279419043]]],[[[28.2579476427447,-25.87658769269959],[28.25795300716273,-25.876606998942187],[28.25797982925288,-25.876608205582244],[28.257975805939356,-25.87658769269959]]],[[[28.2587402355086,-25.876384976961845],[28.258744258822123,-25.87640910980601],[28.25883545392863,-25.876411523090155],[28.2588300895106,-25.876387390246485]]],[[[28.25841434711329,-25.876791614727637],[28.258418370426813,-25.876809714298904],[28.258407641590754,-25.876809714298904],[28.25840898269526,-25.87683505369403],[28.258459944666544,-25.87683505369403],[28.258447874725977,-25.876791614727637]]],[[[28.25814210289828,-25.87680247447073],[28.258146126211802,-25.876825400591773],[28.2581997703921,-25.876827813867422],[28.258197088183085,-25.87680609438488]]],[[[28.258029450119654,-25.876798854556473],[28.25803213232867,-25.876818160764554],[28.258081753195444,-25.87682057404034],[28.25808443540446,-25.876800061194572]]],[[[28.257896680773417,-25.876818160764554],[28.257881928623835,-25.876816954126646],[28.257883269728342,-25.876844706795517],[28.25794227832667,-25.87684832670837],[28.257934231699625,-25.87680609438488],[28.257892657459895,-25.876804887746832]]],[[[28.258001286924998,-25.876923138215766],[28.258024085701624,-25.87692434485259],[28.25802140349261,-25.87687125282051],[28.25799458140246,-25.87687125282051]]],[[[28.258112598599116,-25.87692434485259],[28.258132715166727,-25.8769255514894],[28.258130032957713,-25.87687849264446],[28.25810589307658,-25.876877286007165]]],[[[28.258160878361384,-25.877199457727542],[28.25820513481013,-25.877200664361542],[28.258193064869563,-25.877157225529597],[28.258150149525324,-25.877154812260677]]],[[[28.25792082065455,-25.87769538326502],[28.25792082065455,-25.87771830921274],[28.25798519367091,-25.877721929098815],[28.257982511461893,-25.877699003151793]]],[[[28.257766593636195,-25.877914989528833],[28.25779073351733,-25.877917402782202],[28.257786710203806,-25.8778317322571],[28.257762570322672,-25.877830525629523]]],[[[28.25780012124888,-25.877917402782202],[28.257817555607478,-25.877914989528833],[28.257812191189448,-25.877830525629523],[28.25779475683085,-25.877832938884637]]],[[[28.258024085701624,-25.878124942388272],[28.258024085701624,-25.878146661628303],[28.25809516424052,-25.87815148812554],[28.25809382313601,-25.878127355637368]]],[[[28.258879710377375,-25.87818889347247],[28.258885074795405,-25.87821061270072],[28.259000409783045,-25.878220265689773],[28.258995045365015,-25.878198546463295]]],[[[28.258639652670542,-25.877733995384943],[28.258643675984064,-25.87777622737665],[28.25868793243281,-25.877775020748526],[28.25868256801478,-25.877733995384943]]],[[[28.25954226193959,-25.878107414231845],[28.259565060716216,-25.878095347983884],[28.25953153310353,-25.87805914923257],[28.25951007543141,-25.878067595608872]]],[[[28.259540920835082,-25.87803019022352],[28.25953153310353,-25.878042256478164],[28.25957310734326,-25.878092934734138],[28.25959456501538,-25.87806880223399],[28.25957310734326,-25.87804346310355],[28.259561037402694,-25.878054322731558]]],[[[28.259838646035735,-25.877794898011864],[28.25983059940869,-25.877808170918343],[28.25987887917096,-25.877854022765565],[28.25988826690251,-25.877838336609305]]],[[[28.26000494299466,-25.87755115891886],[28.25999957857663,-25.877570465003977],[28.26001433072621,-25.877574084894583],[28.26000896630818,-25.877593390975964],[28.260047858338897,-25.877610283794567],[28.260050540547912,-25.877565638483002]]],[[[28.258780803166793,-25.877639242906564],[28.258783485375808,-25.87765613571861],[28.258804943047927,-25.87765613571861],[28.258800919734405,-25.877640449536074]]],[[[28.258837129556106,-25.87754150587514],[28.25883981176512,-25.87756443185272],[28.25895514675276,-25.877571671634204],[28.25895514675276,-25.87754995228845]]],[[[28.259199227773117,-25.877704400882582],[28.25920190998213,-25.877726120199938],[28.259303833924697,-25.877729740085773],[28.259298469506668,-25.877708020769084]]],[[[28.25883444734709,-25.877424462656997],[28.258842493974136,-25.877441355499773],[28.258894797049926,-25.87744256213129],[28.25888809152739,-25.877424462656997]]],[[[28.258896138154434,-25.877425669288705],[28.258900161467956,-25.877446182025825],[28.25896721669333,-25.87744256213129],[28.258957828961776,-25.877423256025267]]],[[[28.25998060743493,-25.87731465912011],[28.259977925225915,-25.877335171876517],[28.260062414809884,-25.877368957585176],[28.2600650970189,-25.877347238202134]]],[[[28.26019400326022,-25.877073332306715],[28.26018863884219,-25.877093845105033],[28.260254352963056,-25.877117977804353],[28.260255694067563,-25.877096258375182]]],[[[28.260408579981412,-25.876904403243955],[28.260421991026487,-25.876911643065895],[28.260443448698606,-25.87687544395181],[28.26043003765353,-25.876866997490257]]],[[[28.26033079591998,-25.87680545896645],[28.26032006708392,-25.876844071377292],[28.26037907568225,-25.87686458421541],[28.26038309899577,-25.876846484652557],[28.260349571383085,-25.87683200500025],[28.260354935801114,-25.876813905432392]]],[[[28.260212778723325,-25.876818731984095],[28.260208755409803,-25.87683924482662],[28.260239600813474,-25.876848897927758],[28.260244965231504,-25.876830798362484]]],[[[28.260313361561384,-25.87676322662763],[28.260328113710965,-25.87676925981982],[28.260349571383085,-25.876731854023312],[28.260337501442518,-25.87672461419035]]],[[[28.259465994728963,-25.877480512257343],[28.25948342908756,-25.877485338781803],[28.259487452401082,-25.877416560789605],[28.259468676937978,-25.877417767421402]]],[[[28.259479405774037,-25.877494991830133],[28.25947806466953,-25.877516711186],[28.25959339965717,-25.877531190754357],[28.25958803523914,-25.87750705813944]]],[[[28.25908846030284,-25.87712753566279],[28.25908846030284,-25.877149255086216],[28.259112600183975,-25.877151668355246],[28.259112600183975,-25.877173387774246],[28.2591528333192,-25.877172181139947],[28.259150151110184,-25.877152874989747],[28.25917294988681,-25.87715046172074],[28.259171608782303,-25.87712753566279]]],[[[28.259193066454422,-25.877162528065234],[28.25919977197696,-25.877183040848067],[28.259227935171616,-25.877181834213875],[28.259218547440064,-25.877160114796435]]],[[[28.258812101419263,-25.876992361893148],[28.258810760314756,-25.877014081341443],[28.258888544376187,-25.877022527792473],[28.258885862167173,-25.876999601709684]]],[[[28.25905081802159,-25.876428512125273],[28.25905081802159,-25.876458678168593],[28.259078981216245,-25.87646109145173],[28.259080322320752,-25.876433338692724]]],[[[28.25955507331639,-25.87667225353493],[28.25954970889836,-25.876691559763703],[28.259603353078656,-25.876713279267303],[28.25960603528767,-25.876693973042077]]],[[[28.25963285737782,-25.876611921549678],[28.25962749295979,-25.876632434428117],[28.259662361676984,-25.876645707465215],[28.259662361676984,-25.876625194589074]]],[[[28.260067045854992,-25.876365457168053],[28.260061681436962,-25.87640286308059],[28.26013141887135,-25.876434235772294],[28.260139465498394,-25.87639441658526]]],[[[28.259975850748486,-25.87638114351992],[28.260004013943142,-25.876393209943014],[28.260024130510754,-25.876353390742135],[28.259995967316097,-25.876342530957746]]],[[[28.260067045854992,-25.87649939441306],[28.260081798004574,-25.876507840900896],[28.260096550154156,-25.876470435021606],[28.260085821318096,-25.876463195172626]]],[[[28.26004156486935,-25.876122921770335],[28.260038882660336,-25.876134988219814],[28.260058999227947,-25.876141021444077],[28.260053634809918,-25.87616032775967],[28.26009520904965,-25.876176014138785],[28.260101914572186,-25.876144641378495]]],[[[28.260163605379528,-25.876144641378495],[28.260159582066006,-25.8761542945364],[28.260232001709408,-25.876183254005355],[28.260233342813915,-25.876161534404293],[28.26018908636517,-25.87614584802327],[28.26018372194714,-25.8761542945364]]],[[[28.259550720619625,-25.87611688854514],[28.259550720619625,-25.87614222808889],[28.2596003414864,-25.876157914470397],[28.259597659277386,-25.876168774271754],[28.25962179915852,-25.876200147025653],[28.259645939039654,-25.876207386890734],[28.259645939039654,-25.876196527092922],[28.259656667875714,-25.876201353669853],[28.25965800898022,-25.876189287227167],[28.259645939039654,-25.87618204736095],[28.259645939039654,-25.876172394205327],[28.25966873781628,-25.87618446064974],[28.259670078920788,-25.876161534404293]]],[[[28.259603023695416,-25.876008290438897],[28.259597659277386,-25.8760275967762],[28.25965935008473,-25.876054142984824],[28.259662032293743,-25.87603363000596],[28.25964325683064,-25.87602397683819],[28.25964325683064,-25.876013117023525],[28.259624481367535,-25.876004670500308],[28.259619116949505,-25.87601794360795]]],[[[28.259682148861355,-25.87604086988126],[28.25967946665234,-25.876061382858868],[28.25974249856419,-25.87608792905991],[28.259745180773205,-25.876068622732472]]],[[[28.25990074889607,-25.875839359852975],[28.25989538447804,-25.875863492808612],[28.259918183254666,-25.875869526046756],[28.259922206568188,-25.87584780638801]]],[[[28.26027894036717,-25.87586590610389],[28.260274917053646,-25.875890039054124],[28.260301739143795,-25.87589727893821],[28.260296374725765,-25.875916585293666],[28.260311126875347,-25.875918998587874],[28.260308444666332,-25.875929858411194],[28.260359406637615,-25.87595278470161],[28.260359406637615,-25.875918998587874],[28.260333925651974,-25.875911758705094],[28.26033526675648,-25.875891245701492]]],[[[28.260358065533108,-25.875783854036296],[28.260359406637615,-25.875806780355035],[28.260434508490032,-25.875830913317337],[28.260431826281017,-25.87580798700327]]],[[[28.260195791887707,-25.875738001385447],[28.2601944507832,-25.87575851441565],[28.260244071649975,-25.875771787550953],[28.260245412754482,-25.875752481171844]]],[[[28.260327220129437,-25.875657155878763],[28.26032587902493,-25.875683702170633],[28.26036208884663,-25.87569335536621],[28.260366112160153,-25.875671635675058]]],[[[28.260374158787197,-25.875674048974282],[28.26037281768269,-25.87569335536621],[28.26040902750439,-25.875705421859553],[28.260407686399883,-25.875686115469613]]],[[[28.26047742383427,-25.875482191533045],[28.260464012789196,-25.87554131744439],[28.260489493774838,-25.87555097065158],[28.26050424592442,-25.87548822479067]]],[[[28.259930253195233,-25.875292316918436],[28.259924888777203,-25.87531283002604],[28.2600147427792,-25.875340583048306],[28.26002010719723,-25.875321276598726]]],[[[28.260056317018933,-25.875356269536262],[28.260056317018933,-25.875380402590597],[28.26008313910908,-25.875388849158448],[28.26008313910908,-25.87536592275859]]],[[[28.260541796850628,-25.875377989285386],[28.2605364324326,-25.875402122335284],[28.260600805448956,-25.87542142877165],[28.260608852076,-25.875374369327485],[28.26058337109036,-25.875368336064046],[28.26058202998585,-25.875390055810957]]],[[[28.260458648371166,-25.875338169742278],[28.26045730726666,-25.875359889494725],[28.260480106043286,-25.87536592275859],[28.2604827882523,-25.87534540966021]]],[[[28.2605726422543,-25.875113732066424],[28.260569960045284,-25.875134245205043],[28.260637015270657,-25.87515234503027],[28.26063969747967,-25.875133038549937]]],[[[28.260591417717404,-25.875058225908774],[28.26058739440388,-25.87507873905704],[28.260620922016567,-25.875089598957604],[28.260620922016567,-25.87506787915547]]],[[[28.260611534285015,-25.87500970667348],[28.260610193180508,-25.875030219830165],[28.260681271719402,-25.87504711301535],[28.260679930614895,-25.875027806517803]]],[[[28.260042905973858,-25.875225697968073],[28.260069728064007,-25.87523655785513],[28.260101914572186,-25.875155712005252],[28.26007777469105,-25.87514364545575]]],[[[28.260124713348812,-25.87492403403944],[28.260123372244305,-25.874967473692635],[28.26020383851475,-25.87498678020004],[28.26020383851475,-25.874943340553948]]],[[[28.260600311811185,-25.87483243417158],[28.26058153634808,-25.87483002085516],[28.26057617193005,-25.87485294735903],[28.2606029940202,-25.87485294735903],[28.260648591573453,-25.87487225388515],[28.260656638200498,-25.87483122751337],[28.260607017333722,-25.874815540955687]]],[[[28.260627133901334,-25.874571795714786],[28.260631157214856,-25.874612822176665],[28.260688824708676,-25.874627302101],[28.260684801395154,-25.87458386232271]]],[[[28.26029856329701,-25.874525942593458],[28.260297222192502,-25.874550075817424],[28.26036695962689,-25.87456696907127],[28.26036695962689,-25.87454645583415]]],[[[28.260259671266294,-25.87417601029186],[28.2602610123708,-25.874215830226735],[28.2603146565511,-25.874224276877847],[28.260311974342084,-25.874186870275427]]],[[[28.260475589091993,-25.874328049970934],[28.26047156577847,-25.874349769909127],[28.260491682346082,-25.87435218323534],[28.260491682346082,-25.874332876624212]]],[[[28.261142136707175,-25.8745715474471],[28.261142136707175,-25.874593267340508],[28.261206509723532,-25.874598093982943],[28.261206509723532,-25.874578787412013]]],[[[28.261131407871115,-25.874548620888614],[28.26115018333422,-25.874548620888614],[28.261156888856757,-25.874490701142086],[28.261140795602667,-25.8744882878187]]],[[[28.258959638489063,-25.87579120648819],[28.25895561517554,-25.875811719509155],[28.2590199881919,-25.875833439174546],[28.25902401150542,-25.875815339453663]]],[[[28.25919835509139,-25.87587929178833],[28.25921310724097,-25.875886531673107],[28.259218471659,-25.875866018665118],[28.259201037300404,-25.875858778779108]]],[[[28.25928686798888,-25.8758913582627],[28.25928150357085,-25.87591428456057],[28.259300279033955,-25.8759215244432],[28.259305643451984,-25.875897391499414]]],[[[28.258884536636646,-25.87554263665685],[28.25888319553214,-25.87556676967312],[28.258916723144825,-25.875572802926413],[28.258916723144825,-25.87555349651478]]],[[[28.258958297384556,-25.87552695019364],[28.258958297384556,-25.875549876562246],[28.258990483892735,-25.87555590981642],[28.25899316610175,-25.875535396751015]]],[[[28.259025352609928,-25.875306132836588],[28.259021329296406,-25.875318199369488],[28.259033399236973,-25.875323025982304],[28.259025352609928,-25.87534233243161],[28.259057539118107,-25.875351985655076],[28.259062903536137,-25.875330265901166],[28.259048151386555,-25.875325439288638],[28.259049492491062,-25.87531337275648]]],[[[28.259073632372196,-25.87529406630244],[28.25907229126769,-25.875315786063013],[28.259105818880375,-25.87532785259492],[28.25910850108939,-25.875306132836588]]],[[[28.259025352609928,-25.875142027866694],[28.259021329296406,-25.875162541000403],[28.259154098642643,-25.87520839387463],[28.259154098642643,-25.875187880748882]]],[[[28.25945450605231,-25.87529406630244],[28.25945048273879,-25.875316992716247],[28.25949205697852,-25.875329059248042],[28.259496080292042,-25.87530733948994]]],[[[28.259604709757145,-25.87531095944989],[28.25960202754813,-25.875333885860417],[28.25963957847434,-25.875348365696368],[28.25963957847434,-25.875324232635492]]],[[[28.259489374769505,-25.875207187220273],[28.25949205697852,-25.87522770034266],[28.259529607904728,-25.875240973537583],[28.259530949009235,-25.87522287372595]]],[[[28.25951351465064,-25.875329059248042],[28.259540336740788,-25.8753387124726],[28.259548383367832,-25.875300099569667],[28.25952826680022,-25.875292859648976]]],[[[28.25952826680022,-25.875075661821494],[28.259525584591206,-25.875117894763665],[28.25957654656249,-25.875131167970938],[28.259579228771504,-25.875092555000165]]],[[[28.25969724596816,-25.874945342933316],[28.259693222654636,-25.874969476071595],[28.259762960089024,-25.874992402548404],[28.25976027788001,-25.87497068272838]]],[[[28.2591460520156,-25.874968269414808],[28.25914471091109,-25.874986369265468],[28.25918762625533,-25.87499964248753],[28.25919164956885,-25.874985162608844]]],[[[28.25919835509139,-25.874989989235267],[28.25919835509139,-25.87501170905174],[28.259277480257328,-25.87503584217646],[28.259278821361836,-25.874997229174518],[28.259219812763508,-25.874977922668826],[28.259218471659,-25.874997229174518]]],[[[28.25971736253577,-25.874858463594652],[28.259716021431263,-25.874881390093005],[28.25973345578986,-25.874886216723674],[28.25973345578986,-25.874863290226262]]],[[[28.259640919578846,-25.874687118045017],[28.259640919578846,-25.874714871214287],[28.259705292595203,-25.87473297110378],[28.25970797480422,-25.874713664554896]]],[[[28.259624826324757,-25.874672638128025],[28.25961812080222,-25.874689531364353],[28.2596328729518,-25.87469677132203],[28.259640919578846,-25.87467867142698]]],[[[28.259233268110705,-25.87449771218501],[28.259233268110705,-25.87452063875337],[28.259276183454944,-25.87453149870526],[28.259281547872973,-25.874507365477488]]],[[[28.25978177985425,-25.87451219212344],[28.259785803167773,-25.87453753201143],[28.259807260839892,-25.87453391202776],[28.259800555317355,-25.87451219212344]]],[[[28.25929898223157,-25.874291372869482],[28.259297641127063,-25.874314299477888],[28.2593942006516,-25.874340846071547],[28.259396882860614,-25.87432515944875]]],[[[28.259725453464938,-25.874303439506043],[28.259721430151416,-25.87432636611211],[28.259801896421862,-25.87435170603996],[28.259807260839892,-25.874333606092048]]],[[[28.259396882860614,-25.874129679820633],[28.2593942006516,-25.874148986464974],[28.25947198471303,-25.874173119765942],[28.259469302504016,-25.874185186414593],[28.259496124594165,-25.87419242640318],[28.259500147907687,-25.874151399795288],[28.259476008026553,-25.8741477797998],[28.25947198471303,-25.874153813125552]]],[[[28.25950417122121,-25.8741139931698],[28.259496124594165,-25.87413933314319],[28.25954038104291,-25.874153813125552],[28.259547086565448,-25.87412847315526]]],[[[28.259764345495654,-25.874058486542385],[28.259763004391147,-25.874080206530127],[28.259780438749743,-25.87408503319353],[28.259784462063266,-25.87406451987273]]],[[[28.25990784367795,-25.87408865319095],[28.25990784367795,-25.87410916650758],[28.2599708755898,-25.874118819831814],[28.259968193380786,-25.87407779319835],[28.25994003018613,-25.874072966534655],[28.259937347977115,-25.87409468651975]]],[[[28.259585350156783,-25.873543346386104],[28.259610831142425,-25.873554206427823],[28.259626924396514,-25.873503526224557],[28.259605466724395,-25.873495079521902]]],[[[28.25963497102356,-25.87348542614669],[28.25962960660553,-25.873503526224557],[28.25964972317314,-25.87351197292661],[28.259653746486663,-25.87349145950629]]],[[[28.259641676546096,-25.87353610635773],[28.25963899433708,-25.873557826441512],[28.259677886367797,-25.873569893153004],[28.259683250785827,-25.87355058641403]]],[[[28.25962960660553,-25.873654360098918],[28.259653746486663,-25.873668840140727],[28.259675204158782,-25.873595233243112],[28.259648382068633,-25.87359040655971]]],[[[28.259693979621886,-25.873620573327802],[28.25968727409935,-25.873641086725698],[28.25971811950302,-25.873653153428684],[28.259719460607528,-25.873627813350996]]],[[[28.260284065605163,-25.87357954652131],[28.26028004229164,-25.873603679938615],[28.260304182172774,-25.87361091996284],[28.26030552327728,-25.873589199888816]]],[[[28.260349779726027,-25.87357954652131],[28.260347097517013,-25.873601266597102],[28.26040610611534,-25.873620573327802],[28.26040610611534,-25.873601266597102]]],[[[28.260440974832534,-25.87367125348085],[28.26044768035507,-25.873696593549226],[28.26050132453537,-25.87369418020961],[28.260498642326354,-25.873668840140727]]],[[[28.260546922088622,-25.87367608016097],[28.260554968715667,-25.873702626898044],[28.260623365045547,-25.873696593549226],[28.26061129510498,-25.873673666820935]]],[[[28.261145054698943,-25.87342991922394],[28.261161147953032,-25.873426299206336],[28.261155783535003,-25.873378032294312],[28.261138349176406,-25.873378032294312]]],[[[28.26106727063751,-25.873365965563224],[28.26107263505554,-25.873380445640393],[28.261087387205123,-25.873378032294312],[28.261092751623153,-25.87338647900535],[28.261116891504287,-25.87338527233238],[28.261114209295272,-25.873371998928924],[28.261098116041182,-25.87337320560203],[28.261096774936675,-25.87336355221687]]],[[[28.261107503772735,-25.87335872552399],[28.2611195737133,-25.873357518850728],[28.261123597026824,-25.873368378909547],[28.2611370080719,-25.873365965563224],[28.261128961444854,-25.87334665879093],[28.26111555039978,-25.87334665879093],[28.26111555039978,-25.87333700540359],[28.26110482156372,-25.87333821207706]]],[[[28.26102033197975,-25.87329477182474],[28.26102033197975,-25.87331769862655],[28.261053859592437,-25.873322525321107],[28.26105251848793,-25.87330080519406]]],[[[28.260210304857253,-25.873098083815712],[28.260204940439223,-25.87311739062863],[28.2602907711277,-25.873146350842106],[28.260292112232207,-25.873128250709506]]],[[[28.259927331806182,-25.872982403659986],[28.259924649597167,-25.873005330522435],[28.259982317090987,-25.873024637350518],[28.25998634040451,-25.873000503814914]]],[[[28.260014503599166,-25.872805021994864],[28.260046690107345,-25.87281708878325],[28.26005473673439,-25.87278692180998],[28.26002255022621,-25.87277123498084]]],[[[28.26029613554573,-25.872803815315965],[28.26031759321785,-25.872815882104465],[28.26034307420349,-25.87277244166008],[28.260318934322356,-25.87275675482901]]],[[[28.260333686471938,-25.872821915498253],[28.260331004262923,-25.872860529211227],[28.260439633728026,-25.87289793623362],[28.26043829262352,-25.872876216028505],[28.260372578502654,-25.872855702497787],[28.26037526071167,-25.87283880899923]]],[[[28.260725288988112,-25.872983610337066],[28.26072126567459,-25.87300653719927],[28.260740041137694,-25.873010157229743],[28.26074272334671,-25.872988437045276]]],[[[28.2608848804245,-25.873010157229743],[28.26087415158844,-25.873033084086806],[28.2609210902462,-25.873051184233987],[28.260933160186767,-25.873022223997175],[28.260911702514647,-25.873011363906553],[28.260903655887603,-25.873022223997175]]],[[[28.260966687799453,-25.87299567710721],[28.26096266448593,-25.873017397290354],[28.260976075531005,-25.873019810643783],[28.260977416635512,-25.872998090461085]]],[[[28.260982781053542,-25.873002917168712],[28.260982781053542,-25.87302343067386],[28.26099485099411,-25.873024637350518],[28.260992168785094,-25.873002917168712]]],[[[28.26104421633916,-25.873012570583338],[28.2610509218617,-25.87303549743992],[28.26111395377355,-25.873030670733655],[28.261105907146504,-25.873008950552943],[28.26109249610143,-25.87300774387611],[28.2610871316834,-25.872990850399294],[28.26106165069776,-25.87299326375327],[28.261068356220296,-25.873012570583338]]],[[[28.26110858935552,-25.8731018646313],[28.261116635982564,-25.87312117144362],[28.261152845804265,-25.87311875809224],[28.261146140281728,-25.873098244603643]]],[[[28.260906082574895,-25.87282553553439],[28.260904741470387,-25.87283880899923],[28.26093558687406,-25.87284122235631],[28.260938269083073,-25.872826742213068]]],[[[28.26090340036588,-25.87280260863704],[28.260906082574895,-25.872821915498253],[28.260936927978566,-25.87282312217699],[28.260932904665044,-25.87280260863704]]],[[[28.2609972776814,-25.872744688034462],[28.261001300994923,-25.87276399490514],[28.261016053144505,-25.87276399490514],[28.261014712039998,-25.87274348135494]]],[[[28.26099325436788,-25.872621606659713],[28.260995936576894,-25.872644533592172],[28.26104421633916,-25.872645740272695],[28.261038851921132,-25.872625226701967]]],[[[28.26091949361997,-25.872563685968384],[28.260922175828984,-25.872597473041772],[28.260979843322804,-25.87259505967971],[28.260973137800267,-25.872570926056344],[28.260946315710118,-25.872573339418913],[28.260943633501103,-25.872563685968384]]],[[[28.260916811410954,-25.87252265879486],[28.260922175828984,-25.87254196570182],[28.26093961018758,-25.87254196570182],[28.26093424576955,-25.872520245431268]]],[[[28.260994595472386,-25.87237182347557],[28.26099191326337,-25.872389923724043],[28.261010688726476,-25.872389923724043],[28.261010688726476,-25.87237182347557]]],[[[28.260470223609975,-25.87215220690637],[28.260460835878423,-25.872189614153047],[28.260474246923497,-25.872194440893686],[28.260468882505467,-25.8722137478543],[28.260497045700124,-25.87221736790905],[28.260515821163228,-25.87215220690637],[28.260490340177586,-25.87214255342143],[28.260486316864064,-25.872157033648534]]],[[[28.260564100925496,-25.872166687132296],[28.26060835737424,-25.872178753985885],[28.260616404001286,-25.872143760107093],[28.26057751197057,-25.87213048656415]]]],""evenOdd"":true}",,
1718614854767,7974056,58,No panels as far as I can see,,,
1718614854767,2840374,59,None as far as I can see,,,
1718614854767,7994483,60,,"{""type"":""Polygon"",""coordinates"":[[[28.323117088362622,-25.708434722334676],[28.32312245278065,-25.70845526433091],[28.32317073254292,-25.70845163927302],[28.323168050333905,-25.708433513981824]]],""geodesic"":true,""evenOdd"":true}",,
1718614854767,2991016,61,None as far as I can see,,,
1718614854767,9770121,62,This was very difficult to see. Pretty sure these are not panels (solar at best) but rather tyres etc. but maybe you can have a look?,"{""type"":""Polygon"",""coordinates"":[[[27.28475689950032,-24.785411536602684],[27.284758240604827,-24.78542249471112],[27.28477835717244,-24.78542371227866],[27.284775674963424,-24.785412754170327]]],""geodesic"":true,""evenOdd"":true}",,
1718614854767,2940746,63,None as far as I can see,,,
1718614854767,7974549,64,"There was 1 I wasnt sure of, so left off.","{""type"":""Polygon"",""coordinates"":[[[28.17943145768413,-26.038564536249513],[28.179446209833714,-26.038564536249513],[28.179451574251743,-26.038544051574632],[28.179435480997654,-26.038540436631635]]],""geodesic"":true,""evenOdd"":true}",,
1718614854767,7981634,65,None as far as I can see.,,,
1718614854767,7990487,66,Also more on GEPro that arent here. SO many solar panels!!,"{""type"":""MultiPolygon"",""coordinates"":[[[[28.337936417368397,-25.81445347620632],[28.337933735159382,-25.814472792593257],[28.338030294683918,-25.814490901703145],[28.338030294683918,-25.81447037804507]]],[[[28.33790288975571,-25.814629738120324],[28.337917641905292,-25.814636981755015],[28.337925688532337,-25.81460076357713],[28.337912277487263,-25.814595934485908]]],[[[28.337953851726994,-25.81464181084456],[28.33796592166756,-25.814643018116918],[28.337977991608128,-25.814608007213586],[28.33796592166756,-25.81460679994088]]],[[[28.339471982029423,-25.813870361292825],[28.339490757492527,-25.81391140881338],[28.339539037254795,-25.81388967777487],[28.339517579582676,-25.81385345936847]]],[[[28.339933321979984,-25.814626116302804],[28.339976237324223,-25.814640603572194],[28.339986966160282,-25.814594727213084],[28.33994673302506,-25.814585069029942]]],[[[28.34017740300034,-25.81515731502142],[28.340185449627384,-25.81517663129356],[28.340252504852756,-25.815174216759726],[28.340239093807682,-25.815145242349725]]],[[[28.340273962524876,-25.815128340607288],[28.34028200915192,-25.81516455862384],[28.340300784615025,-25.81515731502142],[28.340295420196995,-25.815125926072458]]],[[[28.340306149033054,-25.815145242349725],[28.3403141956601,-25.81516455862384],[28.340378568676456,-25.81516214408975],[28.34037052204941,-25.815137998746117]]],[[[28.34136276654382,-25.81296035527383],[28.341386906424955,-25.813014683288873],[28.34141641072412,-25.81300623226595],[28.34138422421594,-25.812950696957422]]],[[[28.33914090192721,-25.816076004143525],[28.339138219718194,-25.81609894203843],[28.339181135062432,-25.816111014612908],[28.339186499480462,-25.816086869462715]]],[[[28.33926696575091,-25.816111014612908],[28.339264283541894,-25.81613395250104],[28.339288423423028,-25.81613515975819],[28.339291105632043,-25.81611584364236]]],[[[28.339775366113876,-25.816957627012627],[28.339755249546265,-25.816990222724577],[28.33986253790686,-25.81706024311249],[28.33987863116095,-25.81703368365988]]],[[[28.34023816364909,-25.816866636977927],[28.340250233589657,-25.8168859529713],[28.340318629919537,-25.81685456448047],[28.34030119556094,-25.81683524848198]]],[[[28.340315947710522,-25.816826797731654],[28.34032801765109,-25.81684369923171],[28.340431282698162,-25.816791787473857],[28.340415189444073,-25.81677488596638]]],[[[28.340255598007687,-25.816896818216193],[28.34027035015727,-25.816917341453824],[28.34033740538264,-25.816883538472297],[28.34032131212855,-25.816866636977927]]],[[[28.34033204096461,-25.81686060072935],[28.340345452009686,-25.816878709474164],[28.340554664312847,-25.816773678715748],[28.340538571058758,-25.816755569954893]]],[[[28.342727188776216,-25.814608068413552],[28.342727188776216,-25.814641872044497],[28.34276205749341,-25.8146442865892],[28.342763398597917,-25.81461048295894]]],[[[28.34287739248105,-25.814622555685144],[28.342881415794572,-25.81466963930556],[28.342948471019945,-25.8146756756658],[28.342948471019945,-25.81463100659274]]],[[[28.34295651764699,-25.81462979932027],[28.342948471019945,-25.814682919297677],[28.343007479618272,-25.814687748385364],[28.343016867349824,-25.81463100659274]]],[[[28.34290957898923,-25.81476742830356],[28.34290823788472,-25.814793988264388],[28.34295115322896,-25.81479640280598],[28.34294578881093,-25.81477467192984]]],[[[28.342988704155168,-25.814763806490262],[28.342986021946153,-25.814779501013774],[28.343011502931795,-25.814783122826586],[28.343012844036302,-25.81476742830356]]],[[[28.346358543253174,-25.816395229578752],[28.346384024238816,-25.816444727002494],[28.34640279970192,-25.816436276224284],[28.34637731871628,-25.816387986051588]]],[[[28.34680647215866,-25.816228628342017],[28.34682792983078,-25.81626605327792],[28.34684402308487,-25.816253980719242],[28.34682256541275,-25.816223799317164]]],[[[28.346354911857272,-25.81590762433144],[28.346364299588824,-25.815930562258963],[28.346384416156436,-25.815925733221967],[28.346373687320376,-25.815896758995805]]],[[[28.345754097037936,-25.816155112262155],[28.345771531396533,-25.816172013858058],[28.345856020980502,-25.81605973892571],[28.345839927726413,-25.816050080862045]]],[[[28.346733103328372,-25.815760338585754],[28.34672371559682,-25.815778447498797],[28.34678138309064,-25.815802592711876],[28.346788088613177,-25.815784483802524]]],[[[28.345650831990863,-25.815825530659726],[28.34567363076749,-25.8158339814815],[28.34567899518552,-25.81581466531655],[28.345660219722415,-25.815806214493403]]],[[[28.34601963573041,-25.815739815147648],[28.346043775611545,-25.815784483802524],[28.34607864432874,-25.81576999667305],[28.346049140029574,-25.81572774253532]]],[[[28.345649490886355,-25.81596919454789],[28.34566826634946,-25.815976438100673],[28.345676312976504,-25.81595229292304],[28.345658878617908,-25.815942634850604]]],[[[28.345906982951785,-25.81554303141339],[28.345905641847278,-25.81555751857061],[28.345955262714053,-25.815570798463188],[28.34594721608701,-25.815596150981236],[28.346018294625903,-25.815610638131965],[28.346023659043933,-25.815596150981236],[28.346002201371814,-25.8155913219306],[28.34600890689435,-25.815572005726086],[28.345957944923068,-25.815562347622638],[28.345960627132083,-25.81555148225533]]],[[[28.34604109340253,-25.815562347622638],[28.3460357289845,-25.81558287109151],[28.34606657438817,-25.815588907405207],[28.34607327991071,-25.81556959120029]]],[[[28.34509421970456,-25.814097928575727],[28.345102266331605,-25.814113623187463],[28.345159933825425,-25.814090684908077],[28.345147863884858,-25.81407619757143]]],[[[28.34507812645047,-25.814074990293296],[28.34508885528653,-25.81408827035209],[28.34514652278035,-25.814064124789542],[28.34513579394429,-25.814049637449664]]],[[[28.345206872483185,-25.81405084472805],[28.345218942423752,-25.814065332067784],[28.34527258660405,-25.814043601057513],[28.345263198872498,-25.8140279064365]]],[[[28.345192120333603,-25.81402066276456],[28.345201508065156,-25.81403756466506],[28.345259175558976,-25.814013419092177],[28.34525112893193,-25.814000139024987]]],[[[28.34592494696534,-25.81386056850754],[28.345911535920266,-25.813879884991167],[28.3459718856231,-25.813905237871143],[28.34598261445916,-25.81389075051182]]],[[[28.34605637520707,-25.813791753509015],[28.34606710404313,-25.81380382631866],[28.34614488810456,-25.813761571479507],[28.3461341592685,-25.813748291384098]]],[[[28.345844480694893,-25.813642050567125],[28.34583509296334,-25.81365895252166],[28.34589812487519,-25.813684305448927],[28.34590885371125,-25.813668610780308]]],[[[28.34514844745553,-25.813409044805354],[28.34516319960511,-25.813429568647344],[28.345175269545678,-25.81342353222361],[28.345161858500603,-25.81340180109558]]],[[[28.342994060750694,-25.818981836876798],[28.34300613069126,-25.81901926094268],[28.3430852558572,-25.8190083958925],[28.34307586812565,-25.818985458561105],[28.34305441045353,-25.81899028747335],[28.343045022721977,-25.818969764594968]]],[[[28.349388185054806,-25.819860367248054],[28.349415007144955,-25.819898998255066],[28.349594715148953,-25.81982173622845],[28.34957593968585,-25.819780690756296]]],[[[28.350600543529538,-25.820347579684558],[28.350576403648404,-25.82037896724957],[28.35066223433688,-25.820427255794897],[28.350683692009,-25.820398282670062]]],[[[28.35164928725436,-25.81974155660589],[28.35166538050845,-25.819780187651677],[28.351748528987912,-25.819751214368523],[28.351727071315793,-25.81971741219589]]],[[[28.351719024688748,-25.81985020639001],[28.351737800151852,-25.81987676521096],[28.351855817348508,-25.81982606200216],[28.351837041885403,-25.819801917609375]]],[[[28.35180217316821,-25.819983000435208],[28.35182363084033,-25.81997334269149],[28.35183435967639,-25.820002315920288],[28.351898732692746,-25.81997334269149],[28.35182899525836,-25.819847791951442],[28.351748528987912,-25.819881594086848]]],[[[28.351743164569882,-25.82007474896128],[28.351810219795254,-25.8200457757502],[28.35176998666003,-25.81995885607443],[28.351684155971554,-25.819983000435208]]],[[[28.352097216159848,-25.81965069016418],[28.352077099592236,-25.819666384040097],[28.35214415481761,-25.819756925591246],[28.352161589176205,-25.819743646168078]]],[[[28.352779838354138,-25.820073216866636],[28.35278922608569,-25.820085289035987],[28.35287908008769,-25.820030964264237],[28.35286835125163,-25.820018892089344]]],[[[28.351043108016995,-25.82127995026579],[28.35105651906207,-25.82130892317489],[28.35115039637759,-25.821271499832637],[28.35113564422801,-25.8212401125042]]],[[[28.3539613514252,-25.821125427964184],[28.35394525817111,-25.8211592297349],[28.354036453277615,-25.821197860318172],[28.354047182113675,-25.82117130179353]]],[[[28.354006315598863,-25.821115788009855],[28.354017044434922,-25.821123031247843],[28.354031796584504,-25.82109888711951],[28.354021067748445,-25.821092851086664]]],[[[28.354084099660295,-25.821113373597083],[28.35407605303325,-25.8211278600729],[28.354104216227906,-25.821141139340845],[28.35411226285495,-25.8211278600729]]],[[[28.354100192914384,-25.82116166184293],[28.354110921750443,-25.821168905078103],[28.354127015004533,-25.821144760959122],[28.35411226285495,-25.821136310516316]]],[[[28.35342964066066,-25.82058220159332],[28.35347792042293,-25.82063169726707],[28.35350340140857,-25.820611174673157],[28.35345109833278,-25.820562886202843]]],[[[28.353363926539796,-25.820533913111188],[28.353358562121766,-25.820543570809203],[28.353384043107408,-25.820570129474643],[28.35343500507869,-25.820520633775168],[28.353394771943467,-25.820488039034927],[28.35335185659923,-25.820524255412405]]],[[[28.353174174850597,-25.819328866488462],[28.353174174850597,-25.81937594823788],[28.35323586565794,-25.81937594823788],[28.353237206762447,-25.819328866488462]]],[[[28.351837093656673,-25.81909707914141],[28.351837093656673,-25.81911398031746],[28.35193901759924,-25.819115187544227],[28.35193901759924,-25.819086214098384],[28.351851845806255,-25.81908379964424],[28.351851845806255,-25.819098286368344]]],[[[28.352008755033626,-25.81909104300651],[28.35200741392912,-25.819118809224467],[28.352105314558163,-25.819118809224467],[28.352103973453655,-25.819099493595274],[28.352129454439297,-25.819100700822197],[28.35212677223028,-25.819088628552464]]],[[[28.35213750106634,-25.819095871914453],[28.352134818857326,-25.819118809224467],[28.352193827455654,-25.819118809224467],[28.35219114524664,-25.81909104300651]]],[[[28.352671093917483,-25.818561069163714],[28.352671093917483,-25.81860452952256],[28.35276765344202,-25.818609358450324],[28.352764971233004,-25.81856348362852]]],[[[28.351077861762636,-25.817272945175127],[28.351131505942934,-25.817309162535864],[28.35115564582407,-25.817265701701654],[28.351104683852785,-25.81723914229511]]],[[[28.35008325144717,-25.81803908658688],[28.350085933656185,-25.81806202410159],[28.350273688287228,-25.81802459973321],[28.350268323869198,-25.81800528392554]]],[[[28.35006179377505,-25.81800407668747],[28.35006179377505,-25.818027014208944],[28.3502508895106,-25.817993211544163],[28.350244183988064,-25.817971481254553]]],[[[28.349356372804134,-25.817468061762668],[28.34936978384921,-25.817477719710705],[28.349415381402462,-25.817431844450518],[28.349403311461895,-25.81741977201068]]],[[[28.350690771789044,-25.816919971921052],[28.350690771789044,-25.8169441169014],[28.350777943582028,-25.81694049515468],[28.350775261373013,-25.816916350173578]]],[[[28.350969721526592,-25.816841500700907],[28.35096033379504,-25.816897034185168],[28.350980450362652,-25.816898241434526],[28.35098715588519,-25.81684391520076]]],[[[28.35094021722743,-25.81689582693578],[28.350956310481518,-25.816900655933225],[28.350964357108563,-25.816841500700907],[28.350946922749966,-25.81683787895103]]],[[[28.350465466231793,-25.816271677358174],[28.350473512858837,-25.816282542659422],[28.350490947217434,-25.816275299125365],[28.35048290059039,-25.816260812055933]]],[[[28.35044132635066,-25.81625719028829],[28.3504305975146,-25.816270470102413],[28.350448031873196,-25.816282542659422],[28.350462784022778,-25.816268055590864]]],[[[28.350402434319943,-25.81567408425479],[28.350397069901913,-25.815688571395995],[28.350480218381374,-25.815719960195835],[28.35048692390391,-25.81570547305848]]],[[[28.34852715156558,-25.817167411965038],[28.348552632551222,-25.817202422111794],[28.34857006690982,-25.817193971387663],[28.348541903715162,-25.81715533949824]]],[[[28.354999684558752,-25.82089436475804],[28.355018460021856,-25.820908851260654],[28.355038576589468,-25.820885914297374],[28.355023824439886,-25.820875049418472]]],[[[28.35507478641117,-25.820797788028685],[28.355092220769766,-25.82080986012416],[28.35510026739681,-25.820798995238277],[28.35508551524723,-25.82078933756111]]],[[[28.354912512765768,-25.82074949963446],[28.35493262933338,-25.820762778944847],[28.354944699273947,-25.820747085214233],[28.35495945142353,-25.820759157314885],[28.354972862468603,-25.820742256373638],[28.354956769214514,-25.82073018427127],[28.354971521364096,-25.820713283325887],[28.3549540870055,-25.820703625641723]]],[[[28.354986273513678,-25.82069276074611],[28.354971521364096,-25.82071086890491],[28.3549902968272,-25.820721733798887],[28.354978226886633,-25.820736220322615],[28.355007731185797,-25.820759157314885],[28.35502248333538,-25.82074467079397],[28.355034553275946,-25.820754328474774],[28.35504796432102,-25.820742256373638]]],[[[28.355776184068564,-25.82095593238189],[28.355760090814474,-25.820983698162557],[28.35580971168125,-25.821001806276882],[28.355823122726324,-25.82097645491606]]],[[[28.35582982824886,-25.820989734200975],[28.355823122726324,-25.821005427899426],[28.35584055708492,-25.821012671144153],[28.355844580398443,-25.820999391861807]]],[[[28.355876766906622,-25.820878671044884],[28.355874084697607,-25.820893157549406],[28.35588883684719,-25.820899193592442],[28.35589286016071,-25.820885914297374]]],[[[28.355769478546026,-25.820835211520656],[28.355764114127997,-25.820852112448634],[28.355780207382086,-25.82085694128476],[28.35578825400913,-25.820840040357474]]],[[[28.355457244143935,-25.819980399532636],[28.355458585248442,-25.819998507800378],[28.355565873609038,-25.81999730058262],[28.355563191400023,-25.819979192314687]]],[[[28.355406282172652,-25.819897101465315],[28.355404941068144,-25.81991762418299],[28.355510888324233,-25.81992245305722],[28.35551222942874,-25.819899515902883]]],[[[28.355311063752623,-25.819691874092907],[28.355308381543608,-25.81972446905229],[28.355430422053786,-25.819731712375372],[28.355431763158293,-25.819702739080366]]],[[[28.35512867353961,-25.819714811287476],[28.35511258028552,-25.819752235121715],[28.35516622446582,-25.819758271222902],[28.35517158888385,-25.81971964016999]]],[[[28.354742466488112,-25.819240202276045],[28.35474917201065,-25.819254688981015],[28.35476928857826,-25.819247445628747],[28.354773311891783,-25.81925831065698],[28.354836343803633,-25.81922933724615],[28.35482695607208,-25.81921847221526],[28.354867189207305,-25.819202778279987],[28.35485914258026,-25.81918949879468]]],[[[28.354926197805632,-25.819175012081725],[28.354915468969573,-25.819191913246666],[28.355028121748198,-25.819226922794932],[28.355036168375243,-25.819208814409176],[28.354989229717482,-25.81919312047264],[28.35499593524002,-25.819178633760128],[28.354977159776915,-25.819173804855566],[28.354970454254378,-25.819188291568665]]],[[[28.35500666407608,-25.81915448923535],[28.35499593524002,-25.819178633760128],[28.35499593524002,-25.81919312047264],[28.35501605180763,-25.81920036382823],[28.355030803957213,-25.819166561498363]]],[[[28.35495301989578,-25.819161732593304],[28.354950337686766,-25.819175012081725],[28.354966430940856,-25.819183462664498],[28.354973136463393,-25.819171390403216]]],[[[28.354585476348223,-25.81890388024713],[28.35456133646709,-25.818965448905896],[28.35459218187076,-25.818973899503618],[28.35457608861667,-25.819016152483183],[28.354604251811327,-25.81902581030498],[28.354606934020342,-25.819011323571996],[28.354637779424014,-25.81902218862189],[28.35465521378261,-25.818969070590697],[28.35462839169246,-25.818960619992644],[28.35463912052852,-25.818923195908223]]],[[[28.353984661528887,-25.819317959041676],[28.353996731469454,-25.819346932430832],[28.35403025908214,-25.81933606741074],[28.35401416582805,-25.819308301243726]]],[[[28.35389883084041,-25.819159812500967],[28.353912241885485,-25.819192407606792],[28.353975273797335,-25.819170677537237],[28.353948451707186,-25.819118766799377],[28.353926994035067,-25.81912480293286],[28.353937722871127,-25.81914774023727]]],[[[28.353959180543246,-25.819117559572646],[28.353971250483813,-25.81913204629263],[28.354006119201006,-25.819117559572646],[28.35399941367847,-25.819100658397097]]],[[[28.354108043143572,-25.819145325784383],[28.354116089770617,-25.819158605274648],[28.354171075055422,-25.819136875198883],[28.354164369532885,-25.819121181252807]]],[[[28.354215331504168,-25.819116352345905],[28.354223378131213,-25.819133253519208],[28.354285068938555,-25.81910548730465],[28.354274340102496,-25.819091000581423]]],[[[28.354425481662684,-25.818529638691558],[28.354452303752833,-25.81854291825088],[28.354519358978205,-25.818454790238533],[28.35449656020158,-25.818439096202056]]],[[[28.35451131235116,-25.818363040457356],[28.354531428918772,-25.81837390556673],[28.354539475545817,-25.818361833222927],[28.354526064500742,-25.818349760877883]]],[[[28.35436379085534,-25.818340103000963],[28.354378543004923,-25.818349760877883],[28.35439061294549,-25.818337688531603],[28.35437586079591,-25.818325616184115]]],[[[28.354040584669047,-25.818058816990167],[28.354041925773554,-25.818151774243624],[28.354058019027644,-25.818150567007024],[28.354058019027644,-25.818060024227698]]],[[[28.354304782257014,-25.817969481379134],[28.35430075894349,-25.81799966233634],[28.354381225213938,-25.818003284050693],[28.354382566318446,-25.817970688617564]]],[[[28.354032538042002,-25.81735982439658],[28.35402315031045,-25.817394834486457],[28.354074112281733,-25.817406906928838],[28.354084841117793,-25.81737310408705]]],[[[28.35172910504454,-25.818565604598685],[28.351742516089615,-25.818565604598685],[28.351741174985108,-25.8185293876222],[28.351727763940033,-25.81852818038945]]],[[[28.350603904782893,-25.817445218228222],[28.350611951409938,-25.81745849790913],[28.350630726873042,-25.817446425471996],[28.350619998036983,-25.817433145789728]]],[[[28.351729505402886,-25.81677536992743],[28.351752304179513,-25.81676450467141],[28.35168122564062,-25.816632914269235],[28.3516597679685,-25.816638950529416]]],[[[28.34899239522342,-25.814428709661325],[28.348991054118912,-25.81444440422924],[28.349054086030762,-25.814440782406066],[28.349052744926254,-25.81442508783767]]],[[[28.35071818217988,-25.8153876988407],[28.35071147665734,-25.815420294984733],[28.35072891101594,-25.815425124042342],[28.350730252120446,-25.81541063686892],[28.35074902758355,-25.815415465926918],[28.35075439200158,-25.815396149693722]]],[[[28.350778531882714,-25.815364760808055],[28.35077048525567,-25.81539856422304],[28.35079060182328,-25.81540339328154],[28.350799989554833,-25.815373211662703]]],[[[28.35079060182328,-25.815400978752326],[28.350783896300744,-25.815415465926918],[28.35090057239289,-25.81544685479915],[28.35091130122895,-25.815411844133433],[28.350816082808922,-25.8153876988407],[28.350810718390893,-25.815405807810723]]],[[[28.350913983437966,-25.815345444566585],[28.350909960124444,-25.81536234627805],[28.350930076692055,-25.815367175338007],[28.350936782214593,-25.815350273627246]]],[[[28.351176839921425,-25.815748670453733],[28.351171475503396,-25.815770401151173],[28.351214390847634,-25.815776437455323],[28.351219755265664,-25.81575712128099]]],[[[28.351225119683694,-25.815780059237657],[28.35122243747468,-25.815802997189884],[28.35130558595414,-25.815812655273692],[28.351308268163155,-25.81579213184464]]],[[[28.351203662011574,-25.81585853116107],[28.35120097980256,-25.815879054578627],[28.351223778579186,-25.815881469098098],[28.3512264607882,-25.815864567460714]]],[[[28.35115270004029,-25.815868189240366],[28.35114867672677,-25.815888712656236],[28.351187568757485,-25.81589354169475],[28.351191592071007,-25.815876640059084]]],[[[28.35116342887635,-25.815930966736538],[28.351160746667336,-25.81594786836444],[28.351223778579186,-25.815958733695386],[28.35122780189271,-25.81593821029165]]],[[[28.351230484101723,-25.81598891516502],[28.351223778579186,-25.816007024043106],[28.351293516013573,-25.81601306033518],[28.351292174909066,-25.81599495145802]]],[[[28.35117952213044,-25.816125335311792],[28.351202320907067,-25.816115677253478],[28.35116476998086,-25.81604082727479],[28.351187568757485,-25.816032376467774],[28.351178181025933,-25.816014267593566],[28.351133924577187,-25.81603599824227]]],[[[28.34853939475764,-25.809420792915354],[28.348547441384685,-25.809437695472184],[28.348598403355968,-25.80941837826419],[28.3485863334154,-25.809401475704608]]],[[[28.348653388640773,-25.809450976050858],[28.348664117476833,-25.80946908592847],[28.34871776165713,-25.809446146749693],[28.348709715030086,-25.809430451519564]]],[[[28.349040967843425,-25.809626038085078],[28.349069131038082,-25.80961396484964],[28.349036944529903,-25.80954756203275],[28.349010122439754,-25.80955963527497]]],[[[28.349140213837927,-25.810725272374146],[28.349148260464972,-25.810743382056952],[28.34916971813709,-25.810737345496324],[28.349177764764136,-25.810751833241323],[28.349195199122732,-25.81074579668112],[28.349203245749777,-25.810760284425072],[28.34922336231739,-25.810750625929305],[28.34921799789936,-25.810736138184165],[28.349235432257956,-25.810730101623157],[28.34922872673542,-25.810713199250724],[28.349247502198523,-25.810703540751117],[28.34923811446697,-25.8106914676255]]],[[[28.34923409115345,-25.810650418989173],[28.349250184407538,-25.810685431062225],[28.349310534110373,-25.81066490674478],[28.3492971230653,-25.81063110197891]]],[[[28.352327379912268,-25.809099157801768],[28.35235822531594,-25.809131755676265],[28.3524051639737,-25.809105194445863],[28.35237431857003,-25.80906776724748]]],[[[28.34859145590943,-25.816638367444597],[28.348604866954503,-25.816656476223375],[28.348612913581547,-25.81664802546029],[28.348602184745488,-25.81663353843645]]],[[[28.351514316288277,-25.815119439082885],[28.351531750646874,-25.815118231815383],[28.35152370401983,-25.815055453888423],[28.35150224634771,-25.815060282960903]]],[[[28.351530409542367,-25.8150590756928],[28.351542479482934,-25.815120646350366],[28.351563937155053,-25.815115817280336],[28.35155052610998,-25.815053039352104]]],[[[28.35157064267759,-25.815118231815383],[28.351574665991112,-25.81514479169753],[28.35166049667959,-25.815127889955043],[28.351656473366067,-25.815103744604425]]],[[[28.352239630309203,-25.814897301654696],[28.352249018040755,-25.814912996160505],[28.352281204548934,-25.814896094384927],[28.352270475712874,-25.814881607146795]]],[[[28.35225960587876,-25.815353431816],[28.35225960587876,-25.815369126261388],[28.352279722446372,-25.815369126261388],[28.352279722446372,-25.815353431816]]],[[[28.352330684417655,-25.815220632579596],[28.352329343313148,-25.81523994884141],[28.35234945988076,-25.815241156107675],[28.35234945988076,-25.815221839846053]]],[[[28.352429926151206,-25.815242363373923],[28.3524285850467,-25.815254436035712],[28.352450042718818,-25.815258057834008],[28.352451383823325,-25.815242363373923]]],[[[28.352532598253266,-25.81615063951473],[28.352531257148758,-25.81617840642208],[28.352653297658936,-25.81617840642208],[28.352653297658936,-25.816153054028668]]],[[[28.352838370080963,-25.81626774338416],[28.35283568787195,-25.81629188849748],[28.352910789724366,-25.816296717519556],[28.35290810751535,-25.81627136515148]]],[[[28.35202163743593,-25.81638363988321],[28.352033707376496,-25.816407784972906],[28.35214770125963,-25.81634983674937],[28.35213563131906,-25.81633293517883]]],[[[28.351981404300705,-25.816439173582157],[28.351993474241272,-25.816469354929346],[28.352053823944107,-25.816445209852194],[28.352037730690018,-25.816415028498856]]],[[[28.352081987138764,-25.81639812693762],[28.352095398183838,-25.816427101041125],[28.352155747886673,-25.81640054144651],[28.352139654632584,-25.816370360081788]]],[[[28.352202686544434,-25.81647780570518],[28.35224157857515,-25.816549033648986],[28.3522684006653,-25.816536961119148],[28.352233531948105,-25.81646452591432]]],[[[28.352219175579414,-25.816788280317695],[28.352217834474907,-25.816817254325745],[28.3522889130138,-25.816818461575938],[28.352287571909294,-25.816794316569965]]],[[[28.352381449224815,-25.816957295264732],[28.352381449224815,-25.81697540399475],[28.35247398543583,-25.816976611243323],[28.35247264433132,-25.816958502513497]]],[[[28.352381449224815,-25.816981440237473],[28.352380108120308,-25.816997134467115],[28.35248471427189,-25.817001963460438],[28.352482032062873,-25.816982647485982]]],[[[28.35236803817974,-25.816842606576984],[28.352366697075233,-25.816863129824007],[28.352428387882576,-25.816865544323417],[28.352423023464546,-25.81684139932705]]],[[[28.35394449959399,-25.81726588875949],[28.353943158489482,-25.817280375705977],[28.353961933952586,-25.817285204687753],[28.353963275057094,-25.81727071774185]]],[[[28.353109938497038,-25.816766879639488],[28.353127372855635,-25.81682603490907],[28.353163582677336,-25.8168175841581],[28.35314614831874,-25.816763257887335]]],[[[28.353002650136442,-25.816743941873952],[28.353008014554472,-25.8167753303941],[28.35307238757083,-25.816762050636587],[28.353068364257307,-25.81673428386608]]],[[[28.3530670231528,-25.816572512117105],[28.353075069779845,-25.816607522439735],[28.35309250413844,-25.81660390068269],[28.353100550765486,-25.816624423971074],[28.353115302915068,-25.81661959496237],[28.35309920966098,-25.81654474530215],[28.35307775198886,-25.816548367060996],[28.353080434197874,-25.81656647585354]]],[[[28.352931571597548,-25.816794646402375],[28.352936936015578,-25.816816376907905],[28.35296241700122,-25.816809133406508],[28.352955711478682,-25.816792231901506]]],[[[28.353084457511397,-25.81671738235041],[28.353089821929427,-25.81673428386608],[28.353107256288023,-25.81673428386608],[28.3531032329745,-25.81671376059673]]],[[[28.353469354505034,-25.816636496491995],[28.35346667229602,-25.816665470537178],[28.353521657580824,-25.816669092292326],[28.353525680894347,-25.816640118248028]]],[[[28.353509587640257,-25.816594242663403],[28.353510928744765,-25.8166135587012],[28.35358200728366,-25.81662080221457],[28.35358200728366,-25.81660269343033]]],[[[28.35359139501521,-25.816596657168294],[28.353604806060286,-25.816609936944346],[28.353674543494673,-25.81655923233685],[28.353662473554106,-25.81654715980806]]],[[[28.353721482152434,-25.81670870152082],[28.353733552093,-25.81669783625868],[28.35365979134509,-25.81662080221457],[28.353646380300017,-25.816632874735856]]],[[[28.353742939824553,-25.816688178247045],[28.353759033078642,-25.816682141989368],[28.353683931226225,-25.816603670611645],[28.353667837972136,-25.816614535882437]]],[[[28.35367588459918,-25.81643948417622],[28.35367588459918,-25.816460007493102],[28.353689295644255,-25.816461214746916],[28.353687954539748,-25.81647449453816],[28.353710753316374,-25.81647811629916],[28.353706730002852,-25.816492603342006],[28.35373891651103,-25.81649622510243],[28.353740257615538,-25.81648053080642],[28.353761715287657,-25.81648053080642],[28.353761715287657,-25.81646362925453],[28.35378049075076,-25.816466043762084],[28.35378049075076,-25.816447934954194]]],[[[28.3536611324496,-25.816542100725037],[28.35368124901721,-25.816544515230998],[28.353683931226225,-25.816514333902955],[28.353705388898344,-25.816515541156225],[28.353705388898344,-25.816497432355888],[28.353685272330733,-25.816495017848972],[28.353683931226225,-25.816475701791838],[28.353662473554106,-25.81647449453816]]],[[[28.353584976333988,-25.815377601159387],[28.353579611915958,-25.815393295601563],[28.35360911621512,-25.815404160983384],[28.353613139528644,-25.81539088107213]]],[[[28.35361448063315,-25.815389673807402],[28.353629232782733,-25.815393295601563],[28.35366276039542,-25.81531723790089],[28.353645326036823,-25.815314823369913]]],[[[28.353643984932315,-25.815435549858606],[28.35367885364951,-25.81544400070822],[28.35369360579909,-25.815404160983384],[28.35366276039542,-25.81539450286626]]],[[[28.353953780073535,-25.815953465098833],[28.35395109786452,-25.815984853828475],[28.354039610762012,-25.81599692641459],[28.354039610762012,-25.81598243931111],[28.354023517507922,-25.815978817534962],[28.354027540821445,-25.815965537688143]]],[[[28.35406643285216,-25.81594863606276],[28.354089231628787,-25.81595105058082],[28.354112030405414,-25.815860506119925],[28.354091913837802,-25.815856884340047]]],[[[28.354266653386873,-25.816290400761588],[28.354282746640962,-25.816275913694],[28.35426263007335,-25.81625659760114],[28.354277382222932,-25.816246939553523],[28.35424251350574,-25.81621072186795],[28.354213009206575,-25.816230037968303]]],[[[28.35429481658153,-25.816259012112916],[28.354290793268007,-25.816296437039238],[28.354384670583528,-25.8163048878274],[28.354387352792543,-25.81627229192683],[28.354359189597886,-25.816268670159552],[28.354355166284364,-25.81628557173926],[28.35432029756717,-25.816283157228018],[28.3543256619852,-25.816265048392154]]],[[[28.354395399419587,-25.816261426624653],[28.354390035001558,-25.81629522978372],[28.354533533183854,-25.816313338614968],[28.354534874288362,-25.816296437039238],[28.35451475772075,-25.81629281527268],[28.354516098825258,-25.816278328205392]]],[[[28.35456169637851,-25.81629281527268],[28.354559014169496,-25.816312131359638],[28.354591200677675,-25.81631454587029],[28.354589859573167,-25.81629522978372]]],[[[28.35349635228253,-25.811783598311077],[28.35350708111859,-25.811804122434683],[28.35354865535832,-25.811789634818382],[28.35353256210423,-25.811763074183904]]],[[[28.353574136343962,-25.811755830373457],[28.353583524075514,-25.811769110692254],[28.35361168727017,-25.811755830373457],[28.353604981747633,-25.811740135449327]]],[[[28.354010198762694,-25.811718923600353],[28.35402360980777,-25.81177204488318],[28.35406920736102,-25.811762386469894],[28.35405981962947,-25.811711679787223]]],[[[28.35363468950061,-25.812248337419735],[28.353656147172728,-25.81228455631691],[28.353682969262877,-25.812271276055906],[28.353664193799773,-25.81223988634214]]],[[[28.353551541021147,-25.812501869467418],[28.35361323182849,-25.81263104987352],[28.3536507827547,-25.812628635287776],[28.35358104532031,-25.812494625702165]]],[[[28.353610549619475,-25.81247289440372],[28.353632007291594,-25.812507905938126],[28.353648100545684,-25.812499454879056],[28.353626642873564,-25.812465650636696]]],[[[28.35366553490428,-25.812582758149407],[28.353689674785414,-25.8125875873227],[28.353695039203444,-25.812532051817897],[28.353674922635832,-25.81252722264234]]],[[[28.353684310367385,-25.81261656235835],[28.353684310367385,-25.812635879044844],[28.353762094428816,-25.812643122801465],[28.35376477663783,-25.81262380611615],[28.35374466007022,-25.81262139153027],[28.353740636756697,-25.812606904013915],[28.35371381466655,-25.81260207484141],[28.35371247356204,-25.81262018423731]]],[[[28.353778187682906,-25.812622598823218],[28.35377550547389,-25.812643122801465],[28.353855971744338,-25.81264795197231],[28.353858653953353,-25.812606904013915],[28.353830490758696,-25.812604489427684],[28.35382378523616,-25.81261414777231],[28.353805009773055,-25.81261414777231],[28.353803668668547,-25.812627427994894]]],[[[28.353835855176726,-25.812418566140188],[28.35382780854968,-25.812517564290626],[28.3538492662218,-25.812517564290626],[28.353855971744338,-25.812418566140188]]],[[[28.353842560699263,-25.812521186172617],[28.35383987849025,-25.812539295580876],[28.35390693371562,-25.812541710168443],[28.353905592611113,-25.81250549134989],[28.353869382789412,-25.812506698644007],[28.353866700580397,-25.812524808054484]]],[[[28.3539391202238,-25.81251273511449],[28.35393375580577,-25.81256585604132],[28.35395521347789,-25.81256706333484],[28.35396057789592,-25.81251273511449]]],[[[28.35402226870326,-25.812429431794886],[28.354019586494246,-25.812460821458423],[28.35414833252696,-25.81246927252027],[28.354146991422454,-25.81245237039597],[28.354140285899916,-25.81244754121717],[28.354140285899916,-25.81243667556413]]],[[[28.35433206384448,-25.812250752013213],[28.35432804053096,-25.81226523957313],[28.354420576741973,-25.812282141724104],[28.354428623369017,-25.812267654166277]]],[[[28.35455334608821,-25.812273690648926],[28.354539935043135,-25.812305080353728],[28.354612354686537,-25.81231836061096],[28.354613695791045,-25.81228817820602]]],[[[28.354503725221434,-25.812401664008664],[28.35450104301242,-25.81241615155012],[28.35451713626651,-25.81242218802519],[28.354514454057494,-25.81240649318935]]],[[[28.353464482928374,-25.81258517273608],[28.353491305018522,-25.8125755143891],[28.353459118510344,-25.812510320526336],[28.35342961421118,-25.81252239346659]]],[[[28.353169439936735,-25.81281455824558],[28.35316675772772,-25.812825423863956],[28.353180168772795,-25.81283628948133],[28.35319760313139,-25.81283749677209],[28.353201626444914,-25.812825423863956],[28.353190897608854,-25.812813350954578]]],[[[28.35332788360452,-25.813299900500155],[28.35333861244058,-25.813333704504448],[28.353394938829894,-25.813345777360773],[28.353378845575804,-25.81330835150213]]],[[[28.35340298545694,-25.813339740932765],[28.353398962143416,-25.813349399217447],[28.35349686277246,-25.813375959496234],[28.35347540510034,-25.813339740932765],[28.353437854174132,-25.81333128993303],[28.353419078711028,-25.813346984646344]]],[[[28.35356928241586,-25.81334336278962],[28.35358537566995,-25.813381995922402],[28.3536121977601,-25.81338803234826],[28.353626949909682,-25.813375959496234],[28.353616221073622,-25.813354228359493]]],[[[28.353660477522368,-25.81338803234826],[28.35360683334207,-25.81341097076373],[28.353668524149413,-25.813433909174755],[28.353720827225203,-25.81340976347881]]],[[[28.353726191643233,-25.8134218363274],[28.353687299612517,-25.81344115288258],[28.353730214956755,-25.813455640296883],[28.353767765882964,-25.813433909174755]]],[[[28.354038668993468,-25.813326460790055],[28.354052080038542,-25.813355435644958],[28.354155345085616,-25.813311973359944],[28.35413656962251,-25.813282998494405]]],[[[28.354178143862242,-25.81326368191343],[28.354213012579436,-25.813279376635712],[28.35425324571466,-25.813162269811688],[28.35421569478845,-25.813153818799282]]],[[[28.35421033037042,-25.813022224385588],[28.35420496595239,-25.813039126428553],[28.354261292341704,-25.813048784737738],[28.35426799786424,-25.81303308998492]]],[[[28.354324324253554,-25.813048784737738],[28.354317618731017,-25.81306930864214],[28.354371262911314,-25.813085003390174],[28.354376627329344,-25.81306689406534]]],[[[28.354037784353547,-25.813935222719127],[28.35403644324904,-25.81394971007302],[28.354139708296113,-25.813941259116795],[28.354134343878084,-25.813929186321154]]],[[[28.35440927030211,-25.813797592768857],[28.35440927030211,-25.813816909262744],[28.354617141500764,-25.813810872858742],[28.354615800396257,-25.813790349082833]]],[[[28.355129458793073,-25.814532357460344],[28.355116047747998,-25.814563746566602],[28.355196514018445,-25.814590306573095],[28.35521528948155,-25.81456133202026]]],[[[28.356025292705844,-25.815238898374893],[28.356014563869785,-25.81525821463374],[28.356140627693485,-25.815306505267078],[28.356160744261096,-25.815275116357657],[28.356070890259097,-25.815241312907432],[28.356065525841068,-25.815257007367663]]],[[[28.35536010487015,-25.815285981750318],[28.355368151497196,-25.81530409073587],[28.355390950273822,-25.81529201807915],[28.355384244751285,-25.815278738155307]]],[[[28.355373515915225,-25.81531133432933],[28.355385585855792,-25.81532702878027],[28.35540704352791,-25.815318577922326],[28.35539765579636,-25.81530167620462]]],[[[28.355690030355483,-25.81577017525088],[28.3557114880276,-25.815761724424565],[28.35566589047435,-25.81567117981891],[28.35564443280223,-25.815683252437]]],[[[28.355673937101393,-25.81567359434262],[28.355700759191542,-25.8157218848066],[28.35572221686366,-25.81571101945392],[28.355695394773512,-25.815667558033258],[28.355706123609572,-25.8156591071996],[28.355699418087035,-25.815649449103258],[28.355677960414916,-25.8156591071996]]],[[[28.35575976778987,-25.815737579203155],[28.35578524877551,-25.815726713851916],[28.355766473312407,-25.815697739577068],[28.355746356744795,-25.815704983146457]]],[[[28.354820994634657,-25.816790306285],[28.35483038236621,-25.816803586039352],[28.354854522247344,-25.816792720785912],[28.354843793411284,-25.816778233779782]]],[[[28.355429856081038,-25.81661887659528],[28.35542851497653,-25.816634570872974],[28.35545533706668,-25.81663577812502],[28.355452654857665,-25.81661887659528]]],[[[28.355978367824584,-25.816534368910432],[28.35599580218318,-25.81653557616351],[28.356018600959807,-25.81646314095781],[28.35600116660121,-25.81645951919637]]],[[[28.35602664758685,-25.816465555465392],[28.356005189914733,-25.816540405175637],[28.35602262427333,-25.816540405175637],[28.356045423049956,-25.81647038448037]]],[[[28.356104431648284,-25.816440203133446],[28.356092361707717,-25.816469177226644],[28.356205014486342,-25.81649694405931],[28.35621172000888,-25.81646796997291]]],[[[28.35650542189601,-25.816449861165307],[28.356522856254607,-25.816481249763388],[28.356559066076308,-25.816465555465392],[28.356544313926726,-25.816434166863125]]],[[[28.356147586724035,-25.815092366674552],[28.35613954009699,-25.81510806115451],[28.356187819859258,-25.815128584702098],[28.356198548695318,-25.815110475689714]]],[[[28.356671086122866,-25.815962619540535],[28.356681814958925,-25.815987971974707],[28.356743505766268,-25.815965034058305],[28.356730094721193,-25.815933645323398],[28.356688520481462,-25.815948132432855],[28.356693884899492,-25.815957790504836]]],[[[28.356735459139223,-25.816088174399507],[28.35674752907979,-25.81611473406416],[28.356807878782625,-25.816089381657125],[28.356797149946566,-25.81606402924466],[28.35678373890149,-25.81606644376037],[28.35677837448346,-25.81605557843931],[28.35674216466176,-25.816073687307195],[28.356748870184298,-25.816082138111263]]],[[[28.356695226004,-25.816054371181348],[28.356701931526537,-25.816073687307195],[28.35672741251218,-25.81606402924466],[28.356714001467104,-25.81604833489137]]],[[[28.35696881132352,-25.81672198295384],[28.356970152428026,-25.816737677217873],[28.35699429230916,-25.816737677217873],[28.356992951204653,-25.816715946697887]]],[[[28.356575867702837,-25.81707812151024],[28.356565138866777,-25.81710226645835],[28.356597325374956,-25.817115546177714],[28.356604030897493,-25.817086572242637]]],[[[28.356629511883135,-25.81709502297443],[28.35662146525609,-25.817122789660374],[28.356650969555254,-25.817130033142586],[28.356660357286806,-25.817107095447387]]],[[[28.35660671310651,-25.817290596884668],[28.356625488569613,-25.817295425866018],[28.356645605137224,-25.817237478076795],[28.35662682967412,-25.81723264909308]]],[[[28.356650969555254,-25.81725920850108],[28.356636217405672,-25.81729180413002],[28.3566590161823,-25.817309912808895],[28.356675109436388,-25.817271280957282]]],[[[28.35663555607676,-25.8176395400969],[28.356634214972253,-25.817655234239325],[28.356647626017327,-25.817654026997676],[28.356647626017327,-25.8176697211382],[28.35674016222834,-25.81766851389668],[28.356738821123834,-25.817637125613267]]],[[[28.35689841256022,-25.817622638710414],[28.35690377697825,-25.81764195458048],[28.356921211336847,-25.817640747338704],[28.35691852912783,-25.817619016984427]]],[[[28.35697753772616,-25.817610566290025],[28.35698290214419,-25.817628674920147],[28.357000336502786,-25.8176262604363],[28.35699363098025,-25.81760573732152]]],[[[28.35636197075724,-25.817893060604717],[28.356365994070764,-25.8179316922535],[28.356411591624017,-25.81791479090872],[28.356403544996972,-25.817883402690562]]],[[[28.356327102040048,-25.81791599814771],[28.356327102040048,-25.817929277775832],[28.35635258302569,-25.81792565605921],[28.35634721860766,-25.817911169191664]]],[[[28.35626272902369,-25.817929277775832],[28.35626272902369,-25.817951008073166],[28.356312349890466,-25.81794135016373],[28.356306985472436,-25.817920827103553]]],[[[28.357294444906056,-25.817351935474914],[28.357317243682683,-25.817351935474914],[28.357317243682683,-25.817310889146725],[28.35729712711507,-25.817310889146725]]],[[[28.358061267146162,-25.81837636054932],[28.358050538310103,-25.818390847359964],[28.358096135863356,-25.818422235443634],[28.3581041824904,-25.81840412693484]]],[[[28.35795263768106,-25.81838481118908],[28.357927156695418,-25.818414992040434],[28.357980800875715,-25.81844879458484],[28.357992870816283,-25.818431893313846],[28.35798348308473,-25.818423442677446],[28.35799421192079,-25.818411370338673]]],[[[28.35802505732446,-25.818422235443634],[28.35801566959291,-25.818440343949636],[28.358034445056013,-25.818447587351276],[28.358042491683058,-25.818431893313846]]],[[[28.35811090170067,-25.819507457421945],[28.358098831760103,-25.819540052432092],[28.358186003553087,-25.819565404100445],[28.35819941459816,-25.81953643076474]]],[[[28.357597258674318,-25.819404843442577],[28.3576120108239,-25.819432609586944],[28.357672360526735,-25.819408465113945],[28.357660290586168,-25.81938190618797]]],[[[28.357177843491215,-25.81987594961353],[28.35719661895432,-25.81988922902186],[28.35724892203011,-25.819854219669402],[28.35731195394196,-25.819808345329818],[28.357298542896885,-25.81978902981311]]],[[[28.357109447161335,-25.819598975629216],[28.35710140053429,-25.819614669511974],[28.35714431587853,-25.819626741728065],[28.35714968029656,-25.819614669511974]]],[[[28.35708128396668,-25.81960380451644],[28.357100059429783,-25.819597768407373],[28.35707457844414,-25.819542236189573],[28.357051779667515,-25.8195494795238]]],[[[28.357053120772022,-25.81930510092563],[28.357055802981037,-25.81932079484734],[28.35709603611626,-25.81931596594856],[28.357094695011753,-25.81929906480133]]],[[[28.35711749378838,-25.81930389370079],[28.357109447161335,-25.81932079484734],[28.35713358704247,-25.819330452644273],[28.35714431587853,-25.81931475872385]]],[[[28.354965848724618,-25.81765929161109],[28.354968530933633,-25.817689472647366],[28.35503290394999,-25.81769188712993],[28.355030221740975,-25.817656877127867]]],[[[28.35539031024563,-25.81843625641918],[28.355379581409572,-25.818447121521835],[28.355450659948467,-25.81849299638874],[28.35546407099354,-25.818477302357323],[28.35545870657551,-25.818461608323833],[28.355409085708736,-25.818432634718075]]],[[[28.3560822571552,-25.819186494252076],[28.35607823384168,-25.81921305322189],[28.356137242440006,-25.819214260447655],[28.356137242440006,-25.819196152059977],[28.356118466976902,-25.81919132315613]]],[[[28.356149312380573,-25.819196152059977],[28.356149312380573,-25.81921305322189],[28.356194909933826,-25.81921305322189],[28.35619759214284,-25.819194944834027],[28.356170770052692,-25.81919132315613]]],[[[28.356293549624443,-25.8200773229989],[28.35630561956501,-25.82009301681826],[28.35632707723713,-25.820083359083508],[28.35633646496868,-25.82010026011881],[28.35635255822277,-25.820091809601465],[28.356345852700233,-25.8200773229989],[28.35636865147686,-25.820067665262865],[28.356355240431785,-25.820048349788443],[28.356333782759666,-25.82005559309173],[28.356339147177696,-25.820073701347976],[28.356328418341636,-25.820078530215845],[28.356319030610084,-25.820067665262865]]],[[[28.35638474473095,-25.820108710635548],[28.356391450253486,-25.820125611667226],[28.356424977866173,-25.820111125068788],[28.356411566821098,-25.820096638468584]]],[[[28.356392791357994,-25.82007490856497],[28.356403520194053,-25.820094224035056],[28.356485327569008,-25.82005559309173],[28.356479963150978,-25.820039899267396]]],[[[28.356490691987037,-25.820059214743203],[28.35650007971859,-25.8200773229989],[28.35653226622677,-25.820062836394563],[28.3565201962862,-25.82004231370205]]],[[[28.35652153739071,-25.820008511612514],[28.35653226622677,-25.820022998223497],[28.356549700585365,-25.820012133265426],[28.356542995062828,-25.81999764665311]]],[[[28.363047429503045,-25.826289990077875],[28.363031336248955,-25.826335861906205],[28.363093027056298,-25.826350347743034],[28.363109120310387,-25.826309304534075]]],[[[28.36347524184092,-25.82663282120694],[28.363467195213875,-25.826661792806153],[28.36349669951304,-25.82666662140534],[28.3635074283491,-25.826637649807303]]],[[[28.363179967247984,-25.82636299799811],[28.36317192062094,-25.826391969663376],[28.36321349486067,-25.826401626883552],[28.363221541487714,-25.826370240915104]]],[[[28.362660615290064,-25.828506968474848],[28.362623064363856,-25.828575774922058],[28.36267939075317,-25.82859388187519],[28.362711577261347,-25.82853473248467]]],[[[28.362708895052332,-25.828579396312904],[28.362695484007258,-25.828601124655684],[28.362727670515437,-25.828609574565668],[28.36273571714248,-25.82859388187519]]],[[[28.363144754017252,-25.830399734755062],[28.36316218837585,-25.83043836232318],[28.36318230494346,-25.83042991254373],[28.363184987152476,-25.830440776545764],[28.363210468138117,-25.83043111965511],[28.36318230494346,-25.830373178294664],[28.363158165062327,-25.83038283519004],[28.363159506166834,-25.830392492084638]]],[[[28.363233266914744,-25.83103135426718],[28.363252042377848,-25.831067567419407],[28.363285569990534,-25.831059117684887],[28.36329898103561,-25.831072395838873],[28.363343237484354,-25.831057910579908],[28.36332982643928,-25.8310385968985],[28.36335664852943,-25.831024111635394],[28.36333519085731,-25.83098789846987]]],[[[28.363984440974857,-25.830820436120362],[28.36397773545232,-25.830837335622892],[28.364094411544468,-25.830883205689045],[28.36410916369405,-25.830865099086104]]],[[[28.363932137899067,-25.83074076700447],[28.363926773481037,-25.830752838086077],[28.36395225446668,-25.830762494950484],[28.363958959989215,-25.830749216761728]]],[[[28.364209746532108,-25.8306852400132],[28.364201699905063,-25.83070455375225],[28.364216452054645,-25.830710589295045],[28.36422449868169,-25.83069127555699]]],[[[28.36415073793378,-25.83079629396969],[28.364162807874347,-25.83080232950782],[28.364170854501392,-25.830783015784725],[28.364157443456318,-25.830778187353456]]],[[[28.364675109796192,-25.830762494950484],[28.364679133109714,-25.830779394461295],[28.364746188335086,-25.83075525230225],[28.3647488705441,-25.830776980245613],[28.364771669320728,-25.830764909166458],[28.36476496379819,-25.830750423869862],[28.36473948281255,-25.830738352787993]]],[[[28.36476094048467,-25.830716624837553],[28.36477032821622,-25.830732317246607],[28.36482263129201,-25.830711796403573],[28.364810561351444,-25.83069489688313]]],[[[28.364834701232578,-25.830680411577948],[28.364846771173145,-25.830697311100476],[28.364866887740757,-25.830688861339507],[28.36486018221822,-25.830670754706848]]],[[[28.365606779540784,-25.83114140117329],[28.365616167272336,-25.831159507733954],[28.36566712924362,-25.831136572756638],[28.365657741512067,-25.831119673296833]]],[[[28.36566042372108,-25.831208998985637],[28.365711385692364,-25.83130798142694],[28.365754301036603,-25.83128866778635],[28.365701997960812,-25.831189685328905]]],[[[28.365817332948453,-25.83192566049008],[28.3658441550386,-25.83196187336869],[28.365905845845944,-25.831937731450846],[28.365879023755795,-25.831901518564855]]],[[[28.36859530712155,-25.833242198220262],[28.36858860159901,-25.833298931094046],[28.36865699792889,-25.833300138176178],[28.368679796705518,-25.83330375942248],[28.368675773391995,-25.833282031942993],[28.36865699792889,-25.833274789448957],[28.3686583390334,-25.833244612385663]]],[[[28.368695889959607,-25.833250647798934],[28.368693207750592,-25.833298931094046],[28.368796472797666,-25.83330496650455],[28.368800496111188,-25.833254269046744]]],[[[28.365282085693096,-25.832126297344935],[28.365276721275066,-25.832157681787177],[28.36531695441029,-25.832161303068446],[28.365323659932827,-25.832122676062614]]],[[[28.364902191824932,-25.831138890258966],[28.36490889734747,-25.83115458261203],[28.36495583600523,-25.83113406184221],[28.364942424960155,-25.831117162382046]]],[[[28.364510744552618,-25.832069345345754],[28.364521473388677,-25.83209710851998],[28.36458316419602,-25.83207296662972],[28.36456707094193,-25.832045203449844]]],[[[28.36455856676317,-25.83428554092605],[28.364561248972183,-25.83429881871806],[28.364582706644303,-25.834295197502215],[28.364580024435288,-25.83428433385397]]],[[[28.364102467159082,-25.832296367830278],[28.36411453709965,-25.8323253380433],[28.364195003370096,-25.83229153946076],[28.36417622790699,-25.83226256923944]]],[[[28.363971038917352,-25.832281882721105],[28.363980426648904,-25.832301196199612],[28.36400322542553,-25.832290332368338],[28.363991155484964,-25.832272225980674]]],[[[28.36387850270634,-25.831914926030702],[28.363886549333383,-25.831931825376966],[28.36397774443989,-25.831894405392717],[28.363969697812845,-25.831876298944465]]],[[[28.363831564048578,-25.831951138912586],[28.363847657302667,-25.831971659540738],[28.3638355873621,-25.83197648792332],[28.36384631619816,-25.83199580145166],[28.363897278169443,-25.831975280827695],[28.36387716160183,-25.831931825376966]]],[[[28.363755121091653,-25.832103232895534],[28.363781943181802,-25.832093576140515],[28.36375780330067,-25.832035635593908],[28.36372561679249,-25.832044085258726]]],[[[28.36373634562855,-25.832010286595846],[28.363743051151086,-25.832028393023588],[28.363776578763773,-25.832013907881617],[28.363763167718698,-25.83199942273788]]],[[[28.363759144405176,-25.832041671068833],[28.363768532136728,-25.832058570397002],[28.363789989808847,-25.832051327828093],[28.363781943181802,-25.83203442849888]]],[[[28.36359418855076,-25.83125947095327],[28.363602235177805,-25.83133913972001],[28.363629057267953,-25.83133913972001],[28.363623692849924,-25.831261885159112]]],[[[28.349709152807904,-25.827394657860584],[28.349703788389874,-25.827412764994392],[28.349752068152142,-25",".827417593562938],[28.349750727047635,-25.827400693572155]]],[[[28.349754750361157,-25.827356029299196],[28.349746703734112,-25.827393450718215],[28.34976413809271,-25.827394657860584],[28.34976950251074,-25.82735965072735]]],[[[28.349672942986203,-25.827296879290145],[28.34966891967268,-25.827312572152568],[28.349746703734112,-25.827319815011442],[28.349746703734112,-25.827306536436506]]],[[[28.3496903773448,-25.8272787721386],[28.349687695135785,-25.827293257860056],[28.349709152807904,-25.827296879290145],[28.349714517225934,-25.82728239356914]]],[[[28.349992125858975,-25.827778528504297],[28.349985420336438,-25.827801464132296],[28.35005783997984,-25.827812328375575],[28.35006320439787,-25.827793014164598]]],[[[28.34996932708235,-25.82781957120388],[28.34996396266432,-25.827837678272694],[28.349990784754468,-25.82784009254832],[28.349992125858975,-25.82782198547989]]],[[[28.35003772341223,-25.827830435445495],[28.350033700098706,-25.82784733537493],[28.35005783997984,-25.827850956788062],[28.350061863293362,-25.827836471134855]]],[[[28.35007393323393,-25.827826814031738],[28.3500685688159,-25.82784371396167],[28.350143670668317,-25.827858199614006],[28.35014769398184,-25.82784129968612]]],[[[28.351056248169524,-25.82795030142019],[28.35108441136418,-25.82801307251091],[28.35113671443997,-25.82798892978765],[28.351124644499404,-25.827972029878442],[28.35111123345433,-25.82798047983335],[28.35108441136418,-25.827934608642302]]],[[[28.351384818773848,-25.82809515773318],[28.351364702206237,-25.82813257891856],[28.351447850685698,-25.828173621495367],[28.351463943939788,-25.82813740745774]]],[[[28.35156184456883,-25.828009451102737],[28.35153636358319,-25.8280517008579],[28.351564526777846,-25.828062565078213],[28.35158866665898,-25.828025143870697]]],[[[28.351575725050754,-25.828630833115966],[28.351575725050754,-25.828691189587595],[28.351613275976963,-25.828692396716708],[28.351607911558933,-25.828632040245704]]],[[[28.35683471425235,-25.828102706862307],[28.356833373147843,-25.8281401280453],[28.356891040641663,-25.82814254231477],[28.35689238174617,-25.828101499727165]]],[[[28.356917862731812,-25.827922843591878],[28.356932614881394,-25.827937329234512],[28.356967483598588,-25.827910772221667],[28.35695675476253,-25.827897493713017]]],[[[28.356370692092774,-25.827870936691216],[28.356381420928834,-25.82789266516404],[28.356400196391938,-25.82788059379074],[28.356392149764893,-25.827863693866064]]],[[[28.356846784192918,-25.827746601464504],[28.356857513028977,-25.827757465712818],[28.356864218551515,-25.82774780860325],[28.35687762959659,-25.827767122821594],[28.356917862731812,-25.827734530076313],[28.356907133895753,-25.82772366582588],[28.356916521627305,-25.82771521585264],[28.356904451686738,-25.82770193732205]]],[[[28.357540135223267,-25.82759208760271],[28.357557569581864,-25.827595709023655],[28.35757634504497,-25.82751000203161],[28.357550864059327,-25.82750517346682]]],[[[28.3576179192847,-25.827516037737304],[28.35761255486667,-25.82753173057067],[28.35762864812076,-25.827532937711595],[28.35763267143428,-25.827519659160565]]],[[[28.357782875139115,-25.827543801979534],[28.357782875139115,-25.827559494809226],[28.357800309497712,-25.827559494809226],[28.357802991706727,-25.82754621626117]]],[[[28.357680519821574,-25.827866732853266],[28.357681860926082,-25.827889668464167],[28.35769258976214,-25.827887254189537],[28.35769393086665,-25.827867939990796]]],[[[28.35580833792918,-25.82599565489112],[28.355806996824672,-25.826012555082496],[28.355904897453716,-25.82601376223892],[28.355908920767238,-25.825998069204328]]],[[[28.355840524437358,-25.825978754697353],[28.355840524437358,-25.82599565489112],[28.35585527658694,-25.8259944477345],[28.355856617691447,-25.825979961854134]]],[[[28.355906238558223,-25.8259473686168],[28.355910261871745,-25.825967890285796],[28.356009503605296,-25.825970304599547],[28.35600682139628,-25.825949782930984]]],[[[28.35330533102212,-25.822856203366058],[28.35331605985818,-25.82287913994767],[28.3533375175303,-25.82286948244015],[28.353320083171702,-25.822847753045387]]],[[[28.356494218164947,-25.82568102986372],[28.356500923687484,-25.825690687141897],[28.356589436584976,-25.825666543944987],[28.356585413271453,-25.825653265184595]]],[[[28.358408562413988,-25.826902900199862],[28.358409903518496,-25.8269210074089],[28.358479640952883,-25.826892035873115],[28.358467571012316,-25.826881171545374]]],[[[28.35838710474187,-25.8268751358073],[28.3583924691599,-25.826890828725634],[28.358463547698793,-25.826865478625763],[28.358458183280764,-25.82685099285196]]],[[[28.35839112805539,-25.826838921372442],[28.358393810264406,-25.82685340714771],[28.35845013665372,-25.826834092780302],[28.358440748922167,-25.826819607002655]]],[[[28.360624596971242,-25.827387954750932],[28.3606353258073,-25.827402440459018],[28.360664830106465,-25.827386747608504],[28.36065678347942,-25.827373469041074]]],[[[28.3606353258073,-25.827415719023215],[28.360644713538854,-25.827427790443906],[28.360680923360555,-25.827416926165345],[28.36067287673351,-25.827402440459018]]],[[[28.36067824115154,-25.827387954750932],[28.360682264465062,-25.827406061885764],[28.36071042765972,-25.827402440459018],[28.36070506324169,-25.827383126181186]]],[[[28.36122223192433,-25.828419997985723],[28.36123832517842,-25.828448969147548],[28.36127453500012,-25.828434483567527],[28.361261123955046,-25.828405512402153]]],[[[28.36127453500012,-25.828491218745835],[28.36131610923985,-25.828579339288016],[28.361361706793105,-25.828562439463088],[28.36131610923985,-25.828476733170984]]],[[[28.360201975145547,-25.830315762691498],[28.360228797235695,-25.83037491119202],[28.36025293711683,-25.83037008274411],[28.36021672729513,-25.83030610579064]]],[[[28.360246231594292,-25.83029644888901],[28.36027841810247,-25.83035439028702],[28.36029451135656,-25.830348354726052],[28.360259642639367,-25.830285584873717]]],[[[28.360653927364556,-25.83030489867799],[28.360655268469063,-25.83032179825413],[28.36067806724569,-25.830323005366616],[28.360679408350197,-25.83030248445263]]],[[[28.3601577186968,-25.82982511512751],[28.360177835264412,-25.829857707297172],[28.360271712579934,-25.82982511512751],[28.360248913803307,-25.82979131583097]]],[[[28.359694713415806,-25.828878177858922],[28.359736287655537,-25.828960262481274],[28.35976042753667,-25.828948191216853],[28.359717512192432,-25.8288709350954]]],[[[28.35934076630279,-25.828661776597407],[28.359339425198282,-25.82869436908739],[28.359402457110132,-25.828704026119734],[28.359407821528162,-25.828673847891036]]],[[[28.359437325827326,-25.82858452028901],[28.359437325827326,-25.828606248630834],[28.359462806812967,-25.828611077150704],[28.35946683012649,-25.828591763070065]]],[[[28.355454975994107,-25.831945704071707],[28.35545899930763,-25.831960189222027],[28.35548045697975,-25.83195053245535],[28.355471069248196,-25.831937254399868]]],[[[28.355571652086255,-25.83189259183869],[28.35558506313133,-25.831908284091835],[28.355593109758374,-25.831898627320925],[28.355587745340344,-25.831885349259633]]],[[[28.353674066448033,-25.830168101270733],[28.353683454179585,-25.83016930838479],[28.353690159702122,-25.8301548230153],[28.353676748657048,-25.83014758032988]]],[[[28.353725054982146,-25.830698462411068],[28.353719690564116,-25.830716569039488],[28.35378540468498,-25.830728640123564],[28.353792110207518,-25.830718983256407]]],[[[28.353800156834563,-25.83077933866326],[28.3538068623571,-25.83079020263323],[28.353868553164443,-25.830769681800234],[28.353860506537398,-25.83075278228804]]],[[[28.353698232891997,-25.830944778214306],[28.3537170083551,-25.83100513350602],[28.353792110207518,-25.830988234027448],[28.35377467584892,-25.830927878727106]]],[[[28.354054966690978,-25.83130247385947],[28.354076424363097,-25.83134351533715],[28.354126045229872,-25.831321787497796],[28.354101905348738,-25.831279538909865]]],[[[28.354024121287306,-25.831485953296333],[28.35403350901886,-25.831501645603392],[28.35413275075241,-25.83146181128142],[28.354123363020857,-25.831444911868047]]],[[[28.352076753091808,-25.830664517176817],[28.352099551868434,-25.83070555887572],[28.35211698622703,-25.83069710911534],[28.352098210763927,-25.830658481631666]]],[[[28.352051272106166,-25.830729701044902],[28.35206602425575,-25.83076350007346],[28.352161242675777,-25.83072004417781],[28.35214380831718,-25.830691073571845]]],[[[28.352236344528194,-25.830729701044902],[28.352291329813,-25.830831098101655],[28.35231278748512,-25.830821441242843],[28.352256461095806,-25.83072245839466]]],[[[28.352294012022014,-25.83092525243371],[28.35230608196258,-25.830939737708917],[28.352319493007656,-25.830932495071533],[28.352308764171596,-25.830918009795436]]],[[[28.352334245157238,-25.831007335636436],[28.352342291784282,-25.831021820901608],[28.352362408351894,-25.831015785374674],[28.352350338411327,-25.831001300108767]]],[[[28.352351679515834,-25.83139723007205],[28.352351679515834,-25.831418957897558],[28.35233826847076,-25.831421372100156],[28.352340950679775,-25.831485348450762],[28.352418734741207,-25.83148172714883],[28.352418734741207,-25.831458792233946],[28.35237984271049,-25.83145758513305],[28.352378501605983,-25.83144068571907],[28.35242141695022,-25.83143827151689],[28.352420075845714,-25.831418957897558],[28.352393253755565,-25.83141775079624],[28.352391912651058,-25.83139964427508]]],[[[28.35244823904037,-25.83144068571907],[28.35244823904037,-25.831464827738298],[28.352539434146877,-25.8314624135366],[28.352539434146877,-25.83143827151689]]],[[[28.352576985073085,-25.831435857314645],[28.3525796672821,-25.831449135426364],[28.352594419431682,-25.83145034252736],[28.352593078327175,-25.831435857314645]]],[[[28.352571620655056,-25.83145758513305],[28.35257430286407,-25.83148172714883],[28.35266818017959,-25.83147931294748],[28.352665497970577,-25.8314551709312]]],[[[28.353423523246967,-25.833040759552517],[28.35340072447034,-25.833069729583336],[28.353450345337116,-25.833097492522878],[28.353470461904728,-25.83307214375225]]],[[[28.353418158828937,-25.833196473384753],[28.353407429992878,-25.83320733713286],[28.353440957605564,-25.83322906462605],[28.35345302754613,-25.83321337254803]]],[[[28.353477167427265,-25.833099906691217],[28.35349057847234,-25.833108356280057],[28.3535013073084,-25.83309507835447],[28.35349057847234,-25.833085421680405]]],[[[28.352442112142104,-25.833854188666194],[28.352420654469984,-25.83386384527755],[28.35244345324661,-25.83389281510687],[28.352466252023238,-25.833873501888124]]],[[[28.35236432808067,-25.833889193878605],[28.352383103543776,-25.833900057563103],[28.352415290051955,-25.833866259430266],[28.35239651458885,-25.833854188666194]]],[[[28.352231558734434,-25.834040078296315],[28.352243628675,-25.834052149041426],[28.352329459363478,-25.833967653799828],[28.35231738942291,-25.833956790121526]]],[[[28.352219488793867,-25.83405818441352],[28.352232899838942,-25.834042492445448],[28.352148410254973,-25.83396886087514],[28.352136340314406,-25.8339809316275]]],[[[28.35176217215683,-25.833790213596085],[28.351778265410918,-25.83382401175065],[28.351799723083037,-25.833815562212916],[28.351780947619933,-25.83378176405593]]],[[[28.351725962335127,-25.833731066802393],[28.35174473779823,-25.83376245081906],[28.35181983965065,-25.833726238491394],[28.35180240529205,-25.833697268621286]]],[[[28.351837274009245,-25.83370209693346],[28.35185068505432,-25.83373830926852],[28.351869460517424,-25.83372744556916],[28.35185604947235,-25.833696061543215]]],[[[28.35194992678787,-25.833543969607256],[28.35197138445999,-25.83353914128863],[28.351951267892378,-25.833506550132725],[28.351931151324766,-25.833513792612603]]],[[[28.35183459180023,-25.833535520049526],[28.351841297322768,-25.8335475908461],[28.35180776971008,-25.833565697038654],[28.351815816337126,-25.833580181990698],[28.351921763593214,-25.833533105890062],[28.351905670339125,-25.83350172181258]]],[[[28.351772900992888,-25.833533105890062],[28.351784970933455,-25.833557247482464],[28.35181849854614,-25.833543969607256],[28.351806428605574,-25.83352344925173]]],[[[28.351734008962172,-25.83349206517168],[28.351742055589217,-25.833507757212754],[28.351763513261336,-25.833499307652435],[28.351754125529784,-25.833484822690476]]],[[[28.351684388095396,-25.833494479331975],[28.35169243472244,-25.833505343052707],[28.351732667857664,-25.83349206517168],[28.351720597917097,-25.83347637312854]]],[[[28.35123109477188,-25.832528811282472],[28.351223048144835,-25.832548124720677],[28.351252552444,-25.832558988528287],[28.351264622384566,-25.832545710541076]]],[[[28.35088950262503,-25.831296822857798],[28.35086402163939,-25.83132700041775],[28.350956557850402,-25.831389769717788],[28.35097801552252,-25.831355970868056]]],[[[28.35161726382849,-25.830997461046422],[28.351629333769058,-25.83101798183991],[28.351641403709625,-25.83101073920733],[28.35165347365019,-25.831021603156053],[28.35168029574034,-25.831008324996358],[28.35167493132231,-25.830993839729544],[28.351684319053863,-25.830984182884013],[28.351678954635833,-25.830972111826],[28.35166956690428,-25.83098056156674],[28.35166420248625,-25.830967283402448]]],[[[28.351666884695266,-25.83101556762909],[28.351673590217803,-25.831030052893247],[28.351692365680908,-25.831026431577385],[28.351708458934997,-25.8310228102614],[28.35171784666655,-25.831007117890856],[28.35171248224852,-25.830993839729544]]],[[[28.351709800039504,-25.831028845787976],[28.35171784666655,-25.831038502629852],[28.351729916607116,-25.831033674209017],[28.351756738697265,-25.831084372618044],[28.351768808637832,-25.831075922884715],[28.351736622129653,-25.831007117890856],[28.351720528875564,-25.831014360523668]]],[[[28.351771490846847,-25.831073508675082],[28.3517808785784,-25.831087993932137],[28.35180233625052,-25.831080751303837],[28.351794289623474,-25.831068680255658]]],[[[28.351762103115295,-25.831096443664613],[28.351771490846847,-25.831112136023304],[28.35179160741446,-25.831100064978347],[28.351782219682907,-25.831087993932137]]],[[[28.351768808637832,-25.831132656796928],[28.351774173055862,-25.831139899422073],[28.351799654041503,-25.83112662127564],[28.351794289623474,-25.83112179285839]]],[[[28.35168342400247,-25.83170281142817],[28.35167805958444,-25.831712468215063],[28.351687447315992,-25.831717296608215],[28.351679400688948,-25.83172936759023],[28.35175718475038,-25.8317571308442],[28.35176254916841,-25.831745059865014],[28.351774619108976,-25.831746266962977],[28.35177730131799,-25.831735403080774]]],[[[28.3518148522442,-25.83214943699752],[28.351812170035185,-25.832172371778572],[28.351906047350706,-25.83218685690115],[28.351907388455214,-25.832172371778572],[28.351837651020826,-25.832162715029195],[28.351838992125334,-25.832150644091392]]],[[[28.35199858356172,-25.832113224176315],[28.351990536934675,-25.83214581571591],[28.352001265770735,-25.832153058279044],[28.351994560248198,-25.8321699575913],[28.352011994606794,-25.832173578872187],[28.352026746756376,-25.83211684545893]]],[[[28.35090240788589,-25.833502593195064],[28.35091850113998,-25.83353880559116],[28.351024448396068,-25.833500179034917],[28.3510123784555,-25.833463966627015]]],[[[28.35080604158819,-25.833366883569415],[28.35081140600622,-25.83340792433122],[28.350870414604547,-25.833399474763766],[28.350865050186517,-25.833363262325037]]],[[[28.350844172340864,-25.833182982788834],[28.35085221896791,-25.833277135249908],[28.350889769894117,-25.833275928167538],[28.350873676640028,-25.833176947372102]]],[[[28.350999740463728,-25.833228851945897],[28.351005104881757,-25.833243336939155],[28.351022539240354,-25.833242129856455],[28.35101851592683,-25.833226437780176]]],[[[28.351007787090772,-25.833263857343255],[28.351007787090772,-25.833281963579214],[28.351027903658384,-25.833277135249908],[28.35102388034486,-25.833262650260757]]],[[[28.350284295923398,-25.832039869369577],[28.350297706968473,-25.83205435450838],[28.350313800222562,-25.832039869369577],[28.350300389177487,-25.832027798419233]]],[[[28.348705764047505,-25.832877210855074],[28.34871381067455,-25.832892902977676],[28.3488130524081,-25.832843412430126],[28.348805005781056,-25.832831341561736]]],[[[28.348884130946995,-25.83300395486268],[28.348900224201085,-25.83299912652202],[28.348849262229802,-25.832909802184282],[28.348831827871205,-25.83291945887269]]],[[[28.3493466580405,-25.832597241110125],[28.349323859263873,-25.832657595559162],[28.349392255593752,-25.832674494799388],[28.34941505437038,-25.832616554537175]]],[[[28.349400302220797,-25.832532058270594],[28.3493828678622,-25.83258758439542],[28.349463334132647,-25.832609312002393],[28.349479427386736,-25.8325562000672]]],[[[28.349500885058855,-25.832597241110125],[28.34948210959575,-25.83264914593815],[28.349559893657183,-25.83267328771087],[28.34957732801578,-25.83261776162625]]],[[[28.349696686316943,-25.833245446282955],[28.349696686316943,-25.833263552521732],[28.349722167302584,-25.833264759604216],[28.34971814398906,-25.833243032117583]]],[[[28.349659135390734,-25.83327079501646],[28.34966181759975,-25.833285280004606],[28.34967791085384,-25.833286487086863],[28.349675228644823,-25.833268380851607]]],[[[28.349722167302584,-25.83327200209888],[28.349727531720614,-25.833320285385287],[28.34974496607921,-25.833319078303365],[28.34974496607921,-25.833332356203808],[28.349759718228793,-25.8333299420402],[28.349759718228793,-25.83331183581159],[28.349747648288226,-25.833309421647563],[28.349742283870196,-25.83326958793404]]],[[[28.349762400437807,-25.833326320794708],[28.349763741542315,-25.833334770367365],[28.34978788142345,-25.833334770367365],[28.34978251700542,-25.833323906630973]]],[[[28.34972350840709,-25.83335046242928],[28.3497248495116,-25.833372189896195],[28.349742283870196,-25.833369775733402],[28.349742283870196,-25.83335408367405]]],[[[28.34972887282512,-25.833398745683677],[28.34972887282512,-25.833438579353725],[28.349748989392733,-25.833437372273007],[28.34974496607921,-25.833399952764786]]],[[[28.349742283870196,-25.83344099351512],[28.349743624974703,-25.833454271401887],[28.34980397467754,-25.833453064321333],[28.34980263357303,-25.833437372273007]]],[[[28.34969802742145,-25.833453064321333],[28.34969266300342,-25.83346392804587],[28.349715461780047,-25.83346030680446],[28.349711438466525,-25.833449443079594]]],[[[28.34978251700542,-25.83354963072671],[28.349783858109927,-25.833570151077687],[28.349822750140643,-25.833565322760126],[28.34982409124515,-25.833550837806268]]],[[[28.349830796767687,-25.833572565236395],[28.349833478976702,-25.83361360592687],[28.34985627775333,-25.833611191769],[28.34984957223079,-25.833570151077687]]],[[[28.35012829516053,-25.834184782503158],[28.35013902399659,-25.83419323201453],[28.350152435041664,-25.834183575430057],[28.350161822773217,-25.834194439087533],[28.350194009281395,-25.83416546933204],[28.350183280445336,-25.834155812745305],[28.350199373699425,-25.834140120790167],[28.350188644863366,-25.834131671275003]]],[[[28.350215466953514,-25.834135292495866],[28.35020205590844,-25.834148570304738],[28.350216808058022,-25.834159433965418],[28.35020742032647,-25.83417029762512],[28.350236924625634,-25.834199267379432],[28.3502489945662,-25.834188403722386],[28.35026508782029,-25.83420288859822],[28.35027581665635,-25.834189610795445]]],[[[28.34958997337762,-25.834420646541535],[28.349624842094812,-25.834404954621508],[28.3495685157055,-25.834305974770377],[28.34953096477929,-25.834324080846898]]],[[[28.349938660549554,-25.83487812544896],[28.349940001654062,-25.834905887964254],[28.3499829169983,-25.83491192329281],[28.349985599207315,-25.834880539580993]]],[[[28.35000437467042,-25.83488295371296],[28.35000437467042,-25.83491192329281],[28.350033878969583,-25.83491192329281],[28.35003522007409,-25.834885367844887]]],[[[28.350044607805643,-25.834879332514983],[28.350041925596628,-25.834908302095727],[28.350084840940866,-25.834910716227117],[28.350084840940866,-25.834880539580993]]],[[[28.350471672861122,-25.834761307222834],[28.35047837838366,-25.834776999095606],[28.35048910721972,-25.83477941322969],[28.35050922378733,-25.834774584961465],[28.35051995262339,-25.834757686021145],[28.350511905996346,-25.834740787078395]]],[[[28.350584325639748,-25.834593524760916],[28.35063528761103,-25.834610423724683],[28.350652721969627,-25.834600767174244],[28.35060980662539,-25.834579039932894]]],[[[28.350643334238075,-25.834529550090483],[28.35066210970118,-25.83456938337991],[28.350701001731895,-25.834554898548934],[28.350680885164284,-25.834513858184902]]],[[[28.350670156328224,-25.834608009587157],[28.350691614000343,-25.834656292328464],[28.35070904835894,-25.83464904991852],[28.350718436090492,-25.834664741806176],[28.35073587044909,-25.834656292328464],[28.350718436090492,-25.83461283786217],[28.350699660627388,-25.834617666136996],[28.350690272895836,-25.834603181311923]]],[[[28.356252112586322,-25.836422014448914],[28.356265523631397,-25.836446155451966],[28.356276252467456,-25.836438913151568],[28.35628027578098,-25.836450983651993],[28.35639426966411,-25.836399080491447],[28.35636342426044,-25.836342349103887],[28.356252112586322,-25.83639666639041],[28.35626284142238,-25.83641477214704]]],[[[28.35984326473613,-25.835946210349466],[28.3598553346767,-25.835959487955137],[28.359868745721773,-25.83594741740457],[28.35985935799022,-25.835937760963244]]],[[[28.359868745721773,-25.83593293274228],[28.359898250020937,-25.83596190206509],[28.359929095424608,-25.835940175073645],[28.359899591125444,-25.835908791634523]]],[[[28.35991300217052,-25.83590034224565],[28.359939824260668,-25.83593413979754],[28.35996530524631,-25.835914826911925],[28.359937142051653,-25.835884650521844]]],[[[28.359947870887712,-25.835877408187073],[28.35997469297786,-25.835906377523475],[28.360009561695055,-25.835884650521844],[28.35998005739589,-25.83585206001191]]],[[[28.361747602776912,-25.83549110143961],[28.36171809847775,-25.83559128735826],[28.36176906044903,-25.835603357945132],[28.361794541434673,-25.83550437909636]]],[[[28.361802588061718,-25.835506793215604],[28.361777107076076,-25.83560577206237],[28.36182672794285,-25.835617842647768],[28.361853550033,-25.83552127793007]]],[[[28.36171139295521,-25.835603357945132],[28.36170736964169,-25.835625084998416],[28.361755649403957,-25.835633534406956],[28.361761013821987,-25.835616635589275]]],[[[28.36177442486706,-25.835620256764706],[28.36177040155354,-25.835637155581857],[28.361815999106792,-25.83564922616406],[28.361825386838344,-25.83563232734863]]],[[[28.363840552633217,-25.83243777688628],[28.36384994036477,-25.832458297430062],[28.363863351409844,-25.832449847794827],[28.363852622573784,-25.83243294852253]]],[[[28.363654475626173,-25.832687855664165],[28.36365045231265,-25.83270596198825],[28.363690685447875,-25.832715618693285],[28.36369336765689,-25.832697512370693]]],[[[28.363571327146712,-25.83266974933731],[28.363564621624175,-25.832689062752518],[28.363606195863905,-25.832698719458943],[28.363610219177428,-25.83268182022219]]],[[[28.363591443714324,-25.832719239957477],[28.363586079296294,-25.832739760452455],[28.363607536968413,-25.832740967540285],[28.36360887807292,-25.832724068309552]]],[[[28.363658498939696,-25.832747002979243],[28.363654475626173,-25.832761488031483],[28.363674592193785,-25.832767523469403],[28.363679956611815,-25.832751831330185]]],[[[28.36264436436238,-25.831222441317617],[28.36265106988492,-25.83123692655645],[28.36267118645253,-25.831233305246915],[28.362663139825486,-25.831213991594147]]],[[[28.362669845348023,-25.8312103702839],[28.362673868661545,-25.831227269730757],[28.36269264412465,-25.83122364842093],[28.362683256393098,-25.831206748973536]]],[[[28.36247806740346,-25.83105344673355],[28.36247806740346,-25.831075174622146],[28.36256121588292,-25.831075174622146],[28.362562556987427,-25.83105586094358]]],[[[28.362307747131013,-25.830761326954878],[28.362322499280594,-25.830769776710675],[28.3623412747437,-25.830748048765987],[28.362323840385102,-25.830738391900407]]],[[[28.362374802356385,-25.83071062840747],[28.362390895610474,-25.830720285275316],[28.36241503549161,-25.830690107560688],[28.362400283342026,-25.830682864908027]]],[[[28.362342615848206,-25.8307130426245],[28.362358709102296,-25.83072149238374],[28.36237212014737,-25.830704592864674],[28.36235602689328,-25.83069735021289]]],[[[28.362374802356385,-25.83066958671033],[28.362390895610474,-25.830680450690377],[28.362400283342026,-25.830665965383435],[28.362385531192444,-25.83065751562024]]],[[[28.36246599746289,-25.830690107560688],[28.36244588089528,-25.83071907816688],[28.36246197414937,-25.830723906600554],[28.362479408507966,-25.83069976443021]]],[[[28.36228360724988,-25.83066234405642],[28.362295677190446,-25.830670793819277],[28.362323840385102,-25.830643030310476],[28.362306406026505,-25.830634580545652]]],[[[28.362122674708985,-25.830213298648246],[28.362142791276597,-25.830259168956232],[28.362200458770417,-25.830239855144516],[28.362185706620835,-25.830191570601407]]],[[[28.36178873968663,-25.830330635895756],[28.361796786313676,-25.83034149990691],[28.361854453807496,-25.8303064936452],[28.361843724971436,-25.830292008292485]]],[[[28.36129638669949,-25.830812772411218],[28.361392946224026,-25.830845364308907],[28.361398310642056,-25.83082846480752],[28.361304433326534,-25.83079708001283]]],[[[28.361299068908504,-25.830818807948507],[28.36129102228146,-25.83083450034401],[28.36137551186543,-25.830862263807884],[28.361382217387966,-25.830845364308907]]],[[[28.361677260379604,-25.83128112919002],[28.36168530700665,-25.83129440731911],[28.361697376947216,-25.831290786011326],[28.36169067142468,-25.83127630077908]]],[[[28.36167897895936,-25.83144491938983],[28.361691048899928,-25.83145819750055],[28.36170043663148,-25.831452161995863],[28.361693731108943,-25.831438883884474]]],[[[28.36173798755769,-25.831991734898335],[28.361778220692912,-25.831980871038652],[28.361755421916286,-25.83191085947459],[28.36171652988557,-25.83191930914831]]],[[[28.362899804804258,-25.833092867515305],[28.362910533640317,-25.83311459502951],[28.362968201134137,-25.833091660431066],[28.36295613119357,-25.833067518743682]]],[[[28.362502837870053,-25.83315201462796],[28.36252027222865,-25.833194262547476],[28.36259403297656,-25.833162878380143],[28.36257257530444,-25.83312183753336]]],[[[28.362533683273725,-25.83324616711368],[28.362539047691754,-25.833264273352327],[28.36259403297656,-25.833240131700162],[28.362585986349515,-25.83322564670651]]],[[[28.362559164259366,-25.83328237958823],[28.362576598617963,-25.833317384969764],[28.362611467335157,-25.83329807165709],[28.362595374081067,-25.83326789459973]]],[[[28.361902023050718,-25.833515346242933],[28.361908728573255,-25.833534659520147],[28.362028086874417,-25.833480340919944],[28.362018699142865,-25.833467063036114]]],[[[28.362187678310804,-25.83286561061929],[28.362187678310804,-25.832883716916182],[28.362244004700116,-25.832881302743427],[28.362244004700116,-25.83286561061929]]],[[[28.36219036051982,-25.832835433451663],[28.362191701624326,-25.83285353975316],[28.36224668690913,-25.83285233266649],[28.36224668690913,-25.832835433451663]]],[[[28.36215280959361,-25.832819741321458],[28.36215280959361,-25.832837847625356],[28.362182313892774,-25.832837847625356],[28.36218499610179,-25.832822155495457]]],[[[28.362065637800626,-25.83283060510412],[28.362061614487104,-25.832845090146144],[28.362123305294446,-25.83284991849309],[28.36212196418994,-25.832829398017207]]],[[[28.362022722456388,-25.832820948408457],[28.36202138135188,-25.832837847625356],[28.362054908964566,-25.832837847625356],[28.362056250069074,-25.832820948408457]]],[[[28.361604297850064,-25.832933207446874],[28.36161770889514,-25.832939242876026],[28.361663306448392,-25.832837847625356],[28.36164855429881,-25.83283060510412]]],[[[28.361668670866422,-25.832840261798992],[28.36164855429881,-25.83289216652044],[28.361661965343885,-25.832896994865468],[28.36167939970248,-25.832845090146144]]],[[[28.361346805784635,-25.83248537774481],[28.361361557934217,-25.832517969181904],[28.36141788432353,-25.832492620287145],[28.361400449964933,-25.832460028843066]]],[[[28.361458117458753,-25.83254693934069],[28.361471528503827,-25.83256142441742],[28.361505056116513,-25.83254211098138],[28.36150103280299,-25.832531247172234]]],[[[28.361509079430036,-25.832474513930435],[28.361546630356244,-25.83254211098138],[28.361578816864423,-25.832526418812296],[28.361541265938214,-25.832464857205725]]],[[[28.361177826616697,-25.831929841042882],[28.361184532139234,-25.831949154578844],[28.361200625393323,-25.831945533291087],[28.361195260975293,-25.831927426850676]]],[[[28.36100750634425,-25.831638919564572],[28.361030305120877,-25.83171617387936],[28.361073220465116,-25.831706517092762],[28.361058468315534,-25.831646162158716],[28.361046398374967,-25.831649783455617],[28.36103969285243,-25.831634091168215]]],[[[28.361038351747922,-25.831620813077244],[28.361046398374967,-25.831641333762672],[28.36106115052455,-25.831636505366415],[28.36106651494258,-25.831648576356674],[28.361087972614698,-25.831641333762672],[28.361083949301175,-25.831629262771663],[28.361104065868787,-25.831625641474123],[28.36109736034625,-25.831605120785987]]],[[[28.36094045111888,-25.831326280494427],[28.360957885477475,-25.831358872250718],[28.3610705382561,-25.831313002368915],[28.361051762792997,-25.83127920349726]]],[[[28.360900217983655,-25.831381807184943],[28.360909605715207,-25.831398706607335],[28.360921675655774,-25.831392671099614],[28.36091362902873,-25.831378185879835]]],[[[28.36113893458598,-25.831249025925132],[28.361136252376966,-25.831259889851985],[28.36116575667613,-25.831267132469332],[28.361167097780637,-25.83125506144017]]],[[[28.360699052307538,-25.83122609096517],[28.360709781143598,-25.831250233028165],[28.360772813055448,-25.83122488386189],[28.360758060905866,-25.83119712048307]]],[[[28.360791588518552,-25.831142800810024],[28.360795611832074,-25.831156078954635],[28.360864008161954,-25.83112710845539],[28.36085059711688,-25.831102966367283],[28.360799635145597,-25.83112228003815],[28.36080365845912,-25.83113555818506]]],[[[28.36437388078038,-25.84183920880656],[28.364375221884888,-25.841853692745794],[28.36442216054265,-25.841856106735502],[28.36442216054265,-25.84183920880656]]],[[[28.364375221884888,-25.841860934714763],[28.36437388078038,-25.841877832640616],[28.36442216054265,-25.841879039635216],[28.364419478333634,-25.841864555699082]]],[[[28.36447446361844,-25.84183920880656],[28.36447446361844,-25.841857313730344],[28.364522743380707,-25.84185852072516],[28.3645214022762,-25.841844036786497]]],[[[28.364470440304917,-25.841865762693825],[28.36447312251393,-25.841880246629817],[28.364522743380707,-25.841880246629817],[28.364520061171692,-25.841865762693825]]],[[[28.364438253796738,-25.84185852072516],[28.364439594901246,-25.841875418651355],[28.364455688155335,-25.841875418651355],[28.364457029259842,-25.84186214170954]]],[[[28.36816236219644,-25.84233198140007],[28.368161021091932,-25.84236698410442],[28.368222711899275,-25.842370605073242],[28.368222711899275,-25.842360949156127],[28.368242828466887,-25.84235974216643],[28.368242828466887,-25.842368191094028],[28.368264286139006,-25.842368191094028],[28.368265627243513,-25.842333188390054],[28.36824685178041,-25.842330774410076],[28.3682455106759,-25.842339223339753],[28.368224053003782,-25.842340430329646],[28.368221370794767,-25.84233198140007]]],[[[28.373799095139205,-25.84423941239343],[28.37381787060231,-25.844268379682408],[28.37394393442601,-25.844203203272254],[28.373926500067412,-25.844179063851957]]],[[[28.37384335158795,-25.844258723920213],[28.37385408042401,-25.844276828473692],[28.37391174791783,-25.844247861186787],[28.37390236018628,-25.84423096359949]]],[[[28.368509566344713,-25.84440014524141],[28.368508225240205,-25.844431526428156],[28.36861149028728,-25.844431526428156],[28.368608808078264,-25.84440014524141]]],[[[28.369809889413332,-25.84489354914744],[28.369799160577273,-25.844909239676404],[28.369851463653063,-25.844941827691464],[28.369867556907153,-25.84492372323976]]],[[[28.37444491364144,-25.84732599254092],[28.37441406823777,-25.847406857427995],[28.37448782898568,-25.84742858231361],[28.37451330997132,-25.847364614583434],[28.37449319340371,-25.847359786828807],[28.374498557821738,-25.84734288968607]]],[[[28.37442345596932,-25.84746358350982],[28.374396633879172,-25.847533585871133],[28.374432843700873,-25.8475444483028],[28.374463689104545,-25.847465997385036],[28.374447595850455,-25.847459962696895],[28.374442231432425,-25.847474445947906]]],[[[28.373750221506583,-25.847379097846126],[28.37374217487954,-25.847395994983682],[28.373782408014762,-25.84741289211884],[28.373785090223777,-25.847393581107053]]],[[[28.37330943838486,-25.85130021987131],[28.37332553163895,-25.85131228885537],[28.373401974595875,-25.851241081831652],[28.373385881341786,-25.851229012840324]]],[[[28.373427455581517,-25.851200047256143],[28.373439525522084,-25.851210909351046],[28.37345159546265,-25.851201254155615],[28.37344086662659,-25.85118918516023]]],[[[28.365203935640427,-25.849548534252325],[28.365203935640427,-25.849563017247576],[28.365297812955948,-25.849567844912265],[28.365299154060455,-25.849553361917618]]],[[[28.365393031375977,-25.849536465088267],[28.36539169027147,-25.849558189582687],[28.36545472218332,-25.849566637996112],[28.36545874549684,-25.84954612041961]]],[[[28.37308083548497,-25.852136211488318],[28.373056695603836,-25.852203797305318],[28.373282001161087,-25.85227379686079],[28.37330614104222,-25.852198969748258]]],[[[28.37318544163655,-25.852259314197543],[28.37316934838246,-25.85231965861604],[28.373260543488968,-25.852343796374825],[28.373282001161087,-25.852285865745483]]],[[[28.36972539200734,-25.85248620905132],[28.36971466317128,-25.85251638120652],[28.369811222695816,-25.852545346468286],[28.36981926932286,-25.852518794978604]]],[[[28.370358393334854,-25.852699827744463],[28.370338276767242,-25.852748103101888],[28.370393262052048,-25.85276499947232],[28.370401308679092,-25.852749309985573],[28.37042276635121,-25.852754137520183],[28.370426789664734,-25.85273965491576],[28.370448247336853,-25.852745689334487],[28.370453611754883,-25.85273120672904]]],[[[28.36968918218564,-25.85258638057695],[28.3696824766631,-25.852600863200145],[28.369706616544235,-25.85260569074082],[28.36970929875325,-25.85259362188876]]],[[[28.370966241836985,-25.854179110335853],[28.37096355962797,-25.854198420239594],[28.371202276230296,-25.854223764483482],[28.37120495843931,-25.85420807519029]]],[[[28.37751756295794,-25.861109511772394],[28.377520245166956,-25.86114692251482],[28.377588641496835,-25.861144508918887],[28.377587300392328,-25.861108304974064]]],[[[28.378929504974206,-25.863750190841106],[28.37892682276519,-25.86380328876954],[28.37896973810943,-25.86380328876954],[28.378972420318444,-25.863820183559948],[28.379034111125787,-25.86381777001861],[28.379034111125787,-25.863804495540364],[28.379060933215936,-25.86380328876954],[28.379060933215936,-25.863751397612482]]],[[[28.378861108644326,-25.86368381839703],[28.37885976753982,-25.863697092888835],[28.378924140556176,-25.863699506432628],[28.378924140556176,-25.86368381839703]]],[[[28.378248631615755,-25.86322809532313],[28.378249972720262,-25.86324981730177],[28.37838676538002,-25.86324981730177],[28.378385424275514,-25.86322930209982]]],[[[28.37821510400307,-25.863183444576695],[28.37821376289856,-25.863202753009652],[28.378353237767335,-25.86320637334048],[28.378351896662828,-25.86318585813099]]],[[[28.377058073818805,-25.86327820930016],[28.377056732714298,-25.863302344821513],[28.377095624745014,-25.863305965149287],[28.37709830695403,-25.86327820930016]]],[[[28.377105012476566,-25.86327820930016],[28.377105012476566,-25.86330475837337],[28.377185478747013,-25.863308378701085],[28.37718681985152,-25.863280622852525]]],[[[28.377594892922176,-25.86527587944483],[28.377601598444713,-25.865290360513466],[28.377641831579936,-25.86527587944483],[28.37763378495289,-25.865258984862518]]],[[[28.37760830396725,-25.86530122131376],[28.377615009489787,-25.865314495623892],[28.377653901520503,-25.865300014558223],[28.37764585489346,-25.865285533490784]]],[[[28.377620373907817,-25.865326563177266],[28.377621715012324,-25.865341044239678],[28.37766597146107,-25.865322942911384],[28.377656583729518,-25.865309668602205]]],[[[28.37763378495289,-25.865348284770224],[28.37763914937092,-25.86536517933976],[28.377678041401637,-25.865348284770224],[28.3776713358791,-25.86533501046389]]],[[[28.3768337137267,-25.86568678777134],[28.37682298489064,-25.86575557259235],[28.376867241339387,-25.86576160634666],[28.376873946861924,-25.865691614777624]]],[[[28.376694238857926,-25.86558300708845],[28.376684851126374,-25.865627656928293],[28.376695579962433,-25.8656288636805],[28.37667680449933,-25.865731437571984],[28.37674520082921,-25.86573988482967],[28.376762635187806,-25.865645758209926],[28.376751906351746,-25.865643344705877],[28.3767612940833,-25.865592661109304]]],[[[28.372741583663377,-25.868823852527882],[28.372767064649018,-25.868841953319908],[28.372793886739167,-25.868814198771002],[28.372768405753526,-25.86879489125486]]],[[[28.371709005506915,-25.866048634254156],[28.371709005506915,-25.86607276920973],[28.37172241655199,-25.866075182705025],[28.37172241655199,-25.86604984100206]]],[[[28.37173850980608,-25.866051047749952],[28.371735827597064,-25.866073975957377],[28.371751920851153,-25.866075182705025],[28.371750579746646,-25.866052254497813]]],[[[28.371761308582705,-25.866053461245677],[28.37175862637369,-25.866076389452648],[28.371776060732287,-25.866076389452648],[28.37177471962778,-25.86605466799353]]],[[[28.371784107359332,-25.86605466799353],[28.371781425150317,-25.866077596200256],[28.371798859508914,-25.866078802947854],[28.371797518404406,-25.866053461245677]]],[[[28.371809588344973,-25.86605466799353],[28.37181092944948,-25.866078802947854],[28.371828363808078,-25.866080009695455],[28.371828363808078,-25.866055874741356]]],[[[28.366390489278572,-25.86263978215549],[28.366399877010124,-25.86267598563124],[28.3664494978769,-25.862673572066527],[28.366441451249855,-25.862634955024557]]],[[[28.36659165495469,-25.862596337969972],[28.36660238379075,-25.86258909727083],[28.366614453731316,-25.86259995831937],[28.366631888089913,-25.862581856571232],[28.366615794835823,-25.86257340908783],[28.366619818149346,-25.862561341253343],[28.36658092611863,-25.862526344526355],[28.366546057401436,-25.862562548036845]]],[[[28.36881376820789,-25.8615620981345],[28.36880840378986,-25.861578993245285],[28.36892910319553,-25.861618817425395],[28.36893446761356,-25.861598301940337]]],[[[28.365420316154534,-25.853993216704467],[28.36543775051313,-25.854000457930127],[28.36547530143934,-25.853885805138436],[28.365456525976235,-25.853882184522146]]],[[[28.365483348066384,-25.853891839498665],[28.365451161558205,-25.854004078542797],[28.36546993702131,-25.854005285413646],[28.36550078242498,-25.853894253242668]]],[[[28.365598683054024,-25.853928045653575],[28.365587954217965,-25.853966665539925],[28.36560538857656,-25.85397149302483],[28.365614776308114,-25.853932873140053]]],[[[28.36560672968107,-25.853999251059214],[28.36559600084501,-25.85403666405178],[28.36561611741262,-25.85404269840431],[28.36562684624868,-25.854005285413646]]],[[[28.361037841032214,-25.85298790268177],[28.36102979440517,-25.853004799017945],[28.361151834915347,-25.853045832967183],[28.361154517124362,-25.853027729756036]]],[[[28.363796795776118,-25.853223756223787],[28.36380618350767,-25.853238238768906],[28.363861168792475,-25.85321289431378],[28.363851781060923,-25.853199618644638]]],[[[28.36091575700225,-25.850274504215125],[28.360918439211265,-25.850311918386197],[28.361143744768516,-25.850301056208725],[28.361143744768516,-25.850264848943244]]],[[[28.357861784736173,-25.818062236586826],[28.357871172467725,-25.81807913791058],[28.357885924617307,-25.818074308961172],[28.357876536885755,-25.818056200399187]]],[[[28.356501296077603,-25.818667918764675],[28.356499954973096,-25.818678783846085],[28.35652409485423,-25.818688441695386],[28.356528118167752,-25.818677576614867]]]],""evenOdd"":true}""",
1718708176243,8610209,67,"Could be wrong on the one panel, wasnt 100% sure.","{""type"":""MultiPolygon"",""coordinates"":[[[[29.992872648942868,-26.513663966928736],[29.99287667225639,-26.513685567966476],[29.992938363063733,-26.513671167275106],[29.992930316436688,-26.513649566234655]]],[[[29.993926500607362,-26.51358427178723],[29.9939332061299,-26.513604672781582],[29.994002943564286,-26.51358787196296],[29.99399087362372,-26.513568671024387]]],[[[29.99474725656592,-26.513677876319736],[29.994755303192964,-26.513698277297472],[29.99479955964171,-26.513686276722776],[29.994791513014665,-26.5136658757429]]],[[[29.99270046222714,-26.51527378466773],[29.99270582664517,-26.51529058523971],[29.992739354257857,-26.51528218495404],[29.99273264873532,-26.51526658442185]]],[[[29.99333614576367,-26.51524514788614],[29.9933415101817,-26.515265548585475],[29.99336296785382,-26.515260748421262],[29.99335760343579,-26.515241547762372]]],[[[29.994318247911956,-26.514782071954144],[29.994333000061538,-26.514852874651158],[29.994428218481566,-26.514839674151634],[29.99441078412297,-26.514765271307756]]],[[[29.995474279997374,-26.51584050772102],[29.995479644415404,-26.51586090831457],[29.995580227253463,-26.515845307861003],[29.995574862835433,-26.515823707229476]]],[[[29.99221359249717,-26.517501252828165],[29.992216274706184,-26.517522853144126],[29.992283329931556,-26.517509652951517],[29.99227662440902,-26.51748925265086]]],[[[29.992214933601677,-26.517867257633267],[29.9922189569152,-26.517885257839488],[29.99234367963439,-26.517852857466252],[29.99233831521636,-26.517838457297447]]],[[[29.992444408089966,-26.517678095720733],[29.99245379582152,-26.51770689609677],[29.99249402895674,-26.517696095956598],[29.992471230180115,-26.517638495191882],[29.992460501344056,-26.517642095240518],[29.992467206866593,-26.517670895625603]]],[[[29.992921841294617,-26.518290102157405],[29.992927205712647,-26.51831410234336],[29.99295134559378,-26.518311702324986],[29.992944640071244,-26.518286502129076]]]],""evenOdd"":true}",,
1718708176243,7600640,68,Possibly only 1,"{""type"":""MultiPolygon"",""coordinates"":[[[[27.782052119547426,-26.69575051895861],[27.782048096233904,-26.695770887491225],[27.782068212801516,-26.69577208564009],[27.782069553906023,-26.69575171710769]]],[[[27.78271837385451,-26.69627014275757],[27.78271837385451,-26.696283322336626],[27.782733126004093,-26.696285718623567],[27.7827344671086,-26.69627134090117]]]],""evenOdd"":true}",,
1718708176243,5740050,69,,"{""type"":""MultiPolygon"",""coordinates"":[[[[30.171389103262143,-28.167257951939185],[30.1714172664568,-28.167281597576444],[30.171445429651456,-28.167263863348992],[30.171419948665815,-28.16723785314341]]],[[[30.171796712018093,-28.165654562001002],[30.171779277659496,-28.165701853978934],[30.171820851899227,-28.165708947773812],[30.1718342629443,-28.165664020398268]]],[[[30.17184633288487,-28.165666384997447],[30.171832921839794,-28.16571131237201],[30.171875837184032,-28.16572077076424],[30.171889248229107,-28.165675843393654]]],[[[30.17223391208752,-28.16716671264492],[30.17225000534161,-28.16715961894667],[30.172216477728924,-28.167111145329397],[30.17220172557934,-28.16712060359791]]],[[[30.172292778282518,-28.16525901900612],[30.17229143717801,-28.16527675356583],[30.172310212641115,-28.165280300477423],[30.172310212641115,-28.165260201310183]]],[[[30.17604407686948,-28.169891399471794],[30.1760293247199,-28.169922138042665],[30.176057487914555,-28.16993159606269],[30.176072240064137,-28.169903222000098]]]],""evenOdd"":true}",,
1718708176243,7980868,70,,"{""type"":""MultiPolygon"",""coordinates"":[[[[27.94608294480569,-26.134021097496063],[27.94610842579133,-26.134031933480113],[27.94615000003106,-26.13396812155952],[27.94612988346345,-26.13395487757164]]],[[[27.94584556930787,-26.134063237428407],[27.94582411163575,-26.134096949363336],[27.945904577906198,-26.13412704929703],[27.945922012264795,-26.134096949363336]]],[[[27.945967609818048,-26.13411019333511],[27.94596090429551,-26.13412704929703],[27.945974315340585,-26.13412945729138],[27.94598236196763,-26.13411741731909]]],[[[27.9464758752424,-26.13414402046121],[27.94644905315225,-26.134172916386053],[27.94650940285508,-26.134206628289327],[27.94653756604974,-26.13417652837616]]],[[[27.946764212711496,-26.134679797904738],[27.946750801666422,-26.13469063382769],[27.94680981026475,-26.134724345581507],[27.946823221309824,-26.134711101679375]]],[[[27.946868818863077,-26.134725549572533],[27.946852725608988,-26.134741201454766],[27.946922463043375,-26.134780933146384],[27.94695062623803,-26.134752037372003],[27.946901005371256,-26.134724345581507],[27.94688893543069,-26.13473758948213]]],[[[27.946308237178965,-26.134682205887717],[27.94633103595559,-26.134697857775752],[27.946364563568277,-26.134642474162497],[27.946343105896158,-26.134625618274992]]],[[[27.946376633508844,-26.134718325626174],[27.946364563568277,-26.134732773518444],[27.946407478912516,-26.13475685333489],[27.94642088995759,-26.134742405445607]]],[[[27.946241181953592,-26.134685817862074],[27.946266662939234,-26.134699061767055],[27.94630019055192,-26.134654514080655],[27.946276050670786,-26.134643678154358]]],[[[27.947464595375404,-26.1348090155695],[27.94743509107624,-26.13484152329932],[27.947494099674568,-26.134871623041082],[27.947520921764717,-26.134842727289133]]],[[[27.947727451858864,-26.134872827030595],[27.947715381918297,-26.13488727490374],[27.947767684994087,-26.13491617064466],[27.947779754934654,-26.13490172277509]]],[[[27.947673807678566,-26.135000449848167],[27.947688559828148,-26.13500887776518],[27.94772342854534,-26.13495590227675],[27.947707335291252,-26.134948678344642]]],[[[27.947244654236183,-26.135516959638164],[27.94727281743084,-26.135532611414302],[27.947305003939018,-26.13550491980892],[27.947275499639854,-26.135488064045898]]],[[[27.947068969545708,-26.13534960590046],[27.947054217396126,-26.135366461683468],[27.947133342562065,-26.135411009098256],[27.947149435816154,-26.13539656128992]]],[[[27.946913401422844,-26.135118440630905],[27.946913401422844,-26.135135296447277],[27.946958998976097,-26.135128072526264],[27.946953634558067,-26.135111216708857]]],[[[27.946913401422844,-26.135142520367832],[27.946912060318336,-26.135159376180724],[27.946956316767082,-26.13515456023443],[27.946954975662575,-26.135137704420853]]],[[[27.94692144804989,-26.13517021205917],[27.94692547136341,-26.13518586388179],[27.94696838670765,-26.13517863996392],[27.946964363394127,-26.135159376180724]]],[[[27.94661276074357,-26.135044997402595],[27.946606055221032,-26.135077505066732],[27.946644947251748,-26.135077505066732],[27.9466543349833,-26.135048609365732]]],[[[27.945655212125253,-26.135072689117052],[27.94564180108018,-26.1350907489273],[27.94567264648385,-26.135105196773473],[27.945684716424417,-26.1350907489273]]],[[[27.945665940961312,-26.135077505066732],[27.94569410415597,-26.135091952914543],[27.94571422072358,-26.13508111702886],[27.94568337531991,-26.135063057217124]]],[[[27.945743725022744,-26.135099176837784],[27.945710197410058,-26.13512686853939],[27.945731655082177,-26.135137704420853],[27.94576652379937,-26.135108808734735]]],[[[27.94587247105546,-26.135312282372293],[27.945855036696862,-26.13532673019106],[27.945918068608712,-26.135358033792254],[27.945928797444772,-26.135343585977367]]],[[[27.946079001149606,-26.135472412263777],[27.946104482135247,-26.135482044129944],[27.946132645329904,-26.135449536578427],[27.94610850544877,-26.135436292758556]]],[[[27.946143374165963,-26.135462780396807],[27.946116552075814,-26.13549889989384],[27.946199700555276,-26.135541039292907],[27.946210429391336,-26.13552297955231],[27.946172878465127,-26.135501307859908],[27.946183607301187,-26.135488064045898]]],[[[27.94633381100602,-26.135457964463036],[27.946347222051095,-26.13546518836363],[27.94639147849984,-26.135388133400898],[27.946374044141244,-26.13538090949553]]],[[[27.946367338618707,-26.13551575565528],[27.946340516528558,-26.13554224327551],[27.94637538524575,-26.13556150699554],[27.946403548440408,-26.135535019379684]]],[[[27.94639281960435,-26.135547059205827],[27.94638209076829,-26.13555789504828],[27.94644512268014,-26.13559521849795],[27.946457192620706,-26.135583178676775]]],[[[27.94595217776765,-26.136087777581043],[27.945970953230756,-26.136099817350186],[27.945997775320905,-26.1360721258793],[27.9459789998578,-26.136061290084562]]],[[[27.945997775320905,-26.136122692908135],[27.94601655078401,-26.136133528697187],[27.94604203176965,-26.13610824518785],[27.94602727962007,-26.13609740939646]]],[[[27.94582611394395,-26.136229846777812],[27.945839524989026,-26.13623827460609],[27.945887804751294,-26.136166036058274],[27.94587439370622,-26.136158812201035]]],[[[27.945812702898877,-26.136075737810668],[27.945835501675504,-26.13608898155802],[27.945866347079175,-26.13605647417547],[27.945846230511563,-26.13604443440186]]],[[[27.945371479515927,-26.13588671325291],[27.94541171265115,-26.135908384873787],[27.945446581368344,-26.13588189733662],[27.945405007128613,-26.135857817752154]]],[[[27.945182383780377,-26.13582410632557],[27.945205182557004,-26.1358361461219],[27.945240051274197,-26.135778355088195],[27.94521859360208,-26.135767519266196]]],[[[27.944916845087903,-26.135370205098425],[27.944908798460858,-26.135390672831004],[27.945005357985394,-26.135395488767568],[27.94501206350793,-26.135377429004453]]],[[[27.94425519681749,-26.13652482040552],[27.944275313385102,-26.13653445218488],[27.94428604222116,-26.1365127806802],[27.944269948967072,-26.13650314889905]]],[[[27.94424446798143,-26.136583815041643],[27.94421898699579,-26.13662113816338],[27.944272631176087,-26.13664882950407],[27.94429811216173,-26.136610302419605]]],[[[27.94494318342981,-26.136913002993523],[27.94495391226587,-26.136920226804108],[27.94494854784784,-26.136932266487413],[27.944961958892915,-26.13694189823316],[27.94495391226587,-26.13695514188228],[27.944996827610108,-26.136973201401393],[27.945003533132645,-26.136964773626147],[27.945023649700257,-26.136974405369223],[27.9450316963273,-26.136962365690255],[27.94501157975969,-26.136952733946195],[27.945019626386735,-26.13694189823316],[27.944999509819123,-26.136933470455674],[27.945004874237153,-26.136922634740863],[27.944956594474885,-26.13689855537103]]],[[[27.945020967491242,-26.136934674423927],[27.94502767301378,-26.13696356965821],[27.94503706074533,-26.136974405369223],[27.945050471790406,-26.13695634585031],[27.94504242516336,-26.136925042677582],[27.945030355222794,-26.136919022835706]]],[[[27.945057177312943,-26.13695875378633],[27.94507461167154,-26.136965977594077],[27.945089363821122,-26.136965977594077],[27.945097410448167,-26.136953937914242],[27.94509606934366,-26.136925042677582],[27.945051812894913,-26.136903371245396]]],[[[27.94512691474733,-26.136932266487413],[27.945140325792405,-26.136938286328604],[27.94516446567354,-26.13689614743377],[27.945149713523957,-26.13688771965297]]],[[[27.945136302478883,-26.13695032601005],[27.945133620269868,-26.13696838552989],[27.945144349105927,-26.136971997433534],[27.94515373683748,-26.13695032601005],[27.945155077941987,-26.136934674423927],[27.945145690210435,-26.136929858550864]]],[[[27.945646809620044,-26.137442898227636],[27.945645468515536,-26.137466977485218],[27.945692407173297,-26.137466977485218],[27.945695089382312,-26.137445306153616]]],[[[27.945751415771625,-26.13747179333615],[27.945750074667117,-26.137494668625315],[27.945791648906848,-26.137494668625315],[27.945798354429385,-26.137470589373436]]],[[[27.94574873356261,-26.13750550428703],[27.945752756876132,-26.13752476768318],[27.945792990011356,-26.137522359758837],[27.94579567222037,-26.1375018923999]]],[[[27.945947217029712,-26.137618676693844],[27.94597940353789,-26.137635532149307],[27.946008907837054,-26.137606637081312],[27.945971356910846,-26.13758616973716]]],[[[27.946176545900485,-26.137281567073703],[27.946175204795978,-26.137300830506785],[27.94625298885741,-26.137300830506785],[27.94625298885741,-26.137282771038368]]],[[[27.946317361873767,-26.136886665995114],[27.94634686617293,-26.13693482473474],[27.94638978151717,-26.13692639695675],[27.946360277218005,-26.136869810431556]]],[[[27.946248965543887,-26.13673255789483],[27.9462690821115,-26.136748209508056],[27.946302609724185,-26.13670847848579],[27.946287857574603,-26.136696438779403]]],[[[27.946185933632037,-26.13673737377605],[27.94620068578162,-26.136753025388614],[27.946266399902484,-26.136684399071786],[27.94624762443938,-26.136671155391973]]],[[[27.94665129689612,-26.136585673422438],[27.946671413463733,-26.136596509168527],[27.946692871135852,-26.13656279795519],[27.946675436777255,-26.136553166178164]]],[[[27.947228868660094,-26.137133029326982],[27.947214116510512,-26.137152292784577],[27.94727312510884,-26.137184799862048],[27.947286536153914,-26.137166740375683]]],[[[27.947365661319854,-26.137190819690222],[27.94735225027478,-26.13720887917286],[27.947381754573943,-26.137224530722232],[27.947392483410002,-26.13721128710366]]],[[[27.947416623291137,-26.137195635552526],[27.94739918893254,-26.13721249106905],[27.947450150903823,-26.137238978304396],[27.947463561948897,-26.137224530722232]]],[[[27.947785427030684,-26.137399105553715],[27.947801520284774,-26.137407533297615],[27.947814931329848,-26.13739308573629],[27.94779883807576,-26.137383454027766]]],[[[27.94764595216191,-26.137356966825198],[27.947631200012328,-26.137366598535905],[27.94767143314755,-26.13738826988213],[27.947679479774596,-26.137377434209515]]],[[[27.947507818397643,-26.13767481285944],[27.94749306624806,-26.13769648414844],[27.947554757055403,-26.13772658315429],[27.947569509204985,-26.13770972771197]]],[[[27.94710261922515,-26.137485624259753],[27.947137487942342,-26.137506091621542],[27.94714955788291,-26.137486828222315],[27.947118712479238,-26.13746876878265]]],[[[27.94675809743909,-26.137481124700965],[27.946742004185,-26.137499184138694],[27.94680637720136,-26.137537710929895],[27.946823811559955,-26.13751483564916]]],[[[27.946854656963627,-26.1377339565752],[27.9469579220107,-26.13779054268159],[27.946972674160282,-26.137776095167677],[27.946901595621387,-26.13773034469513],[27.946909642248432,-26.13771950905427],[27.94687477353124,-26.137700245690258]]],[[[27.94705314043073,-26.13785676043085],[27.94703704717664,-26.137877227727582],[27.947077280311863,-26.13789528710405],[27.947085326938907,-26.1378808396031]]],[[[27.946640080242435,-26.137883247520044],[27.94662666919736,-26.137918162310246],[27.94668031337766,-26.137932609806597],[27.946697747736255,-26.13789528710405]]],[[[27.947591321986128,-26.138322456963884],[27.94757925204556,-26.13834172022524],[27.947650330584455,-26.13835737162275],[27.947657036106992,-26.138338108363975]]],[[[27.948402690213133,-26.13793357919558],[27.948374527018476,-26.137969697928312],[27.948417442362715,-26.1379865533331],[27.94844560555737,-26.137957658351972]]],[[[27.9481626325063,-26.13782883480748],[27.948149221461225,-26.137846894191433],[27.948212253373075,-26.137881808992528],[27.948227005522657,-26.137867361489892]]],[[[27.94801511101048,-26.137777064557962],[27.948043274205137,-26.137793919990546],[27.94807411960881,-26.137762617042377],[27.94804193310063,-26.137748169524993]]],[[[27.948449628870893,-26.137659076461674],[27.948438900034834,-26.137675931911296],[27.94849790863316,-26.137708438842996],[27.94851400188725,-26.137698807160476]]],[[[27.948181407969404,-26.13740865235204],[27.94820018343251,-26.13741948802174],[27.948210912268568,-26.137407448388675],[27.94819481901448,-26.13739661271785]]],[[[27.94827260307591,-26.13745079106192],[27.94824578098576,-26.137467646541605],[27.948281990807462,-26.137491725794096],[27.948311495106626,-26.13747246239251]]],[[[27.948615925829817,-26.137503765418472],[27.948599832575727,-26.137521824852705],[27.94866152338307,-26.137556739751],[27.94867761663716,-26.137538680322162]]],[[[27.948885659766802,-26.137650648735953],[27.948869566512712,-26.137665096265398],[27.94892857511104,-26.137700011120824],[27.94894466836513,-26.13768435963521]]],[[[27.94872472722591,-26.137566371445246],[27.94871802170337,-26.137578411061927],[27.948735456061968,-26.13759045067736],[27.948746184898027,-26.137576003138683]]],[[[27.948806534600863,-26.137609714059487],[27.94879714686931,-26.137622957632853],[27.948815922332415,-26.137632589321647],[27.94882933337749,-26.13761934574936]]],[[[27.949025134635576,-26.137486909943995],[27.94901306469501,-26.137503765418472],[27.949082802129396,-26.13754470013208],[27.94909755427898,-26.137525436739228]]],[[[27.948353241277346,-26.137235281499965],[27.948342512441286,-26.13725574890563],[27.948381404472002,-26.13727742027241],[27.9483988388306,-26.137259360800375]]],[[[27.948633532119402,-26.137248525115798],[27.948616097760805,-26.137262972694995],[27.948659013105043,-26.13728705198969],[27.948672424150118,-26.137271400448707]]],[[[27.948774348092684,-26.137350862096618],[27.94876093704761,-26.137364105699334],[27.948836038900026,-26.137403836498518],[27.9488494499451,-26.137389388936736]]],[[[27.948974172664293,-26.13745560691351],[27.948962102723726,-26.137468850504355],[27.948978195977816,-26.137476074280542],[27.948990265918383,-26.13746283069052]]],[[[27.949039886785158,-26.13743995539512],[27.94903318126262,-26.13745560691351],[27.949046592307695,-26.13746283069052],[27.949053297830233,-26.13745199502484]]],[[[27.94916997392238,-26.137324374886656],[27.949152539563784,-26.137343638312675],[27.949230323625216,-26.137385777046013],[27.949246416879305,-26.1373689215545]]],[[[27.94912303526462,-26.137303907493024],[27.949113647533068,-26.137317151101083],[27.949131081891665,-26.137327986779272],[27.9491377874142,-26.13731353920811]]],[[[27.948946009469637,-26.1371811030559],[27.948916505170473,-26.13721361012536],[27.948967467141756,-26.13724491322073],[27.94898624260486,-26.13723046563929],[27.94897149045528,-26.13721842598672],[27.948983560395845,-26.13720518236748]]],[[[27.9487233861214,-26.137137760282545],[27.94870729286731,-26.13715461580743],[27.948748867107042,-26.137176287193],[27.948767642570147,-26.13716304356896]]],[[[27.948785076928743,-26.137142576147046],[27.94876630146564,-26.137157023739363],[27.9488132401234,-26.137179899090196],[27.948826651168474,-26.137166655466576]]],[[[27.948657672000536,-26.137100437325934],[27.948677788568148,-26.13711127302425],[27.948689858508715,-26.137096825426287],[27.948669741941103,-26.13708598972662]]],[[[27.94921154816211,-26.13703542311496],[27.949194113803514,-26.137054686588662],[27.949255804610857,-26.13708598972662],[27.949267874551424,-26.13706913419184]]],[[[27.949026475740084,-26.136966796964106],[27.94908011992038,-26.136994488222815],[27.94910694201053,-26.13696559299619],[27.949057321143755,-26.136936697762415]]],[[[27.948948691678652,-26.136896667012895],[27.948936621738085,-26.136911114635588],[27.94895942051471,-26.136925562256568],[27.94897149045528,-26.136909910667136]]],[[[27.948736797166475,-26.13678349390628],[27.94871802170337,-26.136797941543012],[27.94877166588367,-26.136824428872394],[27.94878239471973,-26.1368087772694]]],[[[27.948793123555788,-26.136813593147465],[27.948779712510714,-26.13682804078048],[27.948801170182833,-26.136840080473288],[27.948811899018892,-26.13682322490301]]],[[[27.948826651168474,-26.136829244749823],[27.948809216809877,-26.136843692380904],[27.948822627854952,-26.136852120164864],[27.948837380004534,-26.136835264596318]]]],""evenOdd"":true}",,
1718708176243,7972913,71,Only solar geysers as far as I can see,,,
1718790245898,5991681,72,,"{""type"":""MultiPolygon"",""coordinates"":[[[[30.824313941884903,-29.758845543760202],[30.824330035138992,-29.758860678912743],[30.82438367931929,-29.758816437691223],[30.824364903856186,-29.758800138288898]]],[[[30.82433674066153,-29.75886766436699],[30.82435149281111,-29.758883963758326],[30.824406478095916,-29.758839722547087],[30.824391725946334,-29.758826915877023]]],[[[30.825399569168894,-29.757839306097484],[30.825410298004954,-29.757846291622922],[30.82545991887173,-29.75783581333458],[30.82544919003567,-29.757826499299576]]],[[[30.825441143408625,-29.757849784385456],[30.825447848931162,-29.75785793416423],[30.8254907642754,-29.757843963114503],[30.82548003543934,-29.75783581333458]]],[[[30.825450531140177,-29.757777600601603],[30.825461259976237,-29.75779972144412],[30.82550685752949,-29.757797392934602],[30.82549612869343,-29.757772943581507]]],[[[30.824910502446894,-29.759059684032852],[30.82491318465591,-29.759080640352508],[30.824966828836207,-29.75907365491311],[30.824966828836207,-29.75905386283216]]],[[[30.82497621656776,-29.759064340993156],[30.82498023988128,-29.759085297311827],[30.82505400062919,-29.75907365491311],[30.825047295106653,-29.75905386283216]]],[[[30.825008403075937,-29.759148166241584],[30.825029860748057,-29.759150494719698],[30.82502315522552,-29.759108582105224],[30.824999015344385,-29.759108582105224]]],[[[30.825036566270594,-29.759106253626125],[30.82504461289764,-29.759148166241584],[30.825062047256235,-29.759144673524304],[30.825055341733698,-29.759101596667783]]],[[[30.826581813213675,-29.7586985227251],[30.82663679849848,-29.758727628828343],[30.826670326111167,-29.7586985227251],[30.826619364139884,-29.758665923879455]]],[[[30.827160930067386,-29.760044438534145],[30.827151542335834,-29.760061901962544],[30.827183728844012,-29.76007936538791],[30.827193116575565,-29.760061901962544]]],[[[30.82821503821024,-29.75995246442768],[30.828200286060657,-29.759967599413027],[30.828264659077014,-29.760011840126314],[30.828279411226596,-29.759997869376857]]],[[[30.82828209343561,-29.76000019783524],[30.82826734128603,-29.760016497042376],[30.828331714302387,-29.760058409277114],[30.828343784242954,-29.760043274305474]]],[[[30.82812098124534,-29.760671487953577],[30.82812098124534,-29.760694772378397],[30.82815316775352,-29.760697100820583],[30.82814780333549,-29.76067498061764]]],[[[30.82817462542564,-29.76067847328159],[30.828177307634654,-29.760698265041658],[30.828206811933818,-29.760701757704794],[30.828204129724803,-29.76067847328159]]],[[[30.8281317100814,-29.76079722378332],[30.828145121126475,-29.76079722378332],[30.828155849962535,-29.76073202744685],[30.828141097812953,-29.76073202744685]]],[[[30.829036734855045,-29.76130398592721],[30.82907160357224,-29.761341240769163],[30.829119883334506,-29.761313299638996],[30.829087696826328,-29.76127837321534]]],[[[30.830540885514832,-29.76070171279587],[30.830550273246384,-29.760740132082336],[30.83057441312752,-29.760735475199905],[30.83056368429146,-29.76069705591166]]],[[[30.830571730918503,-29.760698220132724],[30.830581118650056,-29.760734310979263],[30.830598553008652,-29.76073198253794],[30.830590506381608,-29.76069239902723]]],[[[30.831847240249218,-29.761878650249763],[30.831836511413158,-29.76192289011931],[30.83188747338444,-29.761939189013702],[30.831900884429515,-29.761894949151348]]],[[[30.831933070937694,-29.761894949151348],[30.831916977683605,-29.761932203773558],[30.831975986281932,-29.76195083107948],[30.831989397327007,-29.761908919636298]]],[[[30.83276053241879,-29.762182507907504],[30.832756509105266,-29.76220113516689],[30.832866479674877,-29.762204627777635],[30.832866479674877,-29.762186000518902]]],[[[30.83293882441951,-29.76416631519085],[30.832952235464585,-29.764184942081414],[30.833110485796464,-29.764144195753783],[30.833094392542375,-29.764126733036875]]],[[[30.83242518139316,-29.764531867285477],[30.83243993354274,-29.76451440463614],[30.832388971571458,-29.764474822619682],[30.832375560526383,-29.76448646439084]]],[[[30.8325043065591,-29.764485300213796],[30.832485531095994,-29.764472494265288],[30.832447980169785,-29.764507419575548],[30.83246675563289,-29.764521389696235]]],[[[30.833409552101624,-29.765087177947258],[30.83343369198276,-29.765090670457408],[30.833435033087266,-29.76504526781602],[30.833410893206132,-29.76504410364545]]],[[[30.833540980343354,-29.765032461939086],[30.833539639238847,-29.76507437207568],[30.83355975580646,-29.765073207905456],[30.83355841470195,-29.765033626109783]]],[[[30.825733876879447,-29.76110992458282],[30.825728512461417,-29.761127387825525],[30.82576338117861,-29.761139029985653],[30.825766063387626,-29.761118074096466]]],[[[30.82591626709246,-29.761135537337758],[30.825914925987952,-29.761153000575998],[30.82594845360064,-29.761163478517492],[30.825953818018668,-29.761146015281064]]],[[[30.825766063387626,-29.761155329007533],[30.82575801676058,-29.761178613319927],[30.82588408058428,-29.761213539778353],[30.825886762793296,-29.761184434397173]]],[[[30.82608362902921,-29.76150853952739],[30.82610911001485,-29.761517853220177],[30.826127885477955,-29.761466627899217],[30.826101063387807,-29.761457314201675]]],[[[30.826142637627537,-29.761468956323466],[30.826126544373448,-29.761522510066236],[30.826142637627537,-29.761527166912078],[30.82616141309064,-29.761477105807902]]],[[[30.82731744517606,-29.760775083503024],[30.82729732860845,-29.76078905414413],[30.82739120592397,-29.760883355920594],[30.82740729917806,-29.76086705685446]]],[[[30.828074882506755,-29.761761970082905],[30.82809365796986,-29.761777104794938],[30.82816071319523,-29.761720058560716],[30.82814059662762,-29.761706088049415]]],[[[30.82816741871777,-29.761729372233823],[30.828100363492396,-29.761787582671168],[30.8281191389555,-29.761801553171093],[30.828183511971858,-29.761745671159694]]],[[[30.828422228574183,-29.761919138134974],[30.828404794215587,-29.76193660123664],[30.82841820526066,-29.76194824330275],[30.828406135320094,-29.761962213780276],[30.828426251887706,-29.761977348462064],[30.828454415082362,-29.761962213780276],[30.828438321828273,-29.761942422269865],[30.828442345141795,-29.761934272823268]]],[[[30.828469167231944,-29.761928451789572],[30.828453073977855,-29.761945914889633],[30.82847050833645,-29.761962213780276],[30.828454415082362,-29.761971527430877],[30.82848660159054,-29.76200412520118],[30.82850269484463,-29.76198782631734],[30.828489283799556,-29.761973855843394],[30.828498671531108,-29.761959885367485]]],[[[30.830114380123707,-29.763303300144834],[30.830137178900333,-29.763312613670774],[30.830189481976124,-29.763217149988805],[30.83016534209499,-29.76320783645399]]],[[[30.830261901619526,-29.763172910690717],[30.830251172783466,-29.763212493221513],[30.83030749917278,-29.763231120289415],[30.830320910217853,-29.76319386615015]]],[[[30.829919919970127,-29.763689810743962],[30.82994003653774,-29.7637026167925],[30.829953447582813,-29.763685153998615],[30.82993467211971,-29.763671183761335]]],[[[30.829982951881977,-29.763626944663702],[30.830005750658604,-29.763640914907175],[30.83003391385326,-29.763607153482123],[30.830016479494663,-29.763596675796183]]],[[[30.823748075976212,-29.762945783959005],[30.82376014591678,-29.762957425907842],[30.823784285797913,-29.762944619764053],[30.82377087475284,-29.762931813618614]]],[[[30.824240261330445,-29.76293879878905],[30.824245625748475,-29.76295626171301],[30.824308657660325,-29.76294811234888],[30.82430061103328,-29.76292832103321]]],[[[30.824246966852982,-29.762967903660645],[30.824250990166504,-29.76298420238504],[30.824308657660325,-29.762981873995997],[30.824303293242295,-29.762963246881746]]],[[[30.82599174381717,-29.763426956503235],[30.825985038294633,-29.76343976258538],[30.826062822356064,-29.763484001765644],[30.82606550456508,-29.763468867311452]]],[[[30.82718398572429,-29.76412197514068],[30.827206784500916,-29.76412779604694],[30.827244335427125,-29.764021855500193],[30.827224218859513,-29.76401603458779]]],[[[30.827880018963654,-29.764610568908225],[30.82787733675464,-29.76463152406696],[30.827936345352967,-29.764645494170352],[30.827937686457474,-29.76462686736539]]],[[[30.82801815272792,-29.76463501659299],[30.82801278830989,-29.764657135921677],[30.82807582022174,-29.764671106021503],[30.82808118463977,-29.764650150871045]]],[[[30.829066896452744,-29.76536728019503],[30.82906823755725,-29.76538823519549],[30.829128587260087,-29.76539172769515],[30.829124563946564,-29.765374265195675]]],[[[30.829167479290803,-29.765281131813758],[30.829166138186295,-29.765292773491243],[30.829191619171937,-29.765295101826567],[30.829191619171937,-29.765284624317157]]],[[[30.830111616864045,-29.76555471087675],[30.83011966349109,-29.765575665838007],[30.830165261044343,-29.765566352522434],[30.830159896626313,-29.76554539755923]]],[[[30.830578321232636,-29.76474815767549],[30.830603802218278,-29.76474582932745],[30.830578321232636,-29.764659680411793],[30.83055015803798,-29.76466433711184]]],[[[30.83058234454616,-29.764659680411793],[30.830609166636307,-29.764746993501475],[30.830622577681382,-29.764742336805273],[30.830598437800248,-29.76465502371156]]],[[[30.831546598687012,-29.76502576204938],[30.83155024426637,-29.76505370214426],[30.83161327617822,-29.765046717121276],[30.83160791176019,-29.765022269536974]]],[[[30.830544393345978,-29.76651124100797],[30.830557804391052,-29.766547329760613],[30.83061681298938,-29.766535688228924],[30.830596696421768,-29.766500763625743]]],[[[30.832593956168957,-29.772027475511884],[30.832615413841076,-29.772041444583873],[30.832626142677135,-29.77202631142246],[30.832606026109524,-29.772011178258783]]],[[[30.832652964767284,-29.771962286483543],[30.83267039912588,-29.77197974783458],[30.832683810170955,-29.77196577875399],[30.83266503470785,-29.771948317400525]]],[[[30.832433069476348,-29.76911516604744],[30.83245855046199,-29.769089555332446],[30.832402224072677,-29.769026692640598],[30.832372719773513,-29.76905113924767]]]],""evenOdd"":true}",,
1718790245898,7985743,73,"Woah, people just live right one on top of the other! Crazy!","{""type"":""Polygon"",""coordinates"":[[[28.092155876047972,-26.100219342965424],[28.09217196930206,-26.100207299499093],[28.092158558256987,-26.10017719082785],[28.092137100584868,-26.100185621256575]]],""geodesic"":true,""evenOdd"":true}",,
1718790245898,5610027,74,,"{""type"":""MultiPolygon"",""coordinates"":[[[[30.745441747675855,-30.299744256876295],[30.745461864243467,-30.29975352012934],[30.745499415169675,-30.299659729651875],[30.745479298602064,-30.29965046638996]]],[[[30.744568688641507,-30.299906363678144],[30.744575394164045,-30.299919100629793],[30.744549913178403,-30.299926048057277],[30.744563324223478,-30.299944574528126],[30.744586123000104,-30.299932995484248],[30.74459416962715,-30.299944574528126],[30.744616968403776,-30.299935311293137],[30.744590146313627,-30.29989710043955]]],[[[30.744438601504285,-30.29997699584371],[30.744470788012464,-30.300020996183402],[30.74448822237106,-30.300009417148555],[30.744453353653867,-30.299967732611783]]],[[[30.7445311377153,-30.30004415424901],[30.744553936491926,-30.300069628114848],[30.744574053059537,-30.30005804908574],[30.744552595387418,-30.300031417313615]]],[[[30.744505656729658,-30.30000478553425],[30.74451504446121,-30.300015206666163],[30.74452577329727,-30.300009417148555],[30.7445311377153,-30.300018680376557],[30.744555277596433,-30.30000710134143],[30.74454588986488,-30.29999899601602],[30.744533819924314,-30.30000478553425],[30.744527114401777,-30.299995522304947]]],[[[30.744123441945035,-30.30011826002217],[30.744139535199125,-30.300111312608315],[30.744112713108976,-30.300053417473706],[30.744097960959394,-30.300060364891674]]],[[[30.74461026288124,-30.300511104028754],[30.744586123000104,-30.30054120936248],[30.744689388047178,-30.300592156829268],[30.744710845719297,-30.3005597357171]]],[[[30.74573141689303,-30.29930515027126],[30.74575287456515,-30.29930978191863],[30.745782378864313,-30.29923683344712],[30.74576360340121,-30.299232201796297]]],[[[30.74411699463479,-30.302226655763377],[30.744141134515925,-30.302232445150043],[30.744173321024103,-30.30216760399979],[30.744151863351984,-30.302159498853005]]],[[[30.74409553696267,-30.302215076989008],[30.74410626579873,-30.302223182131204],[30.74413845230691,-30.302152551583788],[30.74412235905282,-30.302149077949007]]],[[[30.743873696729167,-30.30284978617484],[30.743889789983257,-30.302852101914834],[30.74390320102833,-30.302825470901656],[30.743884425565227,-30.302819681549995]]],[[[30.743879061147197,-30.30288220652975],[30.743868332311138,-30.302898416703176],[30.74390856544636,-30.302914626873914],[30.743958186313137,-30.30282431303133],[30.743939410850032,-30.302815050068414],[30.74391929428242,-30.302803471363546],[30.743891131087764,-30.302860207004375],[30.74391392986439,-30.302868312093253],[30.7438978366103,-30.302891469486312]]],[[[30.74373603530267,-30.303212344002983],[30.74373067088464,-30.303227396256275],[30.74385673470834,-30.303277184462253],[30.74386880464891,-30.303263290081738]]],[[[30.745233946092796,-30.301472469486352],[30.745255403764915,-30.301480574689943],[30.74527954364605,-30.301422680363874],[30.745255403764915,-30.301411101494555]]],[[[30.745181643017006,-30.30169825705007],[30.74516823197193,-30.30171678318606],[30.745209806211662,-30.301731835668974],[30.745223217256736,-30.30171678318606]]],[[[30.745439135082435,-30.302285302282247],[30.745460592754554,-30.30229224954205],[30.74548473263569,-30.302228566308706],[30.745465957172584,-30.30222161904439]]],[[[30.745444499500465,-30.30231193344217],[30.745429747350883,-30.30233393309056],[30.745498143680763,-30.302355932734017],[30.745512895830345,-30.302337406718816]]],[[[30.74515213871784,-30.302701267440828],[30.74513202215023,-30.30273484571619],[30.74518968964405,-30.3027580031408],[30.74521114731617,-30.30272442487335]]],[[[30.744909398801994,-30.303195677437053],[30.74492683316059,-30.30320262463234],[30.744971089609336,-30.303113468921968],[30.744954996355247,-30.30310536385338]]],[[[30.744988523967933,-30.3031169425226],[30.744945608623695,-30.30320725609561],[30.744967066295814,-30.303209571827157],[30.745012663849067,-30.303125047590232]]],[[[30.745333187826347,-30.304390587788554],[30.745343916662407,-30.304396377047443],[30.745323800094795,-30.304443848957405],[30.74534123445339,-30.304451953915347],[30.745381467588615,-30.304359325784656],[30.745350622184944,-30.304348905114484]]],[[[30.745417677410316,-30.304304906717064],[30.745443158395958,-30.304311853833767],[30.745480709322166,-30.30422501483969],[30.74545791054554,-30.304218067716842]]],[[[30.74539487863369,-30.30430027530566],[30.74541097188778,-30.30430606456988],[30.745449863918495,-30.304218067716842],[30.745432429559898,-30.304207647031657]]],[[[30.745390855320167,-30.304284065364026],[30.745402925260734,-30.304286381070142],[30.745423041828346,-30.30422617269346],[30.745412312992286,-30.304223856985924]]],[[[30.74347709918804,-30.303804713021332],[30.743469052560997,-30.303820923042224],[30.74349855686016,-30.303834817343706],[30.743505262382698,-30.303816291607955]]],[[[30.743432842739296,-30.30388344738342],[30.743450277097892,-30.303888078814516],[30.743474416979026,-30.3038301859101],[30.743458323724937,-30.303825554476273]]],[[[30.741309868792854,-30.303027786734294],[30.741331326464973,-30.30303704967712],[30.741358148555122,-30.302975682664684],[30.741336690883003,-30.30296641971603]]],[[[30.741250860194526,-30.303075259306993],[30.74126963565763,-30.303083364378086],[30.741320597628913,-30.30296641971603],[30.74130182216581,-30.302955998897794]]],[[[30.741420721029204,-30.301754152734027],[30.741440837596816,-30.301771520976715],[30.741458271955413,-30.301759942148596],[30.741444860910338,-30.30174025813767]]],[[[30.741593723510665,-30.30185025697167],[30.74160579345123,-30.301860677907445],[30.741629933332366,-30.301846783326162],[30.7416178633918,-30.301832888742922]]],[[[30.74250433347122,-30.301996149971654],[30.742502992366713,-30.30202046545055],[30.742576753114623,-30.302025096969643],[30.742576753114623,-30.302004255131955]]],[[[30.743146722530287,-30.301917414093865],[30.74317086241142,-30.30191625621283],[30.743160133575362,-30.30185720426231],[30.743138675903243,-30.301856046380575]]]],""evenOdd"":true}",,
1718790245898,5660785,75,No panels as far as I can see.,,,
1718790245898,7972079,76,,"{""type"":""Polygon"",""coordinates"":[[[28.397000671222898,-26.29153839110115],[28.397000671222898,-26.291560033754326],[28.397071749761793,-26.291554021906624],[28.397071749761793,-26.291534783991885]]],""geodesic"":true,""evenOdd"":true}",,
1718790245898,1640065,77,No panels as far as I can see,,,
1718790245898,7981321,78,,"{""type"":""MultiPolygon"",""coordinates"":[[[[28.05650804783407,-26.204872761877628],[28.056529505506187,-26.204990681972497],[28.056634111657768,-26.20497864931523],[28.05661265398565,-26.204858322674138]]],[[[28.05662338282171,-26.204858322674138],[28.056639476075798,-26.20497864931523],[28.05679504419866,-26.204964210124867],[28.056773586526543,-26.204853509605904],[28.056682391420036,-26.20486794881],[28.05667434479299,-26.204848696537464]]],[[[28.056781633153587,-26.204853509605904],[28.05680040861669,-26.204966616656705],[28.057213468804985,-26.20491607947738],[28.05718932892385,-26.20479815930695],[28.057036443010002,-26.204810191982872],[28.057041807428032,-26.204872761877628],[28.05684332396093,-26.204896827212817],[28.05683259512487,-26.204848696537464]]],[[[28.05706862951818,-26.204774093951368],[28.05711690928045,-26.204766874343736],[28.0570900871903,-26.20457435130806],[28.057036443010002,-26.204581570927637]]],[[[28.056518776670128,-26.205279465373835],[28.056583149686485,-26.205748736873115],[28.056639476075798,-26.20575114338875],[28.056634111657768,-26.205729484746257],[28.056666298165947,-26.20572467171404],[28.056660933747917,-26.205703013066614],[28.056687755838066,-26.205703013066614],[28.05667970921102,-26.205683760932203],[28.056709213510185,-26.20568135441517],[28.05670653130117,-26.205659695759703],[28.056730671182304,-26.205659695759703],[28.056693120256096,-26.205361287207307],[28.056588514104515,-26.205368506778086],[28.05658046747747,-26.20530353062494],[28.056599242940575,-26.205298717575126],[28.05659656073156,-26.20526983927199]]],[[[28.056781633153587,-26.20568496419069],[28.056776268735558,-26.20567413486379],[28.05673335339132,-26.2056789478981],[28.05673871780935,-26.205707826099736],[28.056714577928215,-26.205707826099736],[28.056714577928215,-26.20572707823018],[28.05669580246511,-26.205729484746257],[28.056698484674126,-26.205746330357446],[28.056872828260094,-26.20572226519786],[28.056866122737556,-26.205675338122383]]],[[[28.056422140268246,-26.20718294239516],[28.056423481372754,-26.207204600767227],[28.05647310223953,-26.207198584553165],[28.0564677378215,-26.20718053590913]]],[[[28.056420908565308,-26.207160343912527],[28.056423590774322,-26.207178392559694],[28.05646650611856,-26.207172376344285],[28.056465165014053,-26.207155530939477]]]],""evenOdd"":true}",,
1718790245898,5991520,79,,"{""type"":""Polygon"",""coordinates"":[[[31.021310566776123,-29.827409905739746],[31.02133872997078,-29.82744713597863],[31.02138566862854,-29.827416886410603],[31.02135482322487,-29.827377329269364]]],""geodesic"":true,""evenOdd"":true}",,
1718790245898,7983595,80,On;y solar geysers as far as I can see.,,,
1718790245898,7973862,81,Only solar geysers as far as I can see.,,,
1718790245898,4740048,82,,,,
1718790245898,4740044,83,None as far as I can see,,,
1718790245898,6770107,84,None as far as I can see,,,
1718790245898,2991328,85,"One weird roof that might be, but dont think so. None others that I can see.",,,
1718790245898,8740489,86,,"{""type"":""MultiPolygon"",""coordinates"":[[[[31.014003719118392,-25.283802977628973],[31.01401578905896,-25.283827230249628],[31.014042611149108,-25.283812678677815],[31.014029200104034,-25.283781150266254],[31.014013106849944,-25.28378963868556],[31.01401578905896,-25.283798127104262]]],[[[31.014053339985168,-25.28376902395193],[31.01406809213475,-25.283801764997826],[31.014101619747436,-25.283792063948106],[31.014092232015884,-25.283771449214893],[31.014076138761794,-25.283779937634876],[31.014066751030242,-25.28376417342585]]],[[[31.012949017094115,-25.28380987525041],[31.012950358198623,-25.283829277346207],[31.012985226915816,-25.283829277346207],[31.0129825447068,-25.28380987525041]]],[[[31.012974498079757,-25.28383897839295],[31.012979862497787,-25.283882633093658],[31.012995955751876,-25.283881420463295],[31.012990591333846,-25.283835340500506]]],[[[31.012932923840026,-25.283852317330933],[31.01293694715355,-25.28387050678947],[31.01296242813919,-25.28387050678947],[31.012961087034682,-25.283852317330933]]],[[[31.012911466167907,-25.283889908875572],[31.01293024163101,-25.283889908875572],[31.012927559421996,-25.283866868897984],[31.012907442854384,-25.283866868897984]]],[[[31.012417972094703,-25.28429288746117],[31.012427359826255,-25.284318352609873],[31.012443453080344,-25.28431592735785],[31.012434065348792,-25.284290462208634]]],[[[31.009166552791946,-25.283548439791403],[31.00914911843335,-25.283592094596678],[31.009247019062393,-25.283641812550222],[31.009261771211975,-25.283600583029212]]],[[[31.00900696135556,-25.28322102825109],[31.009041830072753,-25.283240430441072],[31.00909681535756,-25.283143419460117],[31.009063287744873,-25.283119166702754]]],[[[31.00806684709584,-25.282846322848297],[31.00805075384175,-25.282889977906247],[31.008174135456436,-25.282953035184455],[31.008195593128555,-25.282909380149192]]],[[[31.00790333618191,-25.2845825084397],[31.007919429436,-25.284592209426187],[31.007969050302776,-25.284497624774794],[31.007950274839672,-25.28449034902931]]],[[[31.006980140806366,-25.2838173282887],[31.006980140806366,-25.283876747193617],[31.007049878240753,-25.28389129875774],[31.007055242658783,-25.2838706840414],[31.00704183161371,-25.283867046149915],[31.007044513822724,-25.283848856690856],[31.0070404905092,-25.283823391443594]]],[[[31.007044513822724,-25.283862195627762],[31.007060607076813,-25.283869471410913],[31.00707267701738,-25.283830667229076],[31.007055242658783,-25.283824604074542]]],[[[31.007023056150604,-25.28395193025612],[31.007037808300186,-25.283959206033877],[31.007048537136246,-25.283925252400564],[31.00703110277765,-25.28391555136072]]],[[[31.002057690753237,-25.28149186353034],[31.002063055171266,-25.281516116613048],[31.002084512843386,-25.281511265996897],[31.00207780732085,-25.281488225567518]]],[[[31.00201879872252,-25.28159251379188],[31.002025504245058,-25.281627680731052],[31.002079148425356,-25.281619192160456],[31.00207244290282,-25.281603427670646],[31.00206037296225,-25.2816046403238],[31.00206171406676,-25.281586450525484]]],[[[31.00099115290668,-25.282991937808458],[31.001007246160768,-25.283001638922155],[31.001003222847245,-25.283010127395997],[31.00101663389232,-25.2830222537862],[31.00104211487796,-25.28298102405461],[31.001009928369783,-25.282959196543977]]],[[[31.000988470697664,-25.283002851561307],[31.000976400757096,-25.28301619059125],[31.000992494011186,-25.283030742258603],[31.001001881742738,-25.28301619059125]]],[[[31.001649635219835,-25.282882800225842],[31.00166706957843,-25.28289250134828],[31.001689868355058,-25.28286097269754],[31.001675116205476,-25.282851271572596]]],[[[31.00187225856807,-25.283122902777965],[31.00186823525455,-25.2831435176214],[31.00192456164386,-25.283176258836114],[31.001932608270906,-25.28315685663587],[31.0019138328078,-25.283145942896855],[31.00191919722583,-25.283125328053842],[31.001907127285264,-25.283119264864062],[31.001901762867234,-25.283137454432516]]],[[[31.001939313793443,-25.283109563759762],[31.00193529047992,-25.283125328053842],[31.00195138373401,-25.283132603881192],[31.001943337106965,-25.283153218722973],[31.001966135883592,-25.283162919823784],[31.001970159197114,-25.28314715553459],[31.001954065943025,-25.283138667070325],[31.001958089256547,-25.283119264864062]]],[[[31.006278236743974,-25.28374911958198],[31.00628628337102,-25.283761245898308],[31.006319810983705,-25.283753970108652],[31.00631176435666,-25.283739418528064]]],[[[31.005961736080216,-25.28424387230323],[31.005977829334306,-25.284260849076478],[31.00602745020108,-25.284183240950785],[31.006011356946992,-25.28417353993159]]],[[[31.00535153352933,-25.28401104774462],[31.005364944574403,-25.284043788725167],[31.00539310776906,-25.28403530032365],[31.005378355619477,-25.28399892145328]]],[[[31.00400640570836,-25.284134735847015],[31.004003723499345,-25.284165051539144],[31.00408955418782,-25.28418930408739],[31.004098941919374,-25.284161413656488]]],[[[31.00356518232541,-25.284014685631778],[31.003566523429917,-25.284037725581292],[31.0036174854012,-25.28404136346766],[31.003614803192185,-25.284019536147827]]],[[[31.00355445348935,-25.283864319538004],[31.003551771280335,-25.28389342266748],[31.00359066331105,-25.28389584792795],[31.003589322206544,-25.283865532168548]]],[[[31.00327266879733,-25.284080409563174],[31.003286079842404,-25.28409617373109],[31.003310219723538,-25.284076771677974],[31.00329814978297,-25.28406343276467]]],[[[31.00322438903506,-25.284115575781087],[31.00323511787112,-25.284125276804936],[31.003259257752255,-25.284113150525013],[31.003247187811688,-25.2840985989875]]],[[[31.00324584670718,-25.283933681440466],[31.003268645483807,-25.283989462400594],[31.003304855305508,-25.28398097399527],[31.003279374319867,-25.283923980401305]]],[[[31.003192202526883,-25.284057369621767],[31.003170744854764,-25.284079196934798],[31.003202931362942,-25.284115575781087],[31.003213660199002,-25.28410587475648],[31.003202931362942,-25.28409617373109],[31.00321500130351,-25.28408647270492]]],[[[31.00313051171954,-25.284195609204552],[31.003143922764615,-25.28421501123866],[31.003131852824048,-25.284227137508395],[31.003160016018704,-25.28425987843063],[31.00317208595927,-25.284245326910728],[31.003185497004345,-25.284262303683775],[31.003194884735898,-25.284247752164166],[31.0031412405556,-25.28418348293166]]],[[[31.003111736256436,-25.28424411428399],[31.00312514730151,-25.28426351631032],[31.003139899451092,-25.284250177417555],[31.003123806197003,-25.284231988015943]]],[[[31.003066138703183,-25.284274429948777],[31.003076867539242,-25.284293831970263],[31.00309966631587,-25.284281705707198],[31.003080890852765,-25.284261091057203]]],[[[31.003080890852765,-25.28422956276219],[31.00309832521136,-25.28425381529754],[31.003111736256436,-25.284239263776907],[31.003095643002347,-25.284223499627597],[31.003107712942914,-25.28421016073042],[31.003101007420376,-25.284198034459]]],[[[31.00259004660304,-25.28421016073042],[31.00262089200671,-25.28423077538908],[31.00264771409686,-25.284179845049568],[31.002618209797696,-25.28416529352007]]],[[[31.002486781555966,-25.28418954606827],[31.00247337051089,-25.28421622386569],[31.002522991377667,-25.284241689030477],[31.002535061318234,-25.28421622386569]]],[[[31.0025471312588,-25.28421622386569],[31.00254310794528,-25.284233200642795],[31.002560542303875,-25.284240476403696],[31.002561883408383,-25.284223499627597]]],[[[30.999818945738625,-25.28452926591497],[30.999817604634117,-25.284552305766734],[30.999877954336952,-25.284564432002757],[30.999880636545967,-25.28454139215328]]],[[[31.002601541348273,-25.286695697862516],[31.002610929079825,-25.2867126742926],[31.00272492296296,-25.2866750836228],[31.002716876335914,-25.28665325677693]]],[[[31.002672619887168,-25.28670054827135],[31.002686030932242,-25.2867284381184],[31.002700783081824,-25.28672237510871],[31.002688713141257,-25.286695697862516]]],[[[31.00264445669251,-25.286705398679988],[31.002684689827735,-25.28678057998914],[31.002700783081824,-25.28677451698206],[31.002659208842093,-25.28669812306696]]],[[[31.002633727856452,-25.28672358771068],[31.002659208842093,-25.286775729583496],[31.00267127878266,-25.286768453974688],[31.00264982111054,-25.28671631209873]]],[[[31.002483524151618,-25.286833934438313],[31.002502299614722,-25.28688122586228],[31.002541191645438,-25.286860611654106],[31.00252912170487,-25.2868412100432],[31.002510346241767,-25.286847273046938],[31.002500958510215,-25.28682787143391]]],[[[31.0025344861229,-25.286806044615535],[31.002543873854453,-25.28682423363111],[31.002562649317557,-25.28681453282315],[31.002547897167975,-25.28679755640732]]],[[[31.002558626004035,-25.286831509236595],[31.002569354840094,-25.286852123449716],[31.0025881303032,-25.286843635244722],[31.00257740146714,-25.286825446232058]]],[[[31.002589471407706,-25.286819383227233],[31.002600200243766,-25.2868412100432],[31.002617634602363,-25.286832721837456],[31.002606905766303,-25.286807257216662]]],[[[31.00132745932703,-25.28646326546838],[31.00133818816309,-25.286470541095497],[31.001351599208164,-25.286455989840825],[31.001340870372104,-25.286443863793917]]],[[[31.001752079459564,-25.28738628281109],[31.00175476166858,-25.287425085855414],[31.00182718131198,-25.287427511045262],[31.00182718131198,-25.287385070215766]]],[[[31.00189155432834,-25.28738264502506],[31.001894236537353,-25.287428723640172],[31.001941175195114,-25.287427511045262],[31.00193715188159,-25.28738143242968]]],[[[31.002036393615143,-25.287383857620412],[31.002040416928665,-25.28742993623508],[31.002110154363052,-25.28742993623508],[31.0021007666315,-25.28738143242968]]],[[[31.001867414447204,-25.28762152607668],[31.001862050029175,-25.287684580895053],[31.001896918746368,-25.287684580895053],[31.001896918746368,-25.287666392008504],[31.001882166596786,-25.287667604601015],[31.00188082549228,-25.28764820311922],[31.001899600955383,-25.287651840897286],[31.00190094205989,-25.28762516385554]]],[[[31.001608581277267,-25.287807052660163],[31.00160724017276,-25.287822816343724],[31.001636744471924,-25.287834942252747],[31.0016327211584,-25.287849493341994],[31.001668930980102,-25.287856768885952],[31.00167027208461,-25.287822816343724]]],[[[31.001742691728012,-25.287833729661898],[31.001735986205475,-25.287856768885952],[31.00175476166858,-25.287861619248357],[31.001761467191116,-25.287837367434406]]],[[[31.001808405848877,-25.287837367434406],[31.001804382535354,-25.287849493341994],[31.00182852241649,-25.28785555629532],[31.001831204625503,-25.287837367434406]]],[[[31.002737680629004,-25.287511430050735],[31.00274036283802,-25.287539319711307],[31.002767184928167,-25.287539319711307],[31.002764502719153,-25.28751385523887]]],[[[31.00204164738964,-25.28880433526136],[31.00203091855358,-25.288795847193015],[31.002022871926535,-25.288812823329096],[31.00207249279331,-25.28884192527117],[31.002080539420355,-25.288824949139155],[31.002065787270773,-25.28881524849122],[31.002071151688803,-25.288803122680203],[31.002049694016684,-25.288793422030512]]],[[[31.002169052317846,-25.2888758775281],[31.00216234679531,-25.288886790751516],[31.002143571332205,-25.288878302688946],[31.00213552470516,-25.28889285365299],[31.002185145571936,-25.28892438073578],[31.002218673184622,-25.28891225493567]]],[[[31.001412669375647,-25.288514999890346],[31.00141132827114,-25.28854288932013],[31.00145290251087,-25.288556227740802],[31.001460949137915,-25.28852712573016]]],[[[31.001514593318213,-25.288575629077336],[31.00151593442272,-25.28862777015391],[31.001580307439077,-25.288635045651176],[31.001581648543585,-25.288588967494412]]],[[[31.001569578603018,-25.288378629500592],[31.001561531975973,-25.288417432227387],[31.001593718484152,-25.28842955807696],[31.00159908290218,-25.288394393109844]]],[[[31.00165272708248,-25.288361653303706],[31.001644680455435,-25.288394393109844],[31.001675525859106,-25.288404093791446],[31.00168491359066,-25.288376204329744]]],[[[31.001715455919882,-25.289354412517504],[31.001699362665793,-25.289378664028078],[31.001734231382986,-25.28940291553379],[31.00174764242806,-25.28938108917886]]],[[[31.001766417891165,-25.289302271753353],[31.001755689055106,-25.289318035242562],[31.00177446451821,-25.289335011305557],[31.00178519335427,-25.289318035242562]]],[[[31.000931700945642,-25.289259095896462],[31.000918289900568,-25.28927122166189],[31.000937065363672,-25.289285772578783],[31.000950476408747,-25.28927485939128]]],[[[31.000903537750986,-25.28944583254951],[31.000915607691553,-25.289455533147002],[31.000931700945642,-25.289440982250465],[31.000920972109583,-25.289428856502035]]],[[[31.000773450613764,-25.289380353496117],[31.000746628523615,-25.289413093027232],[31.000800272703913,-25.289460383445466],[31.000825753689554,-25.289432494226695]]],[[[31.00025491241942,-25.290019119694605],[31.00027234677802,-25.29003367052177],[31.000280393405063,-25.290017907125613],[31.00026698235999,-25.290005781434843]]],[[[31.000258935732944,-25.289993655742872],[31.000289781136615,-25.290019119694605],[31.000312579913242,-25.290000931158197],[31.000283075614078,-25.289975467202638]]],[[[31.000285757823093,-25.289970616924787],[31.000304533286197,-25.28998759289644],[31.00031392101775,-25.289971829494277],[31.000299168868167,-25.28995727865968]]],[[[30.999360133800344,-25.288620607363132],[30.99936818042739,-25.288648496768623],[30.999388296995,-25.28864485902044],[30.99937890926345,-25.288618182197133]]],[[[30.999353428277807,-25.288723676873225],[30.999358792695837,-25.28874065301942],[30.999374885949926,-25.28873822785583],[30.999369521531897,-25.288723676873225]]],[[[30.99937220374091,-25.288712763635125],[30.99937890926345,-25.288737015274013],[30.999395002517538,-25.28873337752849],[30.999389638099508,-25.288709125888875]]],[[[30.99890013495429,-25.288815833066888],[30.998904158267813,-25.288843722427483],[30.998914887103872,-25.288840084685166],[30.998912204894857,-25.288820683390945]]],[[[30.998965849075155,-25.288820683390945],[30.99896853128417,-25.288846147588977],[30.99898462453826,-25.288846147588977],[30.99897926012023,-25.288820683390945]]],[[[30.998547424468832,-25.288831596619325],[30.99855815330489,-25.288875249523045],[30.998619844112234,-25.288869186620698],[30.998609115276174,-25.288824321133838]]],[[[30.99862252632125,-25.28882189597192],[30.9986319140528,-25.288864336298584],[30.99869092265113,-25.28885584823445],[30.998682876024084,-25.288813407904804]]],[[[30.99961543556939,-25.289752255907192],[30.99963152882348,-25.289763169051746],[30.999648963182075,-25.289734067330752],[30.999636893241508,-25.289724366755546]]],[[[31.004745428743245,-25.28831996642055],[31.00475883978832,-25.288339367794876],[31.00477493304241,-25.288324816764426],[31.004761521997334,-25.28830784056001]]],[[[31.00484332937229,-25.288248423825856],[31.004855399312856,-25.288266612625115],[31.00487417477596,-25.28825206158592],[31.004860763730886,-25.28823751054498]]],[[[31.004687761249425,-25.28887290437282],[31.00470519560802,-25.288894730819212],[31.00475347537029,-25.288863203728713],[31.004738723220708,-25.28884622759966]]],[[[31.004707877817037,-25.28889594339945],[31.004719947757604,-25.28891291952153],[31.00475347537029,-25.288892305658695],[31.004740064325215,-25.28887290437282]]],[[[31.00464886921871,-25.28895293465704],[31.00466362136829,-25.288972335930122],[31.004730676593663,-25.28893110822114],[31.00471726554859,-25.288911706941455]]],[[[31.00357336467081,-25.289440947983866],[31.003585434611377,-25.28945549888042],[31.00363103216463,-25.289417909060788],[31.003617621119556,-25.289403358159728]]],[[[31.00360957449251,-25.289447010857646],[31.0036256677466,-25.28946398690259],[31.003637737687168,-25.289451861156437],[31.003622985537586,-25.289434885109802]]],[[[31.003566659148273,-25.289489450965547],[31.003580070193347,-25.289506427004554],[31.003601527865467,-25.2894833880939],[31.003590799029407,-25.289471262349696]]],[[[31.003252737550156,-25.28989198271975],[31.003248714236634,-25.289927147252605],[31.003310405043976,-25.2899416980908],[31.00331845167102,-25.289904108421887]]],[[[31.003149472503083,-25.29056859504523],[31.00314544918956,-25.29058314580647],[31.003133379248993,-25.2905819332431],[31.003128014830963,-25.290600121692357],[31.003200434474365,-25.29062679807968],[31.003201775578873,-25.29060739707131],[31.00319238784732,-25.29060375938188],[31.003199093369858,-25.290586783496497]]],[[[31.002975128917114,-25.290697126709038],[31.002953671244995,-25.290725015636962],[31.00298317554416,-25.29075290455848],[31.003007315425293,-25.290726228198906]]],[[[31.002902709273712,-25.290801407015408],[31.002917461423294,-25.290818382870754],[31.002971105603592,-25.2907795809122],[31.002952330140488,-25.29076139248985]]],[[[31.003149472503083,-25.290894946134756],[31.003165565757172,-25.29091192197701],[31.003149472503083,-25.290926472697045],[31.003168247966187,-25.290945873654366],[31.00318300011577,-25.290928897816887],[31.003196411160843,-25.290943448534865],[31.003209822205918,-25.290928897816887],[31.003162883548157,-25.290880395410944]]],[[[31.003808156445913,-25.29057754632727],[31.003808156445913,-25.29061028553516],[31.00386850614875,-25.290619986039516],[31.00386850614875,-25.29058118401748]]],[[[31.00373037238448,-25.29061392322439],[31.003750488952093,-25.29062362372845],[31.003761217788153,-25.290538744291645],[31.00374110122054,-25.290537531727832]]],[[[31.006010784442825,-25.28962289396414],[31.006020172174377,-25.289642295130033],[31.006046994264526,-25.2896313819746],[31.006036265428467,-25.289615618526142]]],[[[31.00570367151062,-25.289915281254032],[31.005710377033157,-25.289933469803287],[31.0057720678405,-25.289918918964116],[31.005768044526977,-25.289901942982844]]],[[[31.005710377033157,-25.290222061086475],[31.005726470287247,-25.29024631242353],[31.00580291324417,-25.290203872580502],[31.005784137781067,-25.290183258937102]]],[[[31.005412255619923,-25.29060523164483],[31.005416278933446,-25.290628270342335],[31.005480651949803,-25.290629482905242],[31.005479310845296,-25.290607656771094]]],[[[31.005274121855656,-25.290504588862245],[31.005274121855656,-25.290530052706693],[31.0054082323064,-25.290532477834457],[31.005405550097386,-25.29050216373393]]],[[[31.004921910736506,-25.29103326567862],[31.004936662886088,-25.29106721732201],[31.004955438349192,-25.29105872941205],[31.00494068619961,-25.291023565207333]]],[[[31.00493532178158,-25.290876845484505],[31.004943368408625,-25.290892608769024],[31.004959461662715,-25.29089139620875],[31.004948732826655,-25.290867145000707]]],[[[31.00495141503567,-25.290915647411943],[31.00496214387173,-25.290932623251294],[31.004980919334834,-25.2909265604518],[31.004970190498774,-25.29090473437111]]],[[[31.004881677601283,-25.29094596140911],[31.004889724228327,-25.29096778748239],[31.00494605061764,-25.290949599088254],[31.004936662886088,-25.290927773011724]]],[[[31.00478914139027,-25.290971425160876],[31.00479852912182,-25.290998101466517],[31.004848149988597,-25.29098355075508],[31.00483608004803,-25.290956874446238]]],[[[31.004860219929164,-25.290925347891868],[31.004864243242686,-25.290949599088254],[31.004884359810298,-25.29094474884937],[31.004874972078746,-25.290922922771962]]],[[[31.004810599062388,-25.29146857352877],[31.004838762257044,-25.29149524972503],[31.004854855511134,-25.291481911627642],[31.00484144446606,-25.291464935865193],[31.004878995392268,-25.29142492155858],[31.004860219929164,-25.291410370898358]]],[[[31.004878995392268,-25.291417646228684],[31.004900453064387,-25.29143219688803],[31.004916546318476,-25.291418858783693],[31.004891065332835,-25.291400670457243]]],[[[31.004790482494776,-25.29144674754564],[31.004807916853373,-25.291457660537702],[31.004854855511134,-25.291405520677895],[31.004842785570567,-25.291392182570632]]],[[[31.004004595253413,-25.29124830070114],[31.004015324089472,-25.291266489050457],[31.00407281246917,-25.29123866587219],[31.004062262747233,-25.291220411893555]]],[[[31.003891853921463,-25.291306506146874],[31.003901241653015,-25.291323481931492],[31.003928063743164,-25.291311356371278],[31.00392001711612,-25.29129438058496]]],[[[31.003948180310775,-25.291311356371278],[31.003960250251343,-25.29132833215524],[31.00401389443164,-25.29130165592225],[31.00400316559558,-25.291285892690908]]],[[[31.004086314075042,-25.29139138504624],[31.004072903029968,-25.291403510598442],[31.00408765517955,-25.291421698924488],[31.004105089538147,-25.291411998484264]]],[[[31.001858604237803,-25.291473760011073],[31.001861286446818,-25.291493160880847],[31.00189615516401,-25.291483460446347],[31.001885426327952,-25.291465272129578]]],[[[31.001990032479533,-25.291422832713174],[31.001999420211085,-25.291449508919506],[31.00201819567419,-25.291442233591084],[31.00200746683813,-25.291419195048217]]],[[[31.001882744118937,-25.29156106390057],[31.00189749626852,-25.291602290715424],[31.00192834167219,-25.291590165183106],[31.00191358952261,-25.29154893836413]]],[[[31.00121487407423,-25.291739309146454],[31.00122962622381,-25.291752647215535],[31.00124035505987,-25.291745371905307],[31.001252425000438,-25.291758709973728],[31.0012819292996,-25.291732033835412],[31.001249742791423,-25.2917041451391]]],[[[31.001265836045512,-25.291695657273728],[31.001273882672557,-25.291706570243388],[31.001299363658198,-25.29170172003477],[31.00129265813566,-25.291682319198372]]],[[[31.001279247090586,-25.291713845555932],[31.00128327040411,-25.291727183627827],[31.001312774703273,-25.291718695764065],[31.001306069180735,-25.29170293258694]]],[[[31.00164790144671,-25.292236479205044],[31.001655948073754,-25.292263155232376],[31.001744460971246,-25.29224011684548],[31.00173104992617,-25.29221950354823]]],[[[31.001617056043038,-25.292147963254138],[31.00162644377459,-25.29217342675348],[31.00163717261065,-25.292168576563537],[31.00162644377459,-25.29214553815868]]],[[[31.00163180819262,-25.292143113063176],[31.001641195924172,-25.29216736401602],[31.001654606969247,-25.292162513825854],[31.001649242551217,-25.29214068796762]]],[[[31.00165326586474,-25.292139475419837],[31.001661312491784,-25.29216372637341],[31.001670700223336,-25.29216008873068],[31.00166265359629,-25.29213826287203]]],[[[31.00168947568644,-25.292129775037044],[31.001697522313485,-25.292150388349537],[31.00171495667208,-25.29214553815868],[31.00170556894053,-25.292126137393296]]],[[[31.001713615567574,-25.292128562489143],[31.00172166219462,-25.292143113063176],[31.001733732135186,-25.292143113063176],[31.001724344403634,-25.29212371229741]]],[[[31.000446271808038,-25.29250913464072],[31.000454318435082,-25.29252732280089],[31.00047175279368,-25.292526110256976],[31.00048248162974,-25.292543085870864],[31.000514668137917,-25.292533385520343],[31.00050796261538,-25.29252126008114],[31.000521373660455,-25.292515197361077],[31.000514668137917,-25.292495796654837]]],[[[31.000511985928902,-25.29249700919906],[31.00054014912356,-25.292569761830727],[31.000566971213708,-25.29256127402596],[31.00056026569117,-25.29252974788871],[31.00055087795962,-25.29252974788871],[31.00053478470553,-25.292490946477802]]],[[[31.000101607949624,-25.292573399461155],[31.000106972367654,-25.292590375068425],[31.000168663174996,-25.2925782496349],[31.00016195765246,-25.29256127402596]]],[[[31.000027229747186,-25.2932894079545],[31.000021865329156,-25.293311233605948],[31.000039299687753,-25.293320933894215],[31.000032594165216,-25.29334033446842],[31.000096967181573,-25.293369435323914],[31.000106354913125,-25.29334882221866],[31.0000835561365,-25.293337909396822],[31.000091602763543,-25.293318508822217]]],[[[31.00236027797092,-25.293356540177133],[31.00236564238895,-25.293395341311058],[31.00245415528644,-25.293380790887298],[31.002444767554888,-25.293346839891726]]],[[[31.002458178599962,-25.29336139031955],[31.002462201913485,-25.293380790887298],[31.002478295167574,-25.2933783658165],[31.00247427185405,-25.293358965248373]]],[[[31.002332114776262,-25.2933783658165],[31.002336138089785,-25.29339776638152],[31.00235893686641,-25.293395341311058],[31.002352231343874,-25.293374728210207]]],[[[31.002867215474733,-25.293203760591624],[31.002872579892763,-25.29325226206819],[31.003006690343508,-25.29323649909044],[31.002998643716463,-25.293189210144863]]],[[[31.00367286074511,-25.29293926511961],[31.00371979940287,-25.292979278926467],[31.003747962597526,-25.29295017797733],[31.00370907056681,-25.292911376700957]]],[[[31.003796242359794,-25.293066581731967],[31.00380428898684,-25.293099320267828],[31.00386732089869,-25.29307506950138],[31.003857933167136,-25.29305930650058],[31.003831111076988,-25.29307021934751],[31.00382440555445,-25.29305445634608]]],[[[31.003705731899228,-25.29290770864739],[31.003739259511914,-25.292929534367534],[31.003759376079525,-25.292904071026985],[31.00372584846684,-25.292883457842606]]],[[[31.004101570527663,-25.29259589303734],[31.004125710408797,-25.292608018469085],[31.0041981300522,-25.292511014981134],[31.004175331275572,-25.292494039362744]]],[[[31.00343178266541,-25.293457090036235],[31.003438488187946,-25.293476490588645],[31.003480062427677,-25.29346921538185],[31.003472015800632,-25.293449814828282]]],[[[31.003490791263737,-25.29347406551977],[31.003502861204304,-25.29350922901383],[31.003543094339527,-25.293501953809006],[31.003540412130512,-25.2934631527092]]],[[[31.003139421882786,-25.29381114962933],[31.003123328628696,-25.293831762655984],[31.003155515136875,-25.293849950617766],[31.003167585077442,-25.293823274939545]]],[[[31.002472892942585,-25.293856088471667],[31.0024755751516,-25.293891251854927],[31.002568111362613,-25.293883976673015],[31.002562746944584,-25.293843963164726]]],[[[31.002980307769583,-25.29431211582873],[31.002980307769583,-25.29433757887359],[31.003001765441702,-25.29433757887359],[31.003001765441702,-25.2943133283548]]],[[[31.00228293342571,-25.29453643294465],[31.002303049993323,-25.294565533513065],[31.002328530978964,-25.29455340827707],[31.002308414411353,-25.294521882657822]]],[[[31.002571270894812,-25.294492782078937],[31.002590046357916,-25.294524307705746],[31.002618209552573,-25.294512182465645],[31.002604798507498,-25.29448065683568]]],[[[31.002840554490554,-25.294748692980654],[31.002845918908584,-25.294782643583684],[31.002875423207747,-25.294782643583684],[31.002870058789718,-25.294745055415483]]],[[[31.002849942222106,-25.294625015703527],[31.002871399894225,-25.294637140932345],[31.002878105416762,-25.294618953088662],[31.002859329953658,-25.29460925290423]]],[[[31.002024362754835,-25.2956179682069],[31.002025703859342,-25.295651918566502],[31.002053867054,-25.295651918566502],[31.00205252594949,-25.2956179682069]]],[[[31.00193316764833,-25.29590897098064],[31.001945237588895,-25.295923521101013],[31.001970718574537,-25.29590654596043],[31.001959989738477,-25.295890783327756]]],[[[31.00193316764833,-25.295885933286513],[31.00194255537988,-25.295898058389238],[31.001968036365522,-25.295882295755472],[31.001955966424955,-25.295868958140687]]],[[[31.001905004453672,-25.29591867106108],[31.00191573328973,-25.29593564619996],[31.001930485439313,-25.295928371140732],[31.001919756603254,-25.295911396000832]]],[[[31.002437422943128,-25.29564343097749],[31.002434740734113,-25.295656768617096],[31.00242535300256,-25.29565313107916],[31.002422670793546,-25.29567010625523],[31.002496431541456,-25.29568950645353],[31.00249374933244,-25.295674956305096],[31.002480338287366,-25.295668893742736],[31.00248302049638,-25.29565313107916]]],[[[31.002501795959486,-25.29563009333642],[31.002497772645963,-25.295645856002984],[31.00253130025865,-25.29565313107916],[31.002533982467664,-25.295642218464728]]],[[[31.002511183691038,-25.296100547425407],[31.00250984258653,-25.2961357101577],[31.00257823891641,-25.296151472758524],[31.002579580020917,-25.296113885014712]]]],""evenOdd"":true}",,
1718790245898,4680107,87,No panels as far as I can see.,,,
1718872315441,7991355,88,,"{""type"":""MultiPolygon"",""coordinates"":[[[[28.27928149632486,-25.779762035806975],[28.279288201847397,-25.779784980730245],[28.279384761371933,-25.779780150220454],[28.279378055849396,-25.779755997668527]]],[[[28.27979513934657,-25.78000235346731],[28.279807209287387,-25.780033751719294],[28.279921203172844,-25.7800192602194],[28.279909133232035,-25.779990277214335]]],[[[28.27998396049437,-25.779791530837873],[28.28000541816649,-25.779826552026062],[28.280024193629593,-25.779825344399057],[28.28000407706198,-25.779792738465225]]],[[[28.280034922465653,-25.779775831681185],[28.280024193629593,-25.77978670032834],[28.280044310197205,-25.779813268128315],[28.28005772124228,-25.7797987766018]]],[[[28.280053697928757,-25.779790323210506],[28.280061744555802,-25.779799984229076],[28.28007381449637,-25.779790323210506],[28.280061744555802,-25.779781869818617]]],[[[28.280452886437327,-25.78072036651595],[28.280455568646342,-25.78074089601851],[28.280499825095088,-25.780748141724455],[28.28049848399058,-25.780723989369605]]],[[[28.28066209874049,-25.77950344286022],[28.280659416531474,-25.77955054043218],[28.280743906115443,-25.779572277766786],[28.280746588324458,-25.77952276494329]]],[[[28.281730959032924,-25.77813881278369],[28.281729617928416,-25.778162965664873],[28.281840929602534,-25.77817624974742],[28.281839588498027,-25.778153304512998]]],[[[28.28130459771651,-25.779874179605894],[28.28131532655257,-25.779912823648115],[28.281355559687793,-25.779905577891157],[28.281347513060748,-25.779868141473173]]],[[[28.28136226521033,-25.77986331096677],[28.281371652941882,-25.77990074738628],[28.2814467547943,-25.77989229400226],[28.28144139037627,-25.77987297197937],[28.281422614913165,-25.77987780248539],[28.281415909390628,-25.779859688086823]]],[[[28.28181048481636,-25.78049451462407],[28.281819872547914,-25.780524705125256],[28.28183194248848,-25.78052349750536],[28.281823895861436,-25.780490891763417]]],[[[28.28239596081968,-25.7796942283904],[28.282398643028696,-25.779708719929687],[28.28244826389547,-25.779708719929687],[28.282445581686456,-25.7796942283904]]],[[[28.282889026291173,-25.779572082162645],[28.282894390709203,-25.7795938194933],[28.282910483963292,-25.779590196605128],[28.282903778440755,-25.779567251644167]]],[[[28.28292657721738,-25.779567251644167],[28.28293730605344,-25.779590196605128],[28.282952058203023,-25.779587781346294],[28.282944011575978,-25.779562421125515]]],[[[28.283428150303166,-25.780999290141857],[28.283428150303166,-25.78101861198128],[28.283532756454747,-25.78102706528505],[28.283532756454747,-25.781002912986988]]],[[[28.283177363760274,-25.780773465910247],[28.283177363760274,-25.78080244872338],[28.2832001625369,-25.78080244872338],[28.283198821432393,-25.780775881144937]]],[[[28.284971308120177,-25.782098771400765],[28.284963261493132,-25.782122923475683],[28.28502763450949,-25.782145867942315],[28.285035681136534,-25.782124131079296]]]],""evenOdd"":true}",,
1718872315441,7991715,89,,"{""type"":""MultiPolygon"",""coordinates"":[[[[28.24933226589313,-25.901331938614383],[28.24934835914722,-25.90138019409946],[28.2494167554771,-25.90135847913361],[28.249399321118503,-25.90131022363964]]],[[[28.25212106190801,-25.90128217061579],[28.252134472953085,-25.901336458058022],[28.25221628032804,-25.901321981409204],[28.252201528178457,-25.90126528118422]]],[[[28.25011956321271,-25.8981451423531],[28.250118222108203,-25.898165651490558],[28.2502080761102,-25.898174096428477],[28.250206735005694,-25.89815358729248]]],[[[28.25071080928413,-25.89737828761138],[28.250734949165263,-25.897386732605657],[28.250756406837382,-25.897333649774517],[28.250734949165263,-25.897321585491376]]],[[[28.250764453464427,-25.89733244334626],[28.250738972478786,-25.897389145461048],[28.250760430150905,-25.897396384026926],[28.25078322892753,-25.897344507628283]]],[[[28.25288714833139,-25.895561732933224],[28.252889830540404,-25.89561240366971],[28.25295420355676,-25.895619642344567],[28.252956885765776,-25.89557379739627]]],[[[28.251879978846297,-25.895862408583994],[28.251886684368834,-25.89588171167509],[28.25192557639955,-25.895879298788884],[28.251916188667998,-25.895859995697393]]],[[[28.251943010758147,-25.895859995697393],[28.251948375176177,-25.895879298788884],[28.251981902788863,-25.895874473016306],[28.25197251505731,-25.895853963480654]]],[[[28.249854911040053,-25.894583942983342],[28.24985088772653,-25.894605659195843],[28.249948788355574,-25.894624962492482],[28.249950129460082,-25.89460083337119]]],[[[28.249990362595305,-25.894615310844564],[28.249986339281783,-25.894632201227907],[28.250105697582946,-25.894649091608848],[28.250101674269423,-25.894629788316152]]],[[[28.249990362595305,-25.894635820595447],[28.249984998177275,-25.894658743254013],[28.250101674269423,-25.89467684008657],[28.250101674269423,-25.89465753679841]]],[[[28.2499406070989,-25.894322989453357],[28.249931219367348,-25.89434953154898],[28.25001973226484,-25.89436642197038],[28.250026437787376,-25.89433746696081]]],[[[28.23537599029358,-25.89093269109966],[28.23537599029358,-25.89095561447739],[28.235410859010774,-25.890962853437834],[28.23541354121979,-25.890943549542296]]],[[[28.23542292895134,-25.890944756035847],[28.235418905637818,-25.890964059931218],[28.235440363309937,-25.890971298891152],[28.235441704414445,-25.890950788503492]]],[[[28.23526601972397,-25.890872366400146],[28.235263337514954,-25.890895289789594],[28.235306252859193,-25.890904941741713],[28.235310276172715,-25.890885637836675]]],[[[28.2356857854348,-25.890736032465693],[28.235683103225785,-25.890756542890664],[28.235730041883546,-25.890771020835572],[28.235730041883546,-25.890750510413103]]],[[[28.235148002527314,-25.8905514384805],[28.2351453203183,-25.89056953594279],[28.235211034439164,-25.89058883989951],[28.235215057752686,-25.890568329445394]]],[[[28.236106892250138,-25.889566932351062],[28.23611627998169,-25.88958744297917],[28.236131032131272,-25.889582616949347],[28.236124326608735,-25.889560899812707]]],[[[28.235881586692887,-25.889592269008805],[28.23588561000641,-25.889609160110943],[28.23590706767853,-25.889606747096494],[28.23589633884247,-25.88958502996429]]],[[[28.23520978048658,-25.889339380490814],[28.235219168218133,-25.889358684648705],[28.23526342466688,-25.889350239080024],[28.235254036935327,-25.889327315390535]]],[[[28.23587889134878,-25.889057950784828],[28.23588962018484,-25.88908208103921],[28.235913760065973,-25.88907846150137],[28.235903031229913,-25.889055537759123]]],[[[28.229198138418194,-25.889992135455383],[28.229208867254254,-25.890013852512702],[28.229275922479626,-25.889993341958675],[28.229265193643567,-25.8899716248976]]],[[[28.22956430385041,-25.890022792357573],[28.22956430385041,-25.890039683398097],[28.229628676866767,-25.89004450940924],[28.229624653553245,-25.890026411866458]]],[[[28.229557598327872,-25.889940750126314],[28.229560280536887,-25.88995643467493],[28.229671592211005,-25.88995643467493],[28.229667568897483,-25.889937130614793]]],[[[28.229329610561607,-25.88994678264527],[28.229324246143577,-25.889982977752464],[28.229351068233726,-25.889982977752464],[28.22935375044274,-25.889950402156472]]],[[[28.22849812576699,-25.890734219846323],[28.22853433558869,-25.890717328905158],[28.228469962572333,-25.89063287416314],[28.228441799377677,-25.890647352123196]]],[[[28.228486055826423,-25.890625635182424],[28.228543723320243,-25.89071129642559],[28.22856115767884,-25.89069561197726],[28.228504831289527,-25.890607537728748]]],[[[28.229242438768622,-25.89081626152611],[28.229246462082145,-25.890841597915703],[28.229309493993995,-25.890837978431808],[28.229308152889487,-25.89081626152611]]],[[[28.22938996026444,-25.8908210875055],[28.229392642473456,-25.890839184926445],[28.229435557817695,-25.89084039142109],[28.229435557817695,-25.890819881010668]]],[[[28.22951736519265,-25.890895890160788],[28.229520047401664,-25.890916400558],[28.229628676866767,-25.890913987570286],[28.229623312448737,-25.890893477172654]]],[[[28.229186448914987,-25.89032311015899],[28.229187790019495,-25.890355685652132],[28.2292065654826,-25.89035327265294],[28.229207906587106,-25.890317077659272]]],[[[28.229183766705972,-25.890409978120694],[28.229186448914987,-25.890446173085888],[28.229203883273584,-25.890441347091162],[28.22920120106457,-25.890405152124508]]],[[[28.229187790019495,-25.890364131148882],[28.229189131124002,-25.890385848137758],[28.229203883273584,-25.890381022140577],[28.22920522437809,-25.890361718149865]]],[[[28.229456010920984,-25.8908708598483],[28.229460034234506,-25.890888957261623],[28.229486856324655,-25.89089137024985],[28.229481491906625,-25.8908708598483]]],[[[28.22958341584919,-25.890914293635607],[28.229586098058206,-25.890937217016912],[28.22961023793934,-25.890934804029627],[28.229607555730325,-25.890914293635607]]],[[[28.22918515211724,-25.89131570329821],[28.229186493221746,-25.89133983309109],[28.229206609789358,-25.89133983309109],[28.22920124537133,-25.89131811627772]]],[[[28.229321944777,-25.891414635417664],[28.229321944777,-25.891437558701785],[28.229339379135595,-25.89143997167881],[28.229338038031088,-25.891418254883867]]],[[[28.22938497668885,-25.8914267003046],[28.229387658897863,-25.891447210609577],[28.229406434360968,-25.891448417097983],[28.229402411047445,-25.891427906793226]]],[[[28.22949360615395,-25.891520806380438],[28.22949360615395,-25.891543729643963],[28.22951104051255,-25.891544936131393],[28.229512381617056,-25.891523219355758]]],[[[28.22949897057198,-25.891286747540246],[28.229501652780996,-25.89130846435938],[28.229517746035086,-25.89131087733904],[28.22951640493058,-25.891290367010367]]],[[[28.22839658266686,-25.892225393077332],[28.22839658266686,-25.89225434860504],[28.228509235445486,-25.892261587485855],[28.228503871027456,-25.89223263195992]]],[[[28.229213315311895,-25.891985681271166],[28.229218679729925,-25.892006191479023],[28.229356813494192,-25.892006191479023],[28.229348766867147,-25.89198447478824]]],[[[28.229198563162313,-25.89208340634718],[28.229207950893866,-25.89212322024385],[28.229323285881506,-25.892120807280786],[28.22932060367249,-25.892102710056335],[28.22927366501473,-25.892100297092853],[28.229269641701208,-25.892080993383306]]],[[[28.22864334589623,-25.89282900981913],[28.228605794970022,-25.892843487509836],[28.22862725264214,-25.892886920571303],[28.228852558199392,-25.89282177097312],[28.228831100527273,-25.89277592493802],[28.228734541002737,-25.892802467381557],[28.228721129957663,-25.892785576736365],[28.2286379814782,-25.892807293279745]]],[[[28.22899471527718,-25.893152660874645],[28.229018855158316,-25.89319368088122],[28.229161012236105,-25.893162312642183],[28.22913150793694,-25.893121292624713]]],[[[28.22889547354363,-25.893101989082144],[28.22891693121575,-25.893147834990582],[28.229029583994375,-25.89311646673935],[28.22901080853127,-25.89307303376237]]],[[[28.228841829363333,-25.893017536046287],[28.228852558199392,-25.89303925254698],[28.228898155752645,-25.893032013713864],[28.22889547354363,-25.89300547132194]]],[[[28.228723812166677,-25.89312249909601],[28.22876940971993,-25.893106814968064],[28.228750634256826,-25.893050110795837],[28.228703695599066,-25.89305493668391]]],[[[28.22912077910088,-25.893456691172858],[28.22913284904145,-25.893473581722027],[28.229209291998373,-25.893443420025392],[28.2291958809533,-25.893427735940108]]],[[[28.229036289516912,-25.893584576699233],[28.229051041666494,-25.893611118960937],[28.229165035549627,-25.89356527323244],[28.229144918982016,-25.893536318026328]]],[[[28.229030925098883,-25.89374262371492],[28.229040312830435,-25.89375830775836],[28.229123461309896,-25.893718494413232],[28.229115414682852,-25.893705223295203]]],[[[28.229461419645773,-25.893478407592756],[28.229472148481833,-25.89346875585109],[28.22943727976464,-25.893390335420623],[28.229417163197027,-25.893396367763273]]],[[[28.229482877317892,-25.8934965046063],[28.229523110453115,-25.8935688926327],[28.22953652149819,-25.893560447365243],[28.22949897057198,-25.893486852866104]]],[[[28.22925572784598,-25.893980012167166],[28.229258410054996,-25.894027064196635],[28.229281208831623,-25.8940246512725],[28.229285232145145,-25.893977599242078]]],[[[28.229263774473026,-25.894066877437673],[28.22926109226401,-25.894116342354813],[28.229286573249652,-25.894115135893657],[28.229286573249652,-25.894068083899313]]],[[[28.229215494710758,-25.894107897126514],[28.22924499900992,-25.894110310048937],[28.229236952382877,-25.89402827065868],[28.229215494710758,-25.894023444810415]]],[[[28.229316077548816,-25.89395588291401],[28.229321441966846,-25.893996902641437],[28.22936569841559,-25.89399931556614],[28.229358992893054,-25.893951057062793]]],[[[28.229427389222934,-25.89396915400387],[28.22943409474547,-25.894013793113302],[28.229510537702396,-25.894010173726677],[28.22950249107535,-25.893967947541213]]],[[[28.229505173284366,-25.894065670976023],[28.22950785549338,-25.894087387283875],[28.229582957345798,-25.894082561438026],[28.22957625182326,-25.89406205159099]]],[[[28.229530654270008,-25.894637532416834],[28.229557476360156,-25.89463391304933],[28.229536018688037,-25.894583241892757],[28.229511878806903,-25.8945868612618]]],[[[28.229517243224933,-25.894560319219536],[28.229530654270008,-25.89458082898],[28.22955077083762,-25.894574796697867],[28.229562840778186,-25.89459409999957],[28.229584298450305,-25.894589274174447],[28.229573569614246,-25.894568764415443],[28.229595027286365,-25.894560319219536],[28.229578934032276,-25.89453860299869]]],[[[28.229562840778186,-25.8947243972034],[28.229574910718753,-25.894747319844758],[28.229637942630603,-25.8947243972034],[28.22962319048102,-25.89470268101276]]],[[[28.23005430132816,-25.896226228809724],[28.230083805627324,-25.89622864168884],[28.230073076791264,-25.896071804443377],[28.230040890283085,-25.89607059800222]]],[[[28.2300797823138,-25.896071804443377],[28.23009185225437,-25.89622864168884],[28.230113309926487,-25.896223815930558],[28.230097216672398,-25.896066978678668]]],[[[28.230113309926487,-25.896205719335214],[28.2301334264941,-25.896204512895416],[28.230125379867054,-25.896132126485536],[28.230105263299443,-25.89613092004499]]],[[[28.230134767598607,-25.896127300723286],[28.23013879091213,-25.896210545094245],[28.230161589688755,-25.896208132214742],[28.23015354306171,-25.89612368140148]]],[[[28.22930328280399,-25.897064701334198],[28.229332787103154,-25.897081591367023],[28.229383749074437,-25.89699714117879],[28.229352903670765,-25.89698145756577]]],[[[28.22866759926746,-25.897587084801543],[28.22868369252155,-25.897632928967752],[28.22877756983707,-25.897623277565835],[28.228760135478474,-25.89757743339587]]],[[[28.229521882838704,-25.89815169066014],[28.22952992946575,-25.898183057573085],[28.229626488990284,-25.898187883251254],[28.229615760154225,-25.898156516339593]]],[[[28.229540658301808,-25.898110672376802],[28.229540658301808,-25.89814807140042],[28.229595643586613,-25.89815169066014],[28.229592961377598,-25.898115498057937]]],[[[28.230333786345412,-25.89743434375633],[28.230336468554427,-25.897460885152235],[28.230443756915022,-25.897460885152235],[28.230437051392485,-25.897433137329106]]],[[[28.230128597355773,-25.897418660201396],[28.230133961773802,-25.897464504433035],[28.230186264849593,-25.897463298006127],[28.230183582640578,-25.897417453774015]]],[[[28.230038743353774,-25.897846941145083],[28.23004008445828,-25.897890372365243],[28.23010982189267,-25.897904849435076],[28.230107139683653,-25.897865037488764]]]],""evenOdd"":true}",,
1718872315441,5994156,90,,,,
1718872315441,6610284,91,,"{""type"":""MultiPolygon"",""coordinates"":[[[[27.840432760659997,-25.493082837444174],[27.840424714032952,-25.49309736381394],[27.84045690054113,-25.493120363895823],[27.84046762937719,-25.493108258590116]]],[[[27.84039386862928,-25.49309736381394],[27.840411302987878,-25.493113100712556],[27.840424714032952,-25.49309615328319],[27.840405938569848,-25.493081626913284]]]],""evenOdd"":true}",,
1718872315441,7980415,92,,"{""type"":""MultiPolygon"",""coordinates"":[[[[27.92496065022129,-26.096126557415722],[27.924986131206932,-26.096138601302233],[27.925026364342155,-26.09605549846002],[27.924999542252007,-26.09604345456496]]],[[[27.92482385756153,-26.096147032022067],[27.92481983424801,-26.096172324177893],[27.92488823057789,-26.096178346118947],[27.924894936100426,-26.096157871518088]]],[[[27.92481446982998,-26.096233747962135],[27.92484531523365,-26.096238565512472],[27.924852020756187,-26.096181959283427],[27.9248184931435,-26.096178346118947]]],[[[27.924791671053352,-26.096231339186886],[27.92480910541195,-26.096231339186886],[27.92481446982998,-26.096204842655926],[27.924794353262367,-26.09620122949213]]],[[[27.92459855200428,-26.096474625236144],[27.924585140959206,-26.096499917321147],[27.924658901707115,-26.096509552399695],[27.924670971647682,-26.09648666908683]]],[[[27.92451003910679,-26.09649389539663],[27.924531496778908,-26.09650593924533],[27.9245663654961,-26.096446924374874],[27.924538202301445,-26.096437289291153]]],[[[27.92420205950265,-26.096658469950178],[27.924230222697307,-26.096656061183683],[27.92419133066659,-26.096570549940832],[27.924168531889965,-26.096574163093205]]],[[[27.92334107040887,-26.09669701020743],[27.923361186976482,-26.096699418973074],[27.923361186976482,-26.096663287483025],[27.923338388199856,-26.096663287483025]]],[[[27.923361186976482,-26.096694601441715],[27.923361186976482,-26.096716280331275],[27.923397396798183,-26.09671387156597],[27.923396055693676,-26.096695805824577]]],[[[27.92339873790269,-26.096680148846442],[27.923400079007198,-26.096701827738684],[27.923417513365795,-26.096700623355893],[27.923417513365795,-26.09667774008039]]],[[[27.922839497323086,-26.096694601441715],[27.922835474009563,-26.096730732922087],[27.92288375377183,-26.096728324157073],[27.92288375377183,-26.0967090540352],[27.922862296099712,-26.096712667183297],[27.922862296099712,-26.09669701020743]]],[[[27.922834132905056,-26.096806608994537],[27.922830109591533,-26.096828287863335],[27.92287436604028,-26.096827083481852],[27.9228783893538,-26.096802995849345]]],[[[27.92256859421258,-26.09676325124488],[27.92256993531709,-26.096783725739776],[27.922630285019924,-26.096781316975857],[27.92263162612443,-26.096790952031228],[27.92264771937852,-26.096789747649357],[27.922649060483028,-26.096774090683795],[27.92263699054246,-26.096772886301753],[27.92263699054246,-26.09676325124488]]],[[[27.922635649437954,-26.096743981128757],[27.922639672751476,-26.096762046862715],[27.92265308379655,-26.096762046862715],[27.922651742692043,-26.096743981128757]]],[[[27.922651742692043,-26.096724711009465],[27.922650401587536,-26.096734346069518],[27.922666494841625,-26.096735550451964],[27.922666494841625,-26.09672230224434]]],[[[27.922435824866344,-26.09682949224483],[27.92243314265733,-26.09684876234686],[27.922457282538463,-26.09684876234686],[27.922462646956493,-26.096830696626295]]],[[[27.922364043605448,-26.09681326198388],[27.922350632560374,-26.09681446636551],[27.922350632560374,-26.096836145232867],[27.922397571218134,-26.096832532088577],[27.92239891232264,-26.096815670747144],[27.92238416017306,-26.096815670747144],[27.92238416017306,-26.09679640063966],[27.922365384709956,-26.096793991875995]]],[[[27.92217360676539,-26.09677231300083],[27.92217897118342,-26.09678796996663],[27.922217863214136,-26.096789174348523],[27.92222054542315,-26.09677231300083]]],[[[27.92210118712199,-26.096793991875995],[27.922117280376078,-26.096791583112285],[27.922117280376078,-26.096807240075506],[27.922136055839182,-26.096807240075506],[27.922128009212138,-26.096739794680566],[27.922111915958048,-26.096740999062952],[27.922111915958048,-26.09672775085595],[27.92209448159945,-26.09672895523846]]],[[[27.922098504912974,-26.09681807951035],[27.922111915958048,-26.09681807951035],[27.922111915958048,-26.09680362693034],[27.922098504912974,-26.09680121816683]]],[[[27.922114598167063,-26.09653235280581],[27.922111915958048,-26.096551622956778],[27.922144102466227,-26.096554031725443],[27.922146784675242,-26.09653476157485]]],[[[27.92207436503184,-26.09655282734112],[27.922067659509302,-26.09657209748872],[27.922102528226496,-26.0965781194092],[27.92210655154002,-26.096555236109744]]],[[[27.921976464402796,-26.09631315461495],[27.921991216552378,-26.096330016028823],[27.92202206195605,-26.096301110746403],[27.922012674224497,-26.096291475650677]]],[[[27.922024744165064,-26.096191511485653],[27.92200060428393,-26.09620475975339],[27.922044860732676,-26.096246913322606],[27.922035473001124,-26.09625293525981],[27.922035473001124,-26.096266183520612],[27.92204351962817,-26.096274614231234],[27.92205827177775,-26.09626497913332],[27.922059612882258,-26.09625293525981],[27.922051566255213,-26.096244504547624],[27.92206363619578,-26.096238482609966],[27.922023403060557,-26.096203555365484],[27.922034131896616,-26.096197533425716]]],[[[27.922039496314646,-26.096197533425716],[27.922028767478587,-26.096205964141298],[27.922064977300288,-26.096238482609966],[27.92206363619578,-26.09626497913332],[27.922054248464228,-26.096274614231234],[27.922060953986765,-26.096283044941252],[27.922078388345362,-26.096267387907872],[27.9220850938679,-26.096232460672017]]],[[[27.922109233749033,-26.096232460672017],[27.922103869331004,-26.096245708935122],[27.922111915958048,-26.096260161584073],[27.922122644794108,-26.096255344034613],[27.922118621480585,-26.096243300160126],[27.922141420257212,-26.096226438733733],[27.922130691421152,-26.096215599244072]]],[[[27.921950983417155,-26.096145744730993],[27.922004627597452,-26.096148153507997],[27.922004627597452,-26.09612647451314],[27.921991216552378,-26.096122861346945],[27.921992557656885,-26.0961059999032],[27.9219590300442,-26.09610118234739]]],[[[27.922111915958048,-26.09600603557968],[27.92211057485354,-26.09605059799952],[27.92216421903384,-26.09605421116794],[27.92216287792933,-26.096010853139397]]],[[[27.921987193238856,-26.096065050672564],[27.921992557656885,-26.09610118234739],[27.922009992015482,-26.09610479551426],[27.922007309806467,-26.096118043791833],[27.9220314496876,-26.096121656958182],[27.922034131896616,-26.096065050672564]]],[[[27.9224928182446,-26.09589831619303],[27.922484771617555,-26.09592240401183],[27.922537074693345,-26.095923608402646],[27.922543780215882,-26.095906746930176]]],[[[27.922563896783494,-26.095863388846965],[27.922557191260957,-26.09588506789059],[27.922600106605195,-26.095889885455275],[27.92260278881421,-26.095870615195288]]],[[[27.92262961090436,-26.09584532297422],[27.922621564277314,-26.0958657976298],[27.922648386367463,-26.095871819586627],[27.92265509189,-26.095850140540566]]],[[[27.922525004752778,-26.096068135209745],[27.92252366364827,-26.096087405437203],[27.922538415797852,-26.09608860982633],[27.922535733588838,-26.09610547127258],[27.922621564277314,-26.09611149321707],[27.922621564277314,-26.096095836160725],[27.92260278881421,-26.096094631771695],[27.922604129918717,-26.09607777032388]]],[[[27.922515872542952,-26.096340326878327],[27.922509167020415,-26.09636200583354],[27.922624502008055,-26.096369232151055],[27.92262718421707,-26.09634996197003]]],[[[27.922773364608382,-26.09632226107923],[27.922798845594023,-26.096324669852613],[27.922798845594023,-26.09628974263386],[27.92277470571289,-26.096288538246803]]],[[[27.922798845594023,-26.09632105669254],[27.92280018669853,-26.09634634881073],[27.92283237320671,-26.096347553197184],[27.922833714311217,-26.096325874239284]]],[[[27.92286455971489,-26.096304195277362],[27.92286858302841,-26.096331896172437],[27.92290479285011,-26.096330691785834],[27.92290076953659,-26.096309012824804]]],[[[27.92287931186447,-26.096294560181878],[27.922898087327575,-26.096304195277362],[27.92292625052223,-26.09628010753719],[27.922908816163634,-26.096274085601365]]],[[[27.922813597743605,-26.09630299089048],[27.922836396520232,-26.0962921514079],[27.922814938848113,-26.096270472439723],[27.92279079896698,-26.096277698762897]]],[[[27.92284176093826,-26.096246384692616],[27.922839078729247,-26.09627167682695],[27.922875288550948,-26.096274085601365],[27.92287931186447,-26.096249997854994]]],[[[27.922809574430083,-26.0963066040511],[27.922809574430083,-26.096316239145583],[27.922835055415725,-26.096318647919077],[27.922836396520232,-26.096304195277362]]],[[[27.922849807565306,-26.096324669852613],[27.92284712535629,-26.09634634881073],[27.922860536401366,-26.09634996197003],[27.92286455971489,-26.09632828301259]]],[[[27.923020127837752,-26.09612474149388],[27.923045608823394,-26.096134376603334],[27.923060360972976,-26.09609704054975],[27.923033538882827,-26.096087405437203]]],[[[27.923067066495513,-26.096070543988358],[27.923061702077483,-26.096082587880645],[27.92307377201805,-26.09608860982633],[27.92306304318199,-26.09610185810572],[27.923127416198348,-26.096119923938847],[27.923130098407363,-26.096104266883632],[27.923143509452437,-26.096106675661492],[27.923150214974974,-26.096095836160725]]],[[[27.92287394744644,-26.096078974713087],[27.922898087327575,-26.09608860982633],[27.92291149837265,-26.0960476605896],[27.9228846762825,-26.09603922986261]]],[[[27.922903451745604,-26.09608860982633],[27.922892722909545,-26.096104266883632],[27.92293697935829,-26.096119923938847],[27.922946367089843,-26.09610185810572]]],[[[27.922941002671813,-26.096117515161254],[27.922934297149276,-26.096136785380583],[27.922959778134917,-26.096145216100542],[27.922966483657454,-26.09612474149388]]],[[[27.924807847204413,-26.095471696989623],[27.924821258249487,-26.095495784896272],[27.92487222022077,-26.095486149734196],[27.924858809175696,-26.09545965303444]]],[[[27.924759567442145,-26.095427134349265],[27.924764931860174,-26.095443995890854],[27.924781025114264,-26.09544038270356],[27.924790412845816,-26.095457244243256],[27.924805164995398,-26.095452426660735],[27.924799800577368,-26.095435565120365],[27.924815893831457,-26.095430747536938],[27.924810529413428,-26.095413885993437]]],[[[27.92483064598104,-26.09543195193282],[27.924838692608084,-26.095456039847644],[27.924854785862173,-26.095448813473713],[27.924849421444144,-26.095439178307785],[27.924862832489218,-26.095433156328678],[27.92485612696668,-26.09541870357754],[27.92484003371259,-26.09541870357754],[27.92484539813062,-26.09542954314107]]],[[[27.924768955173697,-26.095603286197527],[27.92477834290525,-26.095620147713728],[27.924791753950323,-26.095616534531896],[27.92479443615934,-26.095634600439965],[27.924822599353995,-26.095624965289343],[27.924815893831457,-26.09560930816788],[27.924837351503577,-26.095603286197527],[27.92483064598104,-26.095584015890317]]],[[[27.924842715921606,-26.095618943319806],[27.924848080339636,-26.09563700922751],[27.924873561325278,-26.095633396046182],[27.924865514698233,-26.095614125743932]]],[[[27.924821258249487,-26.095630987258577],[27.924833328190054,-26.09565748391953],[27.924858809175696,-26.09565146195166],[27.92484673923513,-26.095630987258577]]],[[[27.924790412845816,-26.095686389361006],[27.924801141681876,-26.09571047722344],[27.924822599353995,-26.09570204647215],[27.924811870517935,-26.095683980574485],[27.92482528156301,-26.09567675421463],[27.924818576040472,-26.095662301493597],[27.92479845947286,-26.095669527854348],[27.92480382389089,-26.09568036739462]]],[[[27.92454230851194,-26.095723725545657],[27.92456242507955,-26.095758652933423],[27.924624115886893,-26.095734565080914],[27.92459997600576,-26.095696024506566]]],[[[27.924302250805106,-26.095744200222516],[27.92431029743215,-26.095764674895776],[27.924349189462866,-26.095751426578193],[27.92434248394033,-26.095727338724192]]],[[[27.924266040983404,-26.09576347050334],[27.924271405401434,-26.095777923211873],[27.924302250805106,-26.09576587928821],[27.924298227491583,-26.095752630970754]]],[[[27.92390126055738,-26.095768288073042],[27.923903942766394,-26.09583573402814],[27.92392674154302,-26.09583573402814],[27.9239227182295,-26.095769492465436]]],[[[27.92387443846723,-26.09583573402814],[27.92389589613935,-26.09583573402814],[27.923891872825827,-26.095769492465436],[27.923866391840185,-26.095769492465436]]],[[[27.923814088764395,-26.09588390968654],[27.923877120676245,-26.09588390968654],[27.923871756258215,-26.09583573402814],[27.923810065450873,-26.09583573402814]]],[[[27.923646450700964,-26.09579237591861],[27.92363840407392,-26.09582128132675],[27.9236705905821,-26.095822485718596],[27.923678637209143,-26.095795989095024]]],[[[27.923497588100638,-26.09571890797411],[27.923513681354727,-26.09571890797411],[27.92353245681783,-26.095661097100106],[27.923516363563742,-26.095655075132424]]],[[[27.92341309851667,-26.09570084207905],[27.923437238397803,-26.095709272830433],[27.9234546727564,-26.095650257558056],[27.923431873979773,-26.095641826802424]]],[[[27.923273371502788,-26.095552701634332],[27.9232934880704,-26.09556594997442],[27.92330421690646,-26.095546679661076],[27.92328812365237,-26.095538248897967]]],[[[27.922483460947902,-26.09534313678235],[27.922503577515513,-26.095352771956204],[27.922525035187633,-26.095317844447255],[27.922508941933543,-26.095308209270527]]],[[[27.9225371051282,-26.095292552106674],[27.922523694083125,-26.095311822461888],[27.922559903904826,-26.095328684020107],[27.92256795053187,-26.095309413667653]]],[[[27.9225733149499,-26.09525160259128],[27.922590749308497,-26.095261237772664],[27.922606842562587,-26.095234741021955],[27.922590749308497,-26.09522510583839]]],[[[27.92265244011584,-26.095193791486327],[27.922645734593303,-26.095204631070686],[27.922656463429362,-26.095210653061557],[27.92265244011584,-26.09522269704238],[27.92267389778796,-26.095234741021955],[27.92268462662402,-26.095221492644345],[27.922671215578944,-26.095215470654033],[27.92267792110148,-26.095204631070686]]],[[[27.922706084296138,-26.095194995884643],[27.922727541968257,-26.095208244265237],[27.922743635222346,-26.095191382689666],[27.922722177550227,-26.09518054310408]]],[[[27.922577338263423,-26.095026380000416],[27.922555880591304,-26.09504203719989],[27.922608183667094,-26.095075760391676],[27.92262561802569,-26.09506371639573]]],[[[27.921893113719122,-26.09539991201546],[27.9218890904056,-26.095414364768914],[27.921907865868704,-26.09541677356098],[27.921902501450674,-26.095431226312346],[27.9219253002273,-26.095431226312346],[27.921922618018286,-26.095446883457647],[27.921953463421957,-26.09544567906192],[27.921958827839987,-26.095419182353],[27.921954804526464,-26.095403525203988]]],[[[27.92196687446703,-26.095404729600148],[27.921954804526464,-26.095448087853352],[27.922007107602255,-26.095449292249047],[27.922007107602255,-26.095436043895738],[27.92202454196085,-26.095436043895738],[27.92203124748339,-26.095405933996286]]],[[[27.922039294110434,-26.095371006503203],[27.92203661190142,-26.09539870761926],[27.92206745730509,-26.09539870761926],[27.922068798409597,-26.095369802106706]]],[[[27.92172011123766,-26.095215639252448],[27.921729498969214,-26.095242136007485],[27.921748274432318,-26.095240931609656],[27.921738886700766,-26.09520961726183]]],[[[27.921722793446676,-26.09517589410864],[27.9217268167602,-26.095198777677936],[27.921737545596258,-26.095195164483087],[27.921742910014288,-26.095210821659975],[27.921756321059362,-26.09520961726183],[27.92175229774584,-26.095191551288124],[27.92179387198557,-26.095183120499428],[27.92179387198557,-26.095161441325736]]],[[[27.921756321059362,-26.095197573279673],[27.921754979954855,-26.09521202605811],[27.9217992364036,-26.095203595270902],[27.921792530881063,-26.095195164483087],[27.92180460082163,-26.095192755686448],[27.92180460082163,-26.095202390872682],[27.921830081807272,-26.095198777677936],[27.921830081807272,-26.095185529296256],[27.921818011866705,-26.095185529296256],[27.921818011866705,-26.095173485311605],[27.921807283030645,-26.095172280913076]]],[[[27.921545767651693,-26.095025344199044],[27.921591365204947,-26.09511446976893],[27.92161550508608,-26.095107243373903],[27.921572589741842,-26.09502173099884]]],[[[27.92161550508608,-26.095098812579142],[27.921619528399603,-26.09511808296627],[27.921709382401602,-26.095087972984977],[27.92170535908808,-26.095072315791636]]],[[[27.92246838815349,-26.09485070606119],[27.922485822512087,-26.094866363284186],[27.922503256870684,-26.094853114864865],[27.922485822512087,-26.094837457640086]]],[[[27.922328913284716,-26.09488683811111],[27.922312820030626,-26.094901290927954],[27.922332936598238,-26.094918152545343],[27.92234768874782,-26.09490249532927]]],[[[27.922359758688387,-26.094919356946477],[27.922339642120775,-26.094933809759308],[27.922370487524447,-26.094953080173628],[27.92238523967403,-26.094943444966862]]],[[[27.922386580778536,-26.094936218561262],[27.92239999182361,-26.094947058169495],[27.92243754274982,-26.09490851733569],[27.92242144949573,-26.09489526892115]]],[[[27.92242144949573,-26.09487238529248],[27.922414743973192,-26.0948820205051],[27.922428155018267,-26.094890451315486],[27.922434860540804,-26.0948820205051]]],[[[27.92244693048137,-26.094863954480793],[27.922440224958834,-26.09487238529248],[27.922450953794893,-26.094880816103565],[27.922460341526445,-26.09487118089085]]],[[[27.922110313250002,-26.094941036165046],[27.922125065399584,-26.09494585376863],[27.922129088713106,-26.094880816103565],[27.922112995459017,-26.0948759984973]]],[[[27.922108972145494,-26.094832640032052],[27.92212238319057,-26.094835048836096],[27.92213177092212,-26.094767602304046],[27.922118359877047,-26.094765193498603]]],[[[27.922020459248003,-26.09486034127559],[27.92204862244266,-26.094863954480793],[27.922055327965197,-26.094798916770188],[27.92203252918857,-26.094794099160563]]],[[[27.922020459248003,-26.094750740664953],[27.922015094829973,-26.094784463940698],[27.9220378936066,-26.094789281550728],[27.922044599129137,-26.094755558276365]]],[[[27.921997660471376,-26.09478566834322],[27.922013753725466,-26.09478205513561],[27.922017777038988,-26.094750740664953],[27.92200034268039,-26.094748331859165]]],[[[27.921999001575884,-26.09485913687383],[27.922015094829973,-26.09486034127559],[27.92202180035251,-26.094795303562986],[27.922004365993914,-26.09479650796541]]],[[[27.921671162801918,-26.094197371265153],[27.921677868324455,-26.094215437392407],[27.921704690414604,-26.09420700653337],[27.92169664378756,-26.09419134922213]]],[[[27.922581772762474,-26.09410704058707],[27.92263541694277,-26.094154012548376],[27.92265285130137,-26.094141968457535],[27.9226045715391,-26.094094996491393]]],[[[27.92277220960253,-26.094180509543875],[27.922753434139427,-26.094194962447986],[27.92276148076647,-26.094204597716388],[27.922745387512382,-26.094214232984005],[27.922823171573814,-26.094287701873498],[27.922837923723396,-26.094274453388643],[27.922848652559455,-26.094281679835113],[27.922866086918052,-26.094267226941717]]],[[[27.922648827987846,-26.094275657796405],[27.922664921241935,-26.094287701873498],[27.9226944255411,-26.094257591678453],[27.92268369670504,-26.094245547598284]]],[[[27.9226944255411,-26.094232299108647],[27.922681014496025,-26.094245547598284],[27.92270381327265,-26.094262409310186],[27.92271588321322,-26.094249160822468]]],[[[27.922817807155784,-26.094451501198698],[27.922832559305366,-26.094462340851845],[27.922848652559455,-26.094434639514045],[27.92283524151438,-26.094423799858347]]],[[[27.922801713901695,-26.094473180503964],[27.922816466051277,-26.0944840201551],[27.92283121820086,-26.09446354525767],[27.922813783842262,-26.094456318822445]]],[[[27.922854016977485,-26.094458727634233],[27.92284060593241,-26.094473180503964],[27.92287815685862,-26.094499677427162],[27.9228929090082,-26.094488837777497]]],[[[27.922890226799186,-26.09449245099416],[27.922904978948768,-26.09449726861623],[27.922918389993843,-26.094474384909695],[27.922902296739753,-26.09446836288092]]],[[[27.92291436668032,-26.094429821889428],[27.92289961453074,-26.094449092386757],[27.92292509551638,-26.09446836288092],[27.92293582435244,-26.094453910010593],[27.922918389993843,-26.094449092386757],[27.922926436620887,-26.094437048326295]]],[[[27.922986786323722,-26.094420186639557],[27.922970693069633,-26.094443070356686],[27.922984104114708,-26.09445029679273],[27.922997515159782,-26.094429821889428]]],[[[27.922954599815544,-26.094691177739172],[27.922969351965126,-26.094700812966714],[27.922990809637245,-26.094673111685392],[27.922974716383155,-26.094663476455572]]],[[[27.923043112713035,-26.09469719975648],[27.92302031393641,-26.094721287822612],[27.92307798143023,-26.09474898909251],[27.92310346241587,-26.09472490103209]]],[[[27.9234508084833,-26.094762237523625],[27.923469583946403,-26.09477066834265],[27.92348165388697,-26.094758624315293],[27.92346153731936,-26.0947465802867]]],[[[27.923558096843895,-26.094791143186313],[27.923547368007835,-26.09480800481958],[27.923568825679954,-26.094817640037494],[27.92358223672503,-26.094800778405624]]],[[[27.92353932138079,-26.0948850865407],[27.92356614347094,-26.09489231294947],[27.92359162445658,-26.094830888460834],[27.92356614347094,-26.09482245764616]]],[[[27.923401187616523,-26.09482486645042],[27.923417280870613,-26.094832092862887],[27.923448126274284,-26.094771872745312],[27.923430691915687,-26.09476103312086]]],[[[27.923888008552726,-26.094977825419118],[27.923909466224845,-26.094971803416257],[27.92388532634371,-26.094886290942195],[27.923866550880607,-26.094891108548023]]],[[[27.923894714075264,-26.09488869974514],[27.923913489538368,-26.09497300781686],[27.923940311628517,-26.09497421221744],[27.923921536165413,-26.0948850865407]]],[[[27.924036871153053,-26.094877860131515],[27.92405430551165,-26.09496457701243],[27.924078445392784,-26.094963372611737],[27.924067716556724,-26.094875451328353]]],[[[27.923893372970756,-26.094841728078823],[27.923909466224845,-26.094842932480763],[27.92391214843386,-26.09482366204829],[27.923893372970756,-26.094818844439686]]],[[[27.9239014195978,-26.09484534128459],[27.92389605517977,-26.094867020516883],[27.923914830642875,-26.09486942932021],[27.923916171747383,-26.09484654568649]]],[[[27.924126725155052,-26.09474296707787],[27.924125384050544,-26.09476705513457],[27.92416427608126,-26.094776690355868],[27.92416427608126,-26.094752602301146]]],[[[27.92423803682917,-26.09486099850831],[27.924225966888603,-26.09491399217303],[27.924349348503288,-26.09492964938757],[27.92434800739878,-26.094876655729934]]],[[[27.924833487230476,-26.09478271236878],[27.924838851648506,-26.09485979410656],[27.924922000127967,-26.09485738530303],[27.924917976814445,-26.09478030356364]]],[[[27.925535083938087,-26.094908644387274],[27.925524355102027,-26.094921892800308],[27.92554313056513,-26.09493634561281],[27.92555385940119,-26.09492309720141]]],[[[27.925556541610206,-26.094924301602507],[27.925545812774146,-26.09493634561281],[27.925608844685996,-26.094965251232466],[27.92561823241755,-26.09494838962187]]],[[[27.925599456954444,-26.094919483998037],[27.9255914103274,-26.094933936810854],[27.92561286799952,-26.094943572018394],[27.925623596835578,-26.094927914805726]]],[[[27.92560750358149,-26.094899009176842],[27.925598115849937,-26.094913461992174],[27.925620914626563,-26.09492309720141],[27.925628961253608,-26.09490743998601]]],[[[27.92561689131304,-26.094678377929693],[27.92560750358149,-26.094692830772292],[27.925667853284324,-26.094716918839325],[27.925678582120383,-26.094703670403067]]],[[[27.92570138089701,-26.09471330562958],[27.925693334269965,-26.09472655406474],[27.925756366181815,-26.09474823331904],[27.925761730599845,-26.09473137167715]]],[[[27.925662488866294,-26.09459406964564],[27.92565444223925,-26.094608522498657],[27.92577514164492,-26.09465428985475],[27.92578452937647,-26.094639837007396]]],[[[27.92578650158323,-26.094495308435608],[27.92577577274717,-26.094514578922176],[27.92578650158323,-26.09451698773276],[27.925778454956184,-26.094535053810656],[27.92579723041929,-26.0945386670259],[27.925818688091407,-26.094495308435608],[27.925802594837318,-26.094483264379914],[27.92579723041929,-26.094497717246607]]],[[[27.925704694208275,-26.094326691542864],[27.925726151880394,-26.094326691542864],[27.92572346967138,-26.094282128466325],[27.92570201199926,-26.094280924058623]]],[[[27.925681895431648,-26.09423515655645],[27.925676531013618,-26.09426044912565],[27.925736880716453,-26.094259244717716],[27.92573822182096,-26.09423515655645]]],[[[27.925755656179557,-26.094237565372808],[27.925750291761528,-26.094259244717716],[27.925825393613945,-26.09425563149385],[27.925826734718452,-26.094237565372808]]],[[[27.925730329936734,-26.09382445264369],[27.925724965518704,-26.09385576736231],[27.925829571670285,-26.093858176186476],[27.9258322538793,-26.09382565705611]]],[[[27.925833810982507,-26.09373031445439],[27.925839175400537,-26.093776082154058],[27.92585795086364,-26.093778490979854],[27.925856609759133,-26.093726701214177]]],[[[27.925860633072656,-26.09373031445439],[27.925864656386178,-26.09377728656696],[27.925887455162805,-26.093778490979854],[27.925880749640267,-26.0937279056276]]],[[[27.925891478476327,-26.0937279056276],[27.925891478476327,-26.09376885567635],[27.925914277252954,-26.09377006008933],[27.92591025393943,-26.0937279056276]]],[[[27.92591695946197,-26.093725496800747],[27.925918300566476,-26.09376644685035],[27.925939758238595,-26.0937640380243],[27.92593707602958,-26.093725496800747]]],[[[27.925734569248956,-26.093489431529452],[27.92576943796615,-26.093491840361164],[27.925776143488687,-26.093425597471217],[27.925742615876,-26.0934219842216]]],[[[27.925742615876,-26.09349906685598],[27.925729204830926,-26.09350629335036],[27.92573725145797,-26.09351472425989],[27.925725181517404,-26.09352074633775],[27.925742615876,-26.093536403738753],[27.925750662503045,-26.0935267684153],[27.925766755757135,-26.09354483464612],[27.925782849011224,-26.09353399490797]]],[[[27.925694336113732,-26.09345209463171],[27.92571579378585,-26.09345450346417],[27.925723840412896,-26.093414757722034],[27.925698359427255,-26.093409940055388]]],[[[27.9256701962326,-26.093481000618116],[27.925691653904718,-26.09348340944999],[27.925697018322747,-26.093465343209694],[27.9256701962326,-26.093458116712785]]],[[[27.925593335761132,-26.093182600507518],[27.925591994656624,-26.093201871210315],[27.925692577494683,-26.093194644697153],[27.925689895285668,-26.093180191669457]]],[[[27.925582606925072,-26.09309829114551],[27.925596017970147,-26.093119970701547],[27.92563625110537,-26.093106722084443],[27.925628204478326,-26.09308624694597]]],[[[27.92552628053576,-26.093072998325063],[27.92553164495379,-26.09309708672562],[27.925626863373818,-26.09307781600556],[27.92564697994143,-26.093062158543184],[27.925628204478326,-26.09305011433993]]],[[[27.925601382388177,-26.093053727601045],[27.92562015785128,-26.093051318760317],[27.92560406459719,-26.0930103684604],[27.925579924716057,-26.09301398172273]]],[[[27.92552628053576,-26.09296700930369],[27.925528962744774,-26.092982666778806],[27.92555310262591,-26.092976644673236],[27.92554639710337,-26.092963396039913]]],[[[27.92555310262591,-26.09295978277601],[27.92555846704394,-26.092976644673236],[27.925601382388177,-26.09296580488244],[27.92559870017916,-26.09295014740506]]],[[[27.925617475642266,-26.09295014740506],[27.925622840060296,-26.092962191618607],[27.925645638836922,-26.09295978277601],[27.9256416155234,-26.092944125297834]]],[[[27.925633568896355,-26.092971826988563],[27.925644297732415,-26.09300073309363],[27.92566307319552,-26.092998324251816],[27.925660390986504,-26.092983871199873],[27.92567916644961,-26.092979053515496],[27.925671119822564,-26.09295737393334]]],[[[27.925681848658623,-26.092989785609223],[27.925696600808205,-26.09302712265453],[27.925714035166802,-26.0930235093926],[27.92569928301722,-26.092986172346144]]],[[[27.925660390986504,-26.093030735916347],[27.92566843761355,-26.093059642006875],[27.92568453086764,-26.093058437586567],[27.925680507554116,-26.09302953149576]]],[[[27.92568855418116,-26.093046393382938],[27.92569391859919,-26.09306807294859],[27.925711352957787,-26.09306686852837],[27.925703306330742,-26.093046393382938]]],[[[27.925648321045937,-26.092902642317792],[27.925656367672982,-26.092943592655413],[27.92571001185328,-26.092929139596706],[27.925707329644265,-26.09290505116158],[27.92572610510737,-26.092900233473955],[27.925719399584832,-26.09288096272148]]],[[[27.925507505072655,-26.09284723889701],[27.925511528386178,-26.09287132734405],[27.925606746806206,-26.092849647741946],[27.9256054057017,-26.092830376981134]]],[[[27.925538350476327,-26.092800266411018],[27.92554103268534,-26.09282074159954],[27.925585289134087,-26.09281471948564],[27.92558394802958,-26.09279183545]]],[[[27.925511528386178,-26.0927786530452],[27.92553566826731,-26.092773835352357],[27.925527621640267,-26.092726862836898],[27.925498117341103,-26.09273408937897]]],[[[27.925528962744774,-26.09273168053167],[27.92553566826731,-26.092753360155644],[27.925575901402535,-26.092750951308727],[27.925577242507043,-26.09272806726062]]],[[[27.925656367672982,-26.092683503575127],[27.92565770877749,-26.09270277436012],[27.92570464743525,-26.09269313896802],[27.925703306330742,-26.092675072605687]]],[[[27.925512895368502,-26.092599193853424],[27.925538376354144,-26.092601602703468],[27.92553971745865,-26.092498022107208],[27.925512895368502,-26.09249561325504]]],[[[27.925437793516085,-26.092529337180864],[27.925431087993548,-26.09254860799125],[27.925444499038623,-26.092549812416802],[27.9254404757251,-26.09256546994774],[27.92547802665131,-26.092570287649153],[27.92548875548737,-26.09253415488375]]],[[[27.92559336163895,-26.092473933583303],[27.925626889251635,-26.0924775468622],[27.925633594774173,-26.092458276040105],[27.925601408265994,-26.092452253907556]]],[[[27.925637618087695,-26.09247875128847],[27.925633594774173,-26.092510066367293],[27.92566041686432,-26.09251127079324],[27.92566175796883,-26.092481160141]]],[[[27.92571406104462,-26.09256667437311],[27.925711378835604,-26.092597989428395],[27.92573551871674,-26.09260039827845],[27.92573551871674,-26.092569083223818]]],[[[27.925647005819247,-26.09259678500334],[27.925668463491366,-26.09259678500334],[27.92566712238686,-26.09256667437311],[27.925647005819247,-26.09256546994774]]],[[[27.92571808435814,-26.092412507824907],[27.925716743253634,-26.09244141406816],[27.92573954203026,-26.09244864062786],[27.92573954203026,-26.09241371225184]]],[[[27.925683215640948,-26.092390828137766],[27.92567785122292,-26.09240889454399],[27.925711378835604,-26.09241491667878],[27.925715402149127,-26.092392032564934]]],[[[27.92567248680489,-26.092543790288957],[27.92567248680489,-26.092564265522356],[27.925716743253634,-26.092563061096968],[27.925711378835604,-26.092549812416802]]],[[[27.92557726838486,-26.092498022107208],[27.925578609489367,-26.09251127079324],[27.92560409047501,-26.09251127079324],[27.925600067161486,-26.092498022107208]]],[[[27.925637618087695,-26.09243057422777],[27.92565102913277,-26.09243057422777],[27.9256563935508,-26.092412507824907],[27.925644323610232,-26.092411303397945]]],[[[27.92546683959391,-26.09186933042536],[27.92546683959391,-26.091894623506043],[27.925580833477042,-26.091886192479777],[27.925579492372535,-26.091864512695103]]],[[[27.92552853040125,-26.09183801517506],[27.925531212610267,-26.0918621038299],[27.925552670282386,-26.091859694964626],[27.92554998807337,-26.09183801517506]]],[[[27.925525848192237,-26.091894623506043],[27.92552853040125,-26.091916303285124],[27.92555132917788,-26.09191509885307],[27.925548646968863,-26.091893419073763]]],[[[27.92553389481928,-26.09192473430924],[27.92552987150576,-26.09195002737794],[27.92554998807337,-26.091946414082752],[27.925547305864356,-26.09192473430924]]],[[[27.925447577505746,-26.091491031328477],[27.92544489529673,-26.09151271118235],[27.925495857268015,-26.091510302309903],[27.925490492849985,-26.09148862245558]]],[[[27.925364429026285,-26.091466942597254],[27.925365770130792,-26.091491031328477],[27.925412708788553,-26.091489826892033],[27.925412708788553,-26.091468147033925]]],[[[27.925363087921777,-26.091438036113217],[27.925363087921777,-26.091463329287127],[27.925411367684045,-26.091459715976914],[27.92540868547503,-26.091438036113217]]],[[[27.925436848669687,-26.091409129622047],[27.925434166460672,-26.0914308094911],[27.925474399595895,-26.0914308094911],[27.925474399595895,-26.091409129622047]]],[[[27.925406003266016,-26.09098878025596],[27.925412708788553,-26.09100564243726],[27.92554011371676,-26.090969509188646],[27.925528043776193,-26.090953851444116]]],[[[27.925468732624083,-26.09080368537578],[27.92547007372859,-26.090827774243564],[27.925545175581007,-26.09082054758375],[27.925542493371992,-26.09080127648874]]],[[[27.92548080256465,-26.0907711653964],[27.925488849191694,-26.090800072045187],[27.925537128953962,-26.09079525427089],[27.925529082326918,-26.090772369840245]]],[[[27.925484825878172,-26.090745872072866],[27.925483484773665,-26.090762734289164],[27.925531764535933,-26.090760325401273],[27.925529082326918,-26.090745872072866]]],[[[27.925389607458143,-26.090724192076895],[27.925393630771666,-26.09074707651697],[27.92543922832492,-26.090743463184616],[27.925441910533934,-26.09072178318821]]],[[[27.9253815608311,-26.090676014293713],[27.92538692524913,-26.090700103187793],[27.925435205011397,-26.09069528540937],[27.925429840593367,-26.09067360540404]]],[[[27.925462027101545,-26.09063747205287],[27.92547007372859,-26.090661560954885],[27.925508965759306,-26.090659152064905],[27.925504942445784,-26.090635063162406]]],[[[27.925456662683516,-26.09060856536392],[27.92545934489253,-26.090627836490693],[27.925504942445784,-26.090625427600013],[27.925504942445784,-26.09060856536392]]],[[[27.925555904417067,-26.090672400959175],[27.925557245521574,-26.09069167207542],[27.925604184179335,-26.090686854296653],[27.92560150197032,-26.090667583179606]]],[[[27.925561268835096,-26.09070251207692],[27.92556395104411,-26.090724192076895],[27.925613571910887,-26.090714556521846],[27.925609548597365,-26.09069528540937]]],[[[27.925419111757307,-26.09058447645101],[27.925424476175337,-26.090603747581746],[27.925445933847456,-26.09060133869057],[27.92544325163844,-26.09058206755944]]],[[[27.925318163071537,-26.089633507738448],[27.925318163071537,-26.08968048149583],[27.925339620743657,-26.089682890405946],[27.92533693853464,-26.089663619123552],[27.92535437289324,-26.089662414668293],[27.925351690684224,-26.08962989437171]]],[[[27.925331574116612,-26.089567262663945],[27.925328891907597,-26.089588942874286],[27.925357055102253,-26.089586533962215],[27.925351690684224,-26.089602191889718],[27.92542276922312,-26.089607009713152],[27.925429474745656,-26.08957689831348]]],[[[27.92550591770258,-26.089352545121333],[27.925499212180043,-26.089369407538445],[27.925562244091893,-26.089370611996717],[27.925559561882878,-26.089354954038225]]],[[[27.92541740480509,-26.08934531837042],[27.92541204038706,-26.089359771871823],[27.925424110327626,-26.089364589705227],[27.925424110327626,-26.089382656578753],[27.925434839163685,-26.089383861036886],[27.925438862477208,-26.089364589705227],[27.925461661253834,-26.089368203080163],[27.925465684567357,-26.089347727287446]]],[[[27.925366442833806,-26.089239325972148],[27.925365101729298,-26.089256188405578],[27.92547909561243,-26.089261006243248],[27.925477754507924,-26.089244143810518]]],[[[27.925312798653508,-26.089157422689553],[27.925302069817448,-26.08918632973703],[27.92553139868822,-26.08919114757757],[27.92553139868822,-26.08916705837284]]],[[[27.925388388081622,-26.08893580175508],[27.925385705872607,-26.088949050844484],[27.925428621216845,-26.08895386869481],[27.925427280112338,-26.08893700621782]]],[[[27.925391070290637,-26.088820173274822],[27.925391070290637,-26.088833422377316],[27.925417892380786,-26.08882980898587],[27.92541521017177,-26.088815355419]]],[[[27.92536290709598,-26.088799697386197],[27.925361565991473,-26.088820173274822],[27.925407163544726,-26.088812946491004],[27.925408504649234,-26.08879608399372]]],[[[27.925421915694308,-26.088770790243217],[27.925427280112338,-26.08879006167267],[27.925438008948397,-26.08879006167267],[27.925433985634875,-26.088771994707642]]],[[[27.925287805243563,-26.08879608399372],[27.925286464139056,-26.088815355419],[27.92531596843822,-26.088811742026994],[27.925314627333712,-26.08879608399372]]],[[[27.925309262915682,-26.088762358991836],[27.925313286229205,-26.088771994707642],[27.925365589304995,-26.08876717684985],[27.925364248200488,-26.08875633666905],[27.925350837155413,-26.088757541133635],[27.925354860468936,-26.088745496487252],[27.925325356169772,-26.088746700951948],[27.925322673960757,-26.088761154527308]]],[[[27.925396434708667,-26.088710567005744],[27.925396434708667,-26.088733451839634],[27.925428621216845,-26.08872863398023],[27.92542593900783,-26.08870936254068]]],[[[27.925358883782458,-26.0887117714708],[27.925361565991473,-26.08872863398023],[27.925372294827532,-26.08872863398023],[27.925372294827532,-26.0887117714708]]],[[[27.925325356169772,-26.08854194177592],[27.925298534079623,-26.088581689173424],[27.925383023663592,-26.08863589014823],[27.925412527962756,-26.08859734723537]]],[[[27.925203315659594,-26.088587711505188],[27.925214044495654,-26.08863829907986],[27.925265006466937,-26.088633481216547],[27.925248913212847,-26.088581689173424]]],[[[27.925130896016192,-26.08855157750988],[27.925144307061267,-26.088643116942976],[27.925171129151416,-26.08864191247722],[27.92515369479282,-26.088549168576478]]],[[[27.92516308252437,-26.088549168576478],[27.925181857987475,-26.088643116942976],[27.925207338973117,-26.088637094614057],[27.92518990461452,-26.088546759643]]],[[[27.92516442362888,-26.08848653629022],[27.925167105837893,-26.088528692640423],[27.925192586823535,-26.088525079239574],[27.92519526903255,-26.088543146242714],[27.925219408913684,-26.08853832837548],[27.925212703391146,-26.088478105018375]]],[[[27.92519526903255,-26.08838897439296],[27.92519526903255,-26.088421495034414],[27.925244889899325,-26.088415472694088],[27.925244889899325,-26.08838174758251]]],[[[27.92528378193004,-26.08839017886132],[27.925286464139056,-26.08840945035344],[27.925307921811175,-26.088404632480717],[27.925306580706668,-26.088384156519375]]],[[[27.925039700909686,-26.088295025822408],[27.9250423831187,-26.08831188839189],[27.925061158581805,-26.08831188839189],[27.925057135268283,-26.088292616883702]]],[[[27.92491095487697,-26.088117968695943],[27.924916319295,-26.08816012517893],[27.924940459176135,-26.08816012517893],[27.92493777696712,-26.08812519552267]]],[[[27.92489486162288,-26.088028837796227],[27.924897543831896,-26.088069789839665],[27.924923024817538,-26.08807340325457],[27.924919001504016,-26.088034860156455]]],[[[27.92480992340934,-26.08770965226059],[27.924834063290476,-26.0877192880631],[27.924859544276117,-26.0877024254082],[27.92486893200767,-26.08768315379963],[27.924850156544565,-26.087671109042667]]],[[[27.924785783528208,-26.087544639019644],[27.924788465737223,-26.08759161361558],[27.92481662893188,-26.08759161361558],[27.924808582304834,-26.087544639019644]]],[[[27.924681368857655,-26.08753999308486],[27.924681368857655,-26.08755806024009],[27.924745741874013,-26.087554446809275],[27.924745741874013,-26.08753999308486]]],[[[27.924832913666997,-26.0874869960801],[27.924834254771504,-26.08750385876604],[27.924858394652638,-26.08750144981105],[27.92485705354813,-26.08748217816938]]],[[[27.926243873551808,-26.094835485165856],[27.926225098088704,-26.094858368801745],[27.92625862570139,-26.09488004803161],[27.926278742269,-26.094859573203514]]],[[[27.926399441674672,-26.094901727257458],[27.9264222404513,-26.094913771270104],[27.926443698123418,-26.094877639228503],[27.92642089934679,-26.094865595212152]]],[[[27.926281424478017,-26.09463434985788],[27.926281424478017,-26.09465964234076],[27.926328363135777,-26.094670481974614],[27.92632702203127,-26.094646393898024]]],[[[27.92635384412142,-26.094648802705912],[27.92634847970339,-26.09467168637832],[27.926367255166493,-26.094674095185667],[27.926369937375508,-26.094653620321523]]],[[[27.92629483552309,-26.094607852965165],[27.926282765582524,-26.094628327837338],[27.92633775086733,-26.0946427806861],[27.92634713859888,-26.094628327837338]]],[[[27.926371278480016,-26.094193537135073],[27.92636323185297,-26.094210398854468],[27.926439674809895,-26.094220034121612],[27.92644235701891,-26.094203172403603]]],[[[27.926454426959477,-26.094121272595803],[27.92644772143694,-26.094138134325632],[27.926520141080342,-26.094144156371403],[27.92652684660288,-26.09413090787029]]],[[[27.92637396068903,-26.09393940664115],[27.926380666211568,-26.093964699274288],[27.926438333705388,-26.09394301987478],[27.926430287078343,-26.093923749294078]]],[[[27.92635224320462,-26.093673231456062],[27.92635224320462,-26.093720203591563],[27.92638845302632,-26.093720203591563],[27.92638845302632,-26.093702137387826],[27.92640856959393,-26.093702137387826],[27.92640991069844,-26.09367684469792]]],[[[27.926342855473067,-26.093734656552524],[27.926342855473067,-26.09375151833808],[27.9263307855325,-26.093750313924897],[27.9263307855325,-26.093771993360107],[27.926371018667723,-26.093778015424732],[27.926373700876738,-26.093759949229927],[27.92636297204068,-26.09375392716437],[27.926371018667723,-26.093738269792485]]],[[[27.926459531565214,-26.093745496272078],[27.926459531565214,-26.093768380121187],[27.926494400282408,-26.09377319777305],[27.926499764700438,-26.09375392716437]]],[[[27.926295916815306,-26.093535928182636],[27.92632005669644,-26.093540745844088],[27.9263307855325,-26.093476911813845],[27.926306645651366,-26.09347088973372]]],[[[27.926306645651366,-26.09355038116637],[27.92630396344235,-26.093567242978487],[27.926333467741514,-26.093572060638632],[27.92633614995053,-26.093558812072736]]],[[[27.926475624819304,-26.092120731544693],[27.926464895983244,-26.092137593562846],[27.926531951208617,-26.092149637860043],[27.926538656731154,-26.09213277584362]]],[[[27.92612023212483,-26.091952111229453],[27.926122914333845,-26.091966564408846],[27.92615241863301,-26.091955724524464],[27.926148395319487,-26.091943680207308]]],[[[27.926165829678084,-26.091869005413248],[27.926171194096113,-26.09188586746768],[27.92623020269444,-26.091866596548137],[27.92622081496289,-26.091849734490914]]],[[[27.926305304546858,-26.091970177703413],[27.926301281233336,-26.09198703974327],[27.9263307855325,-26.091990653037225],[27.926337491055037,-26.0919761998608]]],[[[27.926375041981245,-26.091926818161205],[27.926369677563216,-26.091943680207308],[27.926391135235335,-26.091943680207308],[27.926389794130827,-26.091959337819375],[27.926412592907454,-26.091960542250984],[27.92641527511647,-26.091948497934332],[27.92640454628041,-26.091943680207308],[27.92640856959393,-26.091934044752687]]],[[[27.926463554878737,-26.09198101758646],[27.926458190460707,-26.091997879624763],[27.926479648132826,-26.09200269734954],[27.92648367144635,-26.09198703974327]]],[[[27.926507811327483,-26.09194970236604],[27.92650378801396,-26.09196415554575],[27.92653061010411,-26.091979813155067],[27.926531951208617,-26.091966564408846]]],[[[27.92666069724133,-26.091907547248393],[27.926658015032316,-26.091926818161205],[27.9267089770036,-26.091930431457],[27.9267089770036,-26.091911160544786]]],[[[27.926747869034315,-26.091738614652858],[27.926751892347838,-26.091762703328158],[27.92677737333348,-26.09176029446086],[27.926774691124464,-26.091742227954473]]],[[[27.92675055124333,-26.091700072762066],[27.926759938974882,-26.091731388049304],[27.92678273775151,-26.09172657031335],[27.926774691124464,-26.091695255024828]]],[[[27.92662985183766,-26.091604922414813],[27.926639239569212,-26.091655508685026],[27.92673579909375,-26.091644668771814],[27.926726411362196,-26.091597695802985]]],[[[27.926590959806944,-26.091397759365783],[27.926590959806944,-26.091439914667117],[27.926649968405272,-26.091432688045114],[27.926647286196257,-26.09139294161609]]],[[[27.92668215491345,-26.091408599301868],[27.92668215491345,-26.09143027917101],[27.92670361258557,-26.091431483608062],[27.92669824816754,-26.09140739486459]]],[[[27.926223497171904,-26.091188187070873],[27.92622483827641,-26.091229138008586],[27.926271776934172,-26.091223115812756],[27.926266412516142,-26.09118577819173]]],[[[27.926607053061034,-26.091165302717084],[27.926607053061034,-26.091188187070873],[27.92671434142163,-26.09117493823501],[27.926711659212614,-26.091154462758468]]],[[[27.92660839416554,-26.09114241835882],[27.92660973527005,-26.091160484957822],[27.926649968405272,-26.09115807607812],[27.926649968405272,-26.091137600598614]]],[[[27.92659230091145,-26.09111230735429],[27.92659230091145,-26.091136396158536],[27.926641921778227,-26.09113398727833],[27.926643262882735,-26.091107489592837]]],[[[27.92662747490069,-26.09092950644391],[27.926624792691676,-26.090960821937383],[27.926693189021556,-26.090952390843814],[27.926689165708034,-26.090936733096992],[27.92665429699084,-26.090941550865466],[27.926655638095347,-26.090928302001682]]],[[[27.926530915376155,-26.0908789198598],[27.926540303107707,-26.09089819094204],[27.9266113816466,-26.090865670988926],[27.926597970601527,-26.090846399901334]]],[[[27.","926509457704036,-26.090862057660253],[27.926520186540095,-26.09087410208876],[27.9265751718249,-26.090846399901334],[27.92656578409335,-26.09083555991318]]],[[[27.926341819640605,-26.090640439954466],[27.926329749700038,-26.09066211996595],[27.926416921493022,-26.090700662198657],[27.92642765032908,-26.090680186639105]]],[[[27.925916831311277,-26.09058864879966],[27.92591549020677,-26.090633213283073],[27.92593560677438,-26.090632008837805],[27.925939630087903,-26.090593466582472]]],[[[27.925944994505933,-26.09058864879966],[27.925939630087903,-26.09062237327516],[27.92596242886453,-26.090621168829763],[27.925965111073545,-26.090591057691093]]],[[[27.926358054694226,-26.09054167540689],[27.926359395798734,-26.09056576432861],[27.926437179860166,-26.090566968774567],[27.92643583875566,-26.09054167540689],[27.926411698874524,-26.090540470960665],[27.926406334456495,-26.090517586480203],[27.926379512366346,-26.090516382033737],[27.92638219457536,-26.090542879853086]]],[[[27.925890009221128,-26.090393528429193],[27.925885985907605,-26.090422435171288],[27.926012049731305,-26.090422435171288],[27.92601473194032,-26.090395937324644]]],[[[27.926073740538648,-26.09041159514384],[27.926068376120618,-26.09042966185569],[27.92615688901811,-26.090432070750378],[27.926160912331632,-26.090415208486434]]],[[[27.926285635050824,-26.09042725296094],[27.926289658364347,-26.090456159694686],[27.926328550395063,-26.090456159694686],[27.926325868186048,-26.090424844066124]]],[[[27.92628831725984,-26.090398346220045],[27.926286976155332,-26.09042725296094],[27.92630977493196,-26.090423639618717],[27.926311116036466,-26.090398346220045]]],[[[27.926620911177686,-26.09047061305888],[27.92663968664079,-26.090489884208367],[27.926693330821088,-26.090450137459072],[27.926677237567,-26.090432070750378],[27.926654438790372,-26.090448933011924],[27.92663968664079,-26.090430866303045],[27.926620911177686,-26.090442910775938],[27.926637004431775,-26.090459773035903]]],[[[27.926626275595716,-26.090406777353536],[27.926649074372342,-26.09042845740831],[27.926667849835447,-26.090418821828912],[27.92664505105882,-26.090395937324644]]],[[[27.926669190939954,-26.090400755115393],[27.92668126088052,-26.090412799591377],[27.92669198971658,-26.09040557290593],[27.92668260198503,-26.090393528429193]]],[[[27.926037530716947,-26.090293761835],[27.926033507403424,-26.090313033013604],[27.926100562628797,-26.090314237462174],[27.926101903733304,-26.090296170732483]]],[[[27.92593158346086,-26.09019740589432],[27.92593024235635,-26.09021788153836],[27.925959746655515,-26.090215472639247],[27.925961087760022,-26.090226312684855],[27.92598388653665,-26.090226312684855],[27.925986568745664,-26.090216677088804],[27.926008026417783,-26.09021788153836],[27.926012049731305,-26.090199814793806]]],[[[27.925876598176053,-26.090064916346318],[27.925875257071546,-26.09011911663409],[27.925898055848172,-26.09011911663409],[27.925896714743665,-26.090103458775754],[27.92591549020677,-26.09010104987429],[27.925916831311277,-26.090079369758847],[27.92589939695268,-26.090076960856884],[27.925895373639158,-26.090064916346318]]],[[[27.926028142985395,-26.090039622870105],[27.926026801880887,-26.090058894090568],[27.926048259553006,-26.090063711895198],[27.92605094176202,-26.090078165307865],[27.926076422747663,-26.09008418756262],[27.926073740538648,-26.090022760549584],[27.926049600657514,-26.09001794274327],[27.92605228286653,-26.090042031772832]]],[[[27.9261193380919,-26.090058894090568],[27.926122020300916,-26.090138387841463],[27.926148842391065,-26.090138387841463],[27.92614616018205,-26.09006250744405]]],[[[27.926559220370343,-26.089969764669284],[27.92654983263879,-26.089990240353146],[27.926577995833448,-26.089995058160603],[27.926583360251477,-26.08997699138164]]],[[[27.92665577989488,-26.089913155406997],[27.92665041547685,-26.089934835553226],[27.926677237567,-26.08993844891055],[27.926679919776014,-26.089917973217617]]],[[[27.926569949206403,-26.089878226274045],[27.926564584788373,-26.089899906426762],[27.926616887864164,-26.089905928690694],[27.92661957007318,-26.089886657445014]]],[[[27.925923510255476,-26.089744555780403],[27.925924851359984,-26.089765031503678],[27.92599592989888,-26.08976021368676],[27.92599458879437,-26.089746964689212]]],[[[27.926014705361982,-26.089739737962642],[27.92601068204846,-26.08976623595788],[27.926054938497206,-26.08976744041207],[27.92605762070622,-26.089744555780403]]],[[[27.926544441642424,-26.08974576023481],[27.926543100537916,-26.089810800754528],[27.926565899314543,-26.089812005208245],[27.926564558210035,-26.089797551762707],[27.92658333367314,-26.089798756216567],[27.926587356986662,-26.089763827049467],[27.926569922628065,-26.089765031503678],[27.926569922628065,-26.08974816914359]]],[[[27.926600768031737,-26.089738533508164],[27.926595403613707,-26.08979273394712],[27.926616861285826,-26.089789120585298],[27.92661954349484,-26.089737329053683]]],[[[27.926626249017378,-26.089718057780242],[27.926622225703856,-26.089739737962642],[27.926650388898512,-26.089739737962642],[27.92664636558499,-26.0897590092325],[27.92673085516896,-26.089765031503678],[27.92672951406445,-26.08974816914359],[27.9267563361546,-26.089750578052328],[27.926757677259108,-26.089727693417352]]],[[[27.926754995050093,-26.089749373597957],[27.92675097173657,-26.08979273394712],[27.926776452722212,-26.089797551762707],[27.926775111617705,-26.089754191415324]]],[[[27.926752312841078,-26.089406103600012],[27.926746948423048,-26.089422966009387],[27.926795228185316,-26.08942898829786],[27.926800592603346,-26.08941333034718]]],[[[27.926517619552275,-26.089442237331426],[27.926513596238753,-26.089457895278237],[27.926560534896513,-26.089459099735606],[27.926565899314543,-26.08944464624646]]],[[[27.926083101691862,-26.089432601670808],[27.926080419482847,-26.089453077448674],[27.92610455936398,-26.089453077448674],[27.92610455936398,-26.089436215043637]]],[[[27.92586450165715,-26.089365152024243],[27.925888641538283,-26.08936876539915],[27.925887300433775,-26.089321791516632],[27.925865842761656,-26.089322995975404]]],[[[27.925888641538283,-26.089294088961704],[27.925881936015745,-26.08931697368147],[27.925903393687864,-26.08931697368147],[27.925902052583357,-26.08933744947958],[27.925928874673506,-26.08933744947958],[27.925928874673506,-26.089319382599086],[27.92595837897267,-26.089320587057866],[27.92595837897267,-26.089298906797808]]],[[[27.926160885753294,-26.08919652773774],[27.92615283912625,-26.089217003556918],[27.92620514220204,-26.089224230315775],[27.92621050662007,-26.089204958957836]]],[[[27.925919486941954,-26.089095353049192],[27.92591680473294,-26.089153167167655],[27.92599458879437,-26.08915437162814],[27.925997271003386,-26.089097761971363]]],[[[27.926072372855803,-26.089097761971363],[27.926091148318907,-26.089095353049192],[27.926093830527922,-26.08904958351849],[27.926075055064818,-26.08904837905691]]],[[[27.926108582677504,-26.089059219210647],[27.926103218259474,-26.089079695053854],[27.926164909066816,-26.08908330843758],[27.92617295569386,-26.089066445979253]]],[[[27.9263057250401,-26.089089330743548],[27.926297678413054,-26.089109806581472],[27.92636339253392,-26.08911221550335],[27.92636205142941,-26.089096557510274]]],[[[27.926280244054457,-26.08907608167002],[27.92627890294995,-26.0890869218212],[27.926303042831083,-26.089089330743548],[27.9263057250401,-26.089078490592595]]],[[[27.92636205142941,-26.089085717360014],[27.92636339253392,-26.089097761971363],[27.926390214624067,-26.089101375354534],[27.926391555728575,-26.089088126282373]]],[[[27.926576628150602,-26.089079695053854],[27.926568581523558,-26.089109806581472],[27.926596744718214,-26.08910739765956],[27.92660345024075,-26.08908330843758]]],[[[27.926802374705012,-26.08888204929248],[27.926799692495997,-26.088900116240502],[27.926817126854594,-26.088902525166688],[27.92681980906361,-26.08888566268232]]],[[[27.926797010286982,-26.088764011830115],[27.92679298697346,-26.088780874332016],[27.926810421332057,-26.088786896653545],[27.92681444464558,-26.088767625223582]]],[[[27.926617302282985,-26.088757989507407],[27.92661462007397,-26.088772443081368],[27.926786281450923,-26.088780874332016],[27.926790304764445,-26.088765216294608]]],[[[27.926633395537074,-26.088678494818694],[27.92664680658215,-26.088690539471973],[27.926712520703013,-26.088635134056627],[27.926701791866954,-26.088627907261397]]],[[[27.925930656775172,-26.088626702795484],[27.925927974566157,-26.088642360851424],[27.9259534555518,-26.088648383180075],[27.925954796656306,-26.088627907261397]]],[[[27.925855554922755,-26.088683312680153],[27.92585287271374,-26.08869897072853],[27.92590115247601,-26.08869897072853],[27.925903834685023,-26.088680903749452]]],[[[27.926227040871318,-26.08861345366958],[27.926245816334422,-26.08862068046571],[27.92625788627499,-26.08860381794072],[27.926239110811885,-26.088591773278523]]],[[[27.926599867924388,-26.08854118568372],[27.92659316240185,-26.088562866084168],[27.926664240940745,-26.08856647948384],[27.926665582045253,-26.088547208017573]]],[[[27.92633701144093,-26.088179845084937],[27.92633701144093,-26.088202730022623],[27.92636249242657,-26.08820634343343],[27.926365174635585,-26.08818225402596]]],[[[27.92612645803326,-26.08809432764661],[27.926123775824244,-26.088112394716248],[27.92614657460087,-26.088117212601016],[27.9261519390189,-26.088096736589375]]],[[[27.92609427152508,-26.088147324376305],[27.926117070301707,-26.088152142259634],[27.926119752510722,-26.088109985773784],[27.926100977047618,-26.088109985773784]]],[[[27.92617339669102,-26.08811841707217],[27.92616803227299,-26.088136484138094],[27.926186807736094,-26.088138893080018],[27.926192172154124,-26.08811962154332]]],[[[27.92566377697819,-26.088217183665165],[27.925671823605235,-26.088234046245883],[27.92569596348637,-26.08822681942587],[27.92569059906834,-26.088213570254705]]],[[[27.925720103367503,-26.08826536246077],[27.925734855517085,-26.088294269728607],[27.925754972084697,-26.088287042912313],[27.925736196621592,-26.088258135642693]]],[[[27.925717421158488,-26.08822561495583],[27.925722785576518,-26.08824006859555],[27.92576972423428,-26.08822441048578],[27.92576435981625,-26.088212365784525],[27.92578447638386,-26.088208752373895],[27.925777770861323,-26.088193094259935],[27.925730832203563,-26.088207547903675],[27.9257375377261,-26.088218388135296]]],[[[27.925618179424937,-26.087860659961205],[27.925666459187205,-26.08797388044436],[27.925686575754817,-26.087966653608277],[27.92563695488804,-26.08785343311813]]],[[[27.925618179424937,-26.08804735325247],[27.925620861633952,-26.088063011385945],[27.925645001515086,-26.08805939797071],[27.92563695488804,-26.08804253536483]]],[[[27.925776429756816,-26.088070238216073],[27.925788499697383,-26.08805698902717],[27.925767042025264,-26.08799796989473],[27.925750948771174,-26.088010014618042]]],[[[27.925785817488368,-26.08801965039581],[27.925797887428935,-26.088060602442468],[27.925828732832606,-26.088055784555372],[27.925813980683024,-26.088016036979237]]],[[[27.925846167191203,-26.087944973097375],[27.925867624863322,-26.088000378839492],[27.925891764744456,-26.087995560949906],[27.92587433038586,-26.087942564151458]]],[[[27.926218994244273,-26.087837774956615],[27.92621497093075,-26.08785463759201],[27.926265932902034,-26.08785945548739],[27.92626861511105,-26.08784259285269]]],[[[27.926318235977824,-26.08784500180066],[27.92631555376881,-26.08785945548739],[27.926379926785167,-26.087866682330084],[27.92637858568066,-26.087849819696434]]],[[[27.926087566002543,-26.08787270469867],[27.926087566002543,-26.087893180749493],[27.92611036477917,-26.08789558969642],[27.926113046988185,-26.087875113646003]]],[[[27.926813103541072,-26.08761253809375],[27.926826514586146,-26.087635423142384],[27.92686674772137,-26.08762096942799],[27.92685601888531,-26.08759928885303]]],[[[27.926860042198832,-26.087598084376527],[27.9268721121394,-26.08761615152279],[27.92690295754307,-26.08760892466461],[27.926890887602504,-26.087587244087427]]],[[[27.926856111538076,-26.087314933502896],[27.92685342932906,-26.087331796213633],[27.9268963446733,-26.087335409651324],[27.926897685777806,-26.087318546941123]]],[[[27.926767598640584,-26.08737274850101],[27.926767598640584,-26.0873847932887],[27.926818560611867,-26.087392020160706],[27.926819901716375,-26.087375157458645]]],[[[27.926121569371304,-26.087241804309787],[27.92611888716229,-26.087257462551047],[27.926163143611035,-26.087259871511044],[27.926164484715542,-26.087243008789955]]],[[[27.9261101606716,-26.08733695820513],[27.926128936134702,-26.087338162684315],[27.926127595030195,-26.087298414864435],[27.926111501776106,-26.08729961934402]]],[[[27.925843280874616,-26.087424885153556],[27.9258405986656,-26.08744536128275],[27.925906312786466,-26.08745138367301],[27.92591033609999,-26.087430907544864]]],[[[27.925859374128706,-26.087287574547577],[27.92584596308363,-26.087317686536373],[27.92589960726393,-26.08732370893319],[27.925913018309004,-26.0872923924663]]],[[[27.925591153227217,-26.087504380693904],[27.92560054095877,-26.087521243377342],[27.925613952003843,-26.087518834422706],[27.925611269794828,-26.08750197173893]]],[[[27.925339025579817,-26.087562195598412],[27.92534304889334,-26.0875814672269],[27.925392669760114,-26.087570626936273],[27.925388646446592,-26.087547741874964]]],[[[27.925183457456953,-26.08716592203399],[27.925199550711042,-26.08720566989887],[27.92522637280119,-26.08719723853472],[27.925210279547102,-26.08716592203399]]],[[[27.925160658680326,-26.087132196562287],[27.92516334088934,-26.087150263780483],[27.925214302860624,-26.087135810006146],[27.92520625623358,-26.087120151748607]]],[[[27.925461066089994,-26.087232168467963],[27.925466430508024,-26.087249031190623],[27.925514710270292,-26.087233372948237],[27.925506663643247,-26.087216510223328]]],[[[27.925587129913694,-26.08718278476619],[27.92559517654074,-26.08720566989887],[27.925640774093992,-26.08719121613138],[27.925638091884977,-26.08717435340039]]],[[[27.925522756897337,-26.087211692301473],[27.925528121315367,-26.08722975950739],[27.925550920091993,-26.087222532625358],[27.92554823788298,-26.087204465418317]]],[[[27.92504398258818,-26.08695031974379],[27.925049347006208,-26.08696477354102],[27.925123107754118,-26.086945501810973],[27.925119084440595,-26.086931048011348]]],[[[27.925156635366804,-26.08694309284449],[27.92516334088934,-26.086959955608815],[27.925188821874983,-26.08695031974379],[27.925183457456953,-26.086933456978077]]],[[[27.925005090557462,-26.08684793862888],[27.925015819393522,-26.086874437278976],[27.92503325375212,-26.086863596922843],[27.92502252491606,-26.08684191620757]]],[[[27.92502788933409,-26.086822644457296],[27.925030571543104,-26.0868370982703],[27.925081533514387,-26.08682625791072],[27.925076169096357,-26.086810599611756]]],[[[27.92503325375212,-26.086866005890965],[27.925046664797193,-26.086887686601784],[27.925062758051283,-26.086875641762926],[27.925052029215223,-26.086856370018204]]],[[[27.92546777161253,-26.086970161968562],[27.925477159344084,-26.08699304714282],[27.92553616794241,-26.086977388866167],[27.925524098001844,-26.08695329920571]]],[[[27.92532159122122,-26.086893075032858],[27.925328296743757,-26.086909937804382],[27.925369870983488,-26.086895484000355],[27.925365847669966,-26.08688103019457]]],[[[27.92541144522322,-26.08685573603012],[27.92541546853674,-26.086876212258904],[27.925439608417875,-26.086871394323047],[27.925435585104353,-26.08684971360921]]],[[[27.925448996149427,-26.086848509124998],[27.92545301946295,-26.086864167418884],[27.925503981434233,-26.08685091809341],[27.925502640329725,-26.08683646428212]]],[[[27.925251853786833,-26.086724447183983],[27.925255877100355,-26.086741309979804],[27.925301474653608,-26.086728060640446],[27.925298792444593,-26.08671240232834]]],[[[27.925308180176145,-26.086702766442937],[27.92531086238516,-26.086720833727426],[27.9253363433708,-26.08671240232834],[27.925330978952772,-26.086700357471454]]],[[[27.92501585192442,-26.086785905145433],[27.92503194517851,-26.08678108720586],[27.92502121634245,-26.086753384049434],[27.925002440879346,-26.086758201990158]]],[[[27.924994394252302,-26.086714840516525],[27.92500512308836,-26.08674254368208],[27.925022557446958,-26.08674013471143],[27.9250118286109,-26.086708818088375]]],[[[27.925003781983854,-26.086694364259515],[27.925009146401884,-26.086710022574024],[27.92507888383627,-26.086694364259515],[27.925070837209226,-26.086677501456933]]],[[[27.924994394252302,-26.086563075232338],[27.92499975867033,-26.086578733564416],[27.925050720641615,-26.086569097668004],[27.925039991805555,-26.086553439334626]]],[[[27.924997076461317,-26.0866148681689],[27.925009146401884,-26.08660764124889],[27.925019875237943,-26.086623299575006],[27.92503730959654,-26.0866148681689],[27.92502658076048,-26.08659077843382],[27.925007805297376,-26.08660041432845],[27.92499975867033,-26.08658475599927],[27.924983665416242,-26.08659077843382]]],[[[27.92497847429435,-26.086487192516426],[27.92498383871238,-26.08650285085866],[27.925021389638587,-26.08649201046811],[27.92501468411605,-26.086477556612472]]],[[[27.925028095161124,-26.086448648895857],[27.92503077737014,-26.086465511731422],[27.92505759946029,-26.086459489290423],[27.92505223504226,-26.086445035430774]]],[[[27.92509380928199,-26.086437808500285],[27.9250777160279,-26.086467920707726],[27.92508308044593,-26.08647635212443],[27.925107220327064,-26.08646671621958],[27.92511526695411,-26.086455875825674]]],[[[27.92518232217948,-26.086429377080808],[27.925175616656944,-26.086449853384188],[27.925254741822883,-26.086455875825674],[27.925258765136405,-26.08643901298872]]],[[[27.925348619138404,-26.086441421965578],[27.925339231406852,-26.086459489290423],[27.92541433325927,-26.086463102755058],[27.92541835657279,-26.086446239919148]]],[[[27.925431767617866,-26.086448648895857],[27.925421038781806,-26.086467920707726],[27.92545054308097,-26.086467920707726],[27.925457248603507,-26.086453466849118]]],[[[27.92586092106025,-26.086478761100516],[27.925858238851234,-26.086493214956],[27.925872991000816,-26.086493214956],[27.925871649896308,-26.086507668809695],[27.925895789777442,-26.086512486760526],[27.925898471986457,-26.086495623931743],[27.925882378732368,-26.086495623931743],[27.925885060941383,-26.08648357905254]]],[[[27.92569730631034,-26.086926829790382],[27.92570267072837,-26.086952123939447],[27.925775090371772,-26.08693044324059],[27.925767043744727,-26.08691478495557],[27.925748268281623,-26.08692321634006],[27.925748268281623,-26.086911171504877]]],[[[27.925830432362442,-26.087029287822734],[27.92585725445259,-26.087090716407218],[27.925876029915695,-26.087083489516612],[27.925849207825546,-26.087028083340364]]],[[[27.925859936661606,-26.087032901269772],[27.925877371020203,-26.08706903573402],[27.9258948053788,-26.08706301332409],[27.92587871212471,-26.08702567437559]]],[[[27.925901510901337,-26.08701122058586],[27.925906875319367,-26.087026878857984],[27.925948449559097,-26.08701122058586],[27.925937720723038,-26.086995562311667]]],[[[27.926873811669235,-26.086798026980155],[27.926863082833176,-26.086813685280795],[27.92691940922249,-26.08682091218808],[27.926922091431504,-26.086805253888407]]]],""evenOdd"":true}",
1718872315441,1992127,93,,"{""type"":""MultiPolygon"",""coordinates"":[[[[18.481219712960034,-34.088598140806525],[18.48122239516905,-34.08862146476933],[18.481265310513287,-34.08861702211025],[18.481262628304272,-34.088594808811315]]],[[[18.48127335714033,-34.088594808811315],[18.481272016035824,-34.08862812875751],[18.48129481481245,-34.08862812875751],[18.48129481481245,-34.08865478470504],[18.481270674931316,-34.08865589536935],[18.48127335714033,-34.088733641834],[18.481471840607433,-34.088728088517456],[18.481466476189404,-34.0886647806832],[18.48139942096403,-34.088669223339785],[18.48139539765051,-34.08863146075143],[18.481419537531643,-34.08863146075143],[18.4814114909046,-34.08858925548568]]],[[[18.481418196427136,-34.08859036615084],[18.481418196427136,-34.08860924745628],[18.481466476189404,-34.08860702612645],[18.481459770666866,-34.088585923490115]]],[[[18.481493298279553,-34.08858259149442],[18.481491957175045,-34.08861035812118],[18.481517438160687,-34.08860702612645],[18.4815201203697,-34.08862812875751],[18.481591198908596,-34.08862479676349],[18.48158985780409,-34.08858259149442]]],[[[18.48147452281645,-34.0886647806832],[18.48147318171194,-34.0887025432567],[18.481571082340984,-34.08870143259302],[18.481567059027462,-34.08865922736216]]],[[[18.481643501984387,-34.088619243439815],[18.481643501984387,-34.088650342047714],[18.481671665179043,-34.08864812071896],[18.48167300628355,-34.088678108652246],[18.481769565808086,-34.088674776660184],[18.48176688359907,-34.08861257945092]]],[[[18.48186227324757,-34.0886925563097],[18.4818676376656,-34.08873365086069],[18.48225119355473,-34.088714769582985],[18.482249852450224,-34.088699220292305],[18.482273992331358,-34.08869588830106],[18.482271310122343,-34.088678117678946]]],[[[18.481866296561094,-34.088672564358774],[18.482284721167417,-34.08865257240311],[18.482264604599806,-34.08828605237941],[18.48198967817578,-34.088300491077035],[18.481981631548734,-34.088281609702726],[18.481844838888975,-34.08828494171026]]],[[[18.48168953232021,-34.08743875662308],[18.48171098999233,-34.08793633991647],[18.481829007188985,-34.08792634385231],[18.481827666084477,-34.087909683742744],[18.48185314707012,-34.08790524104631],[18.48184644154758,-34.08786303541853],[18.481827666084477,-34.08786303541853],[18.481806208412358,-34.08749651197679],[18.481824983875462,-34.087498733335764],[18.481824983875462,-34.08747207702425],[18.481806208412358,-34.08746763430484],[18.481806208412358,-34.08743431390192]]],[[[18.481849123756596,-34.087432092541256],[18.481854488174626,-34.08753205371333],[18.481886674682805,-34.08753427507137],[18.481892039100835,-34.08761424392196],[18.481934954445073,-34.08761424392196],[18.481940318863103,-34.08765644967377],[18.481854488174626,-34.08765867102854],[18.481859852592656,-34.087694212697016],[18.481943001072118,-34.08769865540452],[18.481945683281133,-34.087734197056214],[18.48185717038364,-34.08773641840896],[18.481859852592656,-34.08777862409985],[18.48190008572788,-34.08777862409985],[18.48190008572788,-34.08781860841919],[18.48186253480167,-34.087816387068614],[18.481870581428716,-34.08793189722143],[18.4819939630434,-34.08793189722143],[18.48196714095325,-34.08742987118055]]],[[[18.485325266639897,-34.088156253029474],[18.48536013535709,-34.08818735180744],[18.48565517834873,-34.08799631627667],[18.485625674049565,-34.08796521742854]]],[[[18.48337530068607,-34.08777862409985],[18.483361889640996,-34.087823051120175],[18.483447720329472,-34.087847485971416],[18.48346917800159,-34.08781416571797]]],[[[18.48690777330129,-34.08728951574962],[18.486942642018484,-34.087321725527744],[18.48703383712499,-34.08726619141987],[18.487000309512304,-34.087233981620614]]],[[[18.487364972222654,-34.09016194616393],[18.487437391866056,-34.09025524025327],[18.48782899438223,-34.09005310292975],[18.487743163693754,-34.08996091926483]]],[[[18.489966628496028,-34.09119499334512],[18.489969310705042,-34.09121276343893],[18.490081963483668,-34.091203878392484],[18.49008062237916,-34.09119055082108]]],[[[18.489969310705042,-34.091219427223145],[18.489969310705042,-34.091230533529],[18.490083304588175,-34.09122609100684],[18.49008062237916,-34.09121276343893]]],[[[18.49090365050737,-34.09175141763719],[18.49091437934343,-34.09177140886106],[18.491257702097336,-34.09176252387325],[18.491252337679306,-34.091742532647295]]],[[[18.490933154806534,-34.0917825150945],[18.490933154806534,-34.09180028506498],[18.49126574872438,-34.09179362132648],[18.491263066515366,-34.09177140886106]]],[[[18.489829425796906,-34.09198464828856],[18.489844177946487,-34.091983537667936],[18.489840154632965,-34.091951329663424],[18.489824061378876,-34.091951329663424]]],[[[18.489860271200577,-34.09190579418785],[18.489861612305084,-34.09198575890918],[18.48988038776819,-34.09198798015035],[18.48987368224565,-34.09190579418785]]],[[[18.489494149670044,-34.09199464387355],[18.489515607342163,-34.09199464387355],[18.48951158402864,-34.091925785375274],[18.489488785252014,-34.09192689599666]]],[[[18.485280688240046,-34.09002769552146],[18.485286052658076,-34.090092112982],[18.485731299354548,-34.09008767040008],[18.485725934936518,-34.09003435939895]]],[[[18.485406752063746,-34.08997882707041],[18.48540406985473,-34.090021031643424],[18.485575731231684,-34.090021031643424],[18.48557304902267,-34.089981048364244]]],[[[18.485048671810137,-34.091984631672425],[18.485059400646197,-34.092104578614375],[18.48520960435103,-34.09209791489983],[18.48519887551497,-34.091975746707014]]],[[[18.485705813018786,-34.093486820525214],[18.485716541854845,-34.093644525707596],[18.485931118576037,-34.093635640916396],[18.485925754158007,-34.09347793571746]]],[[[18.4854563675804,-34.09449301896967],[18.48546173199843,-34.09466182813304],[18.485491236297594,-34.09466182813304],[18.485491236297594,-34.09485951212006],[18.48549928292464,-34.09487506027923],[18.48550464734267,-34.09507274376822],[18.485633393375384,-34.095070522608005],[18.485633393375384,-34.095163811287605],[18.485772868244158,-34.09515936897186],[18.48576750382613,-34.09519046517718],[18.48598208054732,-34.09519046517718],[18.485979398338305,-34.094943916378355],[18.485890885440813,-34.09494169521475],[18.485885521022784,-34.09484840629033],[18.485727270690905,-34.09484618512421],[18.485711177436816,-34.094475249564475]]],[[[18.48635490760039,-34.09503276287512],[18.486362954227435,-34.09525487870899],[18.486456831542956,-34.095243772931155],[18.486446102706896,-34.0950260993911]]],[[[18.490292460347806,-34.09482955028906],[18.490330011274015,-34.09486286778129],[18.490394384290372,-34.09482066562226],[18.49035951557318,-34.094782905777905]]],[[[18.488587997784197,-34.094009270225605],[18.488593362202227,-34.094069242283375],[18.48861750208336,-34.094069242283375],[18.48861213766533,-34.094004827849275]]],[[[18.488585315575182,-34.09435133250359],[18.488590679993212,-34.09439797725259],[18.488695286144793,-34.09439353489664],[18.488695286144793,-34.09436910193481],[18.48867651068169,-34.094364659577366],[18.488679192890704,-34.09434466896594]]],[[[18.488587997784197,-34.094413525496535],[18.488596044411242,-34.0944623913875],[18.488684557308734,-34.09445794903494],[18.48867651068169,-34.09444017962237],[18.488695286144793,-34.09443795844554],[18.488695286144793,-34.09441574667401]]],[[[18.488593362202227,-34.09448460314679],[18.488593362202227,-34.094524584298824],[18.488700650562823,-34.094524584298824],[18.488700650562823,-34.09450681490026],[18.48868187509972,-34.09448016079539]]],[[[18.488598726620257,-34.094540132519526],[18.488598726620257,-34.094577892472174],[18.488689921726763,-34.094575671298955],[18.488697968353808,-34.094555680737365],[18.488697968353808,-34.09453569017104]]],[[[18.491439185967028,-34.092897790403995],[18.491393588413775,-34.09292888744017],[18.4913801773687,-34.09290889648966],[18.491288982262194,-34.092973311757746],[18.491299711098254,-34.09299330269305],[18.491262160172045,-34.09301995726611],[18.491608165134966,-34.09339089920336],[18.491793237556994,-34.09327317529157]]],[[[18.49185224615532,-34.09319765420535],[18.49192734800774,-34.09327539649897],[18.49209900938469,-34.093166557267914],[18.492013178696215,-34.09308437244969]]],[[[18.492314253956657,-34.09374101469448],[18.492252563149314,-34.09367882120741],[18.492043350846153,-34.09381209290946],[18.49210235944448,-34.09387428629862],[18.4920701729363,-34.09390094059425],[18.492279385239463,-34.09413194413826],[18.492751454026084,-34.093825420068136],[18.492531512886863,-34.09360107928431]]],[[[18.49263343682943,-34.09477386413803],[18.492786322743278,-34.09494711506839],[18.492850695759635,-34.094909355280464],[18.492689763218742,-34.0947361042728]]],[[[18.493081365734916,-34.09472721959618],[18.49312159887014,-34.09477386413803],[18.4932583915299,-34.0946827961991],[18.493218158394676,-34.094640593950274]]],[[[18.493244980484825,-34.09462282457606],[18.493287895829063,-34.09466280566281],[18.493419324070793,-34.09458062229733],[18.49337909093557,-34.094536198823306]]],[[[18.49325302711187,-34.09487381664114],[18.493287895829063,-34.09491157644492],[18.493537341267448,-34.094744988948484],[18.493507836968284,-34.094709450240146]]],[[[18.494006727845054,-34.09521809658172],[18.493963812500816,-34.09525363507649],[18.494055007607322,-34.09534248124814],[18.494100605160575,-34.09531582740643]]],[[[18.49321547618566,-34.09514924070563],[18.493065272480827,-34.09524475045419],[18.49323693385778,-34.095422442722885],[18.493255709320884,-34.09540911581568],[18.49327448478399,-34.095433548477295],[18.49325302711187,-34.09544243307977],[18.493282531411033,-34.095480192629886],[18.49332544675527,-34.09547797148035],[18.493376408726554,-34.095482413779365],[18.49348906150518,-34.09543132732653]]],[[[18.493285213620048,-34.095178115757264],[18.49326375594793,-34.0951958850149],[18.493309353501182,-34.09524475045419],[18.4933308111733,-34.095231423519]]],[[[18.49095705619512,-34.09546005824623],[18.490970467240196,-34.09547449572026],[18.490997289330345,-34.09546338997122],[18.49098387828527,-34.095444510194525]]],[[[18.48659310212789,-34.09501804823413],[18.486595784336906,-34.09503914926707],[18.486617242009025,-34.095041370428135],[18.486617242009025,-34.09502137997652]]],[[[18.486629311949592,-34.095230168904884],[18.486629311949592,-34.095253491040445],[18.48665613403974,-34.09525571219587],[18.48665613403974,-34.095233500638926]]],[[[18.486833159834724,-34.09528680836579],[18.48683584204374,-34.095312351639684],[18.486859981924873,-34.09531457279357],[18.486858640820365,-34.09529014009761]]],[[[18.488366565931745,-34.09553188143687],[18.488382659185834,-34.09554520832476],[18.48839607023091,-34.09553743430708],[18.488382659185834,-34.09552188626958]]],[[[18.487493756454093,-34.09554187660298],[18.48754203621636,-34.09558185725561],[18.487566176097495,-34.09556519865264],[18.487520578544242,-34.09552966028869]]],[[[18.488689186091932,-34.09323726799889],[18.488631518598112,-34.093329448096036],[18.48869052719644,-34.093356102563234],[18.488686503882917,-34.0933694297937],[18.488725395913633,-34.0933916418398],[18.48879513334802,-34.093289466379474]]],[[[18.488360615487608,-34.093360544973635],[18.488341840024503,-34.09338719943104],[18.48850143146089,-34.09346272034816],[18.488518865819486,-34.09343717651608]]],[[[18.488630177493604,-34.09337498280577],[18.48869589161447,-34.09341163267631],[18.488707961555036,-34.09338719943104],[18.488640906329664,-34.09335721316586]]],[[[18.484485625956037,-34.09213468236111],[18.484492331478574,-34.09220909377803],[18.484516471359708,-34.09221131501335],[18.484512448046186,-34.09213246112379]]],[[[18.48267739953308,-34.090338848338575],[18.482680081742096,-34.09035439732811],[18.4826988572052,-34.09035550797011],[18.4826988572052,-34.090343290907306]]],[[[18.48268276395111,-34.09042881030993],[18.48268276395111,-34.09044658056457],[18.482702880518723,-34.09044435928295],[18.48270422162323,-34.09042769966889]]],[[[18.482690810578156,-34.0906153977976],[18.482694833891678,-34.090633168013085],[18.48271495045929,-34.09063094673635],[18.482713609354782,-34.090613176520414]]],[[[18.482697516100693,-34.090716465848395],[18.482700198309708,-34.090735346679665],[18.482718973772812,-34.09073312540561],[18.482721655981827,-34.090716465848395]]],[[[18.482702880518723,-34.09079643169317],[18.48270422162323,-34.09081086996265],[18.482728361504364,-34.09081086996265],[18.482728361504364,-34.09079532105696]]],[[[18.482708244936752,-34.090896388892936],[18.482706903832245,-34.09090971651065],[18.48272970260887,-34.090910827145365],[18.48273104371338,-34.09089749952783]]],[[[18.482708244936752,-34.09097413330004],[18.48270958604126,-34.09098968217289],[18.482733725922394,-34.09098746090552],[18.4827350670269,-34.09097302266615]]],[[[18.48271495045929,-34.091079643452616],[18.482717632668304,-34.09109074977682],[18.48273640813141,-34.09108852851209],[18.482737749235916,-34.09107631155508]]],[[[18.48272433819084,-34.09115516642844],[18.48272567929535,-34.091167383374085],[18.482744454758453,-34.091167383374085],[18.482743113653946,-34.091151834533875]]],[[[18.48273104371338,-34.09125956572527],[18.482732384817886,-34.091272893285804],[18.482749819176483,-34.091270672025864],[18.482749819176483,-34.09125845509512]]],[[[18.48272567929535,-34.091339531057024],[18.482727020399857,-34.09135285860498],[18.482744454758453,-34.091355079862765],[18.48274713696747,-34.091339531057024]]],[[[18.4827350670269,-34.09144504075419],[18.482737749235916,-34.09145836828553],[18.482755183594513,-34.09145614703045],[18.482755183594513,-34.09144281949876]]],[[[18.482739090340424,-34.09151945277732],[18.48274177254944,-34.09153389092349],[18.482757865803528,-34.091532780296944],[18.482757865803528,-34.09151834215059]]],[[[18.48274043144493,-34.09162274099951],[18.48274579586296,-34.09163495787768],[18.482764571326065,-34.09163384725246],[18.482765912430573,-34.09162274099951]]],[[[18.482749819176483,-34.09171076218941],[18.482752501385498,-34.09172742155096],[18.482769935744095,-34.09172297905487],[18.482769935744095,-34.09170965156519]]],[[[18.48274579586296,-34.091799612079804],[18.482749819176483,-34.09181627142387],[18.482764571326065,-34.091814050178186],[18.48276725353508,-34.091799612079804]]],[[[18.48307926294323,-34.09078299836555],[18.483081945152247,-34.090796326001126],[18.48309669730183,-34.090796326001126],[18.48309535619732,-34.09078410900192]]],[[[18.483240195484125,-34.09078188772916],[18.48324287769314,-34.09079188345617],[18.483261653156244,-34.09079188345617],[18.483256288738215,-34.090779666456335]]],[[[18.48308462736126,-34.090887398121346],[18.48308999177929,-34.09090294701013],[18.48310072061535,-34.09090072574048],[18.48310072061535,-34.09088295558117]]],[[[18.48325897094723,-34.090887398121346],[18.483260312051737,-34.090898504470765],[18.483277746410334,-34.090899615105634],[18.48327506420132,-34.09088850875636]]],[[[18.483098038406336,-34.09096292126869],[18.483098038406336,-34.090981802045],[18.483115472764933,-34.0909784701436],[18.483115472764933,-34.09096514253671]]],[[[18.4832536065292,-34.09096181063466],[18.483252265424692,-34.09097291697431],[18.48327506420132,-34.09097513824208],[18.483271040887796,-34.09096070000061]]],[[[18.483103402824366,-34.091066210169934],[18.48310608503338,-34.091081759025876],[18.483126201600992,-34.091081759025876],[18.483126201600992,-34.09106509953726]]],[[[18.483256288738215,-34.091066210169934],[18.48325897094723,-34.091081759025876],[18.483277746410334,-34.09108286965833],[18.48327506420132,-34.09106398890457]]],[[[18.483103402824366,-34.091145065052714],[18.483103402824366,-34.09115950326273],[18.483124860496485,-34.09115728199982],[18.483124860496485,-34.09114395442107]]],[[[18.483256288738215,-34.091141733157755],[18.483261653156244,-34.09115950326273],[18.483283110828364,-34.09115506073684],[18.48327908751484,-34.09113951189436]]],[[[18.483103402824366,-34.09125057499226],[18.483103402824366,-34.09126390255421],[18.483124860496485,-34.09126612381433],[18.48312217828747,-34.09125057499226]]],[[[18.48326433536526,-34.09124613247114],[18.483267017574274,-34.091257238773494],[18.48328579303738,-34.09125834940366],[18.48328579303738,-34.09124391121048]]],[[[18.483114131660425,-34.09132831907407],[18.483118154973948,-34.09134164662379],[18.48313290712353,-34.09134053599473],[18.483130224914515,-34.091324987186326]]],[[[18.483267017574274,-34.09132609781559],[18.48326835867878,-34.09133720410746],[18.4832898163509,-34.09133609347834],[18.48328579303738,-34.09132276592774]]],[[[18.483124860496485,-34.09143271815736],[18.483128883810007,-34.09144604569064],[18.483144977064097,-34.091444935062945],[18.483144977064097,-34.09143160752949]]],[[[18.48327372309681,-34.091426054389935],[18.48327506420132,-34.09143716066868],[18.483292498559916,-34.09143938192426],[18.483291157455408,-34.09142938627372]]],[[[18.483128883810007,-34.091515071268276],[18.483128883810007,-34.09152950941519],[18.48314900037762,-34.09152950941519],[18.48314765927311,-34.091513960641485]]],[[[18.48328042861935,-34.09150618625356],[18.483281769723856,-34.09151840314855],[18.48330054518696,-34.09151618189504],[18.483299204082453,-34.09150396499974]]],[[[18.483276405305826,-34.09161613824494],[18.48327908751484,-34.09162724449875],[18.483303227395975,-34.09162613387343],[18.48330054518696,-34.09161613824494]]],[[[18.483136930437052,-34.09170943073168],[18.483139612646067,-34.09171831572507],[18.48315838810917,-34.09172164759734],[18.48315972921368,-34.091707209483204]]],[[[18.48328445193287,-34.091692771366596],[18.48328579303738,-34.09170387761035],[18.483303227395975,-34.091702766986046],[18.483301886291468,-34.09169055011766]]],[[[18.483150341482126,-34.09178273189915],[18.48315302369114,-34.09179161688483],[18.483171799154245,-34.09179494875422],[18.48316911694523,-34.09177828940596]]],[[[18.48329518076893,-34.09179605937732],[18.48329518076893,-34.0918093868534],[18.48331663844105,-34.091807165607534],[18.483315297336542,-34.09179272750797]]],[[[18.48329518076893,-34.09186713922547],[18.48329518076893,-34.0918860198001],[18.483315297336542,-34.0918826879343],[18.483313956232035,-34.09186491798113]]],[[[18.483108767242395,-34.09216256420483],[18.483114131660425,-34.0921781128594],[18.483131566019022,-34.0921781128594],[18.4831275427055,-34.09216478544137]]],[[[18.483236172170603,-34.092167006677855],[18.483238854379618,-34.0921781128594],[18.483254947633707,-34.092177002241314],[18.483254947633707,-34.09216478544137]]],[[[18.483328708381617,-34.09215923234991],[18.48333139059063,-34.092173670386956],[18.48334748384472,-34.092173670386956],[18.48334882494923,-34.09216034296823]]],[[[18.483450748891794,-34.09215923234991],[18.48345343110081,-34.09217144915064],[18.48347488877293,-34.09217033853247],[18.48346818325039,-34.09215701111322]]],[[[18.48354730841633,-34.09215701111322],[18.483549990625345,-34.092167006677855],[18.483566083879435,-34.09216589605962],[18.483564742774927,-34.09215590049485]]],[[[18.483670690031015,-34.092152568639676],[18.483674713344538,-34.09216589605962],[18.483692147703135,-34.09216478544137],[18.483693488807642,-34.092152568639676]]],[[[18.483761885137522,-34.09215367925808],[18.483765908451044,-34.09216589605962],[18.483780660600626,-34.09216589605962],[18.483780660600626,-34.09215367925808]]],[[[18.48388710588957,-34.09214257307334],[18.483888446994076,-34.09215590049485],[18.483908563561688,-34.09215367925808],[18.483908563561688,-34.09214479431041]]],[[[18.483978300996075,-34.092140351836214],[18.483978300996075,-34.092154789876474],[18.48399707645918,-34.09215145802124],[18.48399707645918,-34.09213701998041]]],[[[18.48410168261076,-34.092141462454784],[18.484104364819775,-34.092150347402814],[18.484125822491894,-34.09214923678436],[18.48412314028288,-34.09213924121763]]],[[[18.48419555992628,-34.092122581937126],[18.484199583239803,-34.09213146688714],[18.484214335389385,-34.09213146688714],[18.484214335389385,-34.09212147131831]]],[[[18.484318941540966,-34.09211369698618],[18.48432162374998,-34.092122581937126],[18.484336375899563,-34.09212147131831],[18.484333693690548,-34.092112586367236]]],[[[18.48441684217001,-34.09212036069947],[18.484415501065502,-34.09213479874315],[18.48443159431959,-34.092132577505815],[18.48443159431959,-34.092122581937126]]],[[[18.484538882680187,-34.092109254510355],[18.484540223784695,-34.09212036069947],[18.484554975934277,-34.092122581937126],[18.484554975934277,-34.092109254510355]]],[[[18.48474675387884,-34.092034843005685],[18.48474809498335,-34.09204928106395],[18.484766870446453,-34.092047059824374],[18.48476418823744,-34.092033732385715]]],[[[18.484713226266155,-34.09192267031532],[18.484714567370663,-34.09193266590761],[18.48473200172926,-34.09193377652892],[18.484729319520245,-34.09192155969389]]],[[[18.48470517963911,-34.09181605059065],[18.48471054405714,-34.09183604179925],[18.484729319520245,-34.09182937806358],[18.484729319520245,-34.091818271836274]]],[[[18.48470082170214,-34.091738863349654],[18.484704845015663,-34.09175219083474],[18.484720938269753,-34.09175441208205],[18.484724961583275,-34.09173997397349]]],[[[18.484698139493126,-34.091637796519514],[18.48470082170214,-34.09165223464549],[18.484718256060738,-34.09165001339551],[18.484718256060738,-34.09163446464393]]],[[[18.484694116179604,-34.09156227397426],[18.484694116179604,-34.09157115898308],[18.484714232747216,-34.09157560148714],[18.4847115505382,-34.09156005272192]]],[[[18.484687410657067,-34.09146231756076],[18.484688751761574,-34.09147675571667],[18.4847115505382,-34.09147342383475],[18.484710209433693,-34.091456764423214]]],[[[18.48468070513453,-34.09137902045936],[18.48468606955256,-34.09139679051453],[18.48470216280665,-34.09139679051453],[18.484699480597634,-34.09137902045936]]],[[[18.484678022925515,-34.09127573193979],[18.48468070513453,-34.09129128075725],[18.48470216280665,-34.09129128075725],[18.484699480597634,-34.09127573193979]]],[[[18.484671622675023,-34.091196019357724],[18.484675645988546,-34.09121378945132],[18.48469442145165,-34.09121156818981],[18.484695762556157,-34.09119712998868]]],[[[18.48465821162995,-34.091098283776276],[18.48466357604798,-34.09111161136221],[18.484682351511083,-34.09111161136221],[18.48467832819756,-34.091098283776276]]],[[[18.48466307899706,-34.09102020940511],[18.48466844341509,-34.09103242637023],[18.484695265505238,-34.09102909447083],[18.484692583296223,-34.09101465623857]]],[[[18.48466173789255,-34.09091914171697],[18.48466307899706,-34.09093135869667],[18.48467917225115,-34.090929137427764],[18.48467917225115,-34.09091580981311]]],[[[18.484653691265507,-34.090839175988094],[18.48465637347452,-34.090849171708335],[18.484676490042133,-34.09085139297934],[18.484676490042133,-34.09083695471677]]],[[[18.484652350161,-34.09073699744683],[18.484655032370014,-34.09074810381599],[18.484675148937626,-34.09075032508965],[18.48467380783312,-34.09073477617283]]],[[[18.48464162132494,-34.09065925282195],[18.48464698574297,-34.090672580477005],[18.484665761206074,-34.09067369111484],[18.48466307899706,-34.090661474097935]]],[[[18.48464474630929,-34.090552006253205],[18.484647428518304,-34.090565333925134],[18.48466620398141,-34.090566444564374],[18.48466620398141,-34.090553116892615]]],[[[18.48463938189126,-34.09046981889657],[18.484642064100274,-34.09048314658144],[18.484656816249856,-34.09048314658144],[18.484658157354364,-34.09046981889657]]],[[[18.48463314691189,-34.09036508734891],[18.48463314691189,-34.09037952569196],[18.48465460458401,-34.09037952569196],[18.484650581270486,-34.09036619799077]]],[[[18.48462241807583,-34.09028512109668],[18.484625100284845,-34.09029844881063],[18.48464387574795,-34.09030067009609],[18.48464387574795,-34.09028512109668]]],[[[18.484621076971322,-34.090181831242404],[18.48462241807583,-34.09019515897262],[18.48464387574795,-34.09019626961671],[18.48464387574795,-34.090180720598134]]],[[[18.484609007030755,-34.090106307398244],[18.484610348135263,-34.09011963514034],[18.48462778249386,-34.09012185643049],[18.484625100284845,-34.090105196752965]]],[[[18.4846170536578,-34.09000211423883],[18.484619735866815,-34.09001544199733],[18.484639852434427,-34.09001322070441],[18.48463717022541,-34.09000211423883]]],[[[18.484602301508218,-34.08992103699606],[18.484604983717233,-34.089935475414826],[18.48462778249386,-34.089935475414826],[18.484623759180337,-34.08991992634835]]],[[[18.484602301508218,-34.08981441475036],[18.484602301508218,-34.08983218513396],[18.484623759180337,-34.089831074485105],[18.484623759180337,-34.08981996799563]]],[[[18.484609007030755,-34.08973742874408],[18.484607665926248,-34.08975297784408],[18.484630464702875,-34.08974853524436],[18.484629123598367,-34.089732986143545]]],[[[18.48411504560679,-34.09077702084316],[18.484117727815804,-34.090791459115955],[18.48414052659243,-34.090791459115955],[18.484137844383415,-34.09077813147962]]],[[[18.484263908207115,-34.09077257829719],[18.484265249311623,-34.090790348479665],[18.484284024774727,-34.09078812720706],[18.484284024774727,-34.090768135751]]],[[[18.48411906892031,-34.090888084416626],[18.48412443333834,-34.09090375766781],[18.48414589101046,-34.09090153639817],[18.484139185487923,-34.09088376623904]]],[[[18.484273295938667,-34.09088043433378],[18.484274637043175,-34.09089043004914],[18.48429341250628,-34.090891540684126],[18.484290730297264,-34.09087377052288]]],[[[18.484121751129326,-34.09096595319379],[18.484123092233833,-34.090974838265204],[18.48414052659243,-34.090977059532904],[18.484143208801445,-34.09096373192579]]],[[[18.484280001461205,-34.090959289389616],[18.484280001461205,-34.09097150636353],[18.48429877692431,-34.09096928509568],[18.4842974358198,-34.09095595748733]]],[[[18.48411504560679,-34.0910681314587],[18.48411906892031,-34.09108145904938],[18.484137844383415,-34.09108256968183],[18.484136503278908,-34.091069242091336]]],[[[18.484284024774727,-34.09105924639708],[18.484284024774727,-34.0910747952543],[18.484301459133324,-34.0910747952543],[18.484300118028816,-34.091057025131526]]],[[[18.48412979775637,-34.09113921191807],[18.484128456651863,-34.09115365012909],[18.48415125542849,-34.09115253949756],[18.484152596532997,-34.09114143318147]]],[[[18.484285365879234,-34.09113699065462],[18.48428804808825,-34.091155871392104],[18.484310846864876,-34.09115253949756],[18.484305482446846,-34.09113921191807]]],[[[18.484131138860878,-34.09124805375581],[18.4841351621744,-34.09126249194828],[18.484153937637505,-34.09126138131817],[18.484152596532997,-34.09124805375581]]],[[[18.48428670698374,-34.09124361123456],[18.48428670698374,-34.09125582816745],[18.484310846864876,-34.09125804942777],[18.484306823551353,-34.091241389973845]]],[[[18.484131138860878,-34.091328019098455],[18.4841351621744,-34.091345789164336],[18.484153937637505,-34.09134356790631],[18.484155278742012,-34.091330240356896]]],[[[18.48429341250628,-34.09131913406411],[18.484294753610786,-34.091335793502736],[18.48431889349192,-34.091331350986096],[18.484310846864876,-34.09131691280539]]],[[[18.484144549905952,-34.0914346394378],[18.484143208801445,-34.09144907759844],[18.484168689787086,-34.09144796697078],[18.484170030891594,-34.0914324181821]]],[[[18.48429877692431,-34.09142797567053],[18.484300118028816,-34.091439081949034],[18.484326940118965,-34.091439081949034],[18.484321575700935,-34.09142464378669]]],[[[18.484144549905952,-34.0915079408432],[18.484149914323982,-34.091523489618005],[18.4841713719961,-34.091523489618005],[18.4841713719961,-34.0915079408432]]],[[[18.4842974358198,-34.091503498335605],[18.484300118028816,-34.091517936484486],[18.484322916805443,-34.091517936484486],[18.48432425790995,-34.09150016645474]]],[[[18.484148573219475,-34.09161345033046],[18.484148573219475,-34.09162899908589],[18.484170030891594,-34.091626777835295],[18.484170030891594,-34.09161345033046]]],[[[18.484294753610786,-34.09160678657726],[18.484300118028816,-34.09162233533392],[18.484325599014458,-34.09161900345773],[18.484320234596428,-34.0916012334492]]],[[[18.48415661984652,-34.09168897283006],[18.48415661984652,-34.09170118969867],[18.484180759727654,-34.09170007907432],[18.484180759727654,-34.091685640956506]]],[[[18.48430950576037,-34.091682309082806],[18.48430950576037,-34.09169785782559],[18.484332304536995,-34.09169563657679],[18.484328281223473,-34.091682309082806]]],[[[18.484159302055534,-34.09178892897592],[18.484160643160042,-34.091807809567996],[18.48418344193667,-34.09180447769913],[18.48418210083216,-34.09178448648306]]],[[[18.48430950576037,-34.09178448648306],[18.484312187969383,-34.09179781396095],[18.484337668955025,-34.09179781396095],[18.484333645641502,-34.091783375859805]]],[[[18.48416734868258,-34.09188000002829],[18.484174054205116,-34.0918977699783],[18.484191488563713,-34.091899991221794],[18.48419282966822,-34.09187777878429]]],[[[18.484325599014458,-34.09187222567399],[18.484325599014458,-34.09188444251615],[18.484347056686577,-34.09188444251615],[18.48434571558207,-34.09187222567399]]],[[[18.483671140014824,-34.09191331868151],[18.483671140014824,-34.091928867381846],[18.483697962104973,-34.09192553551774],[18.48369393879145,-34.09190776557355]]],[[[18.48378915721148,-34.09190554433026],[18.483793180525,-34.09191998241058],[18.4838106148836,-34.09191998241058],[18.48380927377909,-34.09190332308692]]],[[[18.48366845780581,-34.09180892019094],[18.48367382222384,-34.09182113704223],[18.483689915477928,-34.09181891579667],[18.483689915477928,-34.091807809567996]]],[[[18.48378781610697,-34.091805588322096],[18.48378915721148,-34.091817805173875],[18.48380927377909,-34.091817805173875],[18.48380927377909,-34.091801145830104]]],[[[18.483664434492287,-34.091731176550496],[18.4836671167013,-34.0917411721654],[18.483687233268913,-34.0917411721654],[18.483685892164406,-34.091731176550496]]],[[[18.483782451688942,-34.091726734054596],[18.483786475002464,-34.09173895091776],[18.483802568256554,-34.0917411721654],[18.48380390936106,-34.091727844678594]]],[[[18.48366085013456,-34.09162792860422],[18.48366085013456,-34.09164125610676],[18.483683648911185,-34.091639034856485],[18.483678284493156,-34.091623486102904]]],[[[18.483778867331214,-34.091625707353586],[18.483782890644736,-34.091639034856485],[18.48380166610784,-34.09163681360615],[18.48380166610784,-34.091625707353586]]],[[[18.48365548571653,-34.091546852918526],[18.483662191239066,-34.09155906980764],[18.48367560228414,-34.09156129106002],[18.48368096670217,-34.091551295423855]]],[[[18.483773502913184,-34.091546852918526],[18.483777526226707,-34.09156018043384],[18.48379764279432,-34.09156018043384],[18.483794960585303,-34.09154352103937]]],[[[18.483650284582605,-34.09144757260062],[18.483650284582605,-34.09145756824903],[18.483671742254725,-34.09145645762148],[18.48366906004571,-34.09144535134527]]],[[[18.483770983988276,-34.09144313008985],[18.483772325092783,-34.09145534699393],[18.483788418346872,-34.09145645762148],[18.48378975945138,-34.09144535134527]]],[[[18.483646261269083,-34.09136538611346],[18.483644920164576,-34.09137871365734],[18.48366906004571,-34.09137871365734],[18.48366369562768,-34.091364275484715]]],[[[18.48376830177926,-34.091360943598374],[18.483766960674753,-34.09137538177158],[18.483785736137857,-34.09137538177158],[18.48378439503335,-34.09136205422717]]],[[[18.48363687353753,-34.09126209757725],[18.48364223795556,-34.09127764639722],[18.48365833120965,-34.09127764639722],[18.483659672314158,-34.09126320820734]]],[[[18.483760255152216,-34.09126098694715],[18.48376427846574,-34.09127653576732],[18.48378439503335,-34.09127320387752],[18.48377903061532,-34.09125987631703]]],[[[18.483634191328516,-34.091184353434606],[18.48363687353753,-34.09119879163793],[18.483655649000635,-34.091197681006996],[18.483654307896128,-34.091185464065724]]],[[[18.483754890734186,-34.09118102154118],[18.4837575729432,-34.09119657037604],[18.483780371719828,-34.09119434911409],[18.483777689510813,-34.09117657901642]]],[[[18.4836315091195,-34.09108106467752],[18.483630168014994,-34.09109994542747],[18.483656990105143,-34.09109883479523],[18.483655649000635,-34.091083285942425]]],[[[18.483749526316156,-34.09108106467752],[18.48375220852517,-34.09109439226616],[18.483772325092783,-34.09109439226616],[18.483772325092783,-34.09108106467752]]],[[[18.483630168014994,-34.091005541635575],[18.483630168014994,-34.09101886923611],[18.483654307896128,-34.09101886923611],[18.483648943478098,-34.091005541635575]]],[[[18.483745503002634,-34.0909911033993],[18.48374684410714,-34.091003320368614],[18.483769642883768,-34.091002209735116],[18.483766960674753,-34.09098888213195]]]],""evenOdd"":true}",,
1718872315441,1990713,94,,"{""type"":""MultiPolygon"",""coordinates"":[[[[18.475433865113846,-34.04035649279179],[18.475440570636383,-34.04037427355039],[18.475533106847397,-34.04036538317156],[18.47553176574289,-34.04034760241109]]],[[[18.47529573134958,-34.039783436330886],[18.475302436872116,-34.03979788329514],[18.47536412767946,-34.03979121546579],[18.47535876326143,-34.03977565719526]]],[[[18.475297072454087,-34.03973342758943],[18.475307801290146,-34.03976676675368],[18.47533194117128,-34.03976232153254],[18.47532657675325,-34.03973342758943]]],[[[18.47515893868982,-34.03898884950697],[18.475166985316864,-34.039025522908844],[18.475225993915192,-34.03902107764886],[18.475224652810684,-34.038981070298476]]],[[[18.47525818042337,-34.0389955173994],[18.475256839318863,-34.039019966333825],[18.47528500251352,-34.03901440975844],[18.47528500251352,-34.038994406084036]]],[[[18.475168055688297,-34.03812424168133],[18.475173420106326,-34.03814091158134],[18.475194877778446,-34.038136466274985],[18.475193536673938,-34.038120907700936]]],[[[18.475194877778446,-34.03826538006453],[18.475200242196475,-34.03829871980581],[18.475232428704654,-34.03829538583228],[18.47522974649564,-34.038263157414654]]],[[[18.475104938832594,-34.03826109808271],[18.47510762104161,-34.03828776987812],[18.47517467626698,-34.038284435904146],[18.47517065295346,-34.03825665278266]]],[[[18.473738391405455,-34.037743694682604],[18.473859090811125,-34.03778814794144],[18.473880548483244,-34.037754807999484],[18.473765213495604,-34.0377070207265]]],[[[18.473745096927992,-34.037940860859436],[18.473747779137007,-34.03795419680854],[18.47379874110829,-34.03795086282146],[18.47379337669026,-34.03793530421336]]],[[[18.473715592628828,-34.03838428004295],[18.473718274837843,-34.03840428386125],[18.473734368091932,-34.038402061215],[18.473731685882917,-34.03838316871958]]],[[[18.47438212156903,-34.03828981750393],[18.474384803778044,-34.038308710020154],[18.47439821482312,-34.038308710020154],[18.47439687371861,-34.038288706179316]]],[[[18.473965038067213,-34.038522084028855],[18.473969061380735,-34.03854542177849],[18.473981131321302,-34.03854319913595],[18.473979790216795,-34.038522084028855]]],[[[18.4741246295036,-34.03850985949077],[18.47412865281712,-34.0385309746009],[18.474143404966703,-34.03852986327945],[18.474138040548674,-34.03850763684729]]],[[[18.474152792698256,-34.038505414203755],[18.474159498220793,-34.038528751957976],[18.474178273683897,-34.03852319535041],[18.474170227056852,-34.038505414203755]]],[[[18.47432847738873,-34.03848763305337],[18.474331159597746,-34.03850763684729],[18.474347252851835,-34.038505414203755],[18.474341888433806,-34.03848763305337]]],[[[18.474363346105925,-34.03848652173134],[18.47436602831494,-34.03850319156017],[18.474384803778044,-34.03850096891651],[18.474379439360014,-34.03848207644311]]],[[[18.474352617269865,-34.03864766327264],[18.474357981687895,-34.03866766702883],[18.474374074941984,-34.03866544438948],[18.474368710523954,-34.038644329312824]]],[[[18.474388827091566,-34.03864099535287],[18.474390168196074,-34.038663221750085],[18.47440760255467,-34.038660999110625],[18.474406261450163,-34.03864210667287]]],[[[18.47414608717572,-34.03866988966811],[18.47415011048924,-34.038688782099676],[18.47416620374333,-34.03868767078029],[18.474163521534315,-34.03866877834848]]],[[[18.474180955892912,-34.03866877834848],[18.474183638101927,-34.03868544814147],[18.474199731356016,-34.038681002863655],[18.474194366937986,-34.03866544438948]]],[[[18.473990519052855,-34.038678780224664],[18.473995883470884,-34.03870322925039],[18.474011976724974,-34.03870100661198],[18.474006612306944,-34.03868211418313]]],[[[18.474467952257505,-34.03881991768517],[18.474471975571028,-34.038842144035485],[18.47449209213864,-34.038839921400715],[18.474489409929625,-34.038817695049815]]],[[[18.47456451178204,-34.03937557469609],[18.474568535095564,-34.03939668959071],[18.474584628349653,-34.03939668959071],[18.47458060503613,-34.0393733520753]]],[[[18.474372733837477,-34.0394044687611],[18.474378098255507,-34.03942336102904],[18.474394191509596,-34.03942224971928],[18.47439150930058,-34.03940002352096]]],[[[18.474411625868193,-34.03940002352096],[18.474410284763685,-34.03941891578991],[18.474431742435804,-34.039416693170246],[18.474426378017775,-34.03939780090081]]],[[[18.47416620374333,-34.03942336102904],[18.474170227056852,-34.03944336460228],[18.47418766141545,-34.03944225329275],[18.474184979206434,-34.03942113840951]]],[[[18.47420375466954,-34.03942336102904],[18.474206436878553,-34.03944114198327],[18.474222530132643,-34.03944114198323],[18.474219847923628,-34.03942113840951]]],[[[18.474131335026136,-34.03961450609163],[18.47413535833966,-34.03963228700578],[18.474152792698256,-34.039630064391716],[18.47415011048924,-34.03961006086251]]],[[[18.474296290880552,-34.039601170403564],[18.474294949776045,-34.03962117393487],[18.474315066343657,-34.03962117393487],[18.474311043030134,-34.039601170403564]]],[[[18.47432445407521,-34.039598947788676],[18.474325795179716,-34.039617840013314],[18.47434457064282,-34.039617840013314],[18.474340547329298,-34.039595613866254]]],[[[18.474500138765684,-34.03957894425213],[18.474504162079207,-34.039598947788676],[18.474521596437803,-34.039598947788676],[18.47451757312428,-34.03957894425213]]],[[[18.474529643064848,-34.03958005555984],[18.47453366637837,-34.03959672517375],[18.47454975963246,-34.03959227994369],[18.474547077423445,-34.03957672163667]]],[[[18.474162180429808,-34.039772311574495],[18.474162180429808,-34.03979453767525],[18.474179614788405,-34.03979231506544],[18.474179614788405,-34.03977120026931]]],[[[18.474315066343657,-34.039763421132555],[18.47431774855267,-34.03978564723565],[18.474332500702253,-34.03978231332055],[18.47433384180676,-34.039763421132555]]],[[[18.474351276165358,-34.039762309827246],[18.474351276165358,-34.039778979405334],[18.474370051628462,-34.03977786810023],[18.474367369419447,-34.03976008721659]]],[[[18.47452293754231,-34.039741195023645],[18.474525619751326,-34.03976453243785],[18.474543054109922,-34.039762309827246],[18.474541713005415,-34.039741195023645]]],[[[18.474559147364012,-34.03973897241244],[18.474561829573027,-34.03976119852193],[18.474577922827116,-34.03975897591124],[18.47457658172261,-34.039736749801165]]],[[[18.474619497066847,-34.03992233764159],[18.47462352038037,-34.039943452400095],[18.474640954738966,-34.03994122979419],[18.47463827252995,-34.03992011503512]]],[[[18.47458194614064,-34.039926782854344],[18.47458596945416,-34.039949008914625],[18.474606086021772,-34.03994678630885],[18.474603403812758,-34.0399234489448]]],[[[18.47437541604649,-34.03994789761175],[18.474379439360014,-34.03996790106128],[18.47439687371861,-34.03996678975866],[18.474394191509596,-34.039944563703045]]],[[[18.474415649181715,-34.03994234109716],[18.474411625868193,-34.03996678975866],[18.474433083540312,-34.039962344547995],[18.47442906022679,-34.03994234109716]]],[[[18.474206436878553,-34.03996678975866],[18.474210460192076,-34.03998457059896],[18.474225212341658,-34.039982347994126],[18.474222530132643,-34.039964567153355]]],[[[18.474168885952345,-34.03996790106128],[18.474175591474882,-34.03998901580846],[18.474190343624464,-34.03998901580846],[18.47418632031094,-34.03996678975866]]],[[[18.473989177948347,-34.03998457059896],[18.473990519052855,-34.0400067966441],[18.474005271202437,-34.04000457403984],[18.47400258899342,-34.039982347994126]]]],""evenOdd"":true}",,
1718885690400,7991596,95,Only solar geysers as far as I can see,,,
1718885690400,6700053,96,NO panels as far as I can see,,,
1718885690400,4740045,97,NO panels as far as I can see,,,
1718885690400,5920214,98,NO panels as far as I can see,,,