SessionID,SAL_CODE,INDEX,Notes,Geometry,Geometry2,Geometry3
1722240536055,1994941,0,None as far as I can see.,,,
1722240536055,9760023,1,I hope I didnt oversteimate solar panels! SOme were hard to tell if they are solar panels or not.,"{""type"":""MultiPolygon"",""coordinates"":[[[[29.476971711559393,-24.312069840591903],[29.477001215858557,-24.31214439298611],[29.477223839206793,-24.312084506640133],[29.477195676012137,-24.31200628769665]]],[[[29.477001215858557,-24.312145615156155],[29.47701596800814,-24.312187168930237],[29.477237250251868,-24.312126060434228],[29.47722115699778,-24.31208695098134]]],[[[29.477249320192435,-24.312030731121673],[29.47726273123751,-24.312068618421133],[29.477427687091925,-24.312024620265863],[29.47740891162882,-24.311987955124792]]],[[[29.477261390133002,-24.31207595144553],[29.477276142282584,-24.312113838731506],[29.477437074823477,-24.312067396250352],[29.477423663778403,-24.312029508950527]]],[[[29.477355267448523,-24.312094284004676],[29.477364655180075,-24.312116283072136],[29.47752424661646,-24.312071062762644],[29.477516199989417,-24.312050285858295]]],[[[29.47745048586855,-24.312022175923456],[29.47746657912264,-24.31205761888375],[29.4776033717824,-24.31202339809466],[29.47758727852831,-24.311984288610105]]],[[[29.477437074823477,-24.311983066438508],[29.47745048586855,-24.312018509409754],[29.477589960737326,-24.311979399923686],[29.477573867483237,-24.311942734769552]]],[[[29.47726273123751,-24.31194762345738],[29.47727748338709,-24.311987955124792],[29.477396841688254,-24.311954956488776],[29.477380748434165,-24.311913402638613]]],[[[29.477308328790762,-24.311891403535967],[29.477321739835837,-24.311928068704933],[29.477382089538672,-24.311908513949458],[29.477370019598105,-24.311870626602165]]],[[[29.477433051509955,-24.3118987365706],[29.477449144764044,-24.31194029042557],[29.477600689573386,-24.31189751439819],[29.477585937423804,-24.311858404874823]]],[[[29.477420981569388,-24.311857182702017],[29.47743573371897,-24.311895070053335],[29.47758727852831,-24.311851071837832],[29.47756179754267,-24.311772852750394],[29.477458532495596,-24.311803407087165],[29.477469261331656,-24.31184129445455]]],[[[29.477584596319296,-24.311745964927933],[29.477623488350012,-24.31186084922038],[29.477706636829474,-24.311837627935628],[29.47766238038073,-24.311720299273922]]],[[[29.47762482945452,-24.3118632935659],[29.47766103927622,-24.311978177752053],[29.47774016444216,-24.311953734316898],[29.47770261351595,-24.31184129445455]]],[[[29.477710660142996,-24.311838850108607],[29.477746869964697,-24.311954956488776],[29.477785761995413,-24.311941512597574],[29.477749552173712,-24.311826628378203]]],[[[29.477643604917624,-24.311638413581125],[29.477689202470877,-24.311778963618334],[29.477726753397086,-24.31176551970847],[29.477683838052847,-24.311627414006427]]],[[[29.477716024561026,-24.311627414006427],[29.477744187755683,-24.3117044110093],[29.4777656454278,-24.31169707796343],[29.47774016444216,-24.311621303131172]]],[[[29.477753575487235,-24.311731298840556],[29.477779056472876,-24.311815628819826],[29.477801855249503,-24.311807073607092],[29.477773692054846,-24.311720299273922]]],[[[29.47778710309992,-24.31183396141658],[29.477820630712607,-24.311935401737443],[29.477842088384726,-24.311928068704933],[29.477807219667532,-24.311826628378203]]],[[[29.47781392519007,-24.31182540620509],[29.47784611169825,-24.311924402188506],[29.477926577968695,-24.311904847432483],[29.47789305035601,-24.311800962740488]]],[[[29.4777294356061,-24.311577304820712],[29.477809901876547,-24.311815628819826],[29.47789305035601,-24.31179607404701],[29.477842088384726,-24.31164330228069],[29.477801855249503,-24.31165552402877],[29.47777235095034,-24.311562638713834]]],[[[29.477851476116278,-24.311644524455556],[29.477899755878546,-24.311789963179884],[29.477935965700247,-24.311777741444768],[29.47788768593798,-24.31163230270642]]],[[[29.477901096983054,-24.311803407087165],[29.477915849132636,-24.311849849664966],[29.477957423372366,-24.311838850108607],[29.47793998901377,-24.311789963179884]]],[[[29.477921213550665,-24.3118632935659],[29.477933283491232,-24.311904847432483],[29.477973516626456,-24.311895070053335],[29.477962787790396,-24.31185351618354]]],[[[29.47759264294634,-24.31129009325239],[29.477683838052847,-24.31156630524072],[29.47785013501177,-24.31151986255909],[29.477758939905264,-24.311236317397086]]],[[[29.477779996849733,-24.315214240655468],[29.477841687657076,-24.31540000586823],[29.478032124497133,-24.315349898173167],[29.477958363749224,-24.315128690794914],[29.477918130614,-24.315140912207085],[29.47791276619597,-24.315123802229696],[29.477830958821016,-24.3151445786305],[29.477837664343554,-24.31516168860509],[29.477814865566927,-24.31516535502792],[29.47782291219397,-24.3151849092812],[29.477801454521853,-24.315188575703345],[29.477809501148897,-24.315208129953046]]],[[[29.477967751480776,-24.315128690794914],[29.478040171124178,-24.31534745389486],[29.478223902441698,-24.31529612403937],[29.47818098709746,-24.31516535502792],[29.478160870529848,-24.315172687873265],[29.47815550611182,-24.3151531336181],[29.478126001812655,-24.315164132886995],[29.478121978499132,-24.3151445786305],[29.47807638094588,-24.31515557790016],[29.478064311005312,-24.315134801501138],[29.47802944228812,-24.31514580077164],[29.47802407787009,-24.315129912936175],[29.478010666825014,-24.315131135077444],[29.478005302406984,-24.315118913664303]]],[[[29.47819573924704,-24.3151849092812],[29.478214514710146,-24.31523868346216],[29.478308392025667,-24.315213018515006],[29.47830168650313,-24.31519224212541],[29.478257430054384,-24.315204463531447],[29.478252065636354,-24.315188575703345],[29.478221220232683,-24.315197130687963],[29.47821719691916,-24.31518124285894]]],[[[29.478215855814653,-24.315243572022947],[29.47823329017325,-24.315294901899694],[29.478412998177248,-24.31524601630325],[29.478404951550203,-24.315225239919062],[29.478368741728502,-24.315233794901204],[29.47836471841498,-24.315220351357585],[29.47835398957892,-24.315222795638338],[29.478345942951876,-24.315204463531447]]],[[[29.47864903257056,-24.315373118814797],[29.478709382273394,-24.315545440285668],[29.47890652463599,-24.31548799982139],[29.478871655918795,-24.315393895174775],[29.478854221560198,-24.315398783729563],[29.478846174933153,-24.315389006619792],[29.478830081679064,-24.315393895174775],[29.47881130621596,-24.315346231755683],[29.478792530752855,-24.315349898173167],[29.478785825230318,-24.31533523250257]]],[[[29.478709382273394,-24.315549106697393],[29.478761685349184,-24.315718983657938],[29.478980285383898,-24.315656654727626],[29.478918594576555,-24.31548311127004]]],[[[29.478682560183245,-24.315776424017574],[29.47869597122832,-24.315822865140383],[29.479012471892077,-24.315734871419583],[29.478993696428972,-24.315688430264558]]],[[[29.47869597122832,-24.31582775367864],[29.47875363872214,-24.31600129666454],[29.479071480490404,-24.315910858800105],[29.47900978968306,-24.315740982096614]]],[[[29.478753822518115,-24.31600513055422],[29.47877662129474,-24.31606745931325],[29.47879271454883,-24.316063792916484],[29.47880344338489,-24.316096790483364],[29.478786009026294,-24.316101679011037],[29.478810148907428,-24.316175006903833],[29.479106533003574,-24.31609312408747],[29.479048865509753,-24.31592324762814]]],[[[29.479089098644977,-24.31602957320847],[29.47910787410808,-24.316096790483364],[29.479132013989215,-24.31609312408747],[29.479105191899066,-24.316019796147337]]],[[[29.47880880780292,-24.316177451166197],[29.478865134192233,-24.31634732728495],[29.478921460581546,-24.316332661729707],[29.478894638491397,-24.31624100197108],[29.478878545237308,-24.31624344623217],[29.47885038204265,-24.316164007722616]]],[[[29.47888793296886,-24.316154230671835],[29.47890804953647,-24.31620922657261],[29.47888793296886,-24.31621289296515],[29.47892548389507,-24.31633021747034],[29.47916017718387,-24.316265444579845],[29.47910787410808,-24.316094346219447]]],[[[29.479142742825275,-24.316198227394363],[29.479164200497394,-24.316264222449533],[29.479182975960498,-24.31625688966732],[29.47916151828838,-24.316194561001403]]],[[[29.478716271591907,-24.316493982743996],[29.478773939085727,-24.31666630269162],[29.479272829962497,-24.316525758071087],[29.479216503573184,-24.316353437932463]]],[[[29.478818195534473,-24.316935170227264],[29.478901344013934,-24.316915616243897],[29.478820877743487,-24.316663858438677],[29.47874041147304,-24.316685856713445]]],[[[29.478818195534473,-24.31694005872262],[29.478873180819278,-24.317108711697507],[29.47905557103229,-24.317059826800342],[29.478999244642978,-24.31688872951184]]],[[[29.4788772041328,-24.317113600186175],[29.478901344013934,-24.317196704464905],[29.479005950165515,-24.31716737354922],[29.478996562433963,-24.317145375358002],[29.478979128075366,-24.317149041723482],[29.478960352612262,-24.3170891577409]]],[[[29.4790394777782,-24.31687895251694],[29.479094463063007,-24.317047605573098],[29.47941364593578,-24.31695961270223],[29.479357319546466,-24.316788515278493]]],[[[29.478859769774203,-24.316652859299868],[29.47888256855083,-24.31672740899978],[29.479270147753482,-24.31661986187772],[29.479243325663333,-24.316546534242207]]],[[[29.478885250759845,-24.316731075377326],[29.47894023604465,-24.316899728630187],[29.479341226292377,-24.316788515278493],[29.479322450829272,-24.316733519628983],[29.479305016470676,-24.31674207450936],[29.47926612443996,-24.3166259725121]]],[[[29.47859742748455,-24.314427494462794],[29.478589380857507,-24.31444582668201],[29.4786242495747,-24.31446049245545],[29.478630955097238,-24.31444460453414]]],[[[29.478586698648492,-24.314450715273342],[29.478575969812432,-24.31446293675087],[29.478610838529626,-24.31448249111245],[29.478621567365686,-24.314464158898545]]],[[[29.478562558767358,-24.31448371325995],[29.4785518299313,-24.314500823323712],[29.478588039753,-24.314519155532313],[29.47859876858906,-24.314499601176376]]],[[[29.478543783304254,-24.314524044120834],[29.47853037225918,-24.31454359847299],[29.478563899871865,-24.31455826423515],[29.478575969812432,-24.314541154179135]]],[[[29.478518302318612,-24.314563152822146],[29.478507573482553,-24.314577818582038],[29.47854512440876,-24.314591262193783],[29.47855048882679,-24.31458026287518]]],[[[29.478498185751,-24.314599817218685],[29.47848745691494,-24.314616927266773],[29.47851427900509,-24.314631593020444],[29.47852903115467,-24.31461937155918]]],[[[29.478475386974374,-24.31463770375064],[29.478464658138314,-24.314653591647765],[29.478494162437478,-24.314670701688602],[29.478507573482553,-24.31465114735602]]],[[[29.478452588197747,-24.31467559027127],[29.478441859361688,-24.314692700309127],[29.478474045869866,-24.31470736605403],[29.478484774705926,-24.314692700309127]]],[[[29.4789662312241,-24.31456193067541],[29.478954161283532,-24.3145827071683],[29.479048038599053,-24.31462914872828],[29.479052061912576,-24.314610816535584]]],[[[29.47891795146183,-24.314645036626477],[29.478904540416757,-24.314664590959993],[29.478995735523263,-24.31470981034468],[29.479003782150308,-24.314697588890958]]],[[[29.47889783489422,-24.31467681241691],[29.47888710605816,-24.31469636674552],[29.478978301164666,-24.31474036397387],[29.47898634779171,-24.314726920377947]]],[[[29.47886564838604,-24.314725698232788],[29.478853578445474,-24.314739141828845],[29.478942091342965,-24.314785583331556],[29.478954161283532,-24.31477458402981]]],[[[29.478817368623773,-24.314808804076517],[29.478805298683206,-24.314822247663773],[29.47889783489422,-24.314873577711072],[29.478911245939294,-24.31485524555371]]],[[[29.479656900045434,-24.32004558451959],[29.479662264463464,-24.320062693832817],[29.479819173690835,-24.32002114263954],[29.479809785959283,-24.320000367037792]]],[[[29.47966494667248,-24.320084691517867],[29.47967433440403,-24.320103022919156],[29.47977894055561,-24.32007735895661],[29.479770893928567,-24.320056583364064]]],[[[29.479583515603274,-24.31980486300111],[29.47958619781229,-24.319819528154728],[29.479881240803927,-24.319737647692],[29.479875876385897,-24.31972298252892]]],[[[29.479594244439333,-24.319847636361075],[29.479596926648348,-24.319859857318406],[29.479898675162524,-24.319779198978203],[29.47988928743097,-24.319766978013092]]],[[[29.479604973275393,-24.31989040970661],[29.479610337693423,-24.319901408564558],[29.479908062894076,-24.31982319444287],[29.47990135737154,-24.319809751385836]]],[[[29.479618384320467,-24.319933183037705],[29.479621066529482,-24.3199454039868],[29.47992147393915,-24.319864745701018],[29.479917450625628,-24.3198513026484]]],[[[29.479631795365542,-24.319980844732523],[29.479634477574557,-24.319996731960146],[29.47993756719324,-24.319911185326372],[29.47993220277521,-24.319896520183367]]],[[[29.4796425242016,-24.320029728503442],[29.479645206410616,-24.320043171537144],[29.47995366044733,-24.319956402839978],[29.4799482960293,-24.31994418189195]]],[[[29.47965325303766,-24.320071279693913],[29.47965459414217,-24.320084722723205],[29.47996438928339,-24.320001620337464],[29.479960365969866,-24.319986955204918]]],[[[29.47966398187372,-24.320114052964],[29.479666664082735,-24.320128718081843],[29.47997914143297,-24.320043171537144],[29.479975118119448,-24.3200285064094]]],[[[29.479749812562197,-24.32013727273315],[29.47975785918924,-24.320148271569664],[29.479993893582552,-24.320085944816714],[29.479987188060015,-24.320071279693913]]],[[[29.47976456471178,-24.320177601795756],[29.479767246920794,-24.32019104481378],[29.480007304627627,-24.32012627389566],[29.48000059910509,-24.320112830870766]]]],""evenOdd"":true}",,
1722240536055,7970536,2,"Many solar panels or pool panels, which I left off. ","{""type"":""MultiPolygon"",""coordinates"":[[[[28.195495931650843,-26.147280909087165],[28.195509342695917,-26.147289336117666],[28.195522753740992,-26.147271278194427],[28.195509342695917,-26.147261647300876]]],[[[28.199658248310822,-26.146913196766146],[28.199620697384614,-26.146951720450552],[28.19969579923703,-26.14700950595332],[28.199730667954224,-26.146970982287982]]],[[[28.197918744155345,-26.146620183726558],[28.197908015319285,-26.146638241750544],[28.19795763618606,-26.14666352297942],[28.197972388335643,-26.146646668827444]]],[[[28.19788891695915,-26.146101405718355],[28.197862094869002,-26.146139929670703],[28.197945243348464,-26.146179657483252],[28.197972065438613,-26.14614113354401]]]],""evenOdd"":true}",,
1722240536055,1992356,3,"Really difficult to see the panels! SO hard to see whether they are solar panels, panels or soemthing else, so hope this is okay. ","{""type"":""MultiPolygon"",""coordinates"":[[[[18.480638361514412,-33.948394137660266],[18.48064909035047,-33.94841416267656],[18.48066518360456,-33.948409712673346],[18.4806544547685,-33.9483908001571]]],[[[18.481016094170567,-33.94734714563579],[18.481022799693104,-33.94736717089841],[18.48105632730579,-33.94736272084047],[18.481053645096775,-33.947342695576786]]],[[[18.4817604071722,-33.94765419914503],[18.481768453799244,-33.947673111824955],[18.48178722926235,-33.947668661783],[18.481777841530796,-33.947649749102084]]],[[[18.482318306647297,-33.94700337789265],[18.482320988856312,-33.94701895316024],[18.48246448703861,-33.94698112750545],[18.482455099307057,-33.94696666475065]]],[[[18.482200289450642,-33.94689435093978],[18.482208336077687,-33.946905476145446],[18.48223784037685,-33.946897688501636],[18.48223247595882,-33.946885450774204]]],[[[18.482888276062962,-33.94717248064531],[18.482896322690006,-33.94719028091552],[18.48290973373508,-33.947185830848326],[18.48290034600353,-33.94716803057718]]],[[[18.482929259386257,-33.946478267203474],[18.48293864711781,-33.94649606761887],[18.482957422580913,-33.94648939246353],[18.482946693744854,-33.9464727045729]]],[[[18.484027623977855,-33.94715023030232],[18.484045058336452,-33.94714355519828],[18.484006166305736,-33.947032303387324],[18.48399409636517,-33.94703452842497]]],[[[18.484239518490032,-33.947145780233015],[18.484247565117077,-33.94716024295738],[18.48430389150639,-33.94714355519828],[18.484295844879345,-33.9471313175062]]],[[[18.48425561174412,-33.94716803057718],[18.484263658371166,-33.94717915574708],[18.48431998476048,-33.947163580508814],[18.48431462034245,-33.94715023030232]]],[[[18.483800731389938,-33.947091106009424],[18.48380475470346,-33.94710556874307],[18.4838302356891,-33.9471000061535],[18.48382487127107,-33.94708331838258]]]],""evenOdd"":true}",,
1722240536055,7984023,4,,"{""type"":""MultiPolygon"",""coordinates"":[[[[27.870145146451303,-26.466198317964604],[27.870145146451303,-26.46621992792238],[27.87018806179554,-26.46622232902855],[27.87018806179554,-26.466200719071235]]],[[[27.870291326842615,-26.466173106342076],[27.870292667947123,-26.46622232902855],[27.870332901082346,-26.46621992792238],[27.87033021887333,-26.466206721837565],[27.870308761201212,-26.466205521284326],[27.870308761201212,-26.46617430689566]]],[[[27.869870220027277,-26.46648524985102],[27.869872902236292,-26.46649725535368],[27.869887654385874,-26.46649605480347],[27.869886313281366,-26.46648284875033]]],[[[27.86990508874447,-26.46660290372316],[27.869909112057993,-26.466620911958284],[27.869919840894052,-26.466618510860435],[27.869917158685038,-26.466600502624924]]],[[[27.86985815008671,-26.46605545203055],[27.869864855609247,-26.466077062015156],[27.86987960775883,-26.466075861460556],[27.869876925549814,-26.466053050920895]]],[[[27.869840715728113,-26.46587056644086],[27.869843397937128,-26.465889775347136],[27.869864855609247,-26.46588737423402],[27.869860832295725,-26.46586816532735]]],[[[27.869210396609613,-26.466704950351588],[27.86921173771412,-26.466731362405373],[27.86925331195385,-26.466726560214223],[27.869247947535822,-26.46670254925548]]],[[[27.869349871478388,-26.466520065805295],[27.869352553687403,-26.466558483397808],[27.869374011359522,-26.466558483397808],[27.869371329150507,-26.466517664705346]]],[[[27.868983749947855,-26.466211524050404],[27.868982408843348,-26.466223529581626],[27.86900654872448,-26.46622232902855],[27.86900654872448,-26.466211524050404]]],[[[27.868905965886423,-26.46599662482969],[27.868908648095438,-26.4660110314939],[27.869005207619974,-26.466003828162016],[27.86900252541096,-26.46598702038587]]],[[[27.868852321706125,-26.465715694516998],[27.86885500391514,-26.46573610400726],[27.868877802691767,-26.465732502332777],[27.868873779378244,-26.46571209284188]]],[[[27.8694424076894,-26.46582374471842],[27.86944374879391,-26.465845354746527],[27.86945850094349,-26.465842953632496],[27.869467888675043,-26.465834549732982],[27.869465206466028,-26.465815340817503],[27.86945447762997,-26.46581654137481]]],[[[27.869744156203577,-26.465560822384735],[27.869745497308084,-26.465580031342697],[27.86977902492077,-26.465580031342697],[27.869776342711756,-26.465560822384735]]],[[[27.86920100887806,-26.465407150605643],[27.86920637329609,-26.46542635958925],[27.869239900908777,-26.465421557343653],[27.869235877595255,-26.465403548920865]]],[[[27.86960602243931,-26.46527869044537],[27.869610045752832,-26.465299100013123],[27.86963150342495,-26.465299100013123],[27.869628821215937,-26.46527869044537]]],[[[27.869801823697397,-26.465339919137772],[27.869804505906412,-26.465353125322064],[27.869824622474024,-26.465349523635595],[27.869819258055994,-26.465339919137772]]]],""evenOdd"":true}",,
1722240536055,5991962,5,,"{""type"":""Polygon"",""coordinates"":[[[30.83187363215572,-29.837744133177104],[30.83185753890163,-29.837779032916472],[30.831876314364735,-29.837787176187238],[30.831892407618824,-29.83775227645071]]],""geodesic"":true,""evenOdd"":true}",,
1722240536055,1993033,6,,,,
1722240536055,1992166,7,,,,
1722240536055,7972960,8,,,,
1722240536055,2990510,9,,,,
1722240536055,2990378,10,,"{""type"":""MultiPolygon"",""coordinates"":[[[[25.47930351861713,-33.94135970035557],[25.479302177512622,-33.941379727026806],[25.47937727936504,-33.941380839619505],[25.479379961574054,-33.94136415072737]]],[[[25.481921785437564,-33.94189187554927],[25.481921785437564,-33.94192859088008],[25.482022368275622,-33.94193526639308],[25.482022368275622,-33.941897438479195]]],[[[25.480855289133494,-33.93948248458045],[25.480860653551524,-33.939495835989526],[25.480918321045344,-33.93948693505038],[25.480911615522807,-33.93947247102228]]],[[[25.48108460555147,-33.94097467733465],[25.481098016596544,-33.94101473085356],[25.481119474268663,-33.941005830073216],[25.48110472211908,-33.94096800174634]]],[[[25.480296580975317,-33.940362790883185],[25.480307309811376,-33.94038615560609],[25.480382411663793,-33.94036835391303],[25.480375706141256,-33.94034721439767]]],[[[25.4788709868839,-33.94076733856386],[25.47887769240644,-33.940798491378295],[25.47894608873632,-33.94079181577616],[25.47893938321378,-33.94075621255595]]],[[[25.481946151607126,-33.939284807258396],[25.481956880443185,-33.93931039751669],[25.481978338115304,-33.93930372179788],[25.48197029148826,-33.93928369463829]]],[[[25.48197565590629,-33.93928035677791],[25.481983702533334,-33.93930038393828],[25.482010524623483,-33.93929370821867],[25.48200247799644,-33.93927479367696]]]],""evenOdd"":true}",,
1722240536055,1993406,11,,,,
1722240536055,7992182,12,,"{""type"":""MultiPolygon"",""coordinates"":[[[[28.174092831240934,-25.705451917875607],[28.17408880792741,-25.705474877152472],[28.17417329751138,-25.705483335832305],[28.174177320824903,-25.70546037655708]]],[[[28.17409014903192,-25.705478502301055],[28.174086125718397,-25.705500253190188],[28.17417329751138,-25.705511128633248],[28.174174638615888,-25.705488169363377]]],[[[28.175200717751185,-25.703906489638598],[28.17521949321429,-25.703908906436162],[28.175226198736826,-25.70382069329294],[28.175210105482737,-25.70381827649357]]],[[[28.17511488706271,-25.703907698037387],[28.17510818154017,-25.703934282807737],[28.175210105482737,-25.70394515839388],[28.17521412879626,-25.703920990423295]]],[[[28.174254648157,-25.703774184507964],[28.174245260425447,-25.703792310508724],[28.174257330366014,-25.70379956090826],[28.174250624843477,-25.703816478505434],[28.174273423620104,-25.70382735410236],[28.174278788038134,-25.70381889530483],[28.174292199083208,-25.70381889530483],[28.17429622239673,-25.70379714410846],[28.174284152456163,-25.703794727308615],[28.17428683466518,-25.703781434908606],[28.17427610582912,-25.703771767707664]]],[[[28.173332633656173,-25.703794141277918],[28.17332995144716,-25.703812267275637],[28.173401029986053,-25.703819517673953],[28.173399688881545,-25.70379897487759],[28.173378231209426,-25.70379776647768],[28.173378231209426,-25.70377964047776],[28.173348726910262,-25.703778432077677],[28.173351409119277,-25.70379534967785]]],[[[28.173277926828945,-25.70240567830744],[28.17327524461993,-25.702426221344258],[28.173344982054317,-25.702433471826996],[28.173347664263332,-25.702411720377466]]],[[[28.17401866833288,-25.702446536995215],[28.17401464501936,-25.702473122091888],[28.174037443795985,-25.702473122091888],[28.174036102691478,-25.70244291175431]]],[[[28.17407097140867,-25.702421160306507],[28.17407097140867,-25.702440494926964],[28.174088405767268,-25.702440494926964],[28.174089746871775,-25.702418743478713]]],[[[28.174556451240367,-25.7024827893983],[28.174553769031352,-25.702500915595706],[28.17459131995756,-25.702506957660884],[28.174595343271083,-25.702487623051212]]],[[[28.174543040195292,-25.70250212400877],[28.174537675777263,-25.702519041790353],[28.174592661062068,-25.702526292267436],[28.174589978853053,-25.70250937448688]]],[[[28.17451219479162,-25.702813894168887],[28.174500124851054,-25.702811477349098],[28.17449207822401,-25.70283322872558],[28.174551086822337,-25.70284047918353],[28.174557792344874,-25.702816310988652],[28.17456986228544,-25.70282114462803],[28.174572544494456,-25.702798184839267],[28.174516218105143,-25.70278972596862]]],[[[28.174383448758906,-25.702969553113228],[28.174374061027354,-25.702993721276986],[28.17449610153753,-25.703007013764957],[28.174505489269084,-25.702982845603895]]],[[[28.17507335890184,-25.702926160860088],[28.17506263006578,-25.70295757948347],[28.175143096336228,-25.70296482993383],[28.175151142963273,-25.70293703653834]]],[[[28.175164554008347,-25.702859698360204],[28.175161871799332,-25.702876616090975],[28.175216857084138,-25.702883866546276],[28.175222221502167,-25.702865740407187]]],[[[28.17516321290384,-25.702888700182893],[28.17515784848581,-25.702909243136364],[28.175214174875123,-25.70291286836307],[28.17521551597963,-25.70289595063747]]],[[[28.175564686237777,-25.703312559136904],[28.175564686237777,-25.703334310421837],[28.175576756178344,-25.703334310421837],[28.17557943838736,-25.703312559136904]]],[[[28.176306317030395,-25.70352161298868],[28.17630363482138,-25.70354215583292],[28.176317045866455,-25.703546989442806],[28.1763250924935,-25.70352402979407]]],[[[28.176731447159256,-25.703421315521798],[28.176727423845733,-25.703443066786857],[28.176789114653076,-25.703447900400764],[28.176794479071106,-25.703428565943927]]],[[[28.176746199308838,-25.703457567628007],[28.176746199308838,-25.70347569367698],[28.176810572325195,-25.70348173569268],[28.176810572325195,-25.703463609644643]]],[[[28.176952376679132,-25.701858906525917],[28.176949694470117,-25.701875824398897],[28.176987245396326,-25.701885491753817],[28.176993950918863,-25.701864948623687]]],[[[28.17695908220167,-25.70183594655158],[28.176952376679132,-25.701851656008174],[28.17699126870985,-25.701857698106313],[28.17699529202337,-25.70183957181097]]],[[[28.176130836553405,-25.702171384952788],[28.17615363533003,-25.702171384952788],[28.176157658643554,-25.702121839869527],[28.17613351876242,-25.702120631452622]]],[[[28.176098650045226,-25.702164134454094],[28.17611742550833,-25.7021677597035],[28.176120107717345,-25.702117006201767],[28.17610133225424,-25.702117006201767]]],[[[28.176089262313674,-25.70191761723552],[28.176087921209167,-25.7019297014248],[28.176136200971435,-25.701932118262498],[28.176136200971435,-25.70192245091137]]],[[[28.176094626731704,-25.70189707411092],[28.17609060341818,-25.701910366721364],[28.176137542075942,-25.701915200397508],[28.17613888318045,-25.701901907787608]]],[[[28.176094626731704,-25.70188015624094],[28.17609194452269,-25.70188982359552],[28.176141565389464,-25.7018946572725],[28.176140224284957,-25.701882573079658]]],[[[28.176098650045226,-25.701858404690302],[28.176094626731704,-25.701874114143944],[28.176146929807494,-25.701876530982783],[28.176146929807494,-25.70186323836857]]],[[[28.175044635708296,-25.70194476439718],[28.175040612394774,-25.701967724350524],[28.175088892157042,-25.70197255802435],[28.17509023326155,-25.701949598071934]]],[[[28.17504731791731,-25.701921804439404],[28.175044635708296,-25.701943555978456],[28.175091574366057,-25.70194476439718],[28.175092915470564,-25.701927846533984]]],[[[28.174661079819167,-25.701984642208046],[28.174658397610152,-25.702013644243944],[28.17468119638678,-25.702012435825907],[28.17468119638678,-25.701984642208046]]],[[[28.1746128000569,-25.70200035164504],[28.174626211101973,-25.70200518531753],[28.17463291662451,-25.70198101695307],[28.174615482265914,-25.701979808534713]]],[[[28.174630234415496,-25.70194476439718],[28.174624869997466,-25.701964099095026],[28.174662420923674,-25.701965307513536],[28.174673149759734,-25.701950806490597]]],[[[28.17467046755072,-25.70188192660747],[28.174667785341704,-25.701910928668383],[28.17468656080481,-25.701913345506465],[28.17468656080481,-25.70188434344615]]],[[[28.173760896107236,-25.70187354369107],[28.173756872793714,-25.701914629944824],[28.173781012674848,-25.701914629944824],[28.17378503598837,-25.701874752110495]]],[[[28.173723345181028,-25.701886836304123],[28.17371663965849,-25.701908587849573],[28.173739438435117,-25.70191100468771],[28.173742120644132,-25.701891669981237]]]],""evenOdd"":true}",,
1722240536055,1990608,13,Only solar panels,,,
1722240536055,2890063,14,None as far as I can see,,,
1722240536055,6770319,15,,"{""type"":""MultiPolygon"",""coordinates"":[[[[26.63285648631648,-26.956343303522452],[26.632826982017317,-26.95639590095323],[26.632843075271406,-26.95640546411982],[26.632754562373915,-26.956571624009797],[26.63330843853549,-26.95680711638372],[26.633427796836653,-26.956583577949267],[26.63338756370143,-26.95656684243366],[26.633299050803938,-26.95673658826245],[26.633264182086744,-26.956721048162],[26.63335537719325,-26.95655488849242]]],[[[26.633446572299757,-26.956696418694072],[26.63347071218089,-26.95681356711642],[26.633671877857008,-26.95678368232637],[26.63362896251277,-26.95656731621],[26.63358604716853,-26.956572097786115],[26.633588729377546,-26.956591224088573],[26.633548496242323,-26.956597201057424],[26.633563248391905,-26.956672510837816]]],[[[26.63371881651477,-26.956558948451285],[26.633788553949156,-26.95692354307551],[26.634105054612913,-26.956875727454317],[26.634035317178526,-26.956507546491334]]],[[[26.63414931106166,-26.95649320175414],[26.63419088530139,-26.95670239565734],[26.634447036262312,-26.956661752300842],[26.63440546202258,-26.956452558322145]]],[[[26.633741218284847,-26.956413951794467],[26.63375597043443,-26.95650002025079],[26.633955795006038,-26.956471330772654],[26.63393836064744,-26.956381676106407]]],[[[26.633941042856456,-26.956379285314327],[26.633958477215053,-26.956468939982482],[26.6340389434855,-26.956454595240366],[26.634029555753948,-26.956409170211632],[26.63406576557565,-26.956404388628602],[26.63407649441171,-26.956449813659265],[26.634250837997676,-26.956422319563945],[26.6342548613112,-26.95643307812378],[26.63467462702203,-26.956363745164584],[26.634650487140895,-26.9562681134267]]]],""evenOdd"":true}",,
1722240536055,5993130,16,,,,
1722240536055,7601038,17,,"{""type"":""MultiPolygon"",""coordinates"":[[[[27.869524753543818,-26.69393307317301],[27.869516706916773,-26.693951045694526],[27.86953414127537,-26.69395464019849],[27.869543529006922,-26.693940262181965]]],[[[27.870565450641596,-26.694315288186285],[27.87055874511906,-26.69433805330337],[27.87057886168667,-26.69434284595901],[27.870586908313715,-26.69432367533522]]],[[[27.872036642286265,-26.69490598159416],[27.87205541774937,-26.694913170541717],[27.872087604257548,-26.694842479204308],[27.872068828794443,-26.694835290252282]]]],""evenOdd"":true}",,
1722240536055,5993787,18,All solar geysers as far as I can see.,,,
1722240536055,4690137,19,Only solar geysers (maybe) as far as I can see.,,,
1722240536055,7991761,20,Only solar geysers as far as I can see.,,,
1722240536055,6620606,21,,,,
1722240536055,2990519,22,,,,
1722240536055,7991282,23,,,,
1722240536055,5870029,24,"Hard to see on houses in the forest, so hopefully got all of them.","{""type"":""MultiPolygon"",""coordinates"":[[[[32.090185588634576,-28.603648300110216],[32.0901185334092,-28.603718945649216],[32.090196317470635,-28.603773107196943],[32.09026337269601,-28.60370010684347]]],[[[32.09026605490502,-28.60370481654522],[32.090201681888665,-28.603775462046205],[32.09027678374108,-28.60382726871675],[32.090343838966454,-28.6037566232506]]],[[[32.088263793549146,-28.602630025122473],[32.08825038250407,-28.60264886412008],[32.08829732116183,-28.60267830004705],[32.08828793343028,-28.602695961599334],[32.08835767086467,-28.602738349312613],[32.088380469641294,-28.602704203656025]]],[[[32.08794851408757,-28.60521826023476],[32.08795521961011,-28.60523592136008],[32.088015569312944,-28.605224147276864],[32.08800618158139,-28.605206486149594]]],[[[32.1021344884349,-28.60001588402465],[32.10215594610702,-28.600020593891536],[32.10215862831603,-28.599978205081953],[32.102137170643914,-28.599978205081953]]],[[[32.10218008598815,-28.599944058528475],[32.10217203936111,-28.599985269884737],[32.10219349703323,-28.59999233468704],[32.10220154366027,-28.59995112333355]]]],""evenOdd"":true}",,
1722240536055,7660264,25,,,,
1722240536055,7984129,26,,"{""type"":""MultiPolygon"",""coordinates"":[[[[27.845807497742676,-26.27759807277212],[27.845792745593094,-26.27760769288554],[27.845808838847184,-26.277631743165596],[27.84582090878775,-26.27761971802619]]],[[[27.845304326608357,-26.276890652068353],[27.84532444317597,-26.27690508232615],[27.84535528857964,-26.27687862685214],[27.845336513116536,-26.276861791547365]]],[[[27.844742403819737,-26.27637107896106],[27.84475715596932,-26.276381901703022],[27.8447719081189,-26.276374686541818],[27.844758497073826,-26.27636266127215]]],[[[27.843260410245918,-26.27655171976196],[27.843272480186485,-26.276566150061907],[27.843287232336067,-26.276552922287017],[27.843276503500007,-26.27653849198544]]],[[[27.843288573440574,-26.2764206444553],[27.843297961172127,-26.27643266971896],[27.843335512098335,-26.27640741666383],[27.843320759948753,-26.27639418887085]]],[[[27.843445482667946,-26.276326847355982],[27.84345889371302,-26.27634127768389],[27.843507173475288,-26.276301594277825],[27.843493762430214,-26.276288366472794]]],[[[27.843709473365806,-26.276162100985214],[27.843698744529746,-26.276169316159628],[27.843721543306373,-26.276186151564872],[27.84373361324694,-26.276177733862554]]],[[[27.84396964764025,-26.27677057911834],[27.843960259908698,-26.276778996777644],[27.843972329849265,-26.27678981948157],[27.84398574089434,-26.276780199300358]]],[[[27.842980229895435,-26.275659473887128],[27.84299766425403,-26.275673904298024],[27.843011075299106,-26.275660676421445],[27.84299766425403,-26.275648651077802]]],[[[27.842848801653705,-26.27558972687587],[27.842863553803287,-26.27560656236518],[27.8428836703709,-26.27558852434083],[27.842864894907795,-26.275569283778417]]],[[[27.843300753872715,-26.275564473637324],[27.84331818823131,-26.275576498989697],[27.8433879256657,-26.275516372215353],[27.84337183241161,-26.275501941784878]]],[[[27.843374514620624,-26.275534410250923],[27.843343669216953,-26.275559663496022],[27.843362444680057,-26.27557770152487],[27.84339194897922,-26.2755524482837]]]],""evenOdd"":true}",,
1722240536055,7983513,27,"Very difficult search area, really gope I got all or most of them.","{""type"":""MultiPolygon"",""coordinates"":[[[[27.98431047781569,-26.041837664998205],[27.98431047781569,-26.041879838140403],[27.984360098682465,-26.04188104308709],[27.984361439786973,-26.04183886994533]]],[[[27.984397649608674,-26.04180392647352],[27.984397649608674,-26.0418473045749],[27.98445263489348,-26.041846099627854],[27.984449952684464,-26.041806336368452]]],[[[27.984606861911836,-26.041460515937843],[27.984592109762254,-26.041470155545557],[27.98465111836058,-26.041540042677692],[27.984676599346223,-26.041519558522587],[27.984648436151566,-26.041484614955614],[27.984635025106492,-26.041491844659983]]],[[[27.984622955165925,-26.041470155545557],[27.984636366211,-26.041487024857126],[27.984649777256074,-26.041477385250815],[27.984635025106492,-26.041460515937843]]],[[[27.984759747825684,-26.041058061609043],[27.984754383407655,-26.04107854584477],[27.98482546194655,-26.04111107962357],[27.984833508573594,-26.041091800348337]]],[[[27.984912633739533,-26.041001428703414],[27.98489385827643,-26.041036372414364],[27.984934091411652,-26.04105203683316],[27.98495152577025,-26.041020707993503]]],[[[27.98534589747914,-26.03933634469613],[27.98538747171887,-26.03936164912303],[27.985415634913526,-26.039318270102154],[27.985370037360273,-26.03929417063917]]],[[[27.98535528521069,-26.038943522892477],[27.98534455637463,-26.038964007497583],[27.985386130614362,-26.038979672193186],[27.985395518345914,-26.038964007497583]]],[[[27.985416976018033,-26.038991721957622],[27.985435751481138,-26.038998951815675],[27.985457209153257,-26.03896762242752],[27.985443798108182,-26.03896039256754],[27.985435751481138,-26.038979672193186],[27.985425022645078,-26.038973647310517]]],[[[27.985446480317197,-26.038996541863042],[27.985437092585645,-26.03901100157813],[27.98550280670651,-26.039041125978816],[27.985512194438062,-26.039024256315383]]],[[[27.985512194438062,-26.03802532691845],[27.985509512229047,-26.03808678120419],[27.985563156409345,-26.03808678120419],[27.985561815304838,-26.038057861544324],[27.985595342917524,-26.038059066530302],[27.985599366231046,-26.03802532691845]]],[[[27.984627025679053,-26.042096663101074],[27.984643118933143,-26.04213281142977],[27.98466994102329,-26.042121966932335],[27.984645801142157,-26.042084613655703]]],[[[27.98625110323757,-26.041566486333345],[27.98625110323757,-26.0415845605808],[27.98628865416378,-26.041586970480253],[27.98628865416378,-26.041567691283262]]],[[[27.986299103865964,-26.041242354355937],[27.986312514911038,-26.041258018747193],[27.986366159091336,-26.041220665195354],[27.98635274804626,-26.041201385938134]]],[[[27.986362135777814,-26.041144753101726],[27.98642784989868,-26.041229099869387],[27.986451989779813,-26.041213435474265],[27.986392981181485,-26.04113029364975]]],[[[27.986897076157206,-26.04131074858507],[27.986903781679743,-26.04134207734722],[27.98693596818792,-26.041336052585915],[27.986927921560877,-26.041302313916898]]],[[[27.986817950991266,-26.041303518869544],[27.98682599761831,-26.04137220114909],[27.986893052843683,-26.041362561533326],[27.98688500621664,-26.04129146934266]]],[[[27.986771012333506,-26.041270985144134],[27.986772353438013,-26.041285444578758],[27.986809904364222,-26.041283034673118],[27.986807222155207,-26.041266165332193]]],[[[27.985980840787033,-26.04010747072974],[27.986010345086196,-26.040132774990248],[27.986054601534942,-26.04009301114986],[27.98602375613127,-26.040067706880766]]],[[[27.986042531594375,-26.039817073825407],[27.986037167176345,-26.03983635331022],[27.98608678804312,-26.039843583116216],[27.986078741416076,-26.039879732139465],[27.98612970338736,-26.03989057684427],[27.98614445553694,-26.03983996821327]]],[[[27.986054601534942,-26.03984237814858],[27.986053260430435,-26.039861657629228],[27.98607740031157,-26.0398652725315],[27.986080082520584,-26.03984599305144]]],[[[27.987090505680523,-26.03923812762949],[27.987094528994046,-26.039264637051158],[27.987142808756314,-26.039262227103986],[27.987142808756314,-26.039235717681755]]],[[[27.987101234516583,-26.03820425550983],[27.987103916725598,-26.03822474024406],[27.987177677473507,-26.03821871532261],[27.987173654159985,-26.038194615633664]]],[[[27.98706100138136,-26.037029389764893],[27.987046249231778,-26.037046259715286],[27.987095870098553,-26.037088434580657],[27.98710794003912,-26.037073974628516]]],[[[27.986551779353537,-26.035515955073762],[27.986549097144522,-26.035537645289413],[27.98657055481664,-26.035536440277536],[27.986567872607626,-26.035517160085835]]],[[[27.986884373271383,-26.035449679389945],[27.986892419898428,-26.035468959592738],[27.986905830943503,-26.0354629345297],[27.986897784316458,-26.035443654325928]]],[[[27.987062740170874,-26.034854401569294],[27.987052011334814,-26.034888142093354],[27.987225013816275,-26.03492549766221],[27.987230378234305,-26.034892962167422]]],[[[27.986608847848306,-26.035021525362126],[27.98661153005732,-26.035042010652273],[27.986657127610574,-26.035044420686173],[27.98665444540156,-26.0350227303793]]],[[[27.986657127610574,-26.035002245085803],[27.98665846871508,-26.035027550447847],[27.986683949700723,-26.035028755464946],[27.986682608596215,-26.03500345010316]]],[[[27.986698701850305,-26.03503237051618],[27.986700042954812,-26.0350552658381],[27.986746981612573,-26.035054060821285],[27.986746981612573,-26.035033575533237]]],[[[27.986565932504067,-26.035017910310565],[27.986568614713082,-26.035042010652273],[27.98658604907168,-26.035039600618322],[27.98658470796717,-26.035017910310565]]],[[[27.986256137362847,-26.034425040345234],[27.986264183989892,-26.034463601084504],[27.98635001467837,-26.034443115693346],[27.9863379447378,-26.03440937504129]]],[[[27.986940100661645,-26.03412739921245],[27.986940100661645,-26.034165960049567],[27.987001791468987,-26.034165960049567],[27.987004473678002,-26.034126194186097]]],[[[27.98728878783358,-26.034475651312924],[27.98729012893809,-26.034515155575612],[27.987324997655282,-26.034511540508433],[27.987322315446267,-26.034471774762107]]],[[[27.987239166966805,-26.03424041015248],[27.98723648475779,-26.034260895579035],[27.987249895802865,-26.034260895579035],[27.987248554698358,-26.03428138100202],[27.98730488108767,-26.034283791051557],[27.987306222192178,-26.034259690554048],[27.987292811147103,-26.03425848552904],[27.987295493356118,-26.03423920512728]]],[[[27.98658341655024,-26.033623252818675],[27.9865941453863,-26.033652173571998],[27.986712162582954,-26.033624457850195],[27.98670948037394,-26.03359433205823]]],[[[27.98594236859568,-26.03378954705293],[27.98594773301371,-26.033834133148112],[27.98604161032923,-26.03382208285379],[27.986038928120216,-26.033778701783955]]],[[[27.9852803785706,-26.033569718841044],[27.98528574298863,-26.03359020438474],[27.985366209259077,-26.033567308776842],[27.985360844841047,-26.033550438326067]]],[[[27.985639946636564,-26.033480463557925],[27.98564128774107,-26.033496128985934],[27.985716389593488,-26.03348528368984],[27.98571102517546,-26.03346359309466]]],[[[27.98616163628996,-26.03311172287911],[27.986171024021512,-26.033150284050116],[27.98625551360548,-26.033134618575925],[27.986244784769422,-26.033093647325828]]],[[[27.987483965334302,-26.033077981844066],[27.987492011961347,-26.033099672510563],[27.9875376095146,-26.03308641710374],[27.987529562887556,-26.03306352139751]]],[[[27.987492011961347,-26.033109312805493],[27.98750005858839,-26.033129798429595],[27.987551020559675,-26.033115337989425],[27.987540291723615,-26.033093647325828]]],[[[27.987871544536954,-26.032999654403895],[27.987871544536954,-26.033022550122592],[27.987917142090208,-26.033024960197977],[27.987917142090208,-26.033004474555568]]],[[[27.988070080224883,-26.031933571399428],[27.988070080224883,-26.03195767237486],[27.988143840972793,-26.03195405722885],[27.988137135450255,-26.031927546154794]]],[[[27.988163957540404,-26.03191188051731],[27.988163957540404,-26.031934776448317],[27.98819212073506,-26.031934776448317],[27.98819212073506,-26.03191308556643]]],[[[27.988194802944076,-26.031921520909858],[27.988194802944076,-26.03194441683898],[27.988214919511687,-26.031945621887754],[27.98821357840718,-26.03192031586084]]],[[[27.988253811542403,-26.031917905762747],[27.988253811542403,-26.031942006741396],[27.988283315841567,-26.031940801692578],[27.988280633632552,-26.031914290615532]]],[[[27.98846230751345,-26.029468998445136],[27.98846901303599,-26.029493099926885],[27.988558867037987,-26.029472613667703],[27.988550820410943,-26.029447307107322]]],[[[27.988501199544167,-26.029217137664617],[27.988506563962197,-26.029237623968402],[27.98859373575518,-26.029220752894954],[27.98858971244166,-26.029203881819075]]],[[[27.98856289035151,-26.029108680702638],[27.98856825476954,-26.02912796194765],[27.98858300691912,-26.02912434671446],[27.9885789836056,-26.02910386039088]]],[[[27.988906213105416,-26.029226778278602],[27.9889035308964,-26.029248469657194],[27.98894644624064,-26.02926052042134],[27.988949128449654,-26.02923882904499]]],[[[27.988981314957833,-26.02923159858531],[27.98897326833079,-26.02925449503943],[27.989022889197564,-26.029264135650337],[27.989026912511086,-26.029244854427706]]],[[[27.98896253949473,-26.029125551792205],[27.988959857285714,-26.029170139660074],[27.98899874931643,-26.029174959969097],[27.989001431525445,-26.02913157718074]]],[[[27.988648721039986,-26.028491679189116],[27.988648721039986,-26.028506140199223],[27.98867822533915,-26.02850493511511],[27.988674202025628,-26.028486858852016]]],[[[27.98856825476954,-26.02852060120754],[27.98856825476954,-26.028535062214083],[27.988587030232644,-26.02853265204645],[27.988587030232644,-26.02851939612359]]],[[[27.98857361918757,-26.02858929097274],[27.988576301396584,-26.028606162136988],[27.988616534531808,-26.028600136721465],[27.988616534531808,-26.02858326555636]]],[[[27.98863128668139,-26.028506140199223],[27.988632627785897,-26.028525421543268],[27.988648721039986,-26.028523011375427],[27.98864737993548,-26.028508550367395]]],[[[27.988839157880044,-26.028438655470136],[27.98883647567103,-26.028462757163545],[27.988852568925118,-26.02846516733263],[27.988852568925118,-26.028442270724472]]],[[[27.989510079332558,-26.027928225853895],[27.989507397123543,-26.027954737831713],[27.989625414320198,-26.027971609087217],[27.989628096529213,-26.027948712382738]]],[[[27.989582123986203,-26.027588368014058],[27.989580782881696,-26.0276028291355],[27.989705505600888,-26.02761005969555],[27.989705505600888,-26.027593188388064]]],[[[27.989844980469663,-26.026694185209134],[27.989855709305722,-26.026717082158427],[27.9899415399942,-26.026695390311836],[27.98992947005363,-26.026671288255375]]],[[[27.98988387250038,-26.026510685144785],[27.989895942440945,-26.026544428068636],[27.98995092772575,-26.026532377025518],[27.98997238539787,-26.026501044307622],[27.989964338770825,-26.026487788155226]]],[[[27.989548596373517,-26.026656502710363],[27.98956200741859,-26.026696271105877],[27.989629062643964,-26.026674579255445],[27.98961565159889,-26.026636015955877]]],[[[27.98918381594749,-26.02750971260218],[27.989181133738477,-26.027527789015824],[27.989234777918774,-26.027530199204108],[27.989234777918774,-26.02751332788514]]],[[[27.98882305883499,-26.027560326553367],[27.988820376625974,-26.027580813146443],[27.988845857611615,-26.027584428427204],[27.988847198716122,-26.027561531647176]]],[[[27.989119189441745,-26.027254981858086],[27.98912187165076,-26.027277878697944],[27.989192950189654,-26.027262212439574],[27.989180880249087,-26.02722364933316],[27.989156740367953,-26.027229674819374],[27.989162104785983,-26.027245341082068]]],[[[27.989191609085147,-26.027239315596667],[27.989196973503176,-26.027259802245798],[27.989241229951922,-26.027250161470185],[27.989234524429385,-26.02723087991657]]],[[[27.989188926876132,-26.02715616386641],[27.989196973503176,-26.02717906072554],[27.989229160011355,-26.02717183013894],[27.98922111338431,-26.027150138376417]]],[[[27.9892372066384,-26.027122421118484],[27.989243912160937,-26.02714652308229],[27.989265369833056,-26.02714290778802],[27.989261346519534,-26.02712001092183]]],[[[27.9887329513436,-26.02801660065984],[27.988745021284167,-26.028050343150614],[27.988787936628405,-26.028033471906436],[27.988777207792346,-26.027997319232178]]],[[[27.98837621754462,-26.02812987898331],[27.988366829813067,-26.02816603161672],[27.988419132888858,-26.028178082492055],[27.988429861724917,-26.028140724774502]]],[[[27.98827027028853,-26.02806962456955],[27.988283681333606,-26.028113007750584],[27.988331961095874,-26.02810216195683],[27.988315867841784,-26.02805516350564]]],[[[27.98825954145247,-26.028021421016255],[27.9882649058705,-26.028050343150614],[27.988310503423754,-26.028039497351063],[27.988303797901217,-26.028010575214044]]],[[[27.98825954145247,-26.027956346187885],[27.98827027028853,-26.027999729410812],[27.988298433483187,-26.027992498874767],[27.988283681333606,-26.027949115649182]]],[[[27.98800339049155,-26.02787198987518],[27.98801411932761,-26.02788404078072],[27.98807178682143,-26.027847888060414],[27.988058375776355,-26.027835837151176]]],[[[27.988031553686206,-26.027802094598712],[27.988042282522265,-26.02781414551141],[27.9880664224034,-26.027797274233276],[27.988057034671847,-26.027787633501823]]],[[[27.98812945431525,-26.027377901682804],[27.988136159837786,-26.02739718321226],[27.98829172796065,-26.027358620150192],[27.98828636354262,-26.027333313133823]]],[[[27.987920242012088,-26.027292339857652],[27.98792962974364,-26.027318851979153],[27.987991320550982,-26.027299570436835],[27.987985956132952,-26.02727546850448]]],[[[27.987988638341967,-26.027274263407733],[27.987994002759997,-26.027294750050768],[27.98803423589522,-26.027285109278015],[27.988027530372683,-26.027267032826995]]],[[[27.987975227296893,-26.02722726462491],[27.987983273923938,-26.027251366567178],[27.988058375776355,-26.027229674819374],[27.98805032914931,-26.027209188164978]]],[[[27.987585475513765,-26.027165804649744],[27.98760290987236,-26.027197137190132],[27.98765655405266,-26.02717665053006],[27.98764046079857,-26.02714772818034]]],[[[27.989709925046057,-26.02613440728723],[27.9897179716731,-26.026158509453982],[27.989774298062414,-26.026142843046152],[27.989762228121847,-26.026118740876196]]],[[[27.98961470662603,-26.026146458371223],[27.989621412148566,-26.02617056053549],[27.989675056328863,-26.026156099237518],[27.989662986388296,-26.026129586853287]]],[[[27.988339316239447,-26.02641881253935],[27.988339316239447,-26.026433273804948],[27.988405030360312,-26.026430863594133],[27.988399665942282,-26.026416402328245]]],[[[27.987196695199103,-26.026915314971372],[27.987202059617132,-26.026934596576844],[27.987336170067877,-26.02690326396635],[27.987325441231818,-26.026880367053387]]],[[[27.988262294943027,-26.027192292159203],[27.988264977152042,-26.027209163524333],[27.988314598018817,-26.027204343134535],[27.988310574705295,-26.027189881963988]]],[[[27.98572011199024,-26.026942676260585],[27.98574693408039,-26.02699931595442],[27.985792531633642,-26.02698847005771],[27.985768391752508,-26.026928215057787]]],[[[27.984467520380285,-26.027418689858063],[27.984472884798315,-26.027431945905285],[27.984535916710165,-26.027417484762793],[27.98452787008312,-26.027396998141178]]],[[[27.984224780464437,-26.027487380268386],[27.98423953261402,-26.027530763664704],[27.984290494585302,-26.027518712722884],[27.984273060226705,-26.027470508943246]]],[[[27.98416577186611,-26.027489790457484],[27.984193935060766,-26.027581377606797],[27.984247579241064,-26.027566916482712],[27.9842180749419,-26.0274753293221]]],[[[27.984083964491155,-26.027664902908786],[27.984105422163275,-26.02772033716181],[27.984125538730886,-26.027714311700787],[27.98410273995426,-26.027657672352102]]],[[[27.98405982461002,-26.027672133465007],[27.984078600073126,-26.02772636262252],[27.984101398849752,-26.027721542253985],[27.984083964491155,-26.02766610800153]]],[[[27.984022273683813,-26.02761187881617],[27.984030320310858,-26.02763477558637],[27.984078600073126,-26.027622724655235],[27.98407055344608,-26.027601032976083]]],[[[27.98394985404041,-26.027608263536248],[27.983959241771963,-26.027632365400247],[27.98398740496662,-26.027625134841557],[27.98399276938465,-26.02764562142332],[27.984024955892828,-26.02763718577245],[27.98400886263874,-26.027593802415467]]],[[[27.983910962009695,-26.027631160307166],[27.983923031950262,-26.027667313094245],[27.9839659472945,-26.027654057073597],[27.98394985404041,-26.02761910937566]]],[[[27.983893527651098,-26.027739618634985],[27.98390291538265,-26.02776010519675],[27.983917667532232,-26.0277552848296],[27.983910962009695,-26.02773479826698]]],[[[27.983223916483702,-26.028188630888256],[27.983218552065672,-26.028206707197302],[27.98323464531976,-26.028215142807234],[27.9832413508423,-26.02819827158676]]],[[[27.98432632934642,-26.028152091516805],[27.984338399286987,-26.028183423793813],[27.984361198063613,-26.02817860344405],[27.984350469227554,-26.028147271165757]]],[[[27.9843585158546,-26.028141245726665],[27.984369244690658,-26.028171372919022],[27.984390702362777,-26.028166552568763],[27.984377291317703,-26.028135220287265]]],[[[27.984406795616867,-26.028144860990157],[27.984432276602508,-26.028207525539646],[27.98445775758815,-26.028199089929164],[27.98443629991603,-26.028136425375163]]],[[[27.984444346543075,-26.028138835550937],[27.984464463110687,-26.02819788484191],[27.984485920782806,-26.028191859405407],[27.984471168633224,-26.02812919484755]]],[[[27.985021704013747,-26.027996081902288],[27.985032432849806,-26.028052721087615],[27.985126310165327,-26.02803464475484],[27.985112899120253,-26.027978005560797]]],[[[27.985190683181685,-26.028022593864776],[27.98519872980873,-26.028040670199406],[27.985257738407057,-26.02802500404289],[27.985252373989027,-26.02800451752737]]],[[[27.98520409422676,-26.027987646276614],[27.98521482306282,-26.028011748062678],[27.985237621839445,-26.028006927705853],[27.98522555189888,-26.027978005560797]]],[[[27.985230916316908,-26.027916545978876],[27.985238962943953,-26.027938237599695],[27.985299312646788,-26.027920161249305],[27.98529260712425,-26.02790208489611]]],[[[27.985315405900877,-26.027900879805802],[27.985320770318907,-26.027917751069023],[27.98535161572258,-26.02791052052794],[27.985347592409056,-26.02789244417326]]],[[[27.985332840259474,-26.02782616418228],[27.9853194292144,-26.02784544563806],[27.98537709670822,-26.027873162725204],[27.985389166648787,-26.027857496546325]]],[[[27.98775237155307,-26.029118325762624],[27.98775237155307,-26.029161708555883],[27.987823450091966,-26.029167733942558],[27.98782613230098,-26.029124351151538]]],[[[27.98749487948764,-26.029101454672027],[27.987492197278627,-26.029144837471517],[27.98756998134006,-26.029144837471517],[27.98756998134006,-26.02910386482797]]],[[[27.98608069959877,-26.027972309933816],[27.986094110643844,-26.027980745560615],[27.986104839479903,-26.02796628448574],[27.986094110643844,-26.027959053947633]]],[[[27.986130320465545,-26.0279036198074],[27.986115568315963,-26.02791567070968],[27.986131661570052,-26.027931336880783],[27.98614775482414,-26.027920491070255]]],[[[27.986126098665157,-26.028050819086857],[27.9861341452922,-26.028059254707998],[27.986148897441783,-26.02804840890926],[27.986138168605724,-26.028037563109542]]],[[[27.985462185051873,-26.028187985107976],[27.985475596096947,-26.028202446155525],[27.98553728690429,-26.028149422305823],[27.9855211936502,-26.02813616633967]]],[[[27.985808190014794,-26.028524204002228],[27.985829647686913,-26.028544690427005],[27.985848423150017,-26.02853022942164],[27.985851105359032,-26.02851215316244],[27.985835012104943,-26.02849769215308]]],[[[27.985928889420464,-26.028569997182085],[27.98594230046554,-26.028577227682533],[27.985965099242165,-26.028556741263433],[27.985953029301598,-26.028544690427005]]],[[[27.986936058905556,-26.02826993102046],[27.98694946995063,-26.028277161539407],[27.98696019878669,-26.028256675067905],[27.98694946995063,-26.028251854721162]]],[[[27.986405412219924,-26.028907461436848],[27.986404071115416,-26.0289279477947],[27.986514041685027,-26.02893879351212],[27.986514041685027,-26.028919512236012]]],[[[27.986665586494368,-26.028920717315856],[27.986640105508727,-26.028946023989832],[27.986724595092696,-26.02900868811142],[27.98674873497383,-26.02898579160934]]],[[[27.986109028123778,-26.029153297495032],[27.98609159376518,-26.02919427012132],[27.986185471080702,-26.029235242733293],[27.98620692875282,-26.029196680275366]]],[[[27.986598531268996,-26.029018328742545],[27.986598531268996,-26.029037610002405],[27.986662904285353,-26.029056891259096],[27.986665586494368,-26.02903881508104]]],[[[27.986762250824068,-26.0290191276788],[27.986752863092516,-26.029039614017165],[27.986811871690843,-26.029057690195096],[27.986822600526903,-26.029039614017165]]],[[[27.986595953865145,-26.029037203859897],[27.986590589447115,-26.029049254645745],[27.98661338822374,-26.029060100351955],[27.98662009374628,-26.029044434331542]]],[[[27.986704583330248,-26.029126379645845],[27.986695195598696,-26.029155301507807],[27.986716653270815,-26.02916373704955],[27.986726041002367,-26.02913240503434]]],[[[27.985860379662437,-26.028919106093085],[27.985863061871452,-26.028960078801163],[27.98592743488781,-26.028958873721717],[27.985924752678795,-26.02892272133261]]],[[[27.98577991339199,-26.02890946545382],[27.985783936705513,-26.028950438165264],[27.98583221646778,-26.028948028006155],[27.98582819315426,-26.028908260373864]]],[[[27.984761244744075,-26.029105975229534],[27.984761244744075,-26.029126461552718],[27.984855122059596,-26.029126461552718],[27.984855122059596,-26.029110795541204]]],[[[27.985354012936366,-26.029350605796342],[27.98535267183186,-26.02937229715203],[27.985434479206813,-26.029373502227227],[27.98543582031132,-26.029351810871756]]],[[[27.985886076986983,-26.029677051972275],[27.98587668925543,-26.029690307764344],[27.985896805823042,-26.029702358483103],[27.985907534659102,-26.029687897620438]]],[[[27.98528726162165,-26.030406096552188],[27.985289943830665,-26.030450683933385],[27.9853502935335,-26.030445863676775],[27.985347611324485,-26.030403686422986]]],[[[27.987152737991508,-26.030670812394046],[27.987143350259956,-26.03069129844398],[27.987243933098014,-26.03073709077798],[27.987253320829566,-26.03071660473603]]],[[[27.987799150364097,-26.030819034909975],[27.987799150364097,-26.030835905753584],[27.987820608036216,-26.030837110813742],[27.987820608036216,-26.03082144503064]]],[[[27.987804514782127,-26.030644301029998],[27.98780317367762,-26.030661171898718],[27.98784474791735,-26.030663582022626],[27.987846089021858,-26.030645506092117]]],[[[27.98406299923834,-26.030041233233362],[27.98406299923834,-26.03006171939325],[27.984119325627653,-26.030056899120662],[27.984122007836667,-26.03002556734399],[27.984081774701444,-26.030021952138448],[27.984081774701444,-26.030043643370007]]],[[[27.985653047186567,-26.030631715230758],[27.98566109381361,-26.030652201287527],[27.98574558339758,-26.03062448485692],[27.98573485456152,-26.030606408920395]]],[[[27.98621840669058,-26.03033539459408],[27.98620767785452,-26.030348650311765],[27.986245228780728,-26.030369136417963],[27.986255957616788,-26.030352265507233]]],[[[27.985851600157712,-26.030824650090505],[27.9858314835901,-26.030857186713725],[27.985917314278577,-26.030901773923475],[27.98593743084619,-26.030870442372436]]],[[[27.987037000092844,-26.031577245191553],[27.98703297677932,-26.031598936135538],[27.98712819519935,-26.031604961397054],[27.987126854094843,-26.031582065401675]]],[[[27.98731431798745,-26.03210362038455],[27.98731431798745,-26.03212531123121],[27.98738807873536,-26.03212531123121],[27.987389419839868,-26.03210000524305]]],[[[27.987300906942377,-26.032180743376685],[27.987300906942377,-26.0322036392552],[27.987381373212823,-26.032202434209086],[27.987376008794794,-26.032181948423027]]],[[[27.98662062667218,-26.03260693401414],[27.98662599109021,-26.0326442903095],[27.98675339601842,-26.03263826510138],[27.986749372704896,-26.032594883593735]]],[[[27.986764124854478,-26.032634649976355],[27.986764124854478,-26.032658750807744],[27.98680972240773,-26.03265272560036],[27.986807040198716,-26.03263223989294]]],[[[27.986560276969346,-26.032221319947425],[27.98655759476033,-26.032245420863738],[27.98660051010457,-26.032245420863738],[27.986601851209077,-26.032224935085203]]],[[[27.98661123894063,-26.03222373003929],[27.98660989783612,-26.032245420863738],[27.986654154284867,-26.03224662590942],[27.986651472075852,-26.032227345176985]]],[[[27.986749372704896,-26.032052613394658],[27.98673730276433,-26.03207068910834],[27.986829838975343,-26.03214178688849],[27.986843250020417,-26.032118890997893]]],[[[27.986039928420457,-26.031338653649872],[27.98602249406186,-26.031377215403737],[27.98609089039174,-26.031403726602168],[27.986104301436814,-26.031365164857014]]],[[[27.985612321320968,-26.031835977229157],[27.985619026843505,-26.031856463075613],[27.985694128695922,-26.031835977229157],[27.98568474096437,-26.031813081278862]]],[[[27.98563243788858,-26.03188779436329],[27.98564182562013,-26.031911895348124],[27.985723632995086,-26.03188779436329],[27.985712904159026,-26.031866103472716],[27.985686082068877,-26.03187453881954],[27.985678035441833,-26.03185766812529],[27.98564719003816,-26.031863693373527],[27.9856538955607,-26.031881769116318]]],[[[27.98476071995874,-26.03184200247848],[27.984774131003814,-26.031878153967984],[27.984835821811156,-26.03186128327426],[27.984821069661574,-26.031822721679525]]],[[[27.984825092975097,-26.031732342892177],[27.984830457393127,-26.03174921360444],[27.984862643901305,-26.03174439340119],[27.984855938378768,-26.031723907535138]]],[[[27.98455016655107,-26.03126116701974],[27.984558213178115,-26.03127924285538],[27.984619903985458,-26.03125996196393],[27.984617221776443,-26.03124068106931]]]],""evenOdd"":true}",,
1722240536055,5991067,28,Only solar geysers as far as I can tell,,,
1722240536055,5990842,29,"Tricky search area, hope I got all of them!","{""type"":""MultiPolygon"",""coordinates"":[[[[30.93106940718064,-29.841728662985812],[30.93106940718064,-29.841751928551965],[30.93122765751252,-29.841777520668472],[30.931235704139564,-29.841756581664544]]],[[[30.931756052688453,-29.841758908220754],[30.931739959434363,-29.8417798472242],[30.93184188337693,-29.841838011099593],[30.93185261221299,-29.841819398663148]]],[[[30.932528528884742,-29.840721258773595],[30.932509753421638,-29.840746851154208],[30.93254462213883,-29.84077477010738],[30.93256071539292,-29.840749177733933]]],[[[30.932568762019965,-29.84073987141468],[30.93254998655686,-29.840763137211166],[30.932600948528144,-29.840800362474262],[30.932627770618293,-29.840779423265484]]],[[[30.932710919097754,-29.840888772418534],[30.932700190261695,-29.840907385028398],[30.932745787814948,-29.840921344483526],[30.932756516651008,-29.840898078723896]]],[[[30.932761881069037,-29.840898078723896],[30.932752493337485,-29.840923671059187],[30.932800773099753,-29.840937630512034],[30.932810160831306,-29.840912038180313]]],[[[30.932940247968528,-29.841291269333496],[30.932909402564857,-29.84131686156803],[30.932952317909095,-29.84136339288677],[30.93298718662629,-29.84134361707895]]],[[[30.933295640663,-29.84221374891853],[30.933271500781867,-29.842228871463693],[30.93328088851342,-29.842243994006584],[30.933271500781867,-29.842248647096227],[30.933283570722434,-29.84226493290831],[30.93332246275315,-29.842241667461657]]],[[[30.933341238216254,-29.842316116871846],[30.933303687290046,-29.842337055758474],[30.93332782717118,-29.842360321182902],[30.933362695888373,-29.842340545572497]]],[[[30.933282229617927,-29.84230913724201],[30.93329161734948,-29.842318443415028],[30.933309051708076,-29.84231030051368],[30.933305028394553,-29.842299831068118]]],[[[30.933716408660203,-29.842455415476557],[30.933694950988084,-29.84246239509619],[30.933751277377397,-29.842539170879885],[30.933772735049516,-29.84252753818917]]],[[[30.935468764033132,-29.84270714682709],[30.93549692722779,-29.84276414689608],[30.9355170437954,-29.842757167297545],[30.935488880600744,-29.842699003957435]]],[[[30.935492903914266,-29.842695514155945],[30.935523749317937,-29.842753677498106],[30.93554788919907,-29.842744371365622],[30.935514361586385,-29.842681554948797]]],[[[30.933420097703834,-29.845438012264136],[30.933418756599327,-29.84546011373118],[30.933461671943565,-29.84546011373118],[30.933463013048073,-29.845441501969784]]],[[[30.929522606530234,-29.843833954352995],[30.929531994261787,-29.843871178471538],[30.92957759181504,-29.84386768871101],[30.929568204083488,-29.843829301337205]]],[[[30.92960843721871,-29.843830464591157],[30.92961514274125,-29.84386419895036],[30.929648670353934,-29.843857219428706],[30.929641964831397,-29.843823485067148]]],[[[30.934746808656012,-29.8446132387379],[30.93476424301461,-29.844599279798796],[30.934691823371207,-29.844522505598853],[30.934673047908102,-29.84453646454869]]],[[[30.93471596325234,-29.8445050569088],[30.93470121110276,-29.8445155261232],[30.93476960743264,-29.84458997383832],[30.934787041791235,-29.844579504631717]]],[[[30.93007622425162,-29.84483048738437],[30.93007622425162,-29.844897955415767],[30.930100364132755,-29.844897955415767],[30.930104387446278,-29.84483281386897]]]],""evenOdd"":true}",,
1722240536055,7984476,30,,,,
1722331623011,7983126,31,,"{""type"":""MultiPolygon"",""coordinates"":[[[[27.807253813158006,-26.278111325890528],[27.807249789844484,-26.27812816101404],[27.80727258862111,-26.278132971048866],[27.807275270830125,-26.278113730908323]]],[[[27.8079163282404,-26.277075442489625],[27.807908281613354,-26.277116328150296],[27.80793108038998,-26.27711512563107],[27.807933762598996,-26.277079050048503]]],[[[27.807935103703503,-26.277054999653885],[27.807935103703503,-26.277076645009263],[27.8079525380621,-26.277077847528897],[27.807956561375622,-26.277057404693572]]],[[[27.8080423920641,-26.277543221687967],[27.80803702764607,-26.277561259408515],[27.80805848531819,-26.277563664437697],[27.808061167527203,-26.277545626717544]]],[[[27.808066531945233,-26.277578094611805],[27.808061167527203,-26.277623790151313],[27.808079942990307,-26.277623790151313],[27.808085307408337,-26.27758170215506]]],[[[27.808702215481762,-26.27747467832438],[27.80869819216824,-26.277496323601454],[27.80873976640797,-26.277498728631997],[27.808742448616986,-26.277479488386295]]],[[[27.80877195291615,-26.27764182785933],[27.808770611811642,-26.277664675618787],[27.80879206948376,-26.277662270591676],[27.80879206948376,-26.277643030373103]]],[[[27.80801020555592,-26.278003783940775],[27.808006182242398,-26.27804346676475],[27.808033004332547,-26.278045871783956],[27.80803702764607,-26.278004986450792]]],[[[27.808773294020657,-26.278139667493825],[27.808770611811642,-26.278156502613214],[27.80879206948376,-26.278156502613214],[27.808790728379254,-26.278142072511024]]],[[[27.808985188532834,-26.278166122680325],[27.80898250632382,-26.278186565320336],[27.809003963995938,-26.278191375352744],[27.809003963995938,-26.278168527696984]]]],""evenOdd"":true}",,
1722331623011,7620068,32,,"{""type"":""MultiPolygon"",""coordinates"":[[[[28.327063710042644,-26.554941323899264],[28.32707577998321,-26.55495092090804],[28.327121377536464,-26.554905335109215],[28.32710796649139,-26.554896937723242]]],[[[28.32711333090942,-26.554840555258657],[28.32710260207336,-26.554851351902954],[28.327128083059,-26.554870545934765],[28.32713881189506,-26.554862148546245]]],[[[28.327188432761837,-26.55490053660302],[28.327179045030284,-26.55490773436223],[28.32720184380691,-26.554929327637172],[28.32721257264297,-26.55491973062659]]]],""evenOdd"":true}",,
1722331623011,7970321,33,,"{""type"":""MultiPolygon"",""coordinates"":[[[[28.2965715059305,-26.157437515345013],[28.29657284703501,-26.15746159047775],[28.296610397961217,-26.157457979208154],[28.296607715752202,-26.15743631158826]]],[[[28.296575529244024,-26.15746520174723],[28.296575529244024,-26.15748807311802],[28.296615762379247,-26.15748807311802],[28.296613080170232,-26.157466405503694]]],[[[28.295864743855077,-26.157600022394533],[28.295871449377614,-26.157618078719384],[28.295923752453405,-26.157597614884338],[28.295911682512838,-26.1575795585563]]],[[[28.29585267391451,-26.157578354800993],[28.295862061646062,-26.15759520737408],[28.295914364721853,-26.15757353977967],[28.295902294781285,-26.157559094714493]]],[[[28.295837921764928,-26.157545853403164],[28.295848650600988,-26.157566317247298],[28.295870108273107,-26.157557890958984],[28.295860720541555,-26.157539834624803]]],[[[28.29582719292887,-26.157522982043723],[28.29583658066042,-26.157544649647516],[28.295862061646062,-26.157535019601884],[28.295848650600988,-26.15751696326418]]],[[[28.295796347525197,-26.157596411129223],[28.295799029734212,-26.15761205994474],[28.295849991705495,-26.157591596108634],[28.295844627287465,-26.1575771510457]]],[[[28.29580573525675,-26.15762168998402],[28.2958151229883,-26.157636135041457],[28.295862061646062,-26.157616874964475],[28.295856697228032,-26.157602429904667]]],[[[28.295819146301824,-26.15764576507874],[28.295823169615346,-26.15766021013319],[28.29587279048212,-26.157644561324123],[28.295867426064092,-26.15762891251296]]],[[[28.29439174091997,-26.15817796408039],[28.294387717606448,-26.158209261553317],[28.294437338473223,-26.158216484045877],[28.29443867957773,-26.158185186574887]]],[[[28.294453431727312,-26.158194816566855],[28.294453431727312,-26.158211669050875],[28.294477571608446,-26.158211669050875],[28.29447488939943,-26.158193612817897]]],[[[28.294115473391436,-26.15812981410564],[28.294126202227496,-26.15814666659907],[28.29415972984018,-26.15813703660312],[28.2941449776906,-26.15811536910934]]],[[[28.294174481989764,-26.158106942860673],[28.29418655193033,-26.15812499910707],[28.294220079543017,-26.158111757859984],[28.294206668497942,-26.158091294111536]]],[[[28.29398672735872,-26.15792999149807],[28.293994773985766,-26.157961289037516],[28.29403366601648,-26.157951659026278],[28.294017572762392,-26.15792276898777]]],[[[28.294021596075915,-26.15792397273953],[28.294032324911974,-26.157946844020355],[28.294061829211138,-26.157927583994685],[28.29404573595705,-26.15790591646201]]],[[[28.294064511420153,-26.157927583994685],[28.294084627987765,-26.15796490029154],[28.29411413228693,-26.157954066529168],[28.29409267461481,-26.15791554647703]]],[[[28.29461838758173,-26.15779757873823],[28.29462777531328,-26.157812023773886],[28.2946492329854,-26.157803597503307],[28.294641186358355,-26.157790356219735]]],[[[28.29467069065752,-26.157790356219735],[28.29468007838907,-26.157803597503307],[28.29472701704683,-26.15778554120716],[28.294716288210772,-26.157771096168222]]],[[[28.294661302925967,-26.157812023773886],[28.294673372866534,-26.157826468807748],[28.294747133614443,-26.15779757873823],[28.2947390869874,-26.157783133700796]]],[[[28.294740428091906,-26.157754243620555],[28.29474847471895,-26.157768688661566],[28.294768591286562,-26.157757854880977],[28.294757862450503,-26.157743409838623]]],[[[28.29491745388689,-26.15773257605568],[28.294929523827456,-26.157749428606493],[28.294968415858172,-26.15773257605568],[28.294957687022112,-26.157715723502438]]],[[[28.29500060236635,-26.157707297224913],[28.295012672306918,-26.157726557286935],[28.29504888212862,-26.157710908486777],[28.29503815329256,-26.15769285217628]]],[[[28.29582574254693,-26.15733533665306],[28.2958378124875,-26.157354596776507],[28.295851223532573,-26.157348577988273],[28.295839153592006,-26.157331725379546]]],[[[28.295911573235408,-26.157304038945668],[28.295923643175975,-26.15732089155837],[28.295934372012034,-26.157318484042428],[28.295922302071467,-26.157298020154823]]],[[[28.29586329347314,-26.157349781745943],[28.295872681204692,-26.15736543059455],[28.295916937653438,-26.1573509855036],[28.295903526608363,-26.157332929137397]]],[[[28.295867316786662,-26.15737265313935],[28.29587804562272,-26.157389505742145],[28.29593705422105,-26.157370245624463],[28.29592632538499,-26.157348577988273]]],[[[28.29618680399911,-26.157201173115816],[28.296205579462214,-26.157234878368513],[28.296257882538004,-26.157218025743376],[28.296236424865885,-26.157180709207626]]],[[[28.29630213898675,-26.157174690410407],[28.2963289610769,-26.157233674609653],[28.296342372121973,-26.157225248297312],[28.296315550031824,-26.157167467853355]]],[[[28.296315550031824,-26.15716385657465],[28.296342372121973,-26.1572192295024],[28.296362488689585,-26.157212006948093],[28.296337007703944,-26.157159041536225]]],[[[28.29638528746621,-26.157095242258162],[28.29639601630227,-26.15711811370149],[28.29641747397439,-26.15711209490104],[28.296408086242838,-26.15709163097724]]],[[[28.296420156183405,-26.157092834737547],[28.296429262736236,-26.157110891140913],[28.296445355990326,-26.1571024648197],[28.296434627154266,-26.157079593373318]]],[[[28.29668004927913,-26.157027831662315],[28.296697483637725,-26.157068759528734],[28.296724305727874,-26.157061536965106],[28.29670553026477,-26.157020609096158]]],[[[28.29672698793689,-26.156988107542947],[28.29673771677295,-26.15701097900726],[28.296753810027038,-26.157006163962524],[28.296740398981964,-26.1569820887358]]],[[[28.29673771677295,-26.156965236074154],[28.29674844560901,-26.156985700020126],[28.296764538863098,-26.1569820887358],[28.296749786713516,-26.156962828550856]]],[[[28.296755151131546,-26.156962828550856],[28.296765879967605,-26.156979681212857],[28.296780632117187,-26.156979681212857],[28.29676856217662,-26.156961624789187]]],[[[28.296641580642092,-26.156662895490754],[28.29666840273224,-26.156700212192135],[28.296708635867464,-26.156684563254295],[28.296681813777315,-26.156642431488134]]],[[[28.296675108254778,-26.156511221033206],[28.296681813777315,-26.156530481292712],[28.296723388017046,-26.156525666228134],[28.29671534139,-26.15650159090226]]],[[[28.296638898433077,-26.156429364894827],[28.296644262851107,-26.156449828934804],[28.296687178195345,-26.156445013866893],[28.2966791315683,-26.156426957360477]]],[[[28.2966791315683,-26.156426957360477],[28.296683154881823,-26.156445013866893],[28.29672204691254,-26.15643899503172],[28.296718023599016,-26.156422142291618]]],[[[28.29670595365845,-26.156398066944387],[28.29671131807648,-26.156414919687965],[28.296748869002688,-26.15640769708388],[28.296743504584658,-26.156392048106788]]],[[[28.296767644465792,-26.156414919687965],[28.296770326674807,-26.156436587497573],[28.29678507882439,-26.156434179963377],[28.29678507882439,-26.156414919687965]]],[[[28.296047471345293,-26.15617005146725],[28.296055517972338,-26.15619171932234],[28.296103797734606,-26.15617486654651],[28.29609172779404,-26.156156809998265]]],[[[28.296082340062487,-26.156139957217395],[28.296093068898546,-26.156156809998265],[28.29613330203377,-26.156141160987538],[28.29612257319771,-26.156120696893414]]],[[[28.296050153554308,-26.156141160987538],[28.29606490570389,-26.15616042130814],[28.29608636337601,-26.15615440245829],[28.29607563453995,-26.15613273459628]]],[[[28.294817678511965,-26.156608406528548],[28.29484584170662,-26.156666187249403],[28.294859252751696,-26.15665776089607],[28.29483645397507,-26.1566035914672]]],[[[28.294596396268236,-26.156672206072855],[28.294607125104296,-26.15669026254132],[28.294637970507967,-26.156679428660564],[28.294627241671908,-26.15665776089607]]],[[[28.294637970507967,-26.156709522771262],[28.29465272265755,-26.156736005582253],[28.29466747480713,-26.156725171705762],[28.29465272265755,-26.15669748512791]]],[[[28.293939255059588,-26.156928607663133],[28.293947301686632,-26.156945460330082],[28.29401167470299,-26.15692018132875],[28.293996922553408,-26.15690212489587]]],[[[28.293958030522692,-26.156940645282628],[28.293971441567766,-26.156955090424386],[28.29401167470299,-26.15694184904451],[28.29400094586693,-26.156924996377047]]],[[[28.293646894276964,-26.157135654545442],[28.29365896421753,-26.157154914701863],[28.29372199612938,-26.15712843198596],[28.29371260839783,-26.157109171825173]]],[[[28.293703220666277,-26.157140469584846],[28.29371126729332,-26.157157322221188],[28.293735407174456,-26.157147692143575],[28.29372333723389,-26.15712843198596]]],[[[28.293778322518694,-26.157365572455074],[28.293789051354754,-26.157383628816227],[28.293831966698992,-26.15736677621257],[28.29382257896744,-26.157347516091136]]],[[[28.293850742162096,-26.157541320918146],[28.293865494311678,-26.157558173496575],[28.293913774073946,-26.157540117162444],[28.293903045237887,-26.157519653313717]]],[[[28.29388024646126,-26.157516042045916],[28.293884269774782,-26.157525672093126],[28.29390706855141,-26.157516042045916],[28.29390036302887,-26.157506411997918]]],[[[28.293815873444903,-26.157621972521458],[28.29383867222153,-26.157613546237144],[28.293813191235888,-26.15755696974105],[28.293789051354754,-26.15756539602944]]],[[[28.294769058327727,-26.157056240229537],[28.294777104954772,-26.157073092878054],[28.29482002029901,-26.157057443990222],[28.294817338089995,-26.157039387578585]]],[[[28.29465774665361,-26.15704781390437],[28.294669816594176,-26.157067074075293],[28.29471541414743,-26.15705142518666],[28.294703344206862,-26.157029757491244]]],[[[28.294527659516387,-26.157087538003402],[28.294545093874984,-26.157120039528913],[28.294561187129073,-26.15711281696848],[28.294545093874984,-26.157079111680503]]],[[[28.294453898768477,-26.157091149284472],[28.294461945395522,-26.15711281696848],[28.294518271784835,-26.15708874176376],[28.29450486073976,-26.157067074075293]]],[[[28.294380138020568,-26.1570959643257],[28.29438952575212,-26.15711161320836],[28.294408301215224,-26.157105594407586],[28.294397572379165,-26.15708874176376]]],[[[28.29448876748567,-26.157156152324426],[28.294496814112716,-26.157170597439496],[28.294514248471312,-26.15716337488219],[28.294502178530745,-26.15714652224671]]],[[[28.294597396950774,-26.15745709185225],[28.294638971190505,-26.15753653975807],[28.2946564055491,-26.157528113467595],[28.294613490204863,-26.15744625804272]]],[[[28.294524977307372,-26.157496815811918],[28.29453570614343,-26.15751366839679],[28.294555822711043,-26.157505242104673],[28.29454107056146,-26.157487185762335]]],[[[28.294695297579818,-26.157431812961782],[28.29471943746095,-26.157472740686458],[28.294739554028563,-26.15746311063489],[28.294718096356444,-26.15742579417753]]],[[[28.29474089513307,-26.157414960365095],[28.294765035014205,-26.157455888095686],[28.294785151581817,-26.15744625804272],[28.294759670596175,-26.157406534065828]]],[[[28.294565210442595,-26.157260879368188],[28.294574598174147,-26.157281343262305],[28.294629583458953,-26.157262083126753],[28.294617513518386,-26.157240415470465]]],[[[28.294632265667968,-26.157259675609584],[28.294644335608535,-26.157284954537356],[28.294659087758117,-26.15727773198713],[28.294648358922057,-26.15725004554042]]],[[[28.294655064444594,-26.15725245305779],[28.294665793280654,-26.157275324470284],[28.294685909848265,-26.157264490643875],[28.294675181012206,-26.157242822988028]]],[[[28.29497290621286,-26.157114020728578],[28.294986317257933,-26.157130873368743],[28.295094946723037,-26.157093556805112],[28.295081535677962,-26.15707188911752]]],[[[28.295347720863937,-26.15702195463957],[28.29536113190901,-26.15703760353215],[28.295401365044235,-26.157020750878516],[28.295390636208175,-26.157001490699944]]],[[[28.295375884058593,-26.15703760353215],[28.29538795399916,-26.15705325242264],[28.29542952823889,-26.157032788488507],[28.295416117193817,-26.15701352831192]]],[[[28.295394659521698,-26.156977415472266],[28.295406729462265,-26.157011120789633],[28.295432210447906,-26.15700389822244],[28.29541879940283,-26.156972600426133]]],[[[28.295452327015518,-26.157001490699944],[28.295485854628204,-26.157066493789866],[28.2955032889868,-26.157059271226114],[28.29547244358313,-26.156989453086723]]],[[[28.295432210447906,-26.1570496411404],[28.295442939283966,-26.157083346436902],[28.295469761374115,-26.157073716353178],[28.295463055851577,-26.1570424185756]]],[[[28.295511335613845,-26.15689796718567],[28.295536816599487,-26.156936487573816],[28.29558241415274,-26.156917227381328],[28.29556095648062,-26.156878706986834]]],[[[28.29549926567328,-26.156734255394205],[28.295515358927368,-26.156775183363603],[28.295534134390472,-26.156769164545473],[28.295518041136383,-26.156728236573947]]],[[[28.295527428867935,-26.156724625281658],[28.29554486322653,-26.15676796078181],[28.295558274271606,-26.156760738199566],[28.295542181017517,-26.156717402696742]]],[[[28.295780897619842,-26.157018343356366],[28.2958090608145,-26.157056863704753],[28.295847952845214,-26.157040011053905],[28.295825154068588,-26.157000286938686]]],[[[28.296014249804138,-26.15695213647785],[28.29601290869963,-26.156973804187682],[28.296057165148376,-26.15698584180251],[28.296058506252884,-26.15696417409493]]],[[[28.296022296431182,-26.156976211710752],[28.296019614222168,-26.156987045563934],[28.296046436312317,-26.156993064370823],[28.29604911852133,-26.15698343427966]]],[[[28.295974016668914,-26.156928061239995],[28.2959713344599,-26.156947321430675],[28.295984745504974,-26.156949728954288],[28.295990109923004,-26.156928061239995]]],[[[28.295963287832855,-26.156888337086645],[28.29596060562384,-26.156907597283904],[28.29598608660948,-26.15691241233271],[28.295990109923004,-26.156894355898633]]],[[[28.295979381086944,-26.15695213647785],[28.29599145102751,-26.156962970333264],[28.296006203177093,-26.156954544001366],[28.295994133236526,-26.15694250638331]]],[[[28.29623419094336,-26.15681009250264],[28.296246260883926,-26.156829352712798],[28.29626503634703,-26.15681851884497],[28.29625430751097,-26.1568040736863]]],[[[28.296179205658554,-26.156645176822916],[28.296188593390106,-26.156662029530796],[28.296220779898285,-26.15665239941231],[28.296208709957718,-26.15663313917293]]],[[[28.296318680527328,-26.156824537660555],[28.29632806825888,-26.15684018657962],[28.296346843721984,-26.156832964001858],[28.29633343267691,-26.156817315081813]]],[[[28.296330750467895,-26.156805277449596],[28.29633879709494,-26.156819722608112],[28.296349525931,-26.15681490755548],[28.29634416151297,-26.15680046239636]]],[[[28.296282470705627,-26.156834167764845],[28.296285152914642,-26.156843797868337],[28.29630661058676,-26.156835371527823],[28.296303928377746,-26.1568269451867]]],[[[28.296285152914642,-26.15682213013436],[28.296293199541687,-26.156829352712798],[28.296309292795776,-26.15682213013436],[28.29630124616873,-26.15681370379228]]],[[[28.29641255784285,-26.15595180615911],[28.29641255784285,-26.156007179662144],[28.29645949650061,-26.15600958720516],[28.296455473187088,-26.15595180615911]]],[[[28.296907880181394,-26.155238677994696],[28.296911903494916,-26.15525673468502],[28.296954818839154,-26.155257938464274],[28.296954818839154,-26.155239881774136]]],[[[28.29691056239041,-26.155257938464274],[28.296911903494916,-26.15527840270973],[28.29695750104817,-26.155280810267783],[28.296953477734647,-26.15526395736037]]],[[[28.296871670359693,-26.155372297436973],[28.296874352568707,-26.155392761662377],[28.296938725585065,-26.15539878055151],[28.29693604337605,-26.15537952010518]]],[[[28.296877034777722,-26.15536025965565],[28.296877034777722,-26.155369889880813],[28.29692531453999,-26.15537590877113],[28.29692531453999,-26.155365074768337]]],[[[28.297322281474194,-26.156513473466177],[28.297327645892224,-26.156532733725317],[28.297379948968015,-26.15653995632167],[28.29738263117703,-26.156523103596157]]],[[[28.297343739146314,-26.1564978245033],[28.29734642135533,-26.156515880998747],[28.297358491295896,-26.156514677232476],[28.297358491295896,-26.15649902826974]]],[[[28.297488578433118,-26.15646411903763],[28.297511377209744,-26.156503843335376],[28.297558315867505,-26.156488194371235],[28.297531493777356,-26.15644606253416]]],[[[28.29768706190022,-26.15595973965621],[28.297679015273175,-26.156025947097923],[28.29770315515431,-26.156027150869246],[28.297715225094876,-26.1559585358842]]],[[[28.297333785989775,-26.155445727876142],[28.297328421571745,-26.15547461852806],[28.29735256145288,-26.15548424874377],[28.297359266975416,-26.15545174676255]]],[[[28.297660193501674,-26.15550795537103],[28.297664216815196,-26.15552721579617],[28.297747365294658,-26.15552480824319],[28.297742000876628,-26.15550675159435]]],[[[28.29767762786027,-26.155480268504324],[28.297680310069286,-26.155501936487518],[28.297739318667613,-26.15549952893403],[28.29773529535409,-26.155479064727366]]],[[[28.297701767741405,-26.155414060752957],[28.29770444995042,-26.15543332119359],[28.29785063034173,-26.155432117416147],[28.29784124261018,-26.155411653197653]]],[[[28.297770164071284,-26.15521302971403],[28.297815761624538,-26.15523951286473],[28.29786135917779,-26.155186546557328],[28.29781442052003,-26.1551564520538]]],[[[28.29811348682519,-26.155363502081165],[28.298126897870265,-26.155402022975945],[28.29821272855874,-26.15538517008604],[28.298196635304652,-26.155344241628992]]],[[[28.296274832545482,-26.156043634759534],[28.296288243590556,-26.156070117721686],[28.29632847672578,-26.15605085738618],[28.29631774788972,-26.15602798573363]]]],""evenOdd"":true}",,
1722331623011,1990586,34,,"{""type"":""MultiPolygon"",""coordinates"":[[[[18.688201517988144,-33.92978266390741],[18.688185424734055,-33.92979379134924],[18.688280643154084,-33.92989171277457],[18.688299418617188,-33.929878359859565]]],[[[18.688302100826203,-33.9298839235744],[18.688284666467606,-33.92989616374578],[18.688381225992142,-33.9299940850534],[18.68839866035074,-33.92997961941278]]],[[[18.688405365873276,-33.92997961941278],[18.688426823545395,-33.9299940850534],[18.688558251787125,-33.929901727459445],[18.688542158533036,-33.92988726180314]]],[[[18.68859848492235,-33.92984720304973],[18.688614578176438,-33.92986166871286],[18.688748688627182,-33.92977042371974],[18.6887339364776,-33.92975373255189]]],[[[18.688737959791123,-33.92974928157324],[18.688754053045212,-33.929762634508485],[18.688885481286942,-33.92967250215496],[18.68887072913736,-33.9296580364597]]],[[[18.688446940113007,-33.930027467291644],[18.68842950575441,-33.93004082018327],[18.688540817428528,-33.93015209419876],[18.688558251787125,-33.93013985406417]]],[[[18.68983766548723,-33.93040802388269],[18.68982693665117,-33.93042360218645],[18.689891309667527,-33.93047256255113],[18.68990606181711,-33.93046254793337]]],[[[18.689944953847824,-33.930466998874735],[18.689934225011765,-33.930479238962306],[18.68996909372896,-33.930501493662476],[18.689979822565018,-33.93049147904812]]],[[[18.68993154280275,-33.93048146443259],[18.689922155071198,-33.930492591783114],[18.68995300047487,-33.93051707194913],[18.689966411519944,-33.93050594460182]]],[[[18.692679110375728,-33.93178134503012],[18.692679110375728,-33.93180026123642],[18.692739460078563,-33.93180026123642],[18.692739460078563,-33.931782457748255]]],[[[18.69265228828558,-33.931995308803735],[18.692654970494594,-33.932011999532286],[18.692742142287578,-33.93201645039267],[18.692743483392086,-33.9319986469497]]],[[[18.690684887973156,-33.93240726717733],[18.690683546868648,-33.93241839427623],[18.690757307616558,-33.93243842305059],[18.690762672034587,-33.93242840866401]]],[[[18.68884114052344,-33.931637005410124],[18.688807612910754,-33.931637005410124],[18.68881029511977,-33.93167928876066],[18.688845163836962,-33.93167928876066]]],[[[18.68880895401526,-33.93169931770885],[18.688811636224276,-33.931730473841114],[18.688849187150485,-33.931729361122294],[18.68884650494147,-33.93169931770885]]],[[[18.68880358959723,-33.93160362380278],[18.68880358959723,-33.931622540048544],[18.688838458314425,-33.931622540048544],[18.68883577610541,-33.931600285641316]]],[[[18.689648485436923,-33.93097604714921],[18.689641779914385,-33.930993850805955],[18.68966591979552,-33.93100052717628],[18.68967128421355,-33.93098494897806]]],[[[18.68992877627898,-33.931109574484076],[18.689920729651934,-33.931129603566255],[18.69001728917647,-33.93115742172812],[18.690023994699008,-33.93113961810557]]],[[[18.69000119592238,-33.931415573836865],[18.689978397145754,-33.93147454813122],[18.69000119592238,-33.9314801117418],[18.690026676908023,-33.93142225017413]]],[[[18.68974462889152,-33.93179612422534],[18.68973390005546,-33.9318239421695],[18.689799614176327,-33.931841745648995],[18.68980766080337,-33.9318183785814]]],[[[18.68947238467651,-33.93152239517022],[18.689458973631435,-33.93154019871275],[18.689485795721584,-33.931551325924936],[18.68949384234863,-33.93153018422054]]],[[[18.689473725781017,-33.931515718840814],[18.689509935602718,-33.9315290714991],[18.68951932333427,-33.93150681706745],[18.68948311351257,-33.931495689849456]]],[[[18.689484454617077,-33.93148901351795],[18.689522005543285,-33.931502366180425],[18.689531393274837,-33.93148233718592],[18.68949384234863,-33.931471209964705]]],[[[18.68944019816833,-33.93149680257131],[18.689428128227764,-33.931526846056194],[18.689457632526928,-33.931537973270146],[18.689469702467495,-33.931509042510875]]],[[[18.689444221481853,-33.931486788074],[18.689473725781017,-33.931499028015],[18.68948311351257,-33.931471209964705],[18.689457632526928,-33.931457857297346]]],[[[18.69062707565742,-33.93174382646573],[18.69062171123939,-33.931769418990406],[18.690696813091808,-33.931790560635434],[18.69070620082336,-33.93176608083546]]],[[[18.691277511343532,-33.931939664719685],[18.691272146925503,-33.9319530173115],[18.6912895812841,-33.931961919038216],[18.691296286806637,-33.93194967916374]]],[[[18.691355295404964,-33.93218334919093],[18.691332496628338,-33.932245661089894],[18.691351272091442,-33.932252337362094],[18.6913794352861,-33.93219002546801]]],[[[18.691579259857708,-33.932290169561256],[18.691573895439678,-33.93230240938679],[18.691622175201946,-33.932317987344035],[18.691627539619976,-33.93230463480943]]],[[[18.691691912636333,-33.932322438188436],[18.69168923042732,-33.932335790720245],[18.691760308966213,-33.93235804493528],[18.691762991175228,-33.93234135427455]]],[[[18.69163558624702,-33.93229350769567],[18.691628880724483,-33.932314649210575],[18.691663749441677,-33.93232577632158],[18.69167313717323,-33.932305747520736]]],[[[18.691885031685405,-33.93238697540612],[18.69187832616287,-33.9324036660579],[18.691894419416958,-33.932408116897825],[18.691899783834987,-33.93239253895708]]]],""evenOdd"":true}",,
1722331623011,7981395,35,,"{""type"":""MultiPolygon"",""coordinates"":[[[[28.018524701439155,-26.004335985155198],[28.01853811248423,-26.004349243809227],[28.018591756664527,-26.00429620918413],[28.018572981201423,-26.00428656652245]]],[[[28.018560911260856,-26.00436370779374],[28.018577004514945,-26.004378171776462],[28.01860650881411,-26.00434683314497],[28.01859041556002,-26.00433357449066]]],[[[28.01859577997805,-26.004326342496775],[28.018609191023124,-26.0043396011519],[28.018636013113273,-26.00431549450512],[28.0186226020682,-26.00430103051467]]],[[[28.018446917377723,-26.004385403767152],[28.018463010631812,-26.004399867747214],[28.018492514930976,-26.00436370779374],[28.018477762781394,-26.004354065137598]]],[[[28.018465692840827,-26.0044010730788],[28.018477762781394,-26.004411921062527],[28.018509949289573,-26.004378171776462],[28.018497879349006,-26.004367323789577]]],[[[28.01848044499041,-26.004414331725478],[28.0184965382445,-26.004427590370664],[28.018530065857185,-26.004392635757398],[28.01851665481211,-26.004381787771866]]],[[[28.017977530800117,-26.005192973260186],[28.01798021300913,-26.00521466908042],[28.01804860933901,-26.005203821170813],[28.018045927129997,-26.005184535995674]]],[[[28.0183168302405,-26.005142349664062],[28.018331582390083,-26.00516284016988],[28.018355722271217,-26.00514837628379],[28.018344993435157,-26.005131501747762]]],[[[28.018328900181068,-26.005167661464853],[28.018340970121635,-26.00518333067214],[28.018367792211784,-26.005167661464853],[28.01836376889826,-26.005153197579354]]],[[[28.018344993435157,-26.005186946642745],[28.01835438116671,-26.005203821170813],[28.01841204866053,-26.00517248275962],[28.018402660928977,-26.00515440290321]]],[[[28.018344993435157,-26.00521707972687],[28.01835438116671,-26.005235159573633],[28.018408025347007,-26.00520623181747],[28.01840131982447,-26.00518935728977]]],[[[28.01821758850695,-26.005525642063354],[28.018220270715965,-26.00554733782213],[28.01829671367289,-26.005541311222874],[28.018292690359367,-26.00551841014287]]],[[[28.018665517412437,-26.00641275426499],[28.01867356403948,-26.006429628616928],[28.01874732478739,-26.006389853354914],[28.01873793705584,-26.006371773685906]]],[[[28.019128780762518,-26.005951235323906],[28.019128780762518,-26.005974136319512],[28.019225340287054,-26.005970520373136],[28.01922802249607,-26.00594882469253]]],[[[28.019193153778875,-26.00598136821192],[28.019193153778875,-26.006006679831902],[28.01928971330341,-26.00601150109222],[28.01929105440792,-26.005988600103915]]],[[[28.019446622530783,-26.005719814486156],[28.01943321148571,-26.00573427830188],[28.019481491247976,-26.005770437833377],[28.019493561188543,-26.00575597402212]]],[[[28.019446622530783,-26.0057089666232],[28.01947880903896,-26.005730662348117],[28.01949087897953,-26.005714993213854],[28.019466739098394,-26.005695708122676]]],[[[28.01946942130741,-26.00568847621267],[28.019497584502066,-26.005707761305032],[28.019517701069677,-26.005687270894285],[28.019486855666006,-26.005669191117114]]],[[[28.01882993187924,-26.005992917898887],[28.018837978506284,-26.006009792311136],[28.018876870537,-26.005992917898887],[28.018867482805447,-26.005976043484193]]],[[[28.01885004844685,-26.006012202941264],[28.018862118387418,-26.006029077350757],[28.018899669313626,-26.00600256042047],[28.01888625826855,-26.005988096637793]]],[[[28.01908608284016,-26.005665071693844],[28.01908205952664,-26.00568797274525],[28.019124974870877,-26.005701231246665],[28.0191289981844,-26.005675919560858]]],[[[28.0189130803587,-26.005471015236896],[28.018927832508282,-26.0054842737628],[28.01897611227055,-26.00544088221793],[28.018962701225476,-26.00542521304501]]],[[[28.018943925762372,-26.00550476420897],[28.018957336807446,-26.005521638691366],[28.01900829877873,-26.005474631198663],[28.018996228838162,-26.00545896203024]]],[[[28.01895599570294,-26.005285395717166],[28.018962701225476,-26.005307091520336],[28.0190029343607,-26.005305886198048],[28.0190029343607,-26.005282985072128]]],[[[28.01902439203282,-26.005337224573633],[28.019027074241833,-26.005357715045456],[28.01906998958607,-26.005355304401895],[28.019068648481564,-26.00533481392965]]],[[[28.019245674276547,-26.005321555386878],[28.019273837471204,-26.005340840539507],[28.019306023979382,-26.005304680875735],[28.01928188409825,-26.005290217007108]]],[[[28.01893446095747,-26.00494865539446],[28.018937143166486,-26.004967940608317],[28.019017609436933,-26.004964324630954],[28.019012245018903,-26.00494021811239]]],[[[28.018702545794678,-26.00488167383795],[28.018725344571305,-26.00490578036852],[28.018781670960617,-26.00486600459042],[28.0187602132885,-26.004839487397536]]],[[[28.01880044642372,-26.00477319438913],[28.018797764214707,-26.004792479631796],[28.018851408395005,-26.004799711596977],[28.018850067290497,-26.004778015700094]]],[[[28.01890102926178,-26.004791274304225],[28.018907734784317,-26.004808148889133],[28.018957355651093,-26.004799711596977],[28.01894930902405,-26.004779221027803]]],[[[28.018115142020417,-26.004843337396103],[28.018100389870835,-26.00485900664666],[28.0181661039917,-26.004921683627956],[28.018178173932267,-26.004903603732938]]],[[[28.01734841741221,-26.006111484932138],[28.01734975851672,-26.006128359327356],[28.0174181548466,-26.006125948699612],[28.017420837055614,-26.006110279618095]]],[[[28.017356464039256,-26.00613076995504],[28.017356464039256,-26.006145233720154],[28.0174181548466,-26.006140412465314],[28.017415472637584,-26.00612956464121]]],[[[28.01630972589993,-26.00605422704516],[28.01630972589993,-26.006077128020692],[28.016348617930646,-26.006078333335065],[28.016343253512616,-26.00605543235978]]],[[[28.016312408108945,-26.00608556522108],[28.016313749213452,-26.00610967150454],[28.016348617930646,-26.00610846619049],[28.01634593572163,-26.00608677053537]]],[[[28.01675631370091,-26.006447158953534],[28.01675631370091,-26.006466443921333],[28.016785818000074,-26.006467649231716],[28.016785818000074,-26.006447158953534]]],[[[28.016753631491895,-26.00647005985244],[28.016753631491895,-26.006486934196147],[28.016785818000074,-26.006489344816472],[28.016785818000074,-26.00647005985244]]],[[[28.01702319349789,-26.007090178862466],[28.01702855791592,-26.007115490243464],[28.01709829535031,-26.00711187433223],[28.017099636454816,-26.007085357646414]]],[[[28.01702855791592,-26.00713115919086],[28.01702855791592,-26.00715285465304],[28.01709829535031,-26.00715285465304],[28.017100977559323,-26.00712874858371]]],[[[28.017177420516248,-26.00726522405094],[28.017180102725263,-26.00728691948835],[28.017243134637113,-26.007289330092267],[28.017243134637113,-26.00726522405094]]],[[[28.017178761620755,-26.00729535660181],[28.017178761620755,-26.007319462636953],[28.01724447574162,-26.007318257335314],[28.01724447574162,-26.007294151299924]]],[[[28.017253863473172,-26.00743637683718],[28.017252522368665,-26.007453251042037],[28.017298119921918,-26.00745686694276],[28.017298119921918,-26.00743396623629]]],[[[28.017252522368665,-26.007458072242976],[28.017252522368665,-26.007479767644774],[28.017295437712903,-26.00748097294475],[28.01729677881741,-26.00745927754318]]],[[[28.017658870618714,-26.00701651302599],[28.0176561884097,-26.007038208509357],[28.017704468171967,-26.007040619118364],[28.017705809276475,-26.00701651302599]]],[[[28.017715197008027,-26.00702012894015],[28.017715197008027,-26.00704544033625],[28.01776079456128,-26.00704544033625],[28.01776079456128,-26.007022539549553]]],[[[28.01748658631645,-26.006798998122772],[28.01749195073448,-26.006820693646326],[28.017536207183227,-26.00681828303279],[28.017532183869704,-26.006794176894772]]],[[[28.016939415677413,-26.00597938651976],[28.016943438990936,-26.006003492825023],[28.017034634097442,-26.005987823727157],[28.017026587470397,-26.005962512103128]]],[[[28.01664169047676,-26.005981797150508],[28.01665241931282,-26.006003492825023],[28.016748978837356,-26.005962512103128],[28.016738250001296,-26.005940816421045]]],[[[28.016813351853713,-26.005798589072565],[28.016821398480758,-26.00582149009794],[28.01689918254219,-26.00581425819567],[28.01689381812416,-26.0057925624862]]],[[[28.016907229169234,-26.005802205024242],[28.016907229169234,-26.005823900731937],[28.016944780095443,-26.00582028478092],[28.016939415677413,-26.00579738375533]]],[[[28.016527696593627,-26.00581425819567],[28.016530378802642,-26.00583956985166],[28.016588046296462,-26.005829927316675],[28.016581340773925,-26.005805820975805]]],[[[28.01658938740097,-26.005808231610104],[28.016593410714492,-26.005828721999755],[28.01664169047676,-26.005822695414953],[28.016637667163238,-26.00579738375533]]],[[[28.016592069609985,-26.005558730696414],[28.01661084507309,-26.005586453046337],[28.016639008267745,-26.005574399851515],[28.01662023280464,-26.005540650899455]]],[[[28.01655183647476,-26.005509312578145],[28.016585364087447,-26.005552704097738],[28.016612186177596,-26.005539445579558],[28.016582681878432,-26.00549243809399]]],[[[28.015214755280837,-26.00726304039134],[28.015232189639434,-26.00729076233895],[28.015285833819732,-26.007265450995728],[28.015269740565643,-26.007237729042153]]],[[[28.01466222022377,-26.006215628097955],[28.01467697237335,-26.00623491310377],[28.014695747836456,-26.006224065288382],[28.01468233679138,-26.006204780280797]]],[[[28.014686360104903,-26.00620236965463],[28.01469843004547,-26.006221654662617],[28.014715864404067,-26.006210806846013],[28.014705135568008,-26.00619513777582]]],[[[28.014715864404067,-26.006215628097955],[28.014726593240127,-26.00623611841653],[28.014760120852813,-26.006219244036792],[28.014748050912246,-26.00620236965463]]],[[[28.014731957658157,-26.00618067401686],[28.014744027598724,-26.00619995902841],[28.014765485270843,-26.00619152183624],[28.01475207422577,-26.006171031509894]]],[[[28.014758779748306,-26.006175852763477],[28.014776214106902,-26.00620236965463],[28.014794989570007,-26.006192727149447],[28.014774873002395,-26.00616379962915]]],[[[28.014951235291925,-26.00608033480668],[28.01495928191897,-26.006099619834718],[28.015012926099267,-26.006075513549177],[28.015002197263208,-26.006056228517195]]],[[[28.015007561681237,-26.006040559426378],[28.015024996039834,-26.00607069229147],[28.015045112607446,-26.006061049775486],[28.01502633714434,-26.00602971159304]]],[[[28.015093392369714,-26.00602368501853],[28.015104121205773,-26.006039354111607],[28.01516447090861,-26.006012837183647],[28.015155083177056,-26.00599355214136]]],[[[28.01517922305819,-26.005998373402235],[28.01518995189425,-26.0060152478137],[28.015208727357354,-26.00600560529316],[28.01520068073031,-26.005988730880294]]],[[[28.015892690656152,-26.005854940806795],[28.01590574256099,-26.005876636504755],[28.015951340114242,-26.00585614612346],[28.015939270173675,-26.00583806637229]]],[[[28.015870873843795,-26.005920027888628],[28.01588428488887,-26.005939312942978],[28.015907083665496,-26.005929670416194],[28.015897695933944,-26.005910385360252]]],[[[28.015283191099368,-26.006679305747685],[28.015293919935427,-26.00667689513126],[28.015280508890353,-26.006652788964224],[28.0152711211588,-26.006656404889593]]],[[[28.015893393650256,-26.00646958193303],[28.015913510217867,-26.00649248282756],[28.015925580158434,-26.006484045656407],[28.01590680469533,-26.00645993944978]]],[[[28.01591753353139,-26.00649609875786],[28.015925580158434,-26.006505741238136],[28.015941673412524,-26.006494893447773],[28.01593362678548,-26.0064864562768]]],[[[28.015955084457598,-26.006508151858082],[28.01593899120351,-26.006518999647213],[28.015965813293658,-26.006546721770466],[28.01597520102521,-26.006534668674213]]],[[[28.015567505254946,-26.006476813794933],[28.015584939613543,-26.00650453592815],[28.015601032867632,-26.00649609875786],[28.01558091630002,-26.006468376622664]]],[[[28.015641266002856,-26.00646235007067],[28.015653335943423,-26.006481635035975],[28.015668088093005,-26.00647440317435],[28.015656018152438,-26.00645270758683]]],[[[28.0156131028082,-26.00645752882885],[28.015619808330737,-26.00646958193303],[28.015635901584826,-26.0064635553811],[28.01562919606229,-26.006449091655192]]],[[[28.015587621822558,-26.00646235007067],[28.015595668449603,-26.006473197864047],[28.015611761703692,-26.006464760691507],[28.01560237397214,-26.006451502276295]]],[[[28.015568846359454,-26.006415342954487],[28.015578234091006,-26.006437038548917],[28.015595668449603,-26.006429806684555],[28.015584939613543,-26.00640811108879]]],[[[28.01553934206029,-26.006447886344617],[28.015547388687335,-26.006461144760234],[28.015572869672976,-26.006451502276295],[28.01556482304593,-26.006435833238214]]],[[[28.01551386107465,-26.006458734139322],[28.01552861322423,-26.00647440317435],[28.01554470647832,-26.006464760691507],[28.01553397764226,-26.006447886344617]]],[[[28.01549106229802,-26.00645029696575],[28.01550313223859,-26.0064635553811],[28.01551788438817,-26.00645752882885],[28.015509837761126,-26.00644427041283]]],[[[28.015650653734408,-26.006162227390092],[28.015662723674975,-26.006181512404673],[28.015684181347094,-26.006170664584364],[28.015668088093005,-26.006150174254376]]],[[[28.015688204660616,-26.006133299862277],[28.01570161570569,-26.006157406135948],[28.015720391168795,-26.006142942372346],[28.015708321228228,-26.00612365735143]]],[[[28.015630537166796,-26.006111604211757],[28.015641266002856,-26.006133299862277],[28.01565467704793,-26.006126067979217],[28.015641266002856,-26.006109193583665]]],[[[28.015474969043932,-26.006194770850364],[28.015505814447604,-26.00624780461814],[28.015524589910708,-26.00623695680395],[28.015493744507037,-26.00618271771798]]],[[[28.015417301550112,-26.00623695680395],[28.015426689281664,-26.006255036493723],[28.015473627939425,-26.006230930240086],[28.01546558131238,-26.0062140558596]]],[[[28.01544010032674,-26.006251420555987],[28.015452170267306,-26.00626950024351],[28.01549106229802,-26.006253831181155],[28.015478992357455,-26.006235751491204]]],[[[28.01545485247632,-26.006300838361973],[28.01547094573041,-26.006293606489233],[28.01545485247632,-26.00626950024351],[28.01543875922223,-26.00627673211775]]],[[[28.015157127275668,-26.006363514573817],[28.01517724384328,-26.006353872081867],[28.015165173902712,-26.00633699771904],[28.0151450573351,-26.006343024277484]]],[[[28.01516115058919,-26.00632253397756],[28.015175902738772,-26.006350256147186],[28.01519199599286,-26.00633940834246],[28.015178584947787,-26.006316507418084]]],[[[28.015190654888354,-26.00633699771904],[28.015200042619906,-26.006356282704928],[28.015242957964144,-26.00633458709558],[28.01522954691907,-26.006320123353795]]],[[[28.01522954691907,-26.00634422958912],[28.01522418250104,-26.006363514573817],[28.015257710113726,-26.006369541130887],[28.01526173342725,-26.00635146145875]]],[[[28.015550535049826,-26.007785735246188],[28.01554785284081,-26.007805019994155],[28.015593450394064,-26.007811046477265],[28.0156001559166,-26.007792967027047]]],[[[28.01555858167687,-26.0078134570704],[28.015551876154333,-26.007831536517475],[28.015598814812094,-26.0078375629992],[28.01560149702111,-26.007819483553074]]],[[[28.015503596392065,-26.00787251658715],[28.015496890869528,-26.007889390729332],[28.01554919394532,-26.0078954172081],[28.015555899467856,-26.007878543066777]]],[[[28.01545933994332,-26.007841178888096],[28.01545397552529,-26.007860463626972],[28.015496890869528,-26.007868900699222],[28.015502255287558,-26.007850821257925]]],[[[28.01537381444144,-26.007362949573338],[28.01536845002341,-26.007383439691715],[28.01547842059302,-26.007407545708784],[28.01548378501105,-26.007384644992694]]],[[[28.015591073371645,-26.00745093652703],[28.015584367849108,-26.007469016029884],[28.015639353133913,-26.007488300829863],[28.015647399760958,-26.00746540012953]]],[[[28.01560448441672,-26.00741357221227],[28.015600461103197,-26.007436472922716],[28.01565678749251,-26.00745093652703],[28.015663493015047,-26.00743044642039]]]],""evenOdd"":true}",,
1722331623011,4990620,36,"POssibly one, but really wasnt sure, so left it off.",,,
1722331623011,7990695,37,,"{""type"":""MultiPolygon"",""coordinates"":[[[[28.109647391335393,-25.67693872855064],[28.109642026917363,-25.67696411066918],[28.109705058829213,-25.676961693324788],[28.10970639993372,-25.67693993722307]]],[[[28.109781501786138,-25.67697378004626],[28.109777478472616,-25.676993118798066],[28.109849898116018,-25.676991910126155],[28.109856603638555,-25.67697378004626]]],[[[28.109730539814855,-25.67655678744726],[28.10972785760584,-25.67657854361894],[28.10974797417345,-25.67657854361894],[28.109750656382467,-25.67655920479986]]],[[[28.10975467969599,-25.676554370094614],[28.10975333859148,-25.67657370891446],[28.109793571726705,-25.676572500238315],[28.109793571726705,-25.676554370094614]]],[[[28.109809664980794,-25.676550744065544],[28.109809664980794,-25.676571291562144],[28.1098284404439,-25.676571291562144],[28.109831122652913,-25.676551952741903]]],[[[28.10981637050333,-25.67659788243487],[28.10981771160784,-25.67661480389624],[28.109840510384466,-25.676613595220502],[28.109840510384466,-25.676595465083047]]],[[[28.110517768160726,-25.67578413981403],[28.11051642705622,-25.67580589612676],[28.110580800072576,-25.67580227007493],[28.110580800072576,-25.675779305077338]]],[[[28.112404637564048,-25.675962631064714],[28.112399273146018,-25.67598438734486],[28.112469010580405,-25.67598438734486],[28.112473033893927,-25.675962631064714]]],[[[28.112735890377387,-25.675879231954045],[28.112731867063864,-25.675902196932373],[28.112810992229804,-25.675900988249424],[28.112809651125296,-25.675882858003547]]],[[[28.115015768040045,-25.67589011010223],[28.115015768040045,-25.67591186639561],[28.11505600117527,-25.675910657712745],[28.115058683384284,-25.67589011010223]]],[[[28.114889704216345,-25.677400954370324],[28.114893727529868,-25.67743963173213],[28.114964806068762,-25.677425127722938],[28.114959441650733,-25.677385241688505]]],[[[28.114972852695807,-25.677390076360044],[28.114979558218344,-25.67742633639043],[28.11500235699497,-25.677423919055414],[28.114994310367926,-25.67738161568471]]],[[[28.11499162815891,-25.677734546203247],[28.11499699257694,-25.677750258839012],[28.115037225712165,-25.677736963531952],[28.115035884607657,-25.677720042229925]]],[[[28.11505600117527,-25.67773212887447],[28.115058683384284,-25.67775267616741],[28.115098916519507,-25.677736963531952],[28.115096234310492,-25.677717624900865]]],[[[28.114419090730404,-25.67736343420454],[28.114409702998852,-25.6774057375817],[28.11444188950703,-25.6774057375817],[28.114453959447598,-25.677365851540777]]],[[[28.113158281750348,-25.677701498207618],[28.113160963959363,-25.67775226211441],[28.11318376273599,-25.67775226211441],[28.113179739422467,-25.677701498207618]]],[[[28.113132800764706,-25.677697872213443],[28.11313682407823,-25.67775347077859],[28.113152917332318,-25.67775226211441],[28.113150235123303,-25.677701498207618]]],[[[28.112357642359402,-25.6777413841362],[28.112356301254895,-25.6777583054352],[28.112470295138028,-25.677760722763434],[28.11246895403352,-25.6777413841362]]],[[[28.112187322086957,-25.677404166319313],[28.112184639877942,-25.677425922336294],[28.112235601849225,-25.677424713668785],[28.112234260744717,-25.677445261014732],[28.11225840062585,-25.677445261014732],[28.112261082834866,-25.677404166319313]]],[[[28.112073328203824,-25.677809069317792],[28.112071987099316,-25.67784653788392],[28.11211758465257,-25.67784653788392],[28.112116243548062,-25.677809069317792]]],[[[28.111794378466275,-25.67774259280049],[28.11179169625726,-25.6777667660838],[28.111861433691647,-25.67776434875569],[28.111864115900662,-25.67774259280049]]],[[[28.111563708490994,-25.67785137253676],[28.111574437327054,-25.677870711146152],[28.111668314642575,-25.67782840793404],[28.111656244702008,-25.677813903972147]]],[[[28.11157577843156,-25.6778731284721],[28.111585166163113,-25.677890049752406],[28.11167636126962,-25.67785137253676],[28.111666973538068,-25.677834451250984]]],[[[28.111578460640576,-25.677731714821398],[28.111609306044247,-25.67777885272362],[28.111625399298337,-25.677769183411865],[28.111595894999173,-25.67772325417031]]],[[[28.11153956860986,-25.677702706872324],[28.111547615236905,-25.67773050615701],[28.111622717089322,-25.677699080878188],[28.111609306044247,-25.67767369891617]]],[[[28.110681261725095,-25.67779637593829],[28.110669191784527,-25.67783505317177],[28.110716130442288,-25.67783747049844],[28.110721494860318,-25.677798793265744]]],[[[28.110608842081692,-25.677850765794293],[28.110602136559155,-25.677890651672914],[28.11062627644029,-25.677889443010116],[28.11063029975381,-25.677853183120654]]],[[[28.11063029975381,-25.677853183120654],[28.11062627644029,-25.67786889574077],[28.110638346380856,-25.67787252172973],[28.110643710798886,-25.67785197445747]]],[[[28.110627617544797,-25.677879773707346],[28.110622253126767,-25.677894277661213],[28.11063566417184,-25.677897903649413],[28.110638346380856,-25.67787856504443]]],[[[28.110229309506085,-25.67763924954817],[28.110223945088055,-25.677680344162525],[28.110256131596234,-25.67767792683266],[28.110260154909756,-25.677636832217473]]],[[[28.111025925583508,-25.677262145366647],[28.111027266688016,-25.67731411812923],[28.111070182032254,-25.677317744135074],[28.11106615871873,-25.677262145366647]]],[[[28.11167124667735,-25.67755486809929],[28.111667223363828,-25.67756937209271],[28.111738301902722,-25.677568163426663],[28.111736960798215,-25.67755486809929]]],[[[28.111753054052304,-25.6774678441017],[28.11175573626132,-25.677496852107954],[28.11177585282893,-25.677495643441173],[28.11177585282893,-25.6774678441017]]],[[[28.111679293304395,-25.677472678769895],[28.11167661109538,-25.677493226107554],[28.111700750976514,-25.677492017440734],[28.11170343318553,-25.677472678769895]]],[[[28.111719526439618,-25.677443670757746],[28.111719526439618,-25.677469052768757],[28.111751712947797,-25.677466635434623],[28.111751712947797,-25.677446088092363]]],[[[28.114603836716196,-25.676883179355773],[28.11460115450718,-25.67689889210381],[28.114693690718195,-25.676897683430948],[28.11469637292721,-25.67688197068277]]],[[[28.114058007181665,-25.676925482903425],[28.114056666077158,-25.676946030335433],[28.114114333570978,-25.676944821663067],[28.11411299246647,-25.676925482903425]]],[[[28.111247052134058,-25.676952073697116],[28.111243028820535,-25.676991959876535],[28.111299355209848,-25.676994377220304],[28.111304719627878,-25.6769544910417]]],[[[28.110211275175576,-25.676387622393705],[28.11020859296656,-25.676406961240613],[28.11024077947474,-25.676405752562772],[28.110238097265725,-25.676388831071733]]],[[[28.11121308024264,-25.67642871743963],[28.111199669197564,-25.67646135173074],[28.111261360004907,-25.67646860379421],[28.11127074773646,-25.676435969505107]]],[[[28.11209955032206,-25.676487942627983],[28.112088821486,-25.67650244675126],[28.11216794665194,-25.67652541160949],[28.112174652174478,-25.676509698812232]]],[[[28.112348995760446,-25.676487942627983],[28.112343631342416,-25.676513324842553],[28.112402639940743,-25.67651695087276],[28.112408004358773,-25.676492777335937]]],[[[28.11346613581515,-25.676478273211487],[28.11345943029261,-25.676521785579528],[28.113519779995446,-25.67652420293285],[28.113525144413476,-25.676480690565686]]],[[[28.114038787439828,-25.67641179595185],[28.114036105230813,-25.67643234347243],[28.11409109051562,-25.67643355215],[28.114099137142663,-25.676394874461664],[28.114062927320962,-25.6763936657837],[28.114060245111947,-25.6764142133074]]],[[[28.114134005859857,-25.6764009178513],[28.114128641441827,-25.676423882729093],[28.11421715433932,-25.676423882729093],[28.11421715433932,-25.676405752562772]]],[[[28.114534502469812,-25.67650617907847],[28.114518409215723,-25.676523100552853],[28.114549254619394,-25.676547274083525],[28.11456668897799,-25.676533978642258]]],[[[28.114775901281153,-25.676408276215195],[28.114770536863123,-25.67643728447937],[28.114848320924555,-25.676439701834397],[28.114852344238077,-25.676411902248606]]]],""evenOdd"":true}",,
1722331623011,5990320,38,,"{""type"":""Polygon"",""coordinates"":[[[30.96763746212244,-29.82746215513614],[30.96765757869005,-29.827478443358842],[30.967677695257663,-29.827455174468465],[30.96765891979456,-29.827438886241982]]],""geodesic"":true,""evenOdd"":true}",,
1722331623011,5060102,39,,"{""type"":""MultiPolygon"",""coordinates"":[[[[30.443855538252837,-30.73578666554398],[30.443862243775374,-30.735846607166955],[30.44388638365651,-30.735846607166955],[30.44387967813397,-30.7357843600962]]],[[[30.443804576281554,-30.735748625648515],[30.443804576281554,-30.735765916511966],[30.443826033953673,-30.735763611063675],[30.443828716162688,-30.735779749200464],[30.443851514939315,-30.735778596476486],[30.443850173834807,-30.73576130561534],[30.443878337029464,-30.735756694718503],[30.44387431371594,-30.735739403853415]]],[[[30.44303478229428,-30.73601029371669],[30.443028076771743,-30.73602643181216],[30.443101837519652,-30.73605986071564],[30.443109884146697,-30.73604372262575]]],[[[30.439631356624233,-30.736429123932243],[30.439613922265636,-30.73644295652556],[30.43968500080453,-30.73647984343134],[30.439697070745098,-30.73646601084332]]],[[[30.43960185232507,-30.736412985904213],[30.43958575907098,-30.73642681849984],[30.4396072167431,-30.73644295652556],[30.439623309997188,-30.73642566578361]]],[[[30.439497246173488,-30.736385320706997],[30.439518703845607,-30.736398000590047],[30.439573689130413,-30.736323073984245],[30.439550890353786,-30.736310394091348]]]],""evenOdd"":true}",,
1722331623011,7660081,40,There are no houses here? Just a bare patch of land.,,,
1722331623011,7985268,41,,"{""type"":""MultiPolygon"",""coordinates"":[[[[27.991611597893968,-26.196908952979292],[27.991606233475938,-26.196928206564664],[27.99162098562552,-26.196928206564664],[27.99161562120749,-26.196947460146866],[27.99165183102919,-26.19695588358807],[27.991655854342714,-26.196939036705047],[27.991675970910325,-26.196942646751616],[27.991682676432863,-26.196923393168625]]],[[[27.99196699058844,-26.196668282893476],[27.991954920647874,-26.196710400194405],[27.9919777194245,-26.19671641695043],[27.99198844826056,-26.19667309630007]]],[[[27.991987107156053,-26.19664421585754],[27.991980401633516,-26.19665624937613],[27.992005882619157,-26.196663469486698],[27.99200990593268,-26.196650232617003]]],[[[27.99202465808226,-26.19665624937613],[27.99203672802283,-26.19665865607971],[27.992034045813813,-26.196667079541808],[27.992052821276918,-26.196671892948437],[27.992059526799455,-26.196659859431463],[27.992068914531007,-26.196664672838406],[27.992075620053544,-26.19665384267251],[27.992028681395784,-26.196641809153682]]],[[[27.99272332616585,-26.198067165693836],[27.992736737210926,-26.198080402402482],[27.992770264823612,-26.198049115634173],[27.992756853778538,-26.198037082259507]]],[[[27.992819885690388,-26.198049115634173],[27.992806474645313,-26.198059945670312],[27.992838661153492,-26.19809002909872],[27.992852072198566,-26.198077995728294]]],[[[27.992790381391224,-26.198312272899827],[27.99280245133179,-26.1983194929077],[27.99284402557152,-26.19827617285368],[27.992827932317432,-26.198266546172828]]],[[[27.992239061372064,-26.199172305194537],[27.992260519044184,-26.199187948428854],[27.99227795340278,-26.1991662885654],[27.99225783683517,-26.199151848654186]]]],""evenOdd"":true}",,
1722331623011,7992348,42,,,,
1722331623011,1990430,43,,,,
1722331623011,1994468,44,,,,
1722331623011,4620070,45,,,,
1722331623011,5993828,46,,,,
1722331623011,8770474,47,,,,
1722331623011,7985150,48,,"{""type"":""MultiPolygon"",""coordinates"":[[[[27.911114595661637,-26.273167475940376],[27.911115936766144,-26.273216780895496],[27.911137394438263,-26.273216780895496],[27.91113873554277,-26.273168678500507]]],[[[27.911593093352344,-26.270387547678244],[27.911589070038822,-26.27040438392215],[27.911619915442493,-26.270403181333382],[27.911625279860523,-26.270389952856096]]],[[[27.91185192652228,-26.27039837097818],[27.91185192652228,-26.270436853814218],[27.91186936088088,-26.27043565122578],[27.911870701985386,-26.27039716838934]]]],""evenOdd"":true}",,
1722331623011,1994020,49,,"{""type"":""Polygon"",""coordinates"":[[[18.527921256117544,-33.96324508612652],[18.5279132094905,-33.96326510764793],[18.527978923611364,-33.96328735377731],[18.5279856291339,-33.96326733226113]]],""geodesic"":true,""evenOdd"":true}",,
1722331623011,5240457,50,"Only one as far as I can see, but may not be a panel? Think it is, but please check.","{""type"":""Polygon"",""coordinates"":[[[30.02156718539564,-27.753499392919004],[30.021565844291132,-27.753526689839273],[30.02158864306776,-27.75352906348419],[30.02158864306776,-27.753499392919004]]],""geodesic"":true,""evenOdd"":true}",,
1722331623011,7971336,51,,,,
1722502994633,7991787,52,,"{""type"":""MultiPolygon"",""coordinates"":[[[[28.25225252811409,-25.719306442114537],[28.252256551427614,-25.71931852453809],[28.252367863101732,-25.719283485506438],[28.252361157579195,-25.71927381956485]]],[[[28.25224716369606,-25.71929315144722],[28.25225252811409,-25.719301609144782],[28.252362498683702,-25.719270194836536],[28.252357134265672,-25.71926173713676]]],[[[28.252240458173524,-25.719279860778425],[28.252245822591554,-25.719289526719514],[28.252357134265672,-25.71925690416517],[28.252350428743135,-25.719246029978407]]],[[[28.25257439319588,-25.719897271188483],[28.252591827554475,-25.71989485471564],[28.25256768767334,-25.719815111083946],[28.252551594419252,-25.71981994403284]]],[[[28.25274605457283,-25.721220282704152],[28.252754101199876,-25.721238406047398],[28.2527943343351,-25.72122632381888],[28.252786287708055,-25.72120940869689]]],[[[28.252823838634264,-25.721197326465422],[28.252829203052293,-25.721219074481173],[28.252890893859636,-25.72119974291181],[28.252885529441606,-25.721181619562678]]],[[[28.25312022273041,-25.72167980680492],[28.25312558714844,-25.721700346514368],[28.253171184701692,-25.721693097205556],[28.253164479179155,-25.721668932839673]]],[[[28.253484918551433,-25.71814759221025],[28.253499670701014,-25.718188672845503],[28.253555997090327,-25.7181765903072],[28.253539903836238,-25.718133093159135]]],[[[28.253636463360774,-25.71808234646627],[28.253641827778804,-25.718098053778284],[28.253708883004176,-25.71808113821142],[28.253698154168116,-25.718060597877006]]],[[[28.253703518586146,-25.71805818136684],[28.253714247422206,-25.718079929956556],[28.253792031483638,-25.71805938962193],[28.253778620438563,-25.718036432773136]]],[[[28.254653253201695,-25.717916815436737],[28.254653253201695,-25.717933731026967],[28.254717626218053,-25.717933731026967],[28.254721649531575,-25.717918023693265]]],[[[28.25537610853121,-25.71770409138605],[28.25538683736727,-25.71775000520747],[28.25543914044306,-25.71774758869099],[28.255428411607,-25.717699258351193]]],[[[28.25549546683237,-25.71764609495473],[28.255498149041387,-25.717687175763167],[28.25554374659464,-25.71768475924542],[28.25554374659464,-25.717642470176834]]],[[[28.25522322261736,-25.71811610688629],[28.255224563721868,-25.71814631324511],[28.255310394410344,-25.71814027197397],[28.25530637109682,-25.71811248212272]]],[[[28.25525182902892,-25.718085251502618],[28.255255852342444,-25.718107000087386],[28.255301449895697,-25.718104583578175],[28.25530010879119,-25.71808283499296]]],[[[28.255891535878973,-25.7181976191478],[28.255894218087988,-25.718222992472338],[28.255942497850256,-25.718218159458562],[28.255938474536734,-25.718196410894123]]],[[[28.25670290410598,-25.717704650625496],[28.256705586314993,-25.717722774504395],[28.256729726196127,-25.717722774504395],[28.256729726196127,-25.717704650625496]]],[[[28.25721658448457,-25.71795900563304],[28.257220607798093,-25.717978337729107],[28.257246088783734,-25.71797592121727],[28.257244747679227,-25.71795658912081]]],[[[28.257208537857526,-25.717983170752625],[28.25721122006654,-25.71800491935606],[28.257247429888242,-25.718002502844758],[28.257244747679227,-25.717980754240887]]],[[[28.25724340657472,-25.718002502844758],[28.257246088783734,-25.718024251444653],[28.257356059353345,-25.718021834933758],[28.25735337714433,-25.718000086333415]]],[[[28.25726888756036,-25.718029084466316],[28.25727022866487,-25.718049624806188],[28.257361423771375,-25.718046000040584],[28.257357400457852,-25.718026667955524]]],[[[28.257236701052182,-25.71867429109499],[28.257242065470212,-25.718745577755012],[28.25726486424684,-25.718747994251203],[28.257260840933316,-25.718671874597298]]],[[[28.257217925589078,-25.718667041601755],[28.257219266693586,-25.718734703521505],[28.257234018843167,-25.718731078776766],[28.257229995529645,-25.718667041601755]]],[[[28.257341307203763,-25.719056097114688],[28.25733862499475,-25.719070596053303],[28.257377517025464,-25.719070596053303],[28.257373493711942,-25.719053680624743]]],[[[28.257341307203763,-25.71907542903246],[28.257341307203763,-25.71909476094708],[28.257377517025464,-25.71909355270251],[28.257376175920957,-25.71907663727721]]],[[[28.257289795167008,-25.719817149768446],[28.257289795167008,-25.71983406508843],[28.257317958361664,-25.71983406508843],[28.257316617257157,-25.719815941531213]]],[[[28.25399937271386,-25.71889599101497],[28.254000713818368,-25.718911698219532],[28.254034241431054,-25.718909281726653],[28.25403155922204,-25.718875450821255],[28.254012783758935,-25.718876659068027],[28.25401546596795,-25.718892366275156]]],[[[28.254034241431054,-25.718875450821255],[28.254038264744576,-25.71891290646595],[28.25405704020768,-25.718911698219532],[28.254050334685143,-25.718871826080804]]],[[[28.25342135667115,-25.71919805227767],[28.253424038880166,-25.719219800658987],[28.25353266834527,-25.719228258361756],[28.253528645031746,-25.71920650998199]]],[[[28.25484338582586,-25.719907686743845],[28.25484338582586,-25.71992943499541],[28.254915805469263,-25.719927018523205],[28.254914464364756,-25.719904062034868]]],[[[28.25462880910467,-25.71958992017025],[28.254632832418192,-25.71965154037064],[28.254658313403834,-25.719649123892797],[28.254651607881296,-25.71958750369116]]],[[[28.254278780828226,-25.719908894980133],[28.254296215186823,-25.71997897266468],[28.254357905994166,-25.71997655619348],[28.254343153844584,-25.719902853798516]]],[[[28.253765137801874,-25.719552464738733],[28.253774525533426,-25.719594753128305],[28.253824146400202,-25.71958992017025],[28.253816099773157,-25.719546423538986]]],[[[28.25359884084295,-25.720020052667458],[28.25360956967901,-25.720062340890788],[28.25363102735113,-25.720061132656042],[28.25362029851507,-25.72001642796189]]],[[[28.25395691574644,-25.72040185436747],[28.253970326791514,-25.72045260007077],[28.253997148881663,-25.72045260007077],[28.253991784463633,-25.7204344766078],[28.254002513299692,-25.72043206014586],[28.25399312556814,-25.720395813210875]]],[[[28.25631457747053,-25.720744991558526],[28.25631994188856,-25.720796945342702],[28.256344081769694,-25.72079573711542],[28.25634005845617,-25.720744991558526]]],[[[28.25634676397871,-25.720747408014105],[28.25635212839674,-25.72079815356997],[28.256373586068857,-25.72079573711542],[28.256369562755335,-25.720744991558526]]],[[[28.257485647591487,-25.721531178456626],[28.257491012009517,-25.721616962032684],[28.257519175204173,-25.721613337375803],[28.257513810786143,-25.72152755379712]]],[[[28.256935794743434,-25.721598838747113],[28.25694384137048,-25.72164475106519],[28.257081975134746,-25.721639918190434],[28.257072587403194,-25.72159158943213]]],[[[28.25736897149934,-25.72205554470121],[28.257351537140742,-25.722071251488547],[28.257440050038234,-25.722158242888515],[28.257456143292323,-25.722141327899052]]],[[[28.256676961573497,-25.72225369171252],[28.256698419245616,-25.722293562717574],[28.25673865238084,-25.722275439535114],[28.256718535813228,-25.72223677673663]]],[[[28.25626121917619,-25.72220657141657],[28.25625987807168,-25.72222831924778],[28.256310840042964,-25.722233152098617],[28.25630815783395,-25.72221140426829]]],[[[28.256192311159573,-25.722699982262156],[28.256192311159573,-25.722720521795413],[28.256258025280438,-25.72273381207975],[28.25626204859396,-25.722715688964378]]],[[[28.25576858716924,-25.722244486995272],[28.255764563855717,-25.72226261018246],[28.25583161908109,-25.722275900517968],[28.25583698349912,-25.722254152695438]]],[[[28.254005034741947,-25.72152801478288],[28.254006375846455,-25.721552179177394],[28.254096229848454,-25.721553387396995],[28.25409220653493,-25.721529223002715]]],[[[28.25566398101766,-25.721293619901232],[28.25566398101766,-25.721343157002337],[28.25571091967542,-25.72134436522406],[28.25571091967542,-25.721294828123444]]],[[[28.255906720933506,-25.72129966101221],[28.255905379829,-25.721340740558848],[28.25595231848676,-25.721340740558848],[28.255953659591267,-25.72130086923438]]],[[[28.25648741918523,-25.72114017557902],[28.256490101394245,-25.721180046957365],[28.256512900170872,-25.72117883873398],[28.25651424127538,-25.721141383802813]]],[[[28.25652362900693,-25.72114259202658],[28.25652899342496,-25.72117883873398],[28.256549109992573,-25.721176422287165],[28.256543745574543,-25.721137759131416]]],[[[28.256270160255024,-25.721768450289787],[28.256270160255024,-25.72179019820111],[28.25635062652547,-25.721793822852614],[28.256342579898426,-25.721740661286194],[28.25627686577756,-25.721739453068494],[28.25628223019559,-25.721764825637525]]]],""evenOdd"":true}",,
1722502994633,7630063,53,,"{""type"":""MultiPolygon"",""coordinates"":[[[[27.82689394266825,-26.124286790139692],[27.826887237145712,-26.124303647519277],[27.826947586848547,-26.124332545878598],[27.826952951266577,-26.124315688503188]]],[[[27.824812359366,-26.12354561502321],[27.824797607216418,-26.12357692178194],[27.824852592501223,-26.123599799792633],[27.824867344650805,-26.123574513570027]]],[[[27.824868685755312,-26.123574513570027],[27.824852592501223,-26.123603412109713],[27.82489550784546,-26.12362267779885],[27.824908918890536,-26.12359377926394]]],[[[27.82491696551758,-26.123601003898337],[27.824903554472506,-26.12362869832606],[27.824915624413073,-26.123637127063628],[27.824930376562655,-26.123605820321014]]],[[[27.82532405344515,-26.1231738053522],[27.825316006818106,-26.123193071112187],[27.825396473088553,-26.123230398513126],[27.82540317861109,-26.123215949198052]]],[[[27.826113964000037,-26.123411014800794],[27.826109940686514,-26.12342787230673],[27.826136762776663,-26.123435096951397],[27.826139444985678,-26.123418239446487]]],[[[27.82644789902239,-26.123703612594262],[27.82648008553057,-26.12371444953551],[27.82650556651621,-26.123648223767784],[27.82647472111254,-26.123638590925722]]],[[[27.827370578923514,-26.123750572665713],[27.82736655560999,-26.12376502191469],[27.827433610835364,-26.123784287577184],[27.827437634148886,-26.12376863422664]]],[[[27.82649483768015,-26.123085905281954],[27.826486791053107,-26.123109987499564],[27.82653238860636,-26.1231280491595],[27.826539094128897,-26.123105171056444]]],[[[27.826814020552924,-26.123114803942485],[27.826812679448416,-26.1231340697122],[27.826828772702505,-26.12313888615413],[27.826828772702505,-26.123117212163876]]],[[[27.82687973467379,-26.123106375167232],[27.82687973467379,-26.123117212163876],[27.826934719958594,-26.123131661491172],[27.82693740216761,-26.12311841627455]]],[[[27.826877052464773,-26.123122028606502],[27.826875711360266,-26.123131661491172],[27.826898510136893,-26.123136477933187],[27.826901192345908,-26.123124436827737]]],[[[27.827486240877086,-26.123421540604685],[27.82746880651849,-26.123469704896568],[27.8274889230861,-26.123474521324667],[27.827506357444697,-26.123427561142268]]],[[[27.82797708512681,-26.123469704896568],[27.827970379604274,-26.12347933775256],[27.827985131753856,-26.12348656239403],[27.827989155067378,-26.123472113110644]]],[[[27.827035629762584,-26.1222102021347],[27.827030265344554,-26.12222465157415],[27.827097320569926,-26.12225595868684],[27.827104026092464,-26.122241509251268]]],[[[27.827251547588283,-26.12232579760032],[27.827275687469417,-26.12233543055062],[27.827298486246043,-26.12229689874463],[27.82727434636491,-26.122287265791144]]],[[[27.827407115711146,-26.122276428717534],[27.8273990690841,-26.122302919340154],[27.82744198442834,-26.122324593481473],[27.8274527132644,-26.12229689874463]]],[[[27.827238497451713,-26.121938070691197],[27.827263978437355,-26.1219513160416],[27.82727604837792,-26.121930845953962],[27.827254590705802,-26.121920008847287]]]],""evenOdd"":true}",,
1722502994633,7993232,54,,"{""type"":""Polygon"",""coordinates"":[[[28.084189098587878,-25.473135930211086],[28.084179710856326,-25.47315288045461],[28.084222626200564,-25.4731686199643],[28.084227990618594,-25.47315288045461]]],""geodesic"":true,""evenOdd"":true}",,
1722502994633,7630317,55,,"{""type"":""MultiPolygon"",""coordinates"":[[[[27.77658837961574,-26.09404379277659],[27.776580332988694,-26.094063063337504],[27.776863306039765,-26.094238907059356],[27.776867329353287,-26.094226862977255]]],[[[27.776695667976334,-26.093920942876032],[27.776686280244782,-26.09393539581221],[27.776831119531586,-26.094031748674393],[27.77683916615863,-26.094017295750124]]],[[[27.77442982064625,-26.09363067936322],[27.774437867273296,-26.093648745577973],[27.774547837842906,-26.093634292606385],[27.77453979121586,-26.09361381756026]]],[[[27.773987096555985,-26.091533780050472],[27.773991119869507,-26.09155064215323],[27.774139982469833,-26.091528962306377],[27.77413730026082,-26.091512100200518]]],[[[27.77451415062741,-26.09175419163041],[27.774522197254456,-26.091778280302503],[27.774608027942932,-26.091767440400677],[27.774601322420395,-26.091744556160194]]],[[[27.774822604664124,-26.09154582440983],[27.77483065129117,-26.09158557078691],[27.774846744545258,-26.091586775222375],[27.774841380127228,-26.091538597794365]]],[[[27.775099933846903,-26.09158797965781],[27.775103957160425,-26.091608455058488],[27.775199175580454,-26.09159400183486],[27.775193811162424,-26.091573526431638]]],[[[27.775113344891977,-26.091610863928924],[27.775118709310007,-26.0916313393256],[27.775145531400156,-26.091626521585535],[27.77513748477311,-26.09160725062325]]],[[[27.7751535780272,-26.091604841752755],[27.775161624654245,-26.09162531715048],[27.775187105639887,-26.091619294975043],[27.775181741221857,-26.091600024011584]]],[[[27.774838497045653,-26.091288145419167],[27.774842520359176,-26.09130982531064],[27.774869342449325,-26.091307416434006],[27.774863978031295,-26.09128694098064]]],[[[27.774854590299743,-26.091225514599046],[27.774870683553832,-26.091308620872326],[27.77489750564398,-26.091302598680596],[27.7748827534944,-26.09122069684226]]],[[[27.774885435703414,-26.091221901281475],[27.77489884674849,-26.091302598680596],[27.77492432773413,-26.091298985365405],[27.77490421116652,-26.091218287963795]]],[[[27.774906893375533,-26.091219492403035],[27.774909575584548,-26.091241172307228],[27.774931033256667,-26.09123876342918],[27.774928351047652,-26.091218287963795]]],[[[27.773928008791064,-26.091074937307074],[27.77393605541811,-26.091097821678535],[27.773949466463183,-26.091094208357013],[27.773944102045153,-26.091071323984853]]],[[[27.776076617285785,-26.088804441045912],[27.776091369435367,-26.088839370499414],[27.776122214839038,-26.08883214371678],[27.77611014489847,-26.08879841872529]]],[[[27.776134284779605,-26.08881287229426],[27.77614769582468,-26.088887549038834],[27.77616378907877,-26.088885140112325],[27.776149036929187,-26.088810463366226]]],[[[27.774968067329276,-26.088481767874732],[27.774969408433783,-26.08849983488456],[27.775088766734946,-26.088484176809533],[27.775083402316916,-26.08846490532971]]],[[[27.774537572782386,-26.08822642050424],[27.774542937200415,-26.08824689649318],[27.774607310216773,-26.088238465204057],[27.774599263589728,-26.088216784743498]]],[[[27.774486610811103,-26.088061407992022],[27.774489293020117,-26.088075861652023],[27.774611333530295,-26.08806261246376],[27.77460865132128,-26.08804574985833]]],[[[27.77456756351964,-26.08824470599286],[27.774574269042176,-26.088262773039276],[27.77458902119176,-26.088261568569603],[27.774580974564714,-26.088241092583235]]],[[[27.774528671488923,-26.088076080091703],[27.774532694802446,-26.08808451139252],[27.774602432236833,-26.088076080091703],[27.774602432236833,-26.088065239846877]]],[[[27.774532694802446,-26.088091738221323],[27.774543423638505,-26.088155575189653],[27.774554152474565,-26.088153166248095],[27.77454610584752,-26.08809053374988]]],[[[27.774086558452822,-26.088427518930178],[27.774090581766345,-26.08844679041614],[27.77414020263312,-26.08844317701276],[27.774137520424105,-26.088421496590154]]],[[[27.774016821018435,-26.088199874261846],[27.774020844331957,-26.088217941315186],[27.77404096089957,-26.08821312343458],[27.7740463253176,-26.08822396366569],[27.774128132692553,-26.088209510023976],[27.774117403856494,-26.088185420617165]]],[[[27.774042302004077,-26.088245644124903],[27.774058395258166,-26.08831911676239],[27.774074488512255,-26.08831670782419],[27.774059736362673,-26.088244439655067]]],[[[27.77401413880942,-26.08824925753439],[27.774028890959002,-26.08832393463864],[27.774054371944644,-26.088317912293288],[27.77404096089957,-26.088246848594753]]]],""evenOdd"":true}",,
1722502994633,7970200,56,,,,
1722507490176,1990696,57,"Very difficult search area, may have missed some panels.","{""type"":""MultiPolygon"",""coordinates"":[[[[18.54224662402457,-33.588948271398515],[18.5422519884426,-33.588962794705616],[18.54231636145896,-33.588958325996],[18.542313679249943,-33.58894156833288]]],[[[18.54198376754111,-33.58862987520547],[18.54199449637717,-33.58871701533298],[18.542112513573827,-33.58870584352669],[18.54210580805129,-33.58865333601769],[18.542096420319737,-33.5886522188363],[18.542091055901707,-33.58861758620604]]],[[[18.537504069582692,-33.588425943093924],[18.53751479841875,-33.5884683960879],[18.53771059967684,-33.58843711493647],[18.53768914200472,-33.58837678696953],[18.53751479841875,-33.58840136503522],[18.537522845045796,-33.58842147435651]]],[[[18.538937761008068,-33.582874198332135],[18.538932396590038,-33.58291553680208],[18.53903700274162,-33.58292894386915],[18.53904236715965,-33.582885370893536]]],[[[18.541611563807557,-33.58073662434548],[18.541598152762482,-33.5808193033135],[18.541622292643616,-33.5808215378791],[18.541638385897706,-33.58073662434548]]],[[[18.5411689993201,-33.58108521621415],[18.5411689993201,-33.5811209691467],[18.54125751221759,-33.58112990737752],[18.54126287663562,-33.58109862356559]]],[[[18.54424888803013,-33.57961305463953],[18.54425425244816,-33.579630931412595],[18.544356176390725,-33.57962199302652],[18.54434812976368,-33.57959964705728]]],[[[18.542499936941972,-33.57581399118817],[18.542510665778032,-33.575838572832176],[18.54256967437636,-33.57582739935849],[18.5425589455403,-33.5758050524068]]],[[[18.53940665128859,-33.57963010672052],[18.539413356811128,-33.57965021808599],[18.539483094245515,-33.57964016240384],[18.539476388722978,-33.57962228563267]]],[[[18.53900700214537,-33.58011948194997],[18.539025777608476,-33.58014964882536],[18.53907003405722,-33.580132889451455],[18.539059305221162,-33.580112778198455],[18.53903918865355,-33.580120599241845],[18.539032483131013,-33.580110543614495]]],[[[18.53101432506647,-33.577886404271645],[18.531049193783662,-33.57791545460719],[18.53106528703775,-33.57789981212003],[18.531046511574647,-33.577888638913194],[18.53106528703775,-33.57787523106306],[18.531046511574647,-33.577857353926326]]],[[[18.530957998677156,-33.577908750684465],[18.530974091931245,-33.577928862451074],[18.53099286739435,-33.57792439317001],[18.53099823181238,-33.577946739573],[18.531030418320558,-33.57792439317001],[18.531000914021394,-33.57789310819609]]],[[[18.54722123307798,-33.55810306467026],[18.547186364360787,-33.55815335561276],[18.547299017139412,-33.5582092344034],[18.547335226961113,-33.55815782591734]]],[[[18.547103215881325,-33.55835228394275],[18.54708444041822,-33.558385811144255],[18.547234644123055,-33.55844616007419],[18.54725207848165,-33.55841375046891]]],[[[18.54711126250837,-33.5583388730585],[18.547103215881325,-33.55834893122188],[18.547235985227562,-33.55840369231307],[18.5472426907501,-33.55839363415607]]],[[[18.533497096011704,-33.56021580872728],[18.53348904938466,-33.56022698422143],[18.533507824847764,-33.560235924615725],[18.5335145303703,-33.56022474912271]]],[[[18.53355744571454,-33.56025157030349],[18.533549399087494,-33.560262745793025],[18.533569515655106,-33.56027056863483],[18.53357756228215,-33.560262745793025]]],[[[18.5316003553144,-33.56298919752879],[18.531603037523414,-33.56301266531122],[18.531651317285682,-33.56300819525791],[18.531643270658638,-33.56298249244693]]],[[[18.516828246824083,-33.579365146734155],[18.516848363391695,-33.579376319749855],[18.516885914317903,-33.579324923865656],[18.5168671388548,-33.579313750843305]]],[[[18.539431318345148,-33.56180448834805],[18.53943534165867,-33.56182013375165],[18.539460822644312,-33.56181789869418],[18.539458140435297,-33.56180225329016]]],[[[18.537202020897027,-33.56032738980704],[18.537185927642938,-33.56036315133706],[18.53724761845028,-33.56039667775801],[18.53725834728634,-33.56037209171726]]],[[[18.537183245433923,-33.5603653864322],[18.53716446997082,-33.56038773738036],[18.537223478569146,-33.56042126379176],[18.537244936241265,-33.560398912852264]]],[[[18.537454148544427,-33.56082182936412],[18.537440737499352,-33.56083859248719],[18.537502428306695,-33.56087323626456],[18.537514498247262,-33.5608575906894]]],[[[18.517249620138966,-33.58346648927168],[18.517265713393055,-33.58352905516743],[18.51753125208553,-33.583504475713795],[18.51751515883144,-33.583435206306795]]],[[[18.517260348975025,-33.583562572592925],[18.51728448885616,-33.58363184189767],[18.517550027548634,-33.58360279348632],[18.517533934294544,-33.58353799314883]]],[[[18.51728448885616,-33.58366535928324],[18.517303264319263,-33.58373239401531],[18.517574167429768,-33.58370558012873],[18.51755270975765,-33.58364301436098]]],[[[18.51727912443813,-33.58376814585112],[18.517292535483204,-33.583835180503335],[18.517566120802723,-33.58380613216045],[18.517550027548634,-33.58374133197565]]],[[[18.51834396141704,-33.58382847704048],[18.51836541908916,-33.583873166783164],[18.518563902556263,-33.58383741499086],[18.518553173720203,-33.58379495971826]]],[[[18.518279588400684,-33.583987125522256],[18.518295681654774,-33.58403181518278],[18.518459296404682,-33.584002766906075],[18.518443203150593,-33.583958077230506]]],[[[18.510676007448577,-33.589854368580205],[18.510681371866607,-33.58990352386271],[18.510783295809173,-33.58989011787937],[18.510775249182128,-33.58984543125311]]],[[[18.515662234007262,-33.589538210071076],[18.5156689395298,-33.58957284233176],[18.515697102724456,-33.589570607992776],[18.515693079410934,-33.58955273327886],[18.515707831560515,-33.58955049893936],[18.515703808246993,-33.58953374139126]]],[[[18.515407424150848,-33.58890477239878],[18.515420835195922,-33.58892599878058],[18.515444975077056,-33.58891706135731],[18.515434246240996,-33.588898069329765]]],[[[18.515626682436057,-33.588338217983846],[18.515634729063102,-33.58835944450503],[18.515684349929877,-33.58834380391098],[18.51567764440734,-33.58832481175725]]]],""evenOdd"":true}",,
1722507490176,7984961,58,"ONe roof that may have been panels, but really not sure, so left it off",,,
1722507490176,1780074,59,,,,
1722507490176,7983054,60,,,,
1722507490176,5993575,61,,,,
1722507490176,2660058,62,,,,
1722507490176,1991326,63,,"{""type"":""Polygon"",""coordinates"":[[[18.67576659644668,-34.0208485410804],[18.675769278655697,-34.02086410282193],[18.67579341853683,-34.02086299126906],[18.675792077432323,-34.02084742952733]]],""geodesic"":true,""evenOdd"":true}",,
1722507490176,7992643,64,,,,
1722846128163,5060056,65,,"{""type"":""MultiPolygon"",""coordinates"":[[[[30.46101904492503,-30.718617878374374],[30.461036479283628,-30.718610960798877],[30.460978811789808,-30.71853140864483],[30.460968082953748,-30.71854063208634]]],[[[30.460879570056257,-30.718414962619836],[30.46089432220584,-30.71843225659283],[30.46095601301318,-30.718399974507403],[30.460942601968107,-30.718380374664537]]],[[[30.45991340938587,-30.718455315218677],[30.45992950263996,-30.71846453866746],[30.45996034804363,-30.71843225659283],[30.459942913685033,-30.718419574346274]]],[[[30.460325128469655,-30.718589055139816],[30.460334516201208,-30.718614419586686],[30.460425711307714,-30.71858444342148],[30.46041766468067,-30.718564843616118]]],[[[30.461196005675845,-30.719683234112466],[30.4612241688705,-30.71970052785799],[30.461246967647128,-30.719675163696824],[30.46122014555698,-30.719657869946744]]],[[[30.459818033860433,-30.719331100495566],[30.459848879264104,-30.71935646474724],[30.459890453503835,-30.719316112525522],[30.45986094920467,-30.71929305410554]]],[[[30.459844834681036,-30.719757490654736],[30.459864951248647,-30.71978170187896],[30.459897137756826,-30.71976556106348],[30.459887750025274,-30.719747114413916],[30.4598743389802,-30.719757490654736],[30.459862269039633,-30.71974480858247]]],[[[30.45991591321993,-30.71978170187896],[30.459933347578527,-30.719800148521912],[30.45997894513178,-30.71977478438694],[30.459965534086706,-30.71975518482353]]],[[[30.460102326746465,-30.719642199027376],[30.4601264666276,-30.719668716113866],[30.460164017553808,-30.7196456577782],[30.460139877672674,-30.71961798776812]]],[[[30.460894767509153,-30.720503277014966],[30.460902814136197,-30.72051826480046],[30.460965846048047,-30.720487136320266],[30.460956458316495,-30.72046984271583]]],[[[30.460888061986616,-30.72053786420876],[30.460905496345212,-30.72055400489495],[30.46098462151115,-30.720514806080946],[30.460971210466077,-30.720494053761186]]],[[[30.457853702641867,-30.71994733464652],[30.457844314910314,-30.719987686604068],[30.457865772582434,-30.719989992429703],[30.457879183627508,-30.71994733464652]]],[[[30.45789393577709,-30.719951946299666],[30.457884548045538,-30.719989992429703],[30.457906005717657,-30.719995756993555],[30.45791941676273,-30.71996001669214]]],[[[30.46062442455425,-30.720865049277272],[30.46060430798664,-30.72089617763546],[30.460715619660757,-30.720938834998872],[30.46073573622837,-30.720906553752613]]],[[[30.460601625777624,-30.720904247948905],[30.460592238046072,-30.72092384727873],[30.460702208615682,-30.720963045926446],[30.460706231929205,-30.720944599505984]]],[[[30.462665585614584,-30.72232922413256],[30.462660221196554,-30.722366116440146],[30.462681678868673,-30.72236726932454],[30.462689725495718,-30.722332682787012]]],[[[30.462701795436285,-30.72233729432606],[30.462696431018255,-30.72236957509327],[30.462721912003897,-30.722375339514848],[30.46272593531742,-30.72234421163424]]],[[[30.463474307818547,-30.72058377180368],[30.463475648923055,-30.72060682991501],[30.463580255074636,-30.72059530086004],[30.46357757286562,-30.72057685436921]]],[[[30.464886071607502,-30.719922714269472],[30.464857908412846,-30.719945772538892],[30.46489680044356,-30.71998381867137],[30.464926304742725,-30.719963066237334]]],[[[30.4649397157878,-30.719795893689128],[30.464953126832874,-30.719812034499522],[30.464990677759083,-30.71979128202851],[30.464974584504994,-30.71977629413]]],[[[30.4649759256095,-30.719865068571814],[30.46496519677344,-30.71987429188576],[30.464979948923023,-30.71988927976902],[30.464990677759083,-30.719880056456518]]],[[[30.46354423352757,-30.720564516373106],[30.463541551318556,-30.720579504149093],[30.463583125558287,-30.720576045431766],[30.463573737826735,-30.72056336346717]]],[[[30.46588177868405,-30.719115880227577],[30.46590323635617,-30.719132021151797],[30.465940787282378,-30.71908705714187],[30.465926035132796,-30.719073222057663]]],[[[30.465935422864348,-30.71869275646427],[30.465956880536467,-30.718690450607614],[30.465948833909422,-30.71865586275114],[30.465930058446318,-30.718657015679884]]],[[[30.46587104984799,-30.71860974558986],[30.465873732057005,-30.71862703952792],[30.465911282983214,-30.718620121953062],[30.465905918565184,-30.71860513387251]]],[[[30.46500720817276,-30.718301912973345],[30.465030006949387,-30.71832381869763],[30.46507560450264,-30.71828807777648],[30.465056829039536,-30.718269630844265]]],[[[30.464983068291627,-30.71827885431081],[30.464999161545716,-30.718297301241268],[30.465052805726014,-30.718258101509825],[30.465036712471925,-30.718244266306684]]],[[[30.465449772660218,-30.718095537747587],[30.465468548123322,-30.718161255046176],[30.46549537021347,-30.718157796242107],[30.465477935854874,-30.71809323187665]]],[[[30.464706800763093,-30.717293091331506],[30.464701436345063,-30.717320762008736],[30.464827500168763,-30.717325373787496],[30.464832864586793,-30.717302314891466]]],[[[30.4662914761548,-30.717917501831206],[30.466300863886353,-30.71793710176814],[30.466389376783845,-30.717904819516928],[30.466378647947785,-30.71788406663546]]],[[[30.465692132288023,-30.717202590867178],[30.46574711757283,-30.717257932265642],[30.465791374021574,-30.71723141451617],[30.46573638873677,-30.71717607310248]]]],""evenOdd"":true}",,
1722846128163,7990147,66,,,,
1722846128163,6660196,67,,,,
1722846128163,7972437,68,,"{""type"":""MultiPolygon"",""coordinates"":[[[[28.37294009037896,-26.355183724734513],[28.373016533335885,-26.355290676797996],[28.373037991008005,-26.355278659717147],[28.37296154805108,-26.355170505933287]]],[[[28.372991052350244,-26.35530509729337],[28.373012510022363,-26.355291878506016],[28.3729293615429,-26.35518011960705],[28.372907903870782,-26.35519213669815]]]],""evenOdd"":true}",,
1722846128163,5750039,69,,,,
1722846128163,2990139,70,,,,
1722846128163,3830140,71,,,,
1722846128163,2991483,72,,"{""type"":""MultiPolygon"",""coordinates"":[[[[25.561612204124344,-33.92437578083625],[25.561628297378434,-33.92438802179917],[25.56172485690297,-33.92431012473237],[25.561707422544373,-33.92429788375824]]],[[[25.561558559944046,-33.92441695497726],[25.561531737853898,-33.92443476000505],[25.561578676511658,-33.92447370849036],[25.5616041574973,-33.924453677843005]]],[[[25.559965772067933,-33.92599491111505],[25.55998320642653,-33.926007151845305],[25.56007708374205,-33.925947060970806],[25.560063672696977,-33.92593593302643]]],[[[25.559562099611192,-33.92620968003603],[25.55957416955176,-33.92622192073542],[25.559685481225877,-33.92615737884608],[25.559674752389817,-33.92614625092918]]],[[[25.559548688566117,-33.92619743933488],[25.55955807629767,-33.92620745445413],[25.55966804686728,-33.92614736372093],[25.559658659135728,-33.92613178463505]]],[[[25.559413237010865,-33.92618631142321],[25.559434694682984,-33.92621190561787],[25.55945347014609,-33.92620522887217],[25.55943201247397,-33.92617629630147]]],[[[25.560140054528116,-33.925905098726034],[25.56014810115516,-33.92591845226394],[25.560213815276025,-33.92587505325808],[25.56020576864898,-33.9258639253043]]],[[[25.55969783811307,-33.92604587183303],[25.55971393136716,-33.92606033814176],[25.55973404793477,-33.926052548591215],[25.55971929578519,-33.92603363110834]]],[[[25.558586245413224,-33.9245429825891],[25.558623796339432,-33.92458972070997],[25.558631842966477,-33.92458193102493],[25.558637207384507,-33.92455411071544],[25.558600997562806,-33.92451404945381],[25.558591609831254,-33.924519613519045]]],[[[25.55759516918222,-33.92406295452651],[25.557631379003922,-33.924118595457216],[25.557678317661683,-33.92408409808446],[25.55765417778055,-33.924051826336004],[25.557630037899415,-33.92406518016443],[25.55761662685434,-33.924051826336004]]],[[[25.557718550796906,-33.92405850325048],[25.55775878393213,-33.9241108057291],[25.557796334858338,-33.92409077499641],[25.55775878393213,-33.924040698144054]]],[[[25.557714527483384,-33.924114144184095],[25.55772793852846,-33.92413083645709],[25.557749396200578,-33.92411636982069],[25.55773732626001,-33.92409856472635]]],[[[25.558741467890535,-33.924949453906514],[25.5587709721897,-33.92498951496339],[25.558799135384355,-33.9249750484728],[25.55876963108519,-33.92493610021671]]],[[[25.560407118210765,-33.92464704357947],[25.560413823733303,-33.92466596137029],[25.56047283233163,-33.92465372044729],[25.560468809018108,-33.9246169976678],[25.560423211464855,-33.92462701297286],[25.560428575882884,-33.924644817956754]]],[[[25.56049965442178,-33.92462701297286],[25.560502336630794,-33.924640366711124],[25.560527817616435,-33.92463480265377],[25.560526476511928,-33.92462144891463]]]],""evenOdd"":true}",,
1722846128163,7990193,73,,"{""type"":""Polygon"",""coordinates"":[[[28.180295450823287,-25.85976503509375],[28.18034104837654,-25.859818134812482],[28.180359823839645,-25.859804859885024],[28.180316908495406,-25.85975055334813]]],""geodesic"":true,""evenOdd"":true}",,
1722846128163,2990595,74,,,,
1722846128163,1995052,75,,,,
1722846128163,7994173,76,,,,
1722846128163,8680186,77,,,,
1722846128163,8660163,78,,,,
1722846128163,5993042,79,,"{""type"":""Polygon"",""coordinates"":[[[31.00614452173371,-29.687914076425375],[31.006145862838217,-29.687939707869152],[31.006161956092306,-29.687939707869152],[31.006161956092306,-29.687914076425375]]],""geodesic"":true,""evenOdd"":true}",,
1722846128163,7973668,80,,"{""type"":""MultiPolygon"",""coordinates"":[[[[28.19882411942474,-26.03744000877506],[28.1988174139022,-26.037461698634896],[28.1988348482608,-26.037466518603207],[28.198845577096858,-26.0374472387288]]],[[[28.19746674292686,-26.037608104925663],[28.197468084031367,-26.037632204735125],[28.197494906121516,-26.037629794754405],[28.197490882807994,-26.037608104925663]]],[[[28.198254453020212,-26.038621137873573],[28.198254453020212,-26.03865246735429],[28.19827591069233,-26.03865246735429],[28.198273228483316,-26.03861872791317]]],[[[28.196616858324283,-26.03693078250494],[28.196604788383716,-26.036963317434452],[28.196626246055835,-26.036968137423234],[28.19663965710091,-26.036938012490054]]],[[[28.1966021061747,-26.03690547755353],[28.19658198960709,-26.036948857466896],[28.196599423965687,-26.036957292448186],[28.196620881637806,-26.036915117535653]]],[[[28.196583330711597,-26.03696693242605],[28.196568578562015,-26.036994647358043],[28.196583330711597,-26.03700187733921],[28.196599423965687,-26.036975367406058]]],[[[28.196624904951328,-26.036974162408946],[28.196611493906254,-26.036992237364206],[28.196649044832462,-26.03700669732641],[28.19665977366852,-26.036989827370334]]]],""evenOdd"":true}",,
1723618688553,1660246,81,,"{""type"":""MultiPolygon"",""coordinates"":[[[[18.9625516090243,-33.73174795112764],[18.96254624460627,-33.731770257623516],[18.96261464093615,-33.73177248827279],[18.96262000535418,-33.73175241242727]]],[[[18.9625516090243,-33.73177471892199],[18.96254490350176,-33.73180483268068],[18.962605253204597,-33.7318081786532],[18.962611958727134,-33.73177918022025]]],[[[18.96237860654284,-33.73224203865311],[18.962369218811286,-33.73228107479234],[18.96244029735018,-33.73227884415628],[18.962452367290748,-33.732240923334594]]],[[[18.96217771470024,-33.73373986653116],[18.96217771470024,-33.733916083599745],[18.962291708583372,-33.733918314193225],[18.962294390792387,-33.73374321242824]]],[[[18.9618826717086,-33.73362052945007],[18.9618826717086,-33.73363948955814],[18.96189876496269,-33.7336406048585],[18.961897423858183,-33.73362052945007]]],[[[18.960921123366493,-33.73328321310836],[18.960930511098045,-33.73330551920513],[18.960992201905388,-33.733278751888314],[18.960984155278343,-33.73325644578458]]],[[[18.961076691489357,-33.73384086378797],[18.961076691489357,-33.733855362657266],[18.961165204386848,-33.73384644027645],[18.96116922770037,-33.73383194140561]]],[[[18.9615165737678,-33.73398027589157],[18.961524620394844,-33.73399589003306],[18.961546078066963,-33.73399031355428],[18.96154205475344,-33.733973584115766]]],[[[18.961492433886665,-33.734021541830785],[18.961519255976814,-33.73408176776051],[18.961534008126396,-33.73407396069793],[18.961508527140754,-33.73401261946724]]],[[[18.961496457200187,-33.73398027589157],[18.961499139409202,-33.733997005328774],[18.961513891558784,-33.733992544145835],[18.961512550454277,-33.73397693000373]]],[[[18.960736198609865,-33.734024038159085],[18.96074960965494,-33.73405861230808],[18.960768385118044,-33.73405303583338],[18.96075497407297,-33.73401957697755]]],[[[18.960761679595507,-33.73401957697755],[18.96077643174509,-33.73408314879247],[18.960799230521715,-33.73407422643533],[18.96078179616312,-33.73401511579578]]],[[[18.96076570290903,-33.73410768526985],[18.96077106732706,-33.7341210688],[18.96079118389467,-33.73411549232935],[18.960788501685656,-33.73410545468128]]],[[[18.96064366239885,-33.73387012726219],[18.96065439123491,-33.73391250855119],[18.96072278756479,-33.733895779097516],[18.9607066943107,-33.733848936609846]]],[[[18.960532350724733,-33.73381882356855],[18.96053503293375,-33.73384336012151],[18.960564537232912,-33.733838898930586],[18.96056051391939,-33.733815477674426]]],[[[18.959862348919856,-33.73405750254045],[18.959856984501826,-33.73407534725728],[18.959890512114512,-33.73407534725728],[18.959890512114512,-33.73405750254045]]],[[[18.96006485570048,-33.73334817203999],[18.96007022011851,-33.73336155568862],[18.960129228716838,-33.73335040264824],[18.960126546507823,-33.73333255778062]]],[[[18.960137275343882,-33.733363786296515],[18.960152027493464,-33.733406167835625],[18.96017080295657,-33.733406167835625],[18.960161415225016,-33.73335820977666]]],[[[18.960109112149226,-33.73291654825254],[18.960109112149226,-33.732943315682355],[18.960158733016,-33.732941085063516],[18.960156050806987,-33.73291654825254]]],[[[18.959819433575618,-33.7323176248268],[18.95980736363505,-33.73235331498048],[18.95987575996493,-33.73235331498048],[18.959883806591975,-33.73231427887413]]],[[[18.9597979759035,-33.73237562131899],[18.95980199921702,-33.73239012043591],[18.959824797993647,-33.73239012043591],[18.959824797993647,-33.73237450600219]]],[[[18.959909287577617,-33.73233881585733],[18.959909287577617,-33.7323700447349],[18.959934768563258,-33.7323700447349],[18.959929404145228,-33.73234327712625]]],[[[18.959197161084163,-33.73201871920695],[18.959215936547267,-33.732043256274686],[18.959254828577983,-33.732019834528366],[18.959233370905864,-33.73199418213222]]],[[[18.959221300965297,-33.73205552480591],[18.959249464159953,-33.732082292504316],[18.95926689851855,-33.7320666780146],[18.959242758637416,-33.73204214095357]]],[[[18.959253487473475,-33.73203321838418],[18.959280309563624,-33.73205998608956],[18.959295061713206,-33.73204437159578],[18.959268239623057,-33.73202206517115]]],[[[18.958907482510554,-33.732027641777854],[18.958907482510554,-33.732043256274686],[18.958945033436763,-33.73203991031131],[18.958942351227748,-33.732026526456536]]],[[[18.95890480030154,-33.73200645067047],[18.958902118092524,-33.73202429581387],[18.958955762272822,-33.73202429581387],[18.958961126690852,-33.732008681313594]]],[[[18.958875296002375,-33.73203321838418],[18.958876637106883,-33.73207113929767],[18.958896753674495,-33.73207002397692],[18.958900776988017,-33.732057755447755],[18.958898094779002,-33.73203879499016],[18.95888870704745,-33.732030987741695]]],[[[18.95888334262942,-33.732086753786575],[18.958887365942942,-33.732122444036285],[18.958902118092524,-33.73212021339611],[18.958902118092524,-33.732084523145474]]],[[[18.959210572129237,-33.731880419239474],[18.959222642069804,-33.73189380311704],[18.959268239623057,-33.73185365147808],[18.95925616968249,-33.73184361356541]]],[[[18.958410215840633,-33.73147153458582],[18.9584584956029,-33.73152507033865],[18.95847458885699,-33.73151391705956],[18.958431673512752,-33.731463727285735]]],[[[18.957853657470043,-33.73182221652661],[18.957872432933147,-33.73184786897417],[18.957920712695415,-33.73181106328614],[18.95790193723231,-33.73178652615202]]],[[[18.958379370436962,-33.73201851332145],[18.95838071154147,-33.732038589104704],[18.958492023215587,-33.73203078185622],[18.95849068211108,-33.732014052035645]]],[[[18.958414239154155,-33.732038589104704],[18.958414239154155,-33.732058664883255],[18.95847458885699,-33.73205643424143],[18.95847458885699,-33.73203635846235]]],[[[18.958446425662334,-33.73263416853791],[18.958439720139797,-33.73265535949027],[18.958504093156154,-33.732653128863944],[18.958505434260662,-33.73263528385133]]],[[[18.958100420699413,-33.73253936684485],[18.958099079594906,-33.73255721187743],[18.95811785505801,-33.73255721187743],[18.958120537267025,-33.732540482159486]]],[[[18.958428991303737,-33.73290295865112],[18.958431673512752,-33.73292303422745],[18.95846386002093,-33.73292191891777],[18.958462518916424,-33.73291188113006],[18.958483976588543,-33.73291188113006],[18.958481294379528,-33.73288734431073],[18.95844374345332,-33.73289069024105],[18.958445084557827,-33.73290295865112]]],[[[18.958412898049648,-33.73293976387078],[18.958420944676693,-33.732987722163635],[18.958446425662334,-33.73298549154595],[18.95844374345332,-33.73293753325187]]],[[[18.958392781482036,-33.732987722163635],[18.958410215840633,-33.73300556710297],[18.958419603572185,-33.73300445179437],[18.958419603572185,-33.73298995278125],[18.958404851422603,-33.73297879969258]]],[[[18.958482234842876,-33.73386710995573],[18.958486258156398,-33.733911721839895],[18.95851173914204,-33.733911721839895],[18.958507715828517,-33.7338693405505]]],[[[18.958458094961742,-33.7338693405505],[18.95846480048428,-33.733915067730265],[18.958482234842876,-33.7339128371367],[18.95847552932034,-33.73386710995573]]],[[[18.958181827433208,-33.734126973854956],[18.958179145224193,-33.7341503950261],[18.958271681435207,-33.734148164438636],[18.95827436364422,-33.73412474326689]]],[[[18.958822875387767,-33.73407678560956],[18.958817510969737,-33.734116936208224],[18.958885907299617,-33.734116936208224],[18.95889529503117,-33.73407901619887]]],[[[18.958927481539348,-33.734095745616834],[18.958924799330333,-33.73411916679648],[18.95895296252499,-33.73411582091407],[18.958951621420482,-33.734095745616834]]],[[[18.95899453676472,-33.73407455502019],[18.95898917234669,-33.73411470561991],[18.95899990118275,-33.73411470561991],[18.959002583391765,-33.734094630322396],[18.959049522049526,-33.73409351502796],[18.95904683984051,-33.73411359032572],[18.959083049662212,-33.73411247503153],[18.95908975518475,-33.73407455502019]]],[[[18.95901063001881,-33.734094630322396],[18.959006606705287,-33.73410912914885],[18.959038793213466,-33.73410912914885],[18.959038793213466,-33.7340923997335]]],[[[18.959481357700923,-33.733826959240176],[18.95948269880543,-33.73386264876605],[18.959547071821788,-33.73386264876605],[18.959547071821788,-33.73382361334636]]],[[[18.95908439076672,-33.73372992826665],[18.959085731871227,-33.733757810741544],[18.959119259483913,-33.733754464845035],[18.959119259483913,-33.73373104356582]]],[[[18.958919434912303,-33.73363735838503],[18.95892077601681,-33.73367639388945],[18.95897442019711,-33.733674163289685],[18.9589730790926,-33.733656318489395],[18.95898380792866,-33.73365520318926],[18.95898380792866,-33.73363512778424]]],[[[18.959528296358684,-33.73352359767084],[18.959537684090236,-33.73357044033613],[18.959589987166027,-33.73356932503487],[18.95958864606152,-33.73352582827453]]],[[[18.959474652178386,-33.73343994999065],[18.959475993282894,-33.73348233149214],[18.95950415647755,-33.73348233149214],[18.959501474268535,-33.73343548877875]]],[[[18.95753710918142,-33.73414573148658],[18.957534426972405,-33.73416469147861],[18.957580024525658,-33.73416469147861],[18.957580024525658,-33.73414350089901]]],[[[18.957539791390435,-33.73417472911976],[18.957535768076912,-33.73418588205299],[18.957585388943688,-33.73418811263946],[18.957585388943688,-33.734175844413144]]],[[[18.957761073634163,-33.73343528641253],[18.957777166888253,-33.733479898521196],[18.957791919037835,-33.73347655261386],[18.957779849097268,-33.73342636398801]]],[[[18.957829469964043,-33.733411865046186],[18.957838857695595,-33.733437517018515],[18.957854950949685,-33.73343528641253],[18.95784690432264,-33.733408519136184]]],[[[18.957813376709954,-33.733708535214085],[18.95780935339643,-33.73371968820792],[18.95785226874067,-33.73371968820792],[18.95785226874067,-33.73371076581297]]],[[[18.957712793871895,-33.73350889637939],[18.957716817185418,-33.733531202417495],[18.957761073634163,-33.73352116470107],[18.957755709216134,-33.73350220456685]]],[[[18.957730228230492,-33.733531202417495],[18.95774632148458,-33.73355239314833],[18.95775839142515,-33.7335490472438],[18.95774766258909,-33.73352674121035]]],[[[18.957571977898613,-33.732983587505835],[18.957580024525658,-33.73300923960619],[18.95761086992933,-33.73299808652002],[18.957608187720314,-33.73297131910729]]],[[[18.957612211033837,-33.732967973180116],[18.95761623434736,-33.73299585590261],[18.957649761960045,-33.73299585590261],[18.957645738646523,-33.732967973180116]]],[[[18.957386905476586,-33.73290663115873],[18.957393610999123,-33.732959050707],[18.95748882941915,-33.73295570477934],[18.957480782792107,-33.73289882398923]]],[[[18.9573171680422,-33.732488388935],[18.957319850251213,-33.73251850244321],[18.957346672341362,-33.73251627181334],[18.957352036759392,-33.732535232165425],[18.95738019995405,-33.73253411685072],[18.957372153327004,-33.73246831325698],[18.957338625714318,-33.732470543888105],[18.957338625714318,-33.73248281235824]]],[[[18.957333261296288,-33.73241700872516],[18.957333261296288,-33.7324437763108],[18.95737349443151,-33.7324426609949],[18.95736947111799,-33.732413662776366]]],[[[18.957267547175423,-33.73243931504711],[18.9572635238619,-33.73245604478477],[18.957294369265572,-33.73245604478477],[18.95730107478811,-33.73243596909918]]],[[[18.9572273140402,-33.73246496731019],[18.957225972935692,-33.73248392767361],[18.957251453921334,-33.73248058172744],[18.957251453921334,-33.732467197941396]]],[[[18.957291687056557,-33.73246831325698],[18.95729034595205,-33.73248615830433],[18.957309121415154,-33.73248615830433],[18.95731180362417,-33.73247612046565],[18.957327896878258,-33.73246831325698],[18.957329237982766,-33.73245381415327],[18.957303756997124,-33.73245158352171],[18.957303756997124,-33.7324660826258]]],[[[18.95724877171232,-33.73248169704285],[18.95724743060781,-33.73249731145705],[18.957251453921334,-33.73251069523838],[18.957275593802468,-33.73251069523838],[18.957276934906975,-33.732498426772246],[18.95725815944387,-33.732496196141845],[18.957264864966408,-33.73248281235824]]],[[[18.957246089503304,-33.73252630964732],[18.95724743060781,-33.73253634748013],[18.957266206070916,-33.732535232165425],[18.95726888827993,-33.73252407901765]]],[[[18.95685985140516,-33.73235853247405],[18.956862533614174,-33.73238418476129],[18.95694299988462,-33.73237749286102],[18.95693763546659,-33.73235518652298]]],[[[18.956862533614174,-33.73238753071122],[18.956861192509667,-33.7324087217245],[18.95694299988462,-33.73240649109177],[18.95694299988462,-33.732379723494496]]],[[[18.956839734837548,-33.73261393968756],[18.956830347105996,-33.732629554077704],[18.95681827716543,-33.732629554077704],[18.956819618269936,-33.7326518603444],[18.956871921345726,-33.7326518603444],[18.956871921345726,-33.732634015331506],[18.9568853323908,-33.732632900018075],[18.9568853323908,-33.73261393968756]]],[[[18.9568129127474,-33.73287269207184],[18.956815594956414,-33.73289165234518],[18.956846440360085,-33.7328905370351],[18.956850463673607,-33.732915073853526],[18.95688130907728,-33.73291395854375],[18.95687594465925,-33.732869346140816]]],[[[18.95681693606092,-33.73300764451439],[18.956835711524025,-33.73311694468418],[18.95685448698713,-33.73311136814828],[18.956850463673607,-33.73308013954052],[18.956871921345726,-33.73308013954052],[18.956866556927697,-33.73304110376482],[18.95684375815107,-33.73304110376482],[18.95683839373304,-33.73300987513149]]],[[[18.956779385134713,-33.73301210574853],[18.956792796179787,-33.73308013954052],[18.95680620722486,-33.73307456300221],[18.956798160597817,-33.73300987513149]]],[[[18.95622416786863,-33.73419320932876],[18.95622953228666,-33.73423335987293],[18.956293905303017,-33.73422332223865],[18.956284517571465,-33.73418428698305]]],[[[18.956216121241585,-33.734119599948954],[18.95622416786863,-33.73413967524061],[18.956296587512032,-33.73413075288935],[18.95629256419851,-33.73410956230136],[18.956277812048928,-33.7341106775956],[18.956267083212868,-33.73407721876225],[18.95624428443624,-33.73407721876225],[18.95625098995878,-33.7341151387724]]],[[[18.956268424317376,-33.73400249398732],[18.95628183536245,-33.73406160463555],[18.95630195193006,-33.73405714345597],[18.956289881989495,-33.73400026339601]]]],""evenOdd"":true}",,
1723618688553,1660036,82,,"{""type"":""Polygon"",""coordinates"":[[[18.988870433482184,-33.66863757584551],[18.98886775127317,-33.66865655030097],[18.988922736557974,-33.66865655030097],[18.98892005434896,-33.66863645970094]]],""geodesic"":true,""evenOdd"":true}",,
1723975966940,1992522,83,,"{""type"":""MultiPolygon"",""coordinates"":[[[[18.81367710133315,-34.056784687772605],[18.813673078019626,-34.0567957985942],[18.81373476882697,-34.05681690915122],[18.813736109931476,-34.0568057983324]]],[[[18.813343166310794,-34.05688024079077],[18.81334987183333,-34.05689135159985],[18.813406198222644,-34.05687579646675],[18.81340351601363,-34.05686135241201]]],[[[18.813306956489093,-34.05677135478476],[18.81331902642966,-34.05678690993704],[18.813337801892764,-34.056780243443555],[18.813325731952197,-34.056766910455]]],[[[18.81387022038222,-34.057262451786315],[18.81388631363631,-34.05730689481348],[18.813903747994907,-34.057300228360894],[18.813883631427295,-34.057255785330234]]],[[[18.81390777130843,-34.057304672662674],[18.81391313572646,-34.05731911664186],[18.813994943101413,-34.057298006209905],[18.813982873160846,-34.05727911792423]]],[[[18.813494711120136,-34.0574446680496],[18.813500075538165,-34.0574568898581],[18.81355103750945,-34.0574446680496],[18.81354567309142,-34.05743244623931]]],[[[18.813580541808612,-34.05736467071396],[18.813583224017627,-34.05737800360848],[18.81361809273482,-34.05737133716146],[18.813610046107776,-34.057358004265915]]],[[[18.8135966350627,-34.057413557983594],[18.81360199948073,-34.057429113018024],[18.813636868197925,-34.057418002279434],[18.81363418598891,-34.0574035583171]]],[[[18.813636868197925,-34.05760051721198],[18.813640891511447,-34.05761718328343],[18.813662349183566,-34.057612738998024],[18.81365430255652,-34.05759496185411]]],[[[18.814501880605228,-34.05742607880087],[18.814491151769168,-34.05743607846472],[18.814526020486362,-34.0574594110091],[18.81453674932242,-34.057449411348]]],[[[18.814440189797885,-34.05754496361683],[18.814460306365497,-34.05755385219451],[18.814507245023258,-34.0575005207145],[18.81448444624663,-34.05749496535007]]],[[[18.81445896526099,-34.057406079469665],[18.814476399619586,-34.057414968061906],[18.81451663275481,-34.05736719186768],[18.814497857291705,-34.057359414345136]]],[[[18.81411161919356,-34.05777717740256],[18.814130394656665,-34.05778828809406],[18.81417599220992,-34.057739401040564],[18.814162581164844,-34.05772829034265]]],[[[18.81403249402762,-34.05787606250575],[18.81404992838622,-34.057883839980875],[18.81409686704398,-34.057833841914004],[18.814078091580875,-34.057824953365696]]],[[[18.814005671937473,-34.05792383841314],[18.813992260892398,-34.05793272695108],[18.81403383513213,-34.057960503626134],[18.81404322286368,-34.05794717082324]]],[[[18.81396007438422,-34.058011612684446],[18.81398153205634,-34.05802050121318],[18.814015059669025,-34.05798494709265],[18.813992260892398,-34.05797828069338]]],[[[18.813929228980548,-34.058073832366006],[18.813946663339145,-34.05808605408378],[18.81396007438422,-34.05806716597375],[18.813941298921115,-34.05805938851544]]],[[[18.813399581823415,-34.057219769081314],[18.813410310659474,-34.05723754630393],[18.813437132749623,-34.057228657693095],[18.81342908612258,-34.05720865831529]]],[[[18.81397893897063,-34.05822306524983],[18.8140272187329,-34.05829528433865],[18.81405269971854,-34.0582808405258],[18.814004419956273,-34.058213065678835]]],[[[18.814322261724538,-34.058245286514484],[18.81433164945609,-34.058274174149815],[18.814382611427373,-34.0582663967105],[18.814371882591313,-34.05823528694611]]],[[[18.815267740402287,-34.05766086531593],[18.8152878569699,-34.05766975388144],[18.815337477836675,-34.057614200331685],[18.815316020164556,-34.057600867474314]]],[[[18.81534552446372,-34.05759197890157],[18.8153602766133,-34.05760197854585],[18.815404533062047,-34.057554202457034],[18.815384416494435,-34.057545313879395]]],[[[18.81529322138793,-34.05722727713916],[18.81529322138793,-34.05724505436021],[18.81531333795554,-34.05724505436021],[18.815311996851033,-34.05722838821559]]],[[[18.816279898274924,-34.05854102163906],[18.816278557170417,-34.05855435434853],[18.81638182221749,-34.05856657599704],[18.81638182221749,-34.05855546540756]]],[[[18.81668222962716,-34.05870990247078],[18.81666077195504,-34.05875323368256],[18.81667686520913,-34.058763233189815],[18.816699663985755,-34.05871990198315]]],[[[18.81666479526856,-34.05867990392655],[18.81668222962716,-34.05868657027063],[18.816690276254203,-34.05867212652447],[18.816674183000114,-34.058665460179256]]],[[[18.817202578176047,-34.05871767986939],[18.817207942594077,-34.05876656635865],[18.81722805916169,-34.05876656635865],[18.81722269474366,-34.05871656881249]]],[[[18.817501644481208,-34.05878957685872],[18.817507008899238,-34.058807353752094],[18.817598204005744,-34.058788465802756],[18.817588816274192,-34.0587729110178]]],[[[18.817539195407416,-34.05876068939904],[18.817544559825446,-34.05877624418625],[18.817587475169685,-34.058768466793005],[18.817583451856162,-34.0587540230608]]],[[[18.817540536511924,-34.05874180143931],[18.81754321872094,-34.05875846728635],[18.817566017497565,-34.058755134117206],[18.817559311975028,-34.05873957932613]]],[[[18.818003704446127,-34.05902481606117],[18.8180171154912,-34.0590425929052],[18.81807612408953,-34.05900926131958],[18.818062713044455,-34.058994817628424]]],[[[18.817942013638785,-34.059077035529896],[18.817958106892874,-34.059095923414915],[18.81809221734362,-34.05902703816689],[18.818073441880514,-34.059010372372654]]],[[[18.81766574611025,-34.05917814121831],[18.817677816050818,-34.05920591748522],[18.817696591513922,-34.05920036223257],[18.81768183936434,-34.05917258596384]]],[[[18.81762953628855,-34.05917147491291],[18.81766038169222,-34.059240360043546],[18.817689885991385,-34.059233693743025],[18.81765501727419,-34.059160364402715]]],[[[18.818073441880514,-34.05940479529037],[18.818082829612067,-34.059418127863964],[18.818156590359976,-34.05940479529037],[18.81814854373293,-34.05939257376272]]],[[[18.817642947333624,-34.05938479642604],[18.81764965285616,-34.05940146214664],[18.817668428319266,-34.059393684810765],[18.81766172279673,-34.059380352233326]]],[[[18.819246347476202,-34.06042811476609],[18.819246347476202,-34.06044811338423],[18.81931072049256,-34.06045033545263],[18.81931072049256,-34.06043255890386]]],[[[18.819361682463843,-34.06044255821299],[18.819364364672857,-34.060455890623345],[18.819381799031454,-34.06045811269154],[18.819385822344977,-34.060444780281536]]],[[[18.819385822344977,-34.060455890623345],[18.819385822344977,-34.06047033406552],[18.81945287757035,-34.06047588923494],[18.819450195361334,-34.060459223725616]]],[[[18.81968891196366,-34.06008036026277],[18.819668795396048,-34.06010147000175],[18.81979888253327,-34.06017813164112],[18.819812293578345,-34.06015702192126]]],[[[18.818243201304632,-34.06011480246574],[18.818252589036184,-34.06012924596605],[18.81830220990296,-34.06011480246574],[18.818288798857886,-34.060099247924214]]],[[[18.818331714202124,-34.06014591154027],[18.818341101933676,-34.06015924399728],[18.818378652859884,-34.06014702257843],[18.818366582919317,-34.06013035700443]]],[[[18.818379993964392,-34.06011591350432],[18.81839608721848,-34.06014035634924],[18.818425591517645,-34.06012924596605],[18.818405474950033,-34.060112580388555]]],[[[18.81839742832299,-34.060100358962984],[18.818413521577078,-34.06012257973545],[18.818425591517645,-34.060113691427155],[18.81840681605454,-34.060093692730106]]],[[[18.8183276908886,-34.06012369077392],[18.81833841972466,-34.06013924531097],[18.818361218501288,-34.06013035700443],[18.818351830769735,-34.06011480246574]]],[[[18.818299527693597,-34.060138134272606],[18.818303551007226,-34.06014924465489],[18.818325008679906,-34.060142578425705],[18.818319644261738,-34.06013480115762]]],[[[18.817921336222845,-34.059829356039344],[18.817942793894964,-34.059858243134784],[18.818015213538366,-34.05983268916624],[18.818007166911322,-34.059817134572924],[18.817972298194128,-34.05982824499702],[18.81796022825356,-34.05981157936033]]],[[[18.817865009833532,-34.05984602167252],[18.817875738669592,-34.059861576260545],[18.817910607386786,-34.05984935479877],[18.817901219655234,-34.05983491125077]]],[[[18.817647750903326,-34.05994379332121],[18.81767725520249,-34.059994901183586],[18.81769871287461,-34.05998934598265],[18.817663844157416,-34.05993490499417]]],[[[18.817611541081625,-34.059961569972494],[18.817642386485296,-34.06001378886406],[18.817669208575445,-34.06000490054436],[18.81763568096276,-34.05995268164732]]],[[[18.81786740166055,-34.06031821325099],[18.81788885933267,-34.06036820985233],[18.81790897590028,-34.06036598778178],[18.81788215381013,-34.06031376910722]]],[[[18.81774133783685,-34.06032265739452],[18.817748043359387,-34.060338211895065],[18.817789617599118,-34.060325990502015],[18.817780229867566,-34.06031265807124]]],[[[18.817823145211804,-34.06031265807124],[18.81783119183885,-34.0603315456809],[18.817844602883923,-34.060325990502015],[18.81783655625688,-34.06031154703525]]],[[[18.81782985073434,-34.060299325638354],[18.817839238465893,-34.06031265807124],[18.817863378347027,-34.06030821392718],[18.81785130840646,-34.06029043734861]]],[[[18.817138914164982,-34.06053308654066],[18.817120138701878,-34.06055975133077],[18.817188535031757,-34.06059974850021],[18.81720328718134,-34.06057863888536]]],[[[18.81709331661173,-34.06049642244054],[18.817078564462147,-34.06051419897591],[18.817120138701878,-34.06053864170596],[18.81713489085146,-34.060526420341816]]],[[[18.816764497107584,-34.06137568979995],[18.816759132689555,-34.061384577975886],[18.81684094006451,-34.06143346292687],[18.816847645587046,-34.06142457475606]]],[[[18.816759132689555,-34.061390133085375],[18.81675108606251,-34.06139791023804],[18.816912018603404,-34.06149568009642],[18.81691872412594,-34.06148679193215]]],[[[18.817562401662013,-34.0612702238315],[18.81757983602061,-34.06129355532038],[18.81767907775416,-34.06124244824113],[18.81765762008204,-34.061222449810415]]],[[[18.817656278977534,-34.06121578366581],[18.817683101067683,-34.06123911516968],[18.817712605366847,-34.061221338786346],[18.817701876530787,-34.06121356161748],[18.81771528757586,-34.06120134035067],[18.817699194321772,-34.06118689703307]]],[[[18.817685783276698,-34.061258002572856],[18.817696512112757,-34.06127355690173],[18.81773674524798,-34.06125022540735],[18.81772601641192,-34.061240226193505]]],[[[18.818652719626566,-34.06195683353158],[18.818695634970805,-34.062036826532896],[18.818710387120387,-34.06202682741186],[18.81866747177615,-34.061953500488215]]],[[[18.8181726042129,-34.062153482857795],[18.818184674153468,-34.062169037022336],[18.81834158338084,-34.06211904148334],[18.81833085454478,-34.06210126528461]]],[[[18.81871977485194,-34.06216125994042],[18.818731844792506,-34.062173481068804],[18.818749279151103,-34.062166814998996],[18.818743914733073,-34.06215348285777]]],[[[18.818869978556773,-34.06240790419034],[18.818859249720713,-34.062425680324765],[18.818879366288325,-34.062434568390586],[18.818888754019877,-34.0624190142748]]],[[[18.81891825831904,-34.062426791333046],[18.81890752948298,-34.062452344519414],[18.818969220290324,-34.06248234172836],[18.8189826313354,-34.06245678855104]]],[[[18.818785488972804,-34.06249456281044],[18.81877073682322,-34.062514560940954],[18.81881901658549,-34.062536781080446],[18.818843156466624,-34.06249900683985],[18.818810969958445,-34.06248123072081],[18.818796217808863,-34.062501228854465]]],[[[18.818621874222895,-34.06277453620821],[18.818637967476985,-34.06280675530972],[18.818691611657282,-34.06279231226573],[18.818674177298686,-34.062758982154826]]],[[[18.818392545352122,-34.06252567101143],[18.818422049651286,-34.062580110335674],[18.818448871741435,-34.06257122228512],[18.81842070854678,-34.062514560940954]]],[[[18.8185145858623,-34.06274009508616],[18.818499833712718,-34.062758982154826],[18.818558842311045,-34.06278231323383],[18.818569571147105,-34.062767870185674],[18.818553477893015,-34.0627623151665],[18.81856688893809,-34.062742317094454],[18.818537384638926,-34.06272676303515],[18.81852397359385,-34.06274676111088]]],[[[18.818722457060954,-34.062930076585076],[18.818733185897013,-34.062944519605594],[18.818747938046595,-34.06293674259485],[18.81873989141955,-34.06292563257827]]],[[[18.81877744234576,-34.062957851622336],[18.818805605540415,-34.06301006866774],[18.81882438100352,-34.06300229166301],[18.818798900017878,-34.06295340761698]]],[[[18.81915965713038,-34.06312783465201],[18.81916636265292,-34.06314783263308],[18.81929242647662,-34.06314449963656],[18.819288403163096,-34.06312561265381]]],[[[18.819127470622202,-34.06312783465201],[18.819127470622202,-34.06314561063542],[18.819152951607844,-34.06314561063542],[18.819151610503337,-34.06312783465201]]],[[[18.818836450944087,-34.06317894059426],[18.818837792048594,-34.06320338255575],[18.818869978556773,-34.06320671554996],[18.81886595524325,-34.06318671758278]]],[[[18.81720551507637,-34.06243926962443],[18.817229654957504,-34.06244482466479],[18.817272570301743,-34.062352610947784],[18.817245748211594,-34.0623470559014]]],[[[18.817526464963237,-34.06282263242524],[18.81751439502267,-34.06284929649498],[18.817639117741862,-34.06288151556807],[18.817644482159892,-34.062860406521565]]],[[[18.817559992575923,-34.06306483075078],[18.817565356993953,-34.063080384748034],[18.817610954547206,-34.063077051748856],[18.817605590129176,-34.063061497750994]]],[[[18.81765655210046,-34.06305483175103],[18.81766057541398,-34.063069274750276],[18.817699467444697,-34.06306705275056],[18.817691420817653,-34.06305372075099]]],[[[18.8177182429078,-34.0630359447483],[18.817720925116816,-34.06306483075078],[18.81778798034219,-34.06305372075099],[18.817779933715144,-34.063023723744294]]],[[[18.818409261005385,-34.06346171023591],[18.818382438915236,-34.06347170918766],[18.81850582052992,-34.063609472402526],[18.818520572679503,-34.06359614048829]]],[[[18.81843340088652,-34.06354281281039],[18.81841730763243,-34.06355836671991],[18.818477657335265,-34.06362502629982],[18.818495091693862,-34.06361169438803]]],[[[18.81851252605246,-34.06373945845637],[18.818515208261474,-34.06376723322835],[18.818551418083175,-34.06376834421903],[18.818547394769652,-34.06373723647422]]],[[[18.818562146919234,-34.06373723647422],[18.81856482912825,-34.063772788181645],[18.81862651993559,-34.06377612115345],[18.81862115551756,-34.06374168043846]]],[[[18.81710683706389,-34.063323442912164],[18.81709610822783,-34.063340107858245],[18.81712829473601,-34.06336010578923],[18.817139023572068,-34.06334788483198]]],[[[18.817204737692933,-34.06338454769846],[18.817192667752366,-34.06339676865045],[18.817218148738007,-34.06341232258677],[18.817230218678574,-34.06339787964598]]],[[[18.81710683706389,-34.06340565661441],[18.8171269536315,-34.06341232258677],[18.817160481244187,-34.06337010475295],[18.817136341363053,-34.06336121678525]]],[[[18.817161822348694,-34.06310013231837],[18.817155116826157,-34.06312124130516],[18.817181938916306,-34.06312901829897],[18.817188644438843,-34.063105687315414]]],[[[18.815712088376145,-34.06267906248343],[18.81573086383925,-34.06269239454194],[18.815765732556443,-34.06265350936543],[18.815749639302354,-34.06264239931171]]],[[[18.815812671214204,-34.062656842381266],[18.81579791906462,-34.06267684047348],[18.815848881035905,-34.06270794860755],[18.81586229208098,-34.06269128353715]]],[[[18.81610905531035,-34.06278016387478],[18.81609296205626,-34.06280571695459],[18.816137218505006,-34.062823493005574],[18.816151970654587,-34.062804605951285]]],[[[18.816383981734376,-34.062652398360136],[18.816382640629868,-34.06267017444326],[18.816432261496644,-34.06267906248343],[18.81643360260115,-34.062659064391745]]],[[[18.816530162125687,-34.06272350267031],[18.81654893758879,-34.06273572371761],[18.81659185293303,-34.06270017157511],[18.816573077469926,-34.06268683951782]]],[[[18.816154652863602,-34.06235798144083],[18.816151970654587,-34.06239353372689],[18.816248530179124,-34.06239908877025],[18.816248530179124,-34.06236909153183]]],[[[18.81612514856444,-34.062330206206965],[18.816122466355424,-34.06235575942246],[18.816162699490647,-34.06235798144083],[18.81616672280417,-34.062337983273366]]],[[[18.816064798861603,-34.0621368903271],[18.81605541113005,-34.06215355550653],[18.816141241818528,-34.06219244091245],[18.816149288445573,-34.06217799776377]]],[[[18.815555179148774,-34.06213355729083],[18.815539085894684,-34.06215355550653],[18.8156141877471,-34.06220132900272],[18.8156316221057,-34.06218355282124]]],[[[18.815344625741105,-34.06184913771218],[18.81533121469603,-34.06186135888559],[18.81543179753409,-34.06193135284472],[18.81544118526564,-34.061919131681414]]],[[[18.81510590913878,-34.06190802153142],[18.815097862511735,-34.06192246472613],[18.81517832878218,-34.061970238352586],[18.815167599946122,-34.061980237480306],[18.815258795052628,-34.06203912120845],[18.815266841679673,-34.062029122087694],[18.815277570515732,-34.06203356614151],[18.815285617142777,-34.062024678033644]]],[[[18.815724158316712,-34.061544718824344],[18.815706723958115,-34.061569161257175],[18.815771096974473,-34.061608046931234],[18.815789872437577,-34.0615880485868]]],[[[18.81536742451773,-34.06139917510107],[18.81534730795012,-34.06141584042557],[18.815387541085343,-34.06144583800141],[18.815408998757462,-34.06142806166146]]],[[[18.81512200239287,-34.061430283704155],[18.815099203616242,-34.06146805842111],[18.815151506692033,-34.06149027883498],[18.81517832878218,-34.06145694821198]]],[[[18.814184570342164,-34.06186358091692],[18.81419664028273,-34.06189135630372],[18.814247602254014,-34.061876913103724],[18.81423821452246,-34.06186246990126],[18.814256989985566,-34.06185580380698],[18.814263695508103,-34.06186580294819],[18.814294540911774,-34.06185469279122],[18.81430661085234,-34.06184913771218],[18.81430124643431,-34.0618246953601]]],[[[18.814132267266373,-34.06184358263278],[18.81413897278891,-34.06186135888559],[18.814151042729478,-34.06186802497942],[18.814173841506104,-34.06186135888559],[18.814167135983567,-34.061852470759646],[18.814179205924134,-34.06184913771218],[18.814163112670045,-34.06182136231155]]],[[[18.81419261696921,-34.06148139067013],[18.814179205924134,-34.06151027720249],[18.8141912758647,-34.06151249924302],[18.814206028014283,-34.06148916781442]]],[[[18.814210051327805,-34.06149138985552],[18.814169818192582,-34.06156805023765],[18.814184570342164,-34.06157027227668],[18.814227485686402,-34.06149694495801]]],[[[18.814231508999924,-34.06149694495801],[18.814189934760194,-34.06157027227668],[18.814206028014283,-34.06157471635456],[18.814232850104432,-34.06153027556527],[18.814246261149506,-34.06153583066521],[18.814261013299088,-34.061514721283515]]],[[[18.81436964276419,-34.0615091661822],[18.814350867301087,-34.06154582984417],[18.81436964276419,-34.06155471800226],[18.81439110043631,-34.061520276384464]]],[[[18.814309293061356,-34.061505833121224],[18.814295882016282,-34.06152916454523],[18.814325386315446,-34.061544718824344],[18.81434416177855,-34.06152138740462]]],[[[18.813391977578263,-34.06120141300021],[18.813381248742203,-34.06122474450804],[18.813449645072083,-34.06124585396196],[18.813455009490113,-34.06122474450804]]],[[[18.813428187399964,-34.06124918703315],[18.813406729727845,-34.061276962621314],[18.81343623402701,-34.06128362876111],[18.813452327281098,-34.061260297269506]]],[[[18.813597166567902,-34.06135806728664],[18.81362398865805,-34.06136473342007],[18.813642764121155,-34.061335846838105],[18.813610577612977,-34.06132806967974]]],[[[18.81301424675544,-34.06075663635742],[18.81300888233741,-34.060771079748335],[18.813020952277977,-34.06077552386813],[18.813012905650933,-34.0607888562261],[18.813079960876305,-34.060814409906335],[18.813081301980812,-34.06080329961153],[18.81309337192138,-34.0608055216706],[18.81310275965293,-34.06079552240429]]],[[[18.813027657800514,-34.06074108193367],[18.813015587859947,-34.06075441429705],[18.813049115472634,-34.06076663562831],[18.81305582099517,-34.06075663635742]]],[[[18.813527325185024,-34.06079027082131],[18.813521960766995,-34.06080582523603],[18.813542077334606,-34.06081471347172],[18.813548782857143,-34.06079915905865]]],[[[18.813579628260815,-34.060742496529684],[18.81356621721574,-34.06078138258305],[18.81360242703744,-34.060784715672504],[18.813615838082516,-34.060749162711524]]],[[[18.813644001277172,-34.06081026935399],[18.813638636859142,-34.060834711998645],[18.813700327666485,-34.06085359949195],[18.813707033189022,-34.06082582376505]]],[[[18.81297344902345,-34.0605271416398],[18.81298954227754,-34.060548251267484],[18.813005635531628,-34.060538251970826],[18.81298820117303,-34.06051936440723]]],[[[18.81316790917703,-34.06045577422871],[18.813137063773357,-34.0604735507726],[18.813190707953655,-34.06054910104255],[18.813222894461834,-34.06053243554761]]],[[[18.81320948341676,-34.06050132661497],[18.81322557667085,-34.06052910244823],[18.813248375447476,-34.06052465831552],[18.813228258879864,-34.06048799421177]]],[[[18.813394555838787,-34.06018690354766],[18.81340930798837,-34.060201347035665],[18.813465634377682,-34.06016468279204],[18.813454905541622,-34.06014801722152]]],[[[18.813436130078518,-34.06018468147235],[18.813453564437115,-34.06020245807311],[18.813516596348965,-34.06015579448818],[18.813505867512905,-34.06014246203062]]],[[[18.81352464297601,-34.06035800317065],[18.813563535006725,-34.06039133422584],[18.8136131558735,-34.06035911420604],[18.81358767488786,-34.060329116245555],[18.813564876111233,-34.06034578178047],[18.813558170588696,-34.06033578245991]]],[[[18.814053038151943,-34.06060354163649],[18.814019510539257,-34.060656871164],[18.814061084778988,-34.06067798075937],[18.81409595349618,-34.060623540213236]]],[[[18.8142055237399,-34.06064801606946],[18.814159926186647,-34.0607180110307],[18.814197477112856,-34.060738009580426],[18.814245756875124,-34.06066690360437]]],[[[18.814031180153933,-34.0609924351624],[18.814015086899843,-34.06104687547156],[18.814033862362948,-34.06105020855056],[18.814039226780977,-34.06102909904792],[18.814082142125216,-34.061030210074506],[18.814078118811693,-34.06105576368197],[18.814125057469454,-34.061057985734436],[18.814130421887484,-34.061005767486236]]],[[[18.81616326235692,-34.060749794609414],[18.81615789793889,-34.06076646006161],[18.81622092985074,-34.06079756889693],[18.816227635373277,-34.060783125510525]]],[[[18.81618874334256,-34.0607931247783],[18.8161780145065,-34.060815345369136],[18.81624238752286,-34.06084312109949],[18.816255798567934,-34.06082423360384]]],[[[18.81582128070752,-34.060717574725885],[18.815846761693162,-34.06072646297084],[18.815893700350923,-34.06066091214238],[18.815866878260774,-34.060650912859]]],[[[18.815928569068117,-34.060657579048055],[18.815917840232057,-34.06067646658084],[18.815928569068117,-34.06068202173674],[18.815920522441072,-34.06069979823318],[18.815962096680803,-34.06071646369521],[18.815970143307847,-34.06070202029496],[18.815960755576295,-34.06069757617132],[18.815971484412355,-34.06068202173674]]],[[[18.815649619330568,-34.0605464758288],[18.815644254912538,-34.06056203028826],[18.815770318736238,-34.060604249520985],[18.81577434204976,-34.06059202816631]]],[[[18.815536966551942,-34.06051092276788],[18.815526237715883,-34.0605320323996],[18.815547695388002,-34.060542031697],[18.815561106433076,-34.060522033101016]]],[[[18.815523555506868,-34.060537587564966],[18.81551282667081,-34.0605598082228],[18.815540989865465,-34.06056425235367],[18.815546354283494,-34.06054869789462]]],[[[18.815393468369646,-34.06045648211444],[18.815382739533586,-34.06047536969204],[18.81542833708684,-34.06049425726544],[18.8154390659229,-34.06047536969204]]],[[[18.815382739533586,-34.06048425796241],[18.815372010697526,-34.060502034500324],[18.815414926041765,-34.060520922067774],[18.81542297266881,-34.060502034500324]]],[[[18.815236559142274,-34.06042092901577],[18.815211078156633,-34.060458704182615],[18.815225830306215,-34.06046537038678],[18.815219124783678,-34.06047981382734],[18.815200349320573,-34.060473147624315],[18.815178891648454,-34.06050758966766],[18.815208395947618,-34.06052314413426],[18.815267404545946,-34.060439816601296]]],[[[18.815156092871828,-34.060326491024995],[18.815135976304216,-34.060356488986415],[18.81516011618535,-34.060366488304524],[18.81517620943944,-34.0603376013823]]],[[[18.815020641316575,-34.060819789486594],[18.81503941677968,-34.06083312183761],[18.815067579974336,-34.06078534757013],[18.815043440093202,-34.06077757036125]]],[[[18.81477119587819,-34.06031871377401],[18.814763149251146,-34.060326491024995],[18.81479265355031,-34.06035982209258],[18.81480338238637,-34.06035426691556]]],[[[18.8147551026241,-34.06032760206079],[18.814741691579027,-34.06033426827526],[18.81480740569989,-34.06040759659992],[18.81481947564046,-34.06039870832152]]],[[[18.814709505070848,-34.060442038669905],[18.814733644951982,-34.06046314831878],[18.81476180814664,-34.06044759384116],[18.814747055997056,-34.060424262119405]]],[[[18.816470375289125,-34.06052425516747],[18.816466351975603,-34.060544253762934],[18.81653608940999,-34.06056980751692],[18.816540112723512,-34.06055091996036]]],[[[18.81655218266408,-34.06036315519861],[18.8165562059776,-34.060380931761934],[18.81665678881566,-34.060376487621454],[18.816655447711153,-34.060356488986415]]],[[[18.816438188780946,-34.060516477934634],[18.81643148325841,-34.06053314343271],[18.816444894303483,-34.06053647653192],[18.81645159982602,-34.06052314413426]]],[[[18.81601037644307,-34.060207610110524],[18.81599964760701,-34.06022983085487],[18.816072067250413,-34.06026760610688],[18.816086819399995,-34.06024760744616]]],[[[18.816123029221696,-34.060264272997095],[18.816112300385637,-34.06029093787179],[18.81615253352086,-34.06030871445026],[18.816165944565935,-34.0602842716539]]],[[[18.81615789793889,-34.060122060190395],[18.81613644026677,-34.06017539002087],[18.816186061133546,-34.06018872247324],[18.81621020101468,-34.06013539265116]]],[[[18.816092183818025,-34.05993984968306],[18.816085478295488,-34.059968736740835],[18.816145827998323,-34.059988735467385],[18.81615789793889,-34.059958737375794]]],[[[18.817257990046617,-34.05957653853884],[18.817248602315065,-34.059605425720456],[18.81736661951172,-34.059642090206005],[18.81737734834778,-34.05961875826248]]],[[[18.81678323905098,-34.05939099371456],[18.816834201022264,-34.059442101910285],[18.81685163538086,-34.05942988038801],[18.816803355618593,-34.05937877218492]]],[[[18.81615962545502,-34.05949765426199],[18.816156943246003,-34.059515431006844],[18.81623740951645,-34.05954431820928],[18.81624277393448,-34.059526541470476]]],[[[18.815898110076066,-34.059433213530625],[18.815888722344514,-34.05945210133627],[18.815977235242006,-34.0594843217009],[18.81599064628708,-34.059464322855334]]],[[[18.81585385362732,-34.05941988095941],[18.815847148104783,-34.059439879815464],[18.815872629090425,-34.05944543505242],[18.815877993508455,-34.05942876934046]]],[[[18.815679510041353,-34.05934099653674],[18.81565402905571,-34.05938877161839],[18.815671463414308,-34.059397660002695],[18.815699626608964,-34.05934988492606]]],[[[18.81602283279526,-34.05916767275865],[18.816018809481736,-34.059184338521945],[18.816061724825975,-34.05920100428196],[18.816065748139497,-34.05918211642036]]],[[[18.815982599660035,-34.05921878108903],[18.816004057332155,-34.059228780541375],[18.816020150586244,-34.05918544957271],[18.815998692914125,-34.05917989431872]]],[[[18.81544884006607,-34.05955209553132],[18.81546091000664,-34.05956876121903],[18.81551857750046,-34.059538762978804],[18.815509189768907,-34.05952543042418]]],[[[18.815435429020997,-34.059536540886505],[18.81545018117058,-34.05954765134739],[18.815503825350877,-34.05951431996039],[18.81549175541031,-34.05950543158831]]],[[[18.8153817848407,-34.05940543733821],[18.815395195885774,-34.05942210305476],[18.815435429020997,-34.05939654895471],[18.815422017975923,-34.05938321637772]]],[[[18.815463592215654,-34.05938321637772],[18.81544884006607,-34.05938988266648],[18.815468956633683,-34.059409881529604],[18.81548102657425,-34.059398771050674]]],[[[18.815595020457383,-34.05942876934046],[18.815616478129503,-34.059433213530625],[18.81563793580162,-34.05938210532955],[18.815615137024995,-34.05937432799189]]],[[[18.81563793580162,-34.05932988604878],[18.81562318365204,-34.059364328556725],[18.815652687951204,-34.059370994846965],[18.81566475789177,-34.05933877443927]]],[[[18.8156701223098,-34.059306554019315],[18.815662075682756,-34.05931877555936],[18.815676827832338,-34.059325441853176],[18.815687556668397,-34.059312109265]]],[[[18.815105277764104,-34.05963974934569],[18.81511868880918,-34.05965197083769],[18.81520183728864,-34.05961641740153],[18.81519647287061,-34.05960308485912]]],[[[18.81499128388097,-34.059769741488445],[18.815020788180135,-34.05983195987938],[18.815058339106344,-34.05982307154061],[18.81502883480718,-34.05976085314315]]],[[[18.814287204014562,-34.059821960498205],[18.814326096045278,-34.0598252936254],[18.81434621261289,-34.05976085314315],[18.81430866168668,-34.05975418688357]]],[[[18.81448702858617,-34.05967974694932],[18.814474958645604,-34.05969641261191],[18.814507145153783,-34.05971863349029],[18.814521897303365,-34.059699745744055]]],[[[18.81450312184026,-34.05966308128343],[18.814495075213216,-34.05967308068335],[18.814520556198858,-34.059691968435544],[18.814532626139425,-34.05968308008209]]],[[[18.815404344069265,-34.05910422405675],[18.815431166159414,-34.05910422405675],[18.815431166159414,-34.05899311880119],[18.815409708487294,-34.05899534090773]]],[[[18.8141964668246,-34.059220938073956],[18.814204513451646,-34.059228715425675],[18.814284979722093,-34.05918538445699],[18.81427559199054,-34.0591731628977]]],[[[18.813968479058335,-34.05935537505332],[18.81395640911777,-34.05936648553795],[18.814024805447648,-34.05941759374844],[18.814038216492722,-34.05940426117476]]],[[[18.81360369863231,-34.059699799399354],[18.813611745259355,-34.05971313192655],[18.813676118275712,-34.05968313373742],[18.813668071648667,-34.05966869016109]]],[[[18.813123583218644,-34.05994311769046],[18.81314235868175,-34.05995533913872],[18.813187956235,-34.05992422999425],[18.813174545189927,-34.059909786459]]],[[[18.813185274025987,-34.05989978708701],[18.81319868507106,-34.05991756374752],[18.81324696483333,-34.059882010422776],[18.81323087157924,-34.05986645583851]]],[[[18.812539560842463,-34.060289062627376],[18.812559677410075,-34.06030572817016],[18.812610639381358,-34.06027684122724],[18.81259454612727,-34.06026128671544]]],[[[18.812192214775035,-34.060671258251176],[18.812170757102916,-34.060686812687734],[18.812212331342646,-34.06072458773607],[18.812233789014766,-34.06070347815231]]],[[[18.812384339335498,-34.06336548718825],[18.812407138112125,-34.06337881913877],[18.81244200682932,-34.06333882328092],[18.81242457247072,-34.06332771331706]]],[[[18.812460782292423,-34.06326105350329],[18.812450053456363,-34.0632754964674],[18.812526496413287,-34.06332104733804],[18.812533201935825,-34.06330549338496]]],[[[18.81265658355051,-34.06335882121221],[18.81265121913248,-34.063372153163776],[18.81273973202997,-34.06340770502436],[18.812745096448,-34.063396595069534]]],[[[18.812844338181552,-34.06309995873686],[18.812833609345493,-34.06311884572532],[18.812900664570865,-34.06314884269835],[18.81290871119791,-34.06313217771465]]],[[[18.811745973589954,-34.06269999799278],[18.811764749053058,-34.06271110803894],[18.81177413678461,-34.062696664978645],[18.81175804353052,-34.062686665935466]]],[[[18.812055768731174,-34.06229225829114],[18.81204772210413,-34.06230781243019],[18.812061133149204,-34.06231670050836],[18.81205710983568,-34.06232558858561],[18.81209466076189,-34.062345586755995],[18.812096001866397,-34.06233669868085],[18.812118800643024,-34.062347808774646],[18.81212684727007,-34.06233892069972]]],[[[18.812160374882755,-34.06225781697308],[18.812129529479083,-34.06229559132118],[18.81215232825571,-34.062305590410496],[18.812167080405292,-34.0622833702104],[18.81218853807741,-34.06229225829114],[18.81219926691347,-34.062277815159455]]],[[[18.812191220286426,-34.06221670957515],[18.81218317365938,-34.062228930695525],[18.812227430108127,-34.06226003899402],[18.81224218225771,-34.062244484846204]]],[[[18.812428595784244,-34.06186340733288],[18.81244066572481,-34.061874517488704],[18.812490286591586,-34.06182229974362],[18.81247285223299,-34.061811189580936]]],[[[18.81249833321863,-34.06191006997759],[18.812513085368213,-34.06191895809748],[18.812560024025974,-34.06186451834852],[18.81254124856287,-34.06185340819137]]],[[[18.813537689211902,-34.061986729981],[18.813529642584857,-34.06200117316228],[18.81361681437784,-34.06203894762477],[18.813619496586856,-34.06202561546347]]],[[[18.81368655181223,-34.06199450707892],[18.813662411931094,-34.06204228066478],[18.813678505185184,-34.062047835731136],[18.813703986170825,-34.062005617217565]]],[[[18.81347599840456,-34.06213116168306],[18.813463928463992,-34.062147826863615],[18.81350684380823,-34.062168936087616],[18.81351757264429,-34.06215560394676]]],[[[18.813471975091037,-34.06223781878197],[18.813451858523425,-34.062264483035726],[18.813473316195545,-34.062277815159455],[18.81349611497217,-34.06225337293102]]],[[[18.812706204417285,-34.06214560483974],[18.812696816685733,-34.062154492934916],[18.812749119761524,-34.062192267329074],[18.812762530806598,-34.062181157214894]]],[[[18.81275582528406,-34.06216449204089],[18.81277191853815,-34.0621744911457],[18.812806787255344,-34.06213893876774],[18.81278801179224,-34.062126717634364]]],[[[18.812806787255344,-34.06214671585169],[18.812711568835315,-34.06226115000447],[18.812729003193912,-34.0622667050565],[18.812826903822955,-34.06215782597038]]],[[[18.812590869429645,-34.06255445625359],[18.812610985997257,-34.062563344305886],[18.81263512587839,-34.062518904035024],[18.812617691519794,-34.06251112698523]]],[[[18.81269815779024,-34.062497794898206],[18.81269279337221,-34.06251334899954],[18.812710227730808,-34.06252223705616],[18.812720956566867,-34.062507793963675]]],[[[18.812720956566867,-34.062546679207045],[18.812712909939822,-34.06256556631882],[18.812743755343494,-34.062577787388896],[18.81275180197054,-34.0625622332994]]],[[[18.81292346334749,-34.06261556159437],[18.812912734511432,-34.06263555969633],[18.81293419218355,-34.06264444774014],[18.812943579915103,-34.062630004668485]]],[[[18.813001247408923,-34.06264000371836],[18.812989177468356,-34.0626522247777],[18.812979789736804,-34.062668889855786],[18.813038798335132,-34.06269999799278],[18.813046844962177,-34.06267999990602],[18.813017340663013,-34.06266444583528],[18.813028069499072,-34.062653335783004]]],[[[18.813187851732597,-34.06295288385449],[18.81318114621006,-34.062976214880116],[18.81324820143543,-34.06300287890155],[18.81324954253994,-34.06298843589098]]],[[[18.81328038794361,-34.06300065690007],[18.813272341316566,-34.06301732190965],[18.81331659776531,-34.06303843091706],[18.81332732660137,-34.06302176591165]]],[[[18.813376947468146,-34.06290288877795],[18.813368900841102,-34.06292177581033],[18.81343327385746,-34.06295510585721],[18.813441320484504,-34.06293732983384]]],[[[18.813178464001044,-34.06298065888428],[18.813162370746955,-34.063006211903634],[18.8132066271957,-34.0630262099134],[18.813225402658805,-34.06300065690007]]],[[[18.81313823086582,-34.06340283821615],[18.8131342075523,-34.06341839215135],[18.813268318003043,-34.06347616388572],[18.813273682421073,-34.06346505393986]]],[[[18.81369912317166,-34.063832792373965],[18.813691076544615,-34.063852790188676],[18.813716557530256,-34.0638639000837],[18.813725945261808,-34.06384390227161]]],[[[18.8141390054501,-34.06380612861366],[18.814122912196012,-34.06382612643468],[18.81415509870419,-34.06384390227161],[18.81417655637631,-34.06383057039426]]],[[[18.814085361269804,-34.06375502304965],[18.8140665858067,-34.06378946375922],[18.81409340789685,-34.063799462672286],[18.814159122017713,-34.06371391637797],[18.8141390054501,-34.063708361420815],[18.814104136732908,-34.063758356022156]]],[[[18.81515422156224,-34.06405610103705],[18.815167632607313,-34.06408498669178],[18.81521725347409,-34.0640772097857],[18.815203842429014,-34.06404610215427]]],[[[18.814989265707823,-34.06365170083696],[18.814975854662748,-34.06366392175041],[18.814997312334867,-34.0636750316702],[18.815009382275434,-34.063660588774184]]],[[[18.814350899962278,-34.063670587702454],[18.814356264380308,-34.06368391960497],[18.814404544142576,-34.06366614373448],[18.814400520829054,-34.06365392282136]]],[[[18.814663377312513,-34.063287294608045],[18.81467544725308,-34.06329951557404],[18.814694222716184,-34.06326729665987],[18.814679470566603,-34.063263963668064]]],[[[18.814656671789976,-34.06317841683316],[18.814647284058424,-34.06319619280597],[18.81468081167111,-34.06320952478312],[18.814690199402662,-34.06319397080958]]],[[[18.815203842429014,-34.0632484097045],[18.81522127678761,-34.063261741673436],[18.815250781086775,-34.06323729972878],[18.8152373700417,-34.06322507875381]]],[[[18.815376844910475,-34.06326951865435],[18.81535270502934,-34.06328618361104],[18.81536879828343,-34.06330395956124],[18.81539427926907,-34.063281739622916]]],[[[18.815303084162565,-34.06321952376461],[18.815292355326505,-34.063232855738086],[18.815345999506803,-34.063285072614036],[18.815364774969908,-34.06327062965157]]],[[[18.815184872641595,-34.06463452662413],[18.815206330313714,-34.06465341327057],[18.81522510577682,-34.06463897054132],[18.81519828368667,-34.06462230585067]]],[[[18.81523449350837,-34.064647858375004],[18.815227787985833,-34.064670077955114],[18.815258633389504,-34.06467896578553],[18.81526533891204,-34.06466119012376]]],[[[18.815289478793176,-34.06466674501847],[18.81528143216613,-34.06468118774299],[18.81531361867431,-34.064694519486515],[18.81531898309234,-34.06467674382801]]],[[[18.8153297119284,-34.06467674382801],[18.815321665301354,-34.06470118535749],[18.815364580645593,-34.06470118535749],[18.815364580645593,-34.06468340970038]]],[[[18.81614376236442,-34.06410458782847],[18.81615315009597,-34.064121252620936],[18.816248368516,-34.064093477965],[18.81623763967994,-34.06407681316706]]],[[[18.816291283860238,-34.06406681428673],[18.816299330487283,-34.06408014612691],[18.81631676484588,-34.06407570218041],[18.816310059323342,-34.0640612593527]]],[[[18.814770891581002,-34.06349670525539],[18.814765527162972,-34.06350448221474],[18.814780279312554,-34.06351448116143],[18.81478698483509,-34.06350559320887]]],[[[18.81572844019932,-34.06322647684006],[18.81577537885708,-34.063255362777575],[18.81579013100666,-34.06324647479785],[18.815744533453408,-34.063210922869615]]],[[[18.815768673334542,-34.063197590892685],[18.815757944498483,-34.06320647887755],[18.815794154320184,-34.0632331428265],[18.815808906469766,-34.06322092185094]]],[[[18.815776719961587,-34.06318759190861],[18.815815611992303,-34.063213144865564],[18.815826340828362,-34.06320203488522],[18.815787448797646,-34.063174259928005]]],[[[18.815831705246392,-34.063125375981166],[18.815820976410333,-34.063135374972596],[18.81585986844105,-34.06316426094117],[18.815873279486123,-34.06315203995566]]],[[[18.81585986844105,-34.06309315700081],[18.815846457395974,-34.06310759999352],[18.815889372740212,-34.063135374972596],[18.815900101576272,-34.06312315398292]]],[[[18.815745874557916,-34.063075381006385],[18.81572844019932,-34.06309093500171],[18.81578476658863,-34.06312648698028],[18.815798177633706,-34.06311093299149]]],[[[18.813473056595843,-34.06245363072764],[18.813494514267962,-34.062464740806085],[18.813519995253603,-34.06242474451682],[18.813494514267962,-34.06241585644999]]],[[[18.81354815844826,-34.062438076615344],[18.813540111821215,-34.06245251971971],[18.813583027165453,-34.06247362886781],[18.813591073792498,-34.06246029677487]]],[[[18.813650082390826,-34.06225587108737],[18.81364203576378,-34.062269203212466],[18.813687633317034,-34.06228920139616],[18.81369031552605,-34.062278091294694]]],[[[18.814033638279955,-34.06245585274343],[18.81403095607094,-34.06246918483706],[18.814076553624194,-34.062490293981014],[18.814080576937716,-34.06247585088308]]],[[[18.814043026011507,-34.0628835897014],[18.814064483683627,-34.062895810725614],[18.814103375714343,-34.062851370629105],[18.814085941355746,-34.062840260601334]]],[[[18.81483964208893,-34.063039129878106],[18.81485037092499,-34.06306801587949],[18.814879875224154,-34.063066904879626],[18.814874510806124,-34.06303690787759]]],[[[18.813659980064784,-34.06278612663604],[18.813654615646755,-34.06279834767432],[18.81369350767747,-34.06282056773939],[18.81370423651353,-34.06280945770757]]],[[[18.813680096632396,-34.062833899775626],[18.813654615646755,-34.06288056188598],[18.813670708900844,-34.062889449904084],[18.813697530990993,-34.062839454790115]]],[[[18.81402007514474,-34.06215580340277],[18.814013369622202,-34.06217246857847],[18.8140670138025,-34.062198021841525],[18.81407237822053,-34.06218357869379]]],[[[18.81418771320817,-34.062200243864034],[18.81415552669999,-34.06225246137625],[18.81417161995408,-34.06225690541836],[18.814205147566767,-34.062209131953495]]]],""evenOdd"":true}",,
1723975966940,2991169,84,,,,
1723975966940,5993943,85,,,,
1723975966940,7972547,86,,,,
1723975966940,7971058,87,,,,
1723975966940,7973404,88,,,,
1723975966940,7974468,89,,,,
1723975966940,1640060,90,,,,
1723975966940,7985357,91,,,,
1723975966940,8730076,92,,"{""type"":""MultiPolygon"",""coordinates"":[[[[30.78045643336119,-25.10470323339989],[30.78045643336119,-25.104745737941837],[30.78048325545134,-25.104745737941837],[30.780480573242325,-25.10470201898419]]],[[[30.773859009210124,-25.105338666217712],[30.773859009210124,-25.10536052558469],[30.773868396941676,-25.10536052558469],[30.773868396941676,-25.105377527311852],[30.773899242345347,-25.105377527311852],[30.773899242345347,-25.105362954402995],[30.773915335599437,-25.105362954402995],[30.773912653390422,-25.105341095036465]]],[[[30.773915335599437,-25.105318021256437],[30.77391935891296,-25.105342309445817],[30.773942157689586,-25.105339880627103],[30.773938134376063,-25.105318021256437]]],[[[30.77452270361384,-25.10938901634429],[30.77454952570399,-25.10941694683171],[30.77457098337611,-25.109399945666212],[30.77454818459948,-25.10937322954422]]],[[[30.774330925669275,-25.109194717124726],[30.774330925669275,-25.10921536143147],[30.774359088863932,-25.109217790173197],[30.774361771072947,-25.109195931495805]]],[[[30.774635356392466,-25.109176501557066],[30.774650108542048,-25.109191074011406],[30.77466486069163,-25.109176501557066],[30.774647426333033,-25.109161929100967]]],[[[30.77273995610834,-25.10687539856663],[30.77276007267595,-25.10691061599114],[30.77281774016977,-25.106888756901256],[30.772800305811174,-25.106852325076133]]],[[[30.772820422378786,-25.10690575841595],[30.77280835243822,-25.106908187203558],[30.77281371685625,-25.106925188715532],[30.772843221155412,-25.106913044778658],[30.772836515632875,-25.106887542507273],[30.772816399065263,-25.106891185689218]]],[[[30.772679606405504,-25.106837752343036],[30.77268765303255,-25.106853539470475],[30.77270240518213,-25.106848681893016],[30.77270776960016,-25.10685718265343],[30.772721180645235,-25.106855968259136],[30.772730568376787,-25.106871755384212],[30.772748002735383,-25.106868112201685],[30.77273995610834,-25.106847467498614],[30.772764095989473,-25.106837752343036],[30.772756049362428,-25.10682317960821],[30.772735932794816,-25.10683289476495],[30.772721180645235,-25.10681589324015]]],[[[30.772882113186128,-25.10718749745791],[30.772915640798814,-25.10726886162939],[30.77293978067995,-25.10726157528789],[30.772908935276277,-25.10718021111155]]],[[[30.773136923042543,-25.109054002213973],[30.773128876415498,-25.109125650169588],[30.773198613849885,-25.10912443579782],[30.773202637163408,-25.109035786625345],[30.773166427341707,-25.109037000998008],[30.773166427341707,-25.109054002213973]]],[[[30.774063976311616,-25.110452852124602],[30.774084092879228,-25.110447994690134],[30.774053247475557,-25.110372704431345],[30.77403044869893,-25.110379990587457]]],[[[30.7742772119283,-25.110757655750845],[30.77428257634633,-25.110772228016728],[30.774306716227464,-25.110767370594967],[30.774300010704927,-25.11075401268411]]],[[[30.77039069106572,-25.109237273132422],[30.770416172051362,-25.109273704246934],[30.770434947514467,-25.109262774913724],[30.770409466528825,-25.109223915054397]]],[[[30.77001920511716,-25.10913890906903],[30.770024569535188,-25.10916198212804],[30.770117105746202,-25.109142552183904],[30.770115764641695,-25.109125550980252],[30.770099671387605,-25.109125550980252],[30.770095648074083,-25.109107335402275],[30.770032616162233,-25.10911947912122],[30.770032616162233,-25.109134051582366]]],[[[30.768199326300554,-25.109076976099622],[30.768199326300554,-25.109113407261905],[30.7683160023927,-25.109104906658345],[30.76832270791524,-25.10906968986587]]],[[[30.767825158142976,-25.10886931826739],[30.767825158142976,-25.108893605751362],[30.767894895577363,-25.108886319506677],[30.767894895577363,-25.108863246395636]]],[[[30.767900259995393,-25.10886203202126],[30.767902942204408,-25.10888510513252],[30.767974020743303,-25.10887660451308],[30.76797536184781,-25.108852317025736]]],[[[30.768514485859804,-25.1085560092916],[30.76850107481473,-25.108553580536704],[30.768497051501207,-25.108575439328952],[30.768552036786012,-25.108576653706184],[30.768560083413057,-25.108534150495878],[30.768514485859804,-25.108535364873525]]],[[[30.768383057618074,-25.10857908246062],[30.768383057618074,-25.10860094124829],[30.768407197499208,-25.108599726871304],[30.768409879708223,-25.10857908246062]]],[[[30.768404515290193,-25.108541436761556],[30.768404515290193,-25.108575439328952],[30.768417926335268,-25.108574224951703],[30.768417926335268,-25.108585154346475],[30.768439384007387,-25.108588797477832],[30.768440725111894,-25.108558438046437],[30.76842194964879,-25.108557223669017],[30.76842194964879,-25.10854386551668]]],[[[30.76868735884273,-25.109105361980046],[30.76869272326076,-25.109119934442877],[30.768715522037386,-25.109117505699196],[30.768711498723864,-25.10910050449206]]],[[[30.770408346601673,-25.10862262027807],[30.77041102881069,-25.108645693434507],[30.77048881287212,-25.108639621551646],[30.77049417729015,-25.108618977147703]]]],""evenOdd"":true}",,
1723975966940,7974253,93,,"{""type"":""Polygon"",""coordinates"":[[[28.14244349655491,-26.350235214296642],[28.142446178763926,-26.3502820829486],[28.142462272018015,-26.350280881188514],[28.142463613122523,-26.35023401253609]]],""geodesic"":true,""evenOdd"":true}",,
1723975966940,2730155,94,,,,
1724507711514,3830086,95,,"{""type"":""MultiPolygon"",""coordinates"":[[[[24.751496970744274,-28.743215435164974],[24.75150367626681,-28.743261293639495],[24.751633763404033,-28.743246007483567],[24.751627057881496,-28.743200149002348]]],[[[24.751476854176662,-28.743263645355597],[24.751482218594692,-28.743289514229176],[24.751691430897854,-28.743263645355597],[24.751684725375316,-28.743240128192213]]],[[[24.752345889897487,-28.742856797682887],[24.752361983151577,-28.74292852527781],[24.752455860467098,-28.742916766659064],[24.752442449422023,-28.74284386319332]]],[[[24.752447813840053,-28.742857973545505],[24.752458542676113,-28.742913239073182],[24.752824664206646,-28.742870908033314],[24.75281125316157,-28.742813290757056]]],[[[24.75290110716357,-28.742867380445883],[24.752903789372585,-28.742890897693172],[24.753072768540523,-28.742870908033314],[24.753068745227,-28.742847390781538]]],[[[24.752905130477092,-28.74290265631483],[24.752910494895122,-28.74292852527781],[24.75307947406306,-28.742907359763123],[24.75307410964503,-28.742885018381852]]],[[[24.7537352741672,-28.742163769328453],[24.75374734410777,-28.74223079392065],[24.75406116256251,-28.742181407383196],[24.75405043372645,-28.742135548434657],[24.753906935544155,-28.74215788997621],[24.753900230021618,-28.74213672430538]]],[[[24.753703087659023,-28.743325522839676],[24.75370979318156,-28.743349039983826],[24.75389888891711,-28.743323171124977],[24.753894865603588,-28.74330082983263]]],[[[24.752945363612316,-28.74368298285932],[24.752945363612316,-28.743705324069936],[24.75310629615321,-28.743691213832196],[24.75310093173518,-28.743671224325492]]],[[[24.752949386925838,-28.74371355504106],[24.75295341023936,-28.74373354453966],[24.753108978362224,-28.743722961864407],[24.753104955048702,-28.743702972363785]]],[[[24.751565648252914,-28.743735896245138],[24.75156833046193,-28.74378293034336],[24.751691712076614,-28.743780578638955],[24.7516890298676,-28.74373001698137]]],[[[24.753022087748,-28.743822909310207],[24.753022087748,-28.74383819538171],[24.7530757319283,-28.743833491975334],[24.753073049719283,-28.74381703005133]]],[[[24.753102554018447,-28.743811150792123],[24.75310657733197,-28.743829964420406],[24.7531481515717,-28.74382526101365],[24.75314278715367,-28.743809974940252]]],[[[24.75037868060906,-28.746452032669268],[24.750375998400045,-28.74648965897115],[24.750563753031088,-28.746484955684164],[24.750561070822073,-28.746452032669268]]],[[[24.7506200794204,-28.746447329380572],[24.75062544383843,-28.74648965897115],[24.750807834051443,-28.74648965897115],[24.750805151842428,-28.746449681024945]]],[[[24.75089902915795,-28.746266252604993],[24.750901711366964,-28.746437922802563],[24.750939262293173,-28.746437922802563],[24.750936580084158,-28.74626860425344]]],[[[24.750901711366964,-28.74653669182946],[24.75090439357598,-28.746703658305403],[24.750941944502188,-28.746703658305403],[24.750939262293173,-28.746541395114114]]],[[[24.751574945829702,-28.744659699549636],[24.751595062397314,-28.744659699549636],[24.751593721292807,-28.744609138317553],[24.751573604725195,-28.744607962474667]]],[[[24.751600426815344,-28.744607962474667],[24.751600426815344,-28.744659699549636],[24.751620543382955,-28.744659699549636],[24.75161786117394,-28.744606786631756]]],[[[24.75251640119393,-28.744590324829606],[24.752520424507452,-28.744639710228245],[24.752583456419302,-28.744640886070776],[24.752582115314794,-28.744589148986503]]],[[[24.752814126394583,-28.7446232484313],[24.752819490812612,-28.744680864709288],[24.75288386382897,-28.744680864709288],[24.75287849941094,-28.744622072588555]]],[[[24.753017974279715,-28.74482902070674],[24.753017974279715,-28.744849009991885],[24.753145379207922,-28.744849009991885],[24.75314672031243,-28.744831372387534]]],[[[24.754562926672293,-28.744411596525097],[24.754565608881308,-28.74446098200824],[24.754609865330053,-28.744456278629904],[24.754609865330053,-28.744412772370207]]],[[[24.75464875736077,-28.744410420679987],[24.754651439569784,-28.744453926940647],[24.754691672705007,-28.744452751096006],[24.754688990495993,-28.744409244834834]]],[[[24.75461657085259,-28.744473916297583],[24.75461657085259,-28.744498609027332],[24.75464875736077,-28.744498609027332],[24.75464875736077,-28.744470388764285]]],[[[24.754573655508352,-28.74451742253181],[24.75457499661286,-28.744547994469336],[24.75461120643456,-28.744547994469336],[24.754608524225546,-28.74451742253181]]],[[[24.754617911957098,-28.744560928747905],[24.754617911957098,-28.744592676515794],[24.754650098465277,-28.74459385235886],[24.75464741625626,-28.744558577061014]]],[[[24.754576337717367,-28.744605610788835],[24.754577678821875,-28.744637358543127],[24.754609865330053,-28.744636182700543],[24.754608524225546,-28.744603259102945]]],[[[24.754422450928654,-28.745402859404187],[24.75442513313767,-28.745424024413254],[24.754500234990086,-28.745425200246967],[24.75449889388558,-28.745401683570236]]],[[[24.754423792033162,-28.745428727748028],[24.754423792033162,-28.745449892751854],[24.75449889388558,-28.74545106858527],[24.75449889388558,-28.745428727748028]]],[[[24.75442513313767,-28.745455771918824],[24.75442513313767,-28.745476936917182],[24.75449889388558,-28.74547576108405],[24.754501576094594,-28.745455771918824]]],[[[24.754427815346684,-28.74548164024956],[24.754427815346684,-28.745502805242662],[24.754501576094594,-28.74550162940983],[24.75449889388558,-28.74548164024956]]],[[[24.755668025205654,-28.745773360520843],[24.755668025205654,-28.745794525454837],[24.755735080431027,-28.745795701284376],[24.755735080431027,-28.74577100886124]]],[[[24.755751173685116,-28.74577100886124],[24.755752514789624,-28.74578982213655],[24.755820911119503,-28.74578982213655],[24.75581822891049,-28.7457686572016]]],[[[24.755669366310162,-28.745808635408462],[24.75567070741467,-28.745826272847804],[24.755740444849057,-28.745823921189388],[24.75573910374455,-28.745807459579062]]],[[[24.754928223759432,-28.74585846849909],[24.754941634804506,-28.745874930101376],[24.754993937880297,-28.74583612774898],[24.754979185730715,-28.74582084196982]]],[[[24.756932117937147,-28.746059804827997],[24.756933459041655,-28.746089200487877],[24.75701526641661,-28.746089200487877],[24.7570139253121,-28.74607391474577],[24.756995149848997,-28.74607391474577],[24.756995149848997,-28.746059804827997]]],[[[24.757061967963438,-28.74536123908967],[24.75706599127696,-28.745377700770323],[24.75709683668063,-28.745380052438765],[24.75709683668063,-28.74536123908967]]],[[[24.756978819483976,-28.745293040670763],[24.7569828427975,-28.74532478821613],[24.75700295936511,-28.745323612381302],[24.75700295936511,-28.74529068900035]]],[[[24.75703514587329,-28.74527187563516],[24.75703514587329,-28.74529068900035],[24.757068673485975,-28.74529068900035],[24.757068673485975,-28.74527187563516]]],[[[24.75631630919139,-28.744766264283545],[24.756314968086883,-28.744785077739813],[24.756394093252823,-28.744786253580713],[24.756391411043808,-28.74476744012466]]],[[[24.75655904910724,-28.744802715351973],[24.756560390211746,-28.744827408004017],[24.756632809855148,-28.74482388048264],[24.75663146875064,-28.74480389119268]]]],""evenOdd"":true}",,
1724507711514,7974384,96,,,,
1724507711514,7984094,97,,"{""type"":""MultiPolygon"",""coordinates"":[[[[27.83859235144945,-26.25338816821603],[27.838599056971987,-26.253407412454404],[27.838640631211717,-26.25340500692478],[27.83863392568918,-26.25338215439088]]],[[[27.83981007434221,-26.254196423482913],[27.839811415446718,-26.254216870343825],[27.839832873118837,-26.254215667587406],[27.839828849805315,-26.254195220726288]]]],""evenOdd"":true}",,
1724507711514,1750075,98,,"{""type"":""MultiPolygon"",""coordinates"":[[[[21.262985232852746,-34.10069573777174],[21.262965116285134,-34.10074904205818],[21.26300937273388,-34.10075681559715],[21.263030830406,-34.10070240080938]]],[[[21.263042900346566,-34.10070462182181],[21.26304021813755,-34.10071572688309],[21.263058993600655,-34.10071794789517],[21.263060334705163,-34.100706842834185]]]],""evenOdd"":true}",,
1724507711514,1993185,99,,"{""type"":""MultiPolygon"",""coordinates"":[[[[18.534135877620553,-33.89711335336602],[18.534134536516046,-33.897134503610495],[18.534162699710702,-33.897134503610495],[18.534162699710702,-33.897114466536905]]],[[[18.534168064128732,-33.8970944294586],[18.534168064128732,-33.89713561678111],[18.53420561505494,-33.89713561678111],[18.534204273950433,-33.897095542629735]]],[[[18.53489896608529,-33.89799609332104],[18.53490433050332,-33.89802392230092],[18.534986137878274,-33.89801167755088],[18.534979432355737,-33.89798273540747]]],[[[18.535050613848117,-33.898356961023765],[18.535058660475162,-33.898378110959804],[18.53507475372925,-33.898375884650996],[18.53507073041573,-33.89835473471441]]],[[[18.535371137825397,-33.89818776134665],[18.53535906788483,-33.898214477107466],[18.53544221636429,-33.898250098108875],[18.535455627409366,-33.898223382359205]]],[[[18.535560233560947,-33.8981911008172],[18.535583032337573,-33.8982000060714],[18.53563131209984,-33.89811206664556],[18.535608513323215,-33.89810316138219]]],[[[18.5356058311142,-33.89817217714897],[18.535591078964618,-33.898201119228105],[18.535609854427722,-33.89821225079439],[18.535623265472797,-33.898181082405145]]],[[[18.535756034819034,-33.89839703458234],[18.53576408144608,-33.898420410816136],[18.535892827478794,-33.89839814773647],[18.535886121956256,-33.898375884650996]]],[[[18.5354435574688,-33.89810650085606],[18.535465015140918,-33.898116519276904],[18.535482449499515,-33.89807755874482],[18.535460991827396,-33.89806865347785]]],[[[18.535410029856113,-33.898024127129034],[18.535401983229068,-33.89804639030634],[18.535460991827396,-33.8980653140025],[18.535466356245426,-33.89804639030634]]],[[[18.535401983229068,-33.89796512968103],[18.535393936602024,-33.89798850603323],[18.535439534155277,-33.8980018639459],[18.535446239677814,-33.89798405339522]]],[[[18.535423440901187,-33.89805084294111],[18.53541673537865,-33.89806865347785],[18.535428805319217,-33.898074219269816],[18.535436851946262,-33.898055295575645]]],[[[18.536045713392642,-33.898041937671344],[18.536060465542224,-33.89811095348769],[18.53608460542336,-33.89810538769812],[18.53606851216927,-33.89803748503611]]],[[[18.536075217691806,-33.89803748503611],[18.536091310945896,-33.89810538769812],[18.53611545082703,-33.89809982190819],[18.53609935757294,-33.89803303240066]]],[[[18.535849292079067,-33.89743961012372],[18.535846609870053,-33.89746966561774],[18.535924393931484,-33.897474118282624],[18.535925735035992,-33.8974462891233]]],[[[18.534985620776272,-33.89695983395158],[18.53499769071684,-33.8969754183708],[18.535009760657406,-33.896970965679884],[18.534999031821346,-33.89695426808686]]],[[[18.535663385680632,-33.89592284378651],[18.53566875009866,-33.895943994326274],[18.535692889979796,-33.89593954158149],[18.535687525561766,-33.895920617413594]]],[[[18.535699595502333,-33.89592284378651],[18.535702277711348,-33.8959406547677],[18.535718370965437,-33.895938428395255],[18.535713006547407,-33.895920617413594]]],[[[18.535714347651915,-33.89591282510795],[18.535721053174452,-33.895935088836474],[18.535746534160094,-33.89593063609124],[18.53574251084657,-33.89591059873477]]],[[[18.53613143115373,-33.895862731697505],[18.536130090049223,-33.895879429504255],[18.536166299870924,-33.89588388225217],[18.53616764097543,-33.89586718444628]]],[[[18.536069740346388,-33.89585827894848],[18.536071081450896,-33.89587386356904],[18.53608449249597,-33.89587608994317],[18.536085833600477,-33.89585939213577]]],[[[18.536083151391463,-33.895851599824525],[18.53608449249597,-33.89587608994317],[18.536096562436537,-33.89587608994317],[18.53610058575006,-33.89585493938657]]],[[[18.536099244645552,-33.895861618510274],[18.536096562436537,-33.89587497675611],[18.53611533789964,-33.895879429504255],[18.536118020108656,-33.89586384488473]]],[[[18.536154044478025,-33.8965662467087],[18.536159408896054,-33.896584057555536],[18.53617281994113,-33.89657960484418],[18.536168796627607,-33.8965640203526]]],[[[18.536384714453305,-33.89684599929552],[18.536390078871335,-33.89685713103871],[18.536404831020917,-33.89685045199297],[18.53639812549838,-33.89684154659785]]],[[[18.534374331920777,-33.896863012868685],[18.53437299081627,-33.89687971047959],[18.534395789592896,-33.896881936827455],[18.534397130697403,-33.89686412604285]]],[[[18.534364944189225,-33.89707006301265],[18.534364944189225,-33.897081194726574],[18.53438774296585,-33.89708230789789],[18.534386401861344,-33.897071176184106]]]],""evenOdd"":true}",,