<?xml version="1.0" encoding="utf-8" ?>
<kml xmlns="http://www.opengis.net/kml/2.2">
<Document id="root_doc">
<Folder><name>census_tract_sample_v1</name>
  <Placemark>
	<name>7984113</name>
	<Style><LineStyle><color>ff0000ff</color></LineStyle><PolyStyle><fill>0</fill></PolyStyle></Style>
      <Polygon><outerBoundaryIs><LinearRing><coordinates>27.8545587980001,-26.1347072729999 27.8545505050001,-26.1347148969999 27.8545191640001,-26.1347488869999 27.854491796,-26.1347811109999 27.854473698,-26.1348124519999 27.854456923,-26.1348376139999 27.8544432390001,-26.1348530629999 27.854382323,-26.1349100069999 27.8542671120001,-26.1350234519999 27.8542569590001,-26.135045966 27.8542260600001,-26.1350905479999 27.854200898,-26.1351135019999 27.854164702,-26.1351373389999 27.8541271810001,-26.1351616169999 27.854073326,-26.1351280689999 27.85405876,-26.1351152689999 27.854047725,-26.1351090879999 27.854033782,-26.1351050019999 27.8540152830001,-26.1351249239999 27.8540152830001,-26.1351377309999 27.853979709,-26.1351747279999 27.8538857930001,-26.1352643749999 27.853786185,-26.1353639829999 27.853732112,-26.1354394009999 27.8536808850001,-26.1355020099999 27.8535997750001,-26.1355945039999 27.8535471260001,-26.135630079 27.8535058610001,-26.1356684989999 27.8534830920001,-26.1357040729999 27.8534489400001,-26.135753877 27.853392021,-26.135802258 27.853332719,-26.1358496469999 27.8533018800001,-26.1357945739999 27.853260929,-26.1357433859999 27.8531892660001,-26.1356410109999 27.85305959,-26.1355198659999 27.8529725710001,-26.1354294339999 27.8529179700001,-26.1353799519999 27.8528224190001,-26.1352980519999 27.852754169,-26.1352519819999 27.8526705620001,-26.1352212699999 27.8526332340001,-26.1352334949999 27.852591724,-26.1352163179999 27.8525416250001,-26.1352177489999 27.8525072720001,-26.1352263379999 27.852444291,-26.1352234749999 27.852459647,-26.1351716459999 27.8525053220001,-26.1351154279999 27.8525457280001,-26.1350574569999 27.8525457280001,-26.1350170519999 27.852500052,-26.1349801599999 27.8524772140001,-26.1349362409999 27.8524947810001,-26.1348765119999 27.8525518760001,-26.134842256 27.8526151180001,-26.134830544 27.8526971000001,-26.1348445979999 27.8527650270001,-26.1347860399999 27.8528376400001,-26.1346782929999 27.8528212430001,-26.134608022 27.852830613,-26.1344815379999 27.852891512,-26.1343128889999 27.8529828640001,-26.1341231619999 27.8530859270001,-26.1339638839999 27.853132772,-26.1338701899999 27.853207727,-26.1337764979999 27.8532651610001,-26.133800258 27.853310261,-26.1338203029999 27.85334701,-26.1338470289999 27.853376241,-26.1338896239999 27.853406309,-26.1339447469999 27.853447234,-26.1340007059999 27.853490664,-26.1340558279999 27.8535224010001,-26.1340842249999 27.853564996,-26.1341017639999 27.853580031,-26.1341117869999 27.8535875480001,-26.1341468649999 27.8535900520001,-26.1341777669999 27.8536293070001,-26.1342195279999 27.8536685610001,-26.134251263 27.853704474,-26.13427465 27.8537470690001,-26.1342946949999 27.8537712900001,-26.1343130689999 27.853811379,-26.134333114 27.8538372710001,-26.134350653 27.8538431160001,-26.1343523229999 27.853857314,-26.1343381249999 27.8538790300001,-26.1343523229999 27.8539090980001,-26.1343807199999 27.8539157790001,-26.1343865659999 27.853910768,-26.134389907 27.8539274720001,-26.1344082809999 27.8539383290001,-26.1344157979999 27.8539625500001,-26.1344383499999 27.8539817600001,-26.1344550519999 27.8539976280001,-26.134464239 27.8540160030001,-26.134472592 27.8540220180001,-26.1344834799999 27.8539913490001,-26.1345128709999 27.854014351,-26.1345397059999 27.854057798,-26.1345563179999 27.8541178560001,-26.1345064809999 27.8541587490001,-26.1344745349999 27.8541855830001,-26.1344374769999 27.8542111410001,-26.1344029749999 27.854249478,-26.1343838069999 27.8542609770001,-26.1343799729999 27.8543197600001,-26.1344131979999 27.854369595,-26.134427253 27.8543759840001,-26.1344361989999 27.8543580940001,-26.1344617569999 27.854350427,-26.1344885909999 27.8543670390001,-26.1345141479999 27.85439132,-26.1345537619999 27.8544155980001,-26.1345882639999 27.8544501000001,-26.134618933 27.854478213,-26.1346547129999 27.8545242160001,-26.134686659 27.8545587980001,-26.1347072729999</coordinates></LinearRing></outerBoundaryIs></Polygon>
  </Placemark>
  <Placemark>
	<name>8710148</name>
	<Style><LineStyle><color>ff0000ff</color></LineStyle><PolyStyle><fill>0</fill></PolyStyle></Style>
      <Polygon><outerBoundaryIs><LinearRing><coordinates>29.020195459,-25.4753887389999 29.0200359220001,-25.475620385 29.018816282,-25.477407211 29.01874252,-25.4775070509999 29.0185007470001,-25.4778342989999 29.0180002690001,-25.4785748059999 29.0179900000001,-25.4785899999999 29.0172764640001,-25.4796170829999 29.017172654,-25.4795585939999 29.0170083630001,-25.4795038309999 29.016673337,-25.479320211 29.016579908,-25.4793192499999 29.0159138810001,-25.4789454879999 29.0146689420001,-25.4782148239999 29.0142699460001,-25.4780022169999 29.0144705100001,-25.4779549909999 29.0146548910001,-25.4779225589999 29.0151045300001,-25.4778298209999 29.0156244250001,-25.4777117899999 29.0160587120001,-25.4775401219999 29.0160941250001,-25.4774877579999 29.0164432240001,-25.4769685109999 29.016880605,-25.476379634 29.0174572640001,-25.4755219759999 29.0182737900001,-25.4742966669999 29.019518163,-25.4749729569999 29.020195459,-25.4753887389999</coordinates></LinearRing></outerBoundaryIs></Polygon>
  </Placemark>
  <Placemark>
	<name>5991130</name>
	<Style><LineStyle><color>ff0000ff</color></LineStyle><PolyStyle><fill>0</fill></PolyStyle></Style>
      <Polygon><outerBoundaryIs><LinearRing><coordinates>30.893339343,-29.983979104 30.8933288220001,-29.984069959 30.8933183020001,-29.9843626099999 30.8933183020001,-29.9847547229999 30.893314477,-29.9849201779999 30.8932762220001,-29.985044506 30.893235098,-29.9851066719999 30.8930964230001,-29.9852195249999 30.8929673120001,-29.98528934 30.892906483,-29.9852960989999 30.8928468080001,-29.985302729 30.8926870930001,-29.985276907 30.8924886780001,-29.9851737819999 30.8922729710001,-29.9850497479999 30.8924295260001,-29.9847737159999 30.892540184,-29.9844870129999 30.8926030580001,-29.9842656939999 30.892640783,-29.9840368339999 30.8926759920001,-29.9834533629999 30.8927288070001,-29.9826762359999 30.892736352,-29.9822889339999 30.892683537,-29.9820198329999 30.892447131,-29.981313128 30.892370246,-29.9809967989999 30.8926149960001,-29.9810510599999 30.8928092890001,-29.981245354 30.8929310840001,-29.9812540539999 30.893148576,-29.9812975519999 30.8933863680001,-29.9813845489999 30.8936531590001,-29.9814657459999 30.8938503520001,-29.9816049409999 30.8939025500001,-29.9817383359999 30.8938793510001,-29.9819152299999 30.8938503520001,-29.9819848269999 30.8939344490001,-29.9821008219999 30.8939924460001,-29.9823009159999 30.893983747,-29.9825068079999 30.8939141490001,-29.9826808019999 30.893682158,-29.9831563859999 30.893409567,-29.9837276659999 30.893339343,-29.983979104</coordinates></LinearRing></outerBoundaryIs></Polygon>
  </Placemark>
  <Placemark>
	<name>5920195</name>
	<Style><LineStyle><color>ff0000ff</color></LineStyle><PolyStyle><fill>0</fill></PolyStyle></Style>
      <Polygon><outerBoundaryIs><LinearRing><coordinates>31.301235643,-29.3222395839999 31.3014654740001,-29.3222717609999 31.3018814200001,-29.322383746 31.3020893920001,-29.3225010639999 31.3022653690001,-29.3226450449999 31.3023186950001,-29.3227623629999 31.3023186950001,-29.3228530179999 31.3023026970001,-29.3229330069999 31.3022440380001,-29.3230236619999 31.301870754,-29.3233809479999 31.3016947780001,-29.3236315809999 31.301625453,-29.3238075589999 31.3016213220001,-29.3238291349999 31.3015876600001,-29.323835077 31.3010255570001,-29.3238317109999 31.3010009770001,-29.3237241719999 31.300607847,-29.3236395139999 31.3004700400001,-29.3236334339999 31.3003768180001,-29.3236354599999 31.300283596,-29.3236618049999 31.300095125,-29.323753 31.2999248930001,-29.3238300109999 31.2998114060001,-29.3238766219999 31.2995986160001,-29.32399011 31.299372502,-29.3240943549999 31.29921719,-29.3238912559999 31.2990056410001,-29.3235866249999 31.2986878190001,-29.323154084 31.2987301780001,-29.323132551 31.298774236,-29.3231042109999 31.2986348540001,-29.3229205879999 31.2984780530001,-29.3227365189999 31.2983729200001,-29.3225869709999 31.2986713640001,-29.322445791 31.2989912520001,-29.3222509989999 31.2991179300001,-29.3219226339999 31.2991404480001,-29.3219358039999 31.2993857500001,-29.3219944639999 31.2995777230001,-29.3220104609999 31.2997537000001,-29.3219944639999 31.2998336900001,-29.3219624679999 31.2999190120001,-29.3219251399999 31.3000096660001,-29.3219144749999 31.3001429820001,-29.3219464699999 31.300366953,-29.3220051289999 31.300516266,-29.3220051289999 31.300622919,-29.3220264599999 31.3007349040001,-29.3221064489999 31.3009215450001,-29.322191771 31.301060195,-29.3222291 31.3011988430001,-29.3222344319999 31.301235643,-29.3222395839999</coordinates></LinearRing></outerBoundaryIs></Polygon>
  </Placemark>
  <Placemark>
	<name>9740383</name>
	<Style><LineStyle><color>ff0000ff</color></LineStyle><PolyStyle><fill>0</fill></PolyStyle></Style>
      <Polygon><outerBoundaryIs><LinearRing><coordinates>29.4889773620001,-23.905716379 29.4884060790001,-23.9059455639999 29.488042964,-23.906057701 29.4866118660001,-23.9061538209999 29.486451667,-23.9061378019999 29.4858610940001,-23.905980563 29.485570582,-23.9058975049999 29.4853196060001,-23.9058975049999 29.484507938,-23.9061591609999 29.4844694810001,-23.9060465939999 29.4844257700001,-23.905935961 29.4843769020001,-23.9058275069999 29.4843229860001,-23.9057214729999 29.4842641400001,-23.9056180929999 29.4842004960001,-23.9055175949999 29.484132194,-23.9054202039999 29.4840593850001,-23.9053261339999 29.484044537,-23.9052988019999 29.483557433,-23.9045411659999 29.4839579270001,-23.904215431 29.484006488,-23.9041687069999 29.4840510170001,-23.9041181249999 29.4840912070001,-23.904064032 29.4841267850001,-23.9040067989999 29.4841575040001,-23.9039468189999 29.4841831560001,-23.9038845019999 29.4842035630001,-23.9038202769999 29.4842089370001,-23.903798815 29.4842175460001,-23.903778433 29.4842291850001,-23.9037596169999 29.4842435770001,-23.903742813 29.4842603810001,-23.9037284199999 29.484279197,-23.903716781 29.484299579,-23.9037081719999 29.484321041,-23.9037027979999 29.485118953,-23.903541683 29.484923241,-23.9027948469999 29.4858582150001,-23.9026116279999 29.4878381950001,-23.9022079659999 29.487918435,-23.9021924759999 29.4910638050001,-23.9015852289999 29.4914125320001,-23.9015179049999 29.4934443800001,-23.901125518 29.4946833690001,-23.9008712479999 29.4949863670001,-23.9021596899999 29.494090461,-23.9023434659999 29.493171584,-23.9025272409999 29.4930452400001,-23.90258467 29.4928665800001,-23.9026709659999 29.4924823380001,-23.9029369799999 29.4923493310001,-23.903055208 29.4919355310001,-23.903114323 29.491441093,-23.903232988 29.4916133150001,-23.9039881159999 29.4905197670001,-23.9042106129999 29.49035251,-23.904238608 29.49018634,-23.9042724559999 29.49002146,-23.9043121159999 29.4898580730001,-23.9043575389999 29.4896963820001,-23.9044086679999 29.4895365840001,-23.9044654419999 29.4893788780001,-23.9045277889999 29.4885646340001,-23.9048970389999 29.4889773620001,-23.905716379</coordinates></LinearRing></outerBoundaryIs></Polygon>
  </Placemark>
  <Placemark>
	<name>6760243</name>
	<Style><LineStyle><color>ff0000ff</color></LineStyle><PolyStyle><fill>0</fill></PolyStyle></Style>
      <Polygon><outerBoundaryIs><LinearRing><coordinates>27.048071038,-26.7222523749999 27.0479880820001,-26.7227498849999 27.047566165,-26.7227001649999 27.0473687590001,-26.7226717709999 27.0473686650001,-26.7226723459999 27.047282866,-26.7231910229999 27.0472232800001,-26.7235512369999 27.0471927450001,-26.7236479299999 27.047185406,-26.7236711719999 27.047025492,-26.723959438 27.0469034330001,-26.7241679569999 27.0465411650001,-26.7241032649999 27.046010643,-26.7240107889999 27.0458354250001,-26.7239426479999 27.0451296860001,-26.7236165479999 27.0446429690001,-26.7233780569999 27.0443321800001,-26.7232495979999 27.0443642310001,-26.723193352 27.044818121,-26.7223463089999 27.0450918970001,-26.7218825279999 27.0450931020001,-26.7218804869999 27.0451002650001,-26.7218675889999 27.0453509270001,-26.7214162339999 27.0457864510001,-26.7216129239999 27.0464991170001,-26.721955626 27.0467133070001,-26.7220451969999 27.0475778530001,-26.7221814989999 27.048071038,-26.7222523749999</coordinates></LinearRing></outerBoundaryIs></Polygon>
  </Placemark>
  <Placemark>
	<name>2620014</name>
	<Style><LineStyle><color>ff0000ff</color></LineStyle><PolyStyle><fill>0</fill></PolyStyle></Style>
      <Polygon><outerBoundaryIs><LinearRing><coordinates>25.8019355870001,-32.7480750159999 25.801892863,-32.7475159779999 25.8019232430001,-32.7473944519999 25.8019414730001,-32.7472729259999 25.8019779310001,-32.7471270949999 25.8020265410001,-32.7469873399999 25.8021237620001,-32.7467442899999 25.8025065690001,-32.7458693029999 25.8027131620001,-32.7453467419999 25.8027556960001,-32.7451766059999 25.8027800010001,-32.7450733089999 25.8024518820001,-32.7449882409999 25.8014145100001,-32.7447231669999 25.8024212460001,-32.7435553529999 25.8028086460001,-32.7431392569999 25.8032777260001,-32.7426597749999 25.803547844,-32.7427276329999 25.8036585470001,-32.7427699609999 25.8038050660001,-32.742844847 25.8044627730001,-32.7432323099999 25.8048632570001,-32.743417899 25.8051465270001,-32.7435872089999 25.8052376940001,-32.743671865 25.8052477950001,-32.7436848519999 25.8055664670001,-32.7438362349999 25.806201462,-32.7440202539999 25.8062861170001,-32.7440235099999 25.8063642610001,-32.7440072299999 25.8064131010001,-32.7439909509999 25.8064358920001,-32.7439290869999 25.806878704,-32.744085374 25.8066963700001,-32.744378411 25.8065743290001,-32.744607238 25.8063772850001,-32.7449709989999 25.806214486,-32.7453063639999 25.8061461110001,-32.7454463699999 25.8060581990001,-32.7456319599999 25.8059540080001,-32.7459184859999 25.8057944670001,-32.7463352509999 25.8056479470001,-32.746924583 25.805550269,-32.7469343509999 25.8051850840001,-32.7481505729999 25.8033969190001,-32.7480750159999 25.8019355870001,-32.7480750159999</coordinates></LinearRing></outerBoundaryIs></Polygon>
  </Placemark>
  <Placemark>
	<name>7972314</name>
	<Style><LineStyle><color>ff0000ff</color></LineStyle><PolyStyle><fill>0</fill></PolyStyle></Style>
      <Polygon><outerBoundaryIs><LinearRing><coordinates>28.404157491,-26.1923457209999 28.4045917460001,-26.192355404 28.4049750130001,-26.192368621 28.405912437,-26.192396523 28.4059277800001,-26.1923969809999 28.4064135610001,-26.192430612 28.406419574,-26.1930945969999 28.40641479,-26.1932668129999 28.406392198,-26.1936896039999 28.4037037020001,-26.193602155 28.4019219840001,-26.1935169669999 28.401884221,-26.193112476 28.4017675570001,-26.1922443619999 28.4022816470001,-26.192446667 28.4035211190001,-26.1929723069999 28.403621705,-26.1925764539999 28.404011068,-26.192728955 28.404179792,-26.1927808699999 28.404160323,-26.1923817719999 28.404157491,-26.1923457209999</coordinates></LinearRing></outerBoundaryIs></Polygon>
  </Placemark>
  <Placemark>
	<name>7985296</name>
	<Style><LineStyle><color>ff0000ff</color></LineStyle><PolyStyle><fill>0</fill></PolyStyle></Style>
      <Polygon><outerBoundaryIs><LinearRing><coordinates>27.8744035190001,-26.2343619959999 27.8738326430001,-26.2351612229999 27.8733118930001,-26.2358713369999 27.8732012020001,-26.23602769 27.8729216390001,-26.2358901979999 27.8725382590001,-26.2356834309999 27.8723896450001,-26.2356015859999 27.8723379530001,-26.23562097 27.8722798000001,-26.2356252779999 27.8716941270001,-26.235616385 27.8711577620001,-26.2355907799999 27.8709946960001,-26.2358266189999 27.870748076,-26.2361648789999 27.8704974130001,-26.236501792 27.870114093,-26.2364154349999 27.8694420150001,-26.2362526589999 27.8694231050001,-26.2362022359999 27.8693936930001,-26.2360509679999 27.8691983040001,-26.2351601649999 27.8691730930001,-26.2350257059999 27.8689587960001,-26.2351055409999 27.868887365,-26.2351286509999 27.8686898750001,-26.2351517609999 27.8681646370001,-26.2352000829999 27.8681478300001,-26.2351286509999 27.8680869020001,-26.2348702339999 27.8680848010001,-26.2348303159999 27.8681306880001,-26.2346460929999 27.8681453600001,-26.2346447079999 27.8686270800001,-26.2345402379999 27.8689180260001,-26.234442375 27.8692655040001,-26.2343254959999 27.8699445540001,-26.2340701259999 27.8710731140001,-26.2335768489999 27.8716973180001,-26.2333040189999 27.8731366740001,-26.2326713979999 27.8734965120001,-26.232503086 27.87376349,-26.2323347739999 27.8734054260001,-26.2321154499999 27.8732234560001,-26.232003748 27.8736861870001,-26.2313710569999 27.8737686210001,-26.2312467399999 27.873834,-26.2312779999999 27.874383756,-26.2315713069999 27.8743968960001,-26.231588594 27.8749952580001,-26.2323758219999 27.8754660610001,-26.23291517 27.8750105970001,-26.2335349219999 27.8744035190001,-26.2343619959999</coordinates></LinearRing></outerBoundaryIs></Polygon>
  </Placemark>
  <Placemark>
	<name>2720076</name>
	<Style><LineStyle><color>ff0000ff</color></LineStyle><PolyStyle><fill>0</fill></PolyStyle></Style>
      <Polygon><outerBoundaryIs><LinearRing><coordinates>27.882327687,-32.5902888379999 27.8820722310001,-32.5936683919999 27.8814320320001,-32.5936400959999 27.8808129390001,-32.5936127329999 27.880701199,-32.5936077939999 27.8802035730001,-32.59359208 27.8801839120001,-32.5935914589999 27.8797280510001,-32.5935770629999 27.8787121080001,-32.5935077939999 27.8779490580001,-32.593455768 27.8780155160001,-32.5922186189999 27.8777967110001,-32.591962458 27.8781379500001,-32.5917303609999 27.8793320610001,-32.5908973719999 27.8806224730001,-32.5900162329999 27.880674049,-32.5899808069999 27.8807878540001,-32.5900550429999 27.881028029,-32.5902141959999 27.882327687,-32.5902888379999</coordinates></LinearRing></outerBoundaryIs></Polygon>
  </Placemark>
  <Placemark>
	<name>7974000</name>
	<Style><LineStyle><color>ff0000ff</color></LineStyle><PolyStyle><fill>0</fill></PolyStyle></Style>
      <Polygon><outerBoundaryIs><LinearRing><coordinates>28.1539331270001,-26.3484799999999 28.1551900000001,-26.3484799999999 28.15549,-26.3484799999999 28.1557200000001,-26.3484799999999 28.155706895,-26.3495393879999 28.1557110400001,-26.3502192159999 28.1557317680001,-26.3516825039999 28.155742332,-26.3530382669999 28.155098094,-26.3530402539999 28.155098185,-26.3509280069999 28.152557657,-26.3509071719999 28.1525500000001,-26.3499099999999 28.1525700000001,-26.3492899999999 28.1525736150001,-26.3489790929999 28.1525800000001,-26.34843 28.1536500000001,-26.3484799999999 28.1539331270001,-26.3484799999999</coordinates></LinearRing></outerBoundaryIs></Polygon>
  </Placemark>
  <Placemark>
	<name>4620020</name>
	<Style><LineStyle><color>ff0000ff</color></LineStyle><PolyStyle><fill>0</fill></PolyStyle></Style>
      <Polygon><outerBoundaryIs><LinearRing><coordinates>26.5424202200001,-30.2193392329999 26.542693651,-30.2195201439999 26.542787322,-30.2194532359999 26.5428600830001,-30.219350366 26.5429152820001,-30.219229933 26.542985533,-30.2190693549999 26.543050769,-30.2189740119999 26.5431360750001,-30.2188435439999 26.5432213820001,-30.2187381649999 26.543286617,-30.2186277689999 26.5434221040001,-30.2185123539999 26.5435877,-30.2183517759999 26.543763331,-30.2181962159999 26.5438445340001,-30.2181102089999 26.543943459,-30.2180360139999 26.5439888000001,-30.2179741869999 26.5440465060001,-30.2179123579999 26.544166041,-30.2178216769999 26.5442196260001,-30.2177722139999 26.5442443570001,-30.2177268729999 26.5443144290001,-30.2176650449999 26.5443515260001,-30.2176279479999 26.5444255040001,-30.2175960739999 26.544513066,-30.2176417589999 26.5448578450001,-30.2178959549999 26.5451129640001,-30.2181011579999 26.5453237150001,-30.2182619929999 26.5456010180001,-30.2184671979999 26.5458894120001,-30.2186502189999 26.5462279050001,-30.2188546749999 26.546173916,-30.2189579589999 26.5459859850001,-30.219366986 26.5454553550001,-30.2201297669999 26.544946833,-30.2210583689999 26.544294602,-30.22228545 26.544161945,-30.2225728749999 26.5441106600001,-30.2227386469999 26.543932844,-30.2226888329999 26.5438010490001,-30.222641387 26.5436639820001,-30.222567582 26.5435269170001,-30.222467418 26.5433318590001,-30.2222934479999 26.5431209880001,-30.2220245869999 26.5427097880001,-30.221444689 26.5421562490001,-30.2207857149999 26.5420086380001,-30.2206328329999 26.5417264790001,-30.2203800109999 26.5404640010001,-30.2189194999999 26.5397154060001,-30.2179705759999 26.540086451,-30.2175700159999 26.540204911,-30.2176574039999 26.5403592150001,-30.2177665449999 26.5407430960001,-30.2180826829999 26.541085577,-30.2183649479999 26.541237531,-30.2184557429999 26.5413955980001,-30.2185940529999 26.5414548740001,-30.2186251029999 26.5414887460001,-30.2186251029999 26.5417371390001,-30.2187972839999 26.5418782710001,-30.2189158349999 26.5419855320001,-30.2190033369999 26.542118197,-30.2191275339999 26.5422903780001,-30.2192573749999 26.5424202200001,-30.2193392329999</coordinates></LinearRing></outerBoundaryIs></Polygon>
  </Placemark>
  <Placemark>
	<name>1994340</name>
	<Style><LineStyle><color>ff0000ff</color></LineStyle><PolyStyle><fill>0</fill></PolyStyle></Style>
      <Polygon><outerBoundaryIs><LinearRing><coordinates>18.6732559740001,-33.9423720699999 18.6731549460001,-33.942643857 18.6729934740001,-33.9429227649999 18.6725090560001,-33.9435686549999 18.6720246390001,-33.9442879419999 18.671833807,-33.9449338319999 18.6716580660001,-33.945675848 18.6714929270001,-33.9456514509999 18.6711688760001,-33.945609718 18.6707908150001,-33.94556553 18.6704397600001,-33.9455483449999 18.6701967210001,-33.94555571 18.6701183070001,-33.945563477 18.6696860750001,-33.9450603699999 18.6696220920001,-33.9442794009999 18.6675359330001,-33.9444081759999 18.6675582570001,-33.9435574759999 18.6676314210001,-33.9434599239999 18.6677304460001,-33.9430509079999 18.6687871400001,-33.9432144449999 18.6689890390001,-33.9424037409999 18.6691444180001,-33.9416974769999 18.670142491,-33.941857577 18.6714269060001,-33.942069822 18.6732559740001,-33.9423720699999</coordinates></LinearRing></outerBoundaryIs></Polygon>
  </Placemark>
  <Placemark>
	<name>5990398</name>
	<Style><LineStyle><color>ff0000ff</color></LineStyle><PolyStyle><fill>0</fill></PolyStyle></Style>
      <Polygon><outerBoundaryIs><LinearRing><coordinates>31.0406072910001,-29.8643352009999 31.0399639220001,-29.8645984849999 31.0397800000001,-29.8642499999999 31.0397700000001,-29.8642299999999 31.040215334,-29.8640644909999 31.040362196,-29.8640075979999 31.0404608850001,-29.8639683469999 31.0404582550001,-29.8639630869999 31.040306537,-29.8636875679999 31.0410166810001,-29.863396528 31.0411735760001,-29.8636994979999 31.04135282,-29.8640416899999 31.0406916430001,-29.864304042 31.04062,-29.8643299999999 31.0406072910001,-29.8643352009999</coordinates></LinearRing></outerBoundaryIs></Polygon>
  </Placemark>
  <Placemark>
	<name>1610055</name>
	<Style><LineStyle><color>ff0000ff</color></LineStyle><PolyStyle><fill>0</fill></PolyStyle></Style>
      <Polygon><outerBoundaryIs><LinearRing><coordinates>19.0149755690001,-32.5804139369999 19.0148970000001,-32.5804319999999 19.0145900000001,-32.5805019999999 19.015047822,-32.5818489829999 19.01561,-32.583503 19.0162773330001,-32.5854661939999 19.0166957980001,-32.5866972559999 19.017093806,-32.5878755599999 19.0162444790001,-32.5880675199999 19.0161051260001,-32.5876234009999 19.015856145,-32.586926252 19.015526245,-32.5870133959999 19.0151340990001,-32.5870943149999 19.014910016,-32.5870631929999 19.0147793010001,-32.587056968 19.0147046060001,-32.5870009469999 19.014646251,-32.5869441489999 19.0145552170001,-32.5867340709999 19.0144536800001,-32.5865379979999 19.0143871550001,-32.5864609689999 19.014089545,-32.5863909439999 19.0138549580001,-32.5863139149999 19.0121183130001,-32.5867690839999 19.0120658110001,-32.5867850019999 19.0111355480001,-32.5869902079999 19.0110993650001,-32.5868413159999 19.0106669180001,-32.5858406539999 19.010274698,-32.5848198779999 19.0099447170001,-32.5840317329999 19.0093783810001,-32.5825711819999 19.0087671480001,-32.5810193769999 19.0086530730001,-32.5807297609999 19.008103297,-32.5793619449999 19.0080474150001,-32.5792181929999 19.007648439,-32.5782323269999 19.0078240730001,-32.578123843 19.00937967,-32.5777630429999 19.010578314,-32.5774850329999 19.0121804520001,-32.5771354329999 19.0132872180001,-32.576879323 19.0134093330001,-32.5768510629999 19.013491221,-32.5768612559999 19.013536597,-32.5768807029999 19.013607903,-32.5769487669999 19.0140389760001,-32.5777298849999 19.0141426930001,-32.5779146309999 19.0141653810001,-32.5779600069999 19.0153224730001,-32.5776780269999 19.0153548840001,-32.5776780269999 19.0153937780001,-32.5776780269999 19.0164406710001,-32.578258193 19.0153095080001,-32.5792013679999 19.0145575610001,-32.5795384479999 19.0146710010001,-32.5798042239999 19.0148751940001,-32.5801348209999 19.0149432580001,-32.5802903969999 19.0149755690001,-32.5804139369999</coordinates></LinearRing></outerBoundaryIs></Polygon>
  </Placemark>
  <Placemark>
	<name>2601368</name>
	<Style><LineStyle><color>ff0000ff</color></LineStyle><PolyStyle><fill>0</fill></PolyStyle></Style>
      <Polygon><outerBoundaryIs><LinearRing><coordinates>27.8574300000001,-33.0079899989999 27.8579500000001,-33.0090099989999 27.8580288780001,-33.0091785819999 27.858329847,-33.0101956539999 27.8583643100001,-33.0102707319999 27.8580746000001,-33.0105037609999 27.857520369,-33.0108879429999 27.8569661390001,-33.0112154429999 27.8561648230001,-33.0114795469999 27.8554678740001,-33.0117092519999 27.855284554,-33.011769672 27.855038187,-33.0118453999999 27.8549904050001,-33.0118600869999 27.8543455550001,-33.0120582979999 27.853248459,-33.012389374 27.8515464760001,-33.0129029909999 27.8508963940001,-33.0131058829999 27.8498198250001,-33.0134247129999 27.8493104760001,-33.0135520499999 27.8487101310001,-33.0137021369999 27.8481345800001,-33.0138677619999 27.8475341860001,-33.0139712789999 27.8472070750001,-33.0140002619999 27.8468758230001,-33.013967137 27.8463333970001,-33.0138511999999 27.8462695370001,-33.0138231239999 27.8458530820001,-33.013640027 27.8455024990001,-33.0133903019999 27.844937998,-33.0127332239999 27.844628115,-33.0123255409999 27.8446151970001,-33.0123085449999 27.8445155310001,-33.0121774259999 27.8439000000001,-33.0110599989999 27.8437700000001,-33.0107999999999 27.8437385300001,-33.0107228489999 27.8434600000001,-33.010039999 27.8433679030001,-33.0096992399999 27.8433600000001,-33.0096699999999 27.84326,-33.0092999989999 27.8432500000001,-33.0091999999999 27.8444444250001,-33.0090623139999 27.844456156,-33.0091336009999 27.8445244380001,-33.0095485529999 27.8462553640001,-33.0091677499999 27.8465669300001,-33.0089946569999 27.846878496,-33.0088215649999 27.8471439050001,-33.0087177089999 27.8475477870001,-33.0085907749999 27.8479285910001,-33.0084061429999 27.8485517220001,-33.008417682 27.8485531200001,-33.008409512 27.8487634270001,-33.0071792249999 27.84876653,-33.0071610709999 27.8487891980001,-33.007158698 27.8493556050001,-33.0070994039999 27.8510943640001,-33.0069231159999 27.8514813420001,-33.006721362 27.851484987,-33.0067194619999 27.8553368760001,-33.0048462409999 27.8561700000001,-33.0059999999999 27.8568899300001,-33.007079894 27.8568900000001,-33.0070799999999 27.8569400000001,-33.0071499999999 27.8574300000001,-33.0079899989999</coordinates></LinearRing></outerBoundaryIs></Polygon>
  </Placemark>
  <Placemark>
	<name>2990660</name>
	<Style><LineStyle><color>ff0000ff</color></LineStyle><PolyStyle><fill>0</fill></PolyStyle></Style>
      <Polygon><outerBoundaryIs><LinearRing><coordinates>25.6110155850001,-33.7896498969999 25.609561011,-33.79022076 25.6094364070001,-33.7900773289999 25.6092852870001,-33.7897992649999 25.609067671,-33.7894123929999 25.608783562,-33.7889529829999 25.6085538570001,-33.7885661109999 25.6083362410001,-33.7882275979999 25.6082608030001,-33.7882656959999 25.6081466030001,-33.7881170199999 25.6079813750001,-33.7878797769999 25.6082440150001,-33.7877374519999 25.60885963,-33.7873881629999 25.609297095,-33.7871574119999 25.6106046800001,-33.7866045729999 25.6106561080001,-33.786704557 25.6106870520001,-33.7867896529999 25.6106498250001,-33.7868206749999 25.610612599,-33.7869881949999 25.6105319410001,-33.7871557139999 25.6100417910001,-33.7873542569999 25.6097129570001,-33.7875217759999 25.609824636,-33.7876520689999 25.6099301120001,-33.7877823619999 25.6100790190001,-33.788036744 25.610320991,-33.7884214179999 25.610426466,-33.7885330979999 25.6106001900001,-33.7888557279999 25.6109972740001,-33.7896188749999 25.6110155850001,-33.7896498969999</coordinates></LinearRing></outerBoundaryIs></Polygon>
  </Placemark>
  <Placemark>
	<name>1992169</name>
	<Style><LineStyle><color>ff0000ff</color></LineStyle><PolyStyle><fill>0</fill></PolyStyle></Style>
      <Polygon><outerBoundaryIs><LinearRing><coordinates>18.4936598930001,-34.0241239149999 18.4928866020001,-34.0242577539999 18.4921163770001,-34.0243862409999 18.4913504040001,-34.0245319179999 18.4905844310001,-34.0246775929999 18.4905139420001,-34.024649398 18.4904246570001,-34.0246118039999 18.4899453370001,-34.025504656 18.4895506020001,-34.0262659299999 18.4891849670001,-34.0269419889999 18.4887290890001,-34.0259903989999 18.4910606880001,-34.0214837059999 18.4910800630001,-34.0214464989999 18.4911426950001,-34.0214714719999 18.4912212390001,-34.021499741 18.491283835,-34.0215234499999 18.4912873820001,-34.0215153859999 18.491356985,-34.0213900999999 18.491962534,-34.0216058699999 18.4920669380001,-34.0214040199999 18.4929091390001,-34.021257853 18.4933128390001,-34.0228169679999 18.4936598930001,-34.0241239149999</coordinates></LinearRing></outerBoundaryIs></Polygon>
  </Placemark>
  <Placemark>
	<name>6680262</name>
	<Style><LineStyle><color>ff0000ff</color></LineStyle><PolyStyle><fill>0</fill></PolyStyle></Style>
      <Polygon><outerBoundaryIs><LinearRing><coordinates>26.1273648850001,-26.1826347749999 26.1264663350001,-26.1830000389999 26.1257263090001,-26.1833008629999 26.1254665330001,-26.1834740449999 26.124807106,-26.1839669519999 26.1243230110001,-26.1843370579999 26.1234603550001,-26.1849627219999 26.1231617430001,-26.185176016 26.1229674690001,-26.1852675089999 26.121992773,-26.1857023079999 26.121841132,-26.1857702169999 26.1217649100001,-26.1857834339999 26.121062555,-26.1844893329999 26.1209906600001,-26.1843234219999 26.1209906600001,-26.1842183459999 26.1210438790001,-26.1840148969999 26.1210350630001,-26.1840082869999 26.121012211,-26.1839225889999 26.1209148970001,-26.1837360709999 26.1212021940001,-26.1836356339999 26.1212027430001,-26.1836344789999 26.1219139010001,-26.1833579169999 26.1221094480001,-26.1832808809999 26.1226213730001,-26.1830747809999 26.1226223360001,-26.1830743929999 26.1244340950001,-26.1824282889999 26.1245125020001,-26.1823916989999 26.1247338350001,-26.1822884089999 26.1253133330001,-26.1820819229999 26.1264190410001,-26.1816622859999 26.12642866,-26.1816614489999 26.1268134060001,-26.181553666 26.1268658260001,-26.1815389809999 26.1268664070001,-26.1815388179999 26.127036359,-26.1818991779999 26.1270385020001,-26.181902078 26.1273648850001,-26.1826347749999</coordinates></LinearRing></outerBoundaryIs></Polygon>
  </Placemark>
  <Placemark>
	<name>4750097</name>
	<Style><LineStyle><color>ff0000ff</color></LineStyle><PolyStyle><fill>0</fill></PolyStyle></Style>
      <Polygon><outerBoundaryIs><LinearRing><coordinates>27.2884959690001,-27.6319985949999 27.28670974,-27.6317485229999 27.2857630400001,-27.6319807319999 27.284923512,-27.6323022529999 27.2841375710001,-27.6325880509999 27.2832623210001,-27.632516602 27.2827979,-27.6322665299999 27.2820655460001,-27.631802111 27.2812438810001,-27.631534175 27.2807794620001,-27.6313555519999 27.28029718,-27.6311590669999 27.2800292460001,-27.631034031 27.2797434500001,-27.6310697559999 27.2797434500001,-27.63133769 27.2802257310001,-27.631802111 27.2804579410001,-27.6323201159999 27.280707841,-27.6328846179999 27.2807389290001,-27.633599655 27.280100157,-27.6343346039999 27.2795230770001,-27.6345706839999 27.278539417,-27.6350559559999 27.277660681,-27.6352264579999 27.277004908,-27.6356592679999 27.2764802890001,-27.6362101159999 27.275903209,-27.6368134279999 27.2750638200001,-27.6372986999999 27.2743949300001,-27.6376003549999 27.2735555410001,-27.6384266279999 27.273162078,-27.639174211 27.2727817290001,-27.6397775219999 27.2719292240001,-27.6406693729999 27.2712472200001,-27.6411152989999 27.2708799870001,-27.6413644929999 27.2706832540001,-27.6416268019999 27.2706570240001,-27.6420071509999 27.2707619480001,-27.642295691 27.2707750630001,-27.642518654 27.2707226030001,-27.6426366929999 27.2705652160001,-27.6427547309999 27.2703291380001,-27.6428334249999 27.2701848680001,-27.6429514639999 27.2700668290001,-27.6432400039999 27.2699881360001,-27.644577781 27.2701717520001,-27.6454040549999 27.2699750200001,-27.6467942939999 27.2721915330001,-27.6470697189999 27.271850531,-27.649299347 27.2730965000001,-27.6526175589999 27.2710898350001,-27.6538635279999 27.2746047780001,-27.6556209999999 27.2761655180001,-27.6565259669999 27.2771852470001,-27.6573024429999 27.2753353520001,-27.662475878 27.2749354420001,-27.6628707429999 27.2746210490001,-27.6629085499999 27.2737842440001,-27.6626736569999 27.2731829410001,-27.662504871 27.2724677880001,-27.6624363129999 27.2713375650001,-27.6624009939999 27.2706255900001,-27.662426422 27.2702966580001,-27.6626182999999 27.2687742990001,-27.6626736569999 27.267307299,-27.6625352609999 27.2667107360001,-27.6621668589999 27.266454449,-27.661765343 27.266283591,-27.6613723689999 27.266027303,-27.6609452249999 27.265591617,-27.660671852 27.2650705,-27.6605949659999 27.2639037960001,-27.6606801199999 27.2632107680001,-27.6608745059999 27.2616228160001,-27.6608508039999 27.261417334,-27.6592619169999 27.2611874770001,-27.6568660999999 27.2611937330001,-27.6567945759999 27.2606910220001,-27.656852264 27.260592128,-27.656852264 27.259669117,-27.6567533699999 27.2596031880001,-27.6567451289999 27.2610206690001,-27.6532920829999 27.2610602550001,-27.6531412649999 27.2609926900001,-27.6527223649999 27.2612473410001,-27.6523383979999 27.2613430360001,-27.6521838129999 27.2614166480001,-27.6520034639999 27.2615969970001,-27.651414568 27.262146837,-27.6498341629999 27.2638434550001,-27.6449389709999 27.2647807800001,-27.6421957009999 27.2652327120001,-27.6409569709999 27.2656766440001,-27.6392506079999 27.2650246190001,-27.6335072379999 27.264650051,-27.629844799 27.2687586250001,-27.6250187429999 27.27431921,-27.6185086229999 27.279654366,-27.6122307639999 27.2826122690001,-27.6087946779999 27.2837462460001,-27.6132281159999 27.2847982480001,-27.6174976069999 27.285727314,-27.6212990859999 27.2871741600001,-27.6272293649999 27.2884959690001,-27.6319985949999</coordinates></LinearRing></outerBoundaryIs></Polygon>
  </Placemark>
  <Placemark>
	<name>1750049</name>
	<Style><LineStyle><color>ff0000ff</color></LineStyle><PolyStyle><fill>0</fill></PolyStyle></Style>
      <Polygon><outerBoundaryIs><LinearRing><coordinates>21.4164394510001,-34.3580727529999 21.4161944370001,-34.3595428359999 21.415167028,-34.3618149909999 21.413231866,-34.3609026309999 21.4133634880001,-34.3606290389999 21.4135029610001,-34.360332426 21.413386733,-34.3602719869999 21.4133309440001,-34.360238513 21.4129218210001,-34.3599809519999 21.412521068,-34.3597298999999 21.4123862440001,-34.3596452859999 21.4121007890001,-34.3594667599999 21.4119083150001,-34.3593468129999 21.411525027,-34.3591035189999 21.4113430070001,-34.3591631979999 21.4104311120001,-34.3593994399999 21.409736561,-34.3595506349999 21.409200292,-34.3596900179999 21.4094204930001,-34.3603172989999 21.4100941280001,-34.360165896 21.4102401390001,-34.3601791689999 21.4100012150001,-34.3603649999999 21.4100012150001,-34.3607366609999 21.410213593,-34.3607366609999 21.410545432,-34.3606968399999 21.410850725,-34.3605375569999 21.4109701880001,-34.360550831 21.4110365560001,-34.3615330769999 21.4106949160001,-34.3615252229999 21.410409325,-34.3615504219999 21.4102623320001,-34.3616134199999 21.4101321350001,-34.3618906099999 21.40998934,-34.3622307979999 21.4098759440001,-34.3624491909999 21.4095651550001,-34.3624953889999 21.4093219170001,-34.3625380349999 21.4089183760001,-34.3626087849999 21.4084515590001,-34.3626676669999 21.4080135300001,-34.3628369059999 21.4076252770001,-34.3631056959999 21.407246979,-34.363145518 21.4069085020001,-34.3634939489999 21.406709397,-34.3638921579999 21.4066596220001,-34.3640215759999 21.4049373710001,-34.3643799629999 21.4027273130001,-34.3647283959999 21.4014220020001,-34.3649851779999 21.400905509,-34.3650867829999 21.4011643440001,-34.3663212289999 21.400109092,-34.3664805129999 21.3988348250001,-34.3665999759999 21.3981777810001,-34.366649751 21.3979687220001,-34.3656243649999 21.3972220810001,-34.3657139619999 21.3972220810001,-34.3658035579999 21.397152394,-34.3661022159999 21.3969931120001,-34.3664705579999 21.396860131,-34.3667769899999 21.3967982230001,-34.3667808729999 21.3887568470001,-34.3692032129999 21.3897779970001,-34.374920002 21.3829260570001,-34.3763822359999 21.3776570030001,-34.3775099999999 21.373439998,-34.3708149959999 21.382760562,-34.3658873859999 21.3943460010001,-34.3600159999999 21.397433591,-34.3584218129999 21.4005508650001,-34.3568333939999 21.4014431160001,-34.3563664029999 21.4015128230001,-34.3563299179999 21.4057014900001,-34.3541376319999 21.4089847550001,-34.352419219 21.4094658720001,-34.352167408 21.4103491720001,-34.351669377 21.4110325890001,-34.3512840479999 21.411174427,-34.3513563569999 21.4128735070001,-34.3523603599999 21.415460743,-34.3542139029999 21.416812285,-34.3557971359999 21.4165419760001,-34.3574576009999 21.4165220390001,-34.3575772309999 21.4164394510001,-34.3580727529999</coordinates></LinearRing></outerBoundaryIs></Polygon>
  </Placemark>
  <Placemark>
	<name>4720095</name>
	<Style><LineStyle><color>ff0000ff</color></LineStyle><PolyStyle><fill>0</fill></PolyStyle></Style>
      <Polygon><outerBoundaryIs><LinearRing><coordinates>28.7052284680001,-28.326059449 28.705028397,-28.326431941 28.7046981970001,-28.3269768509999 28.704681931,-28.327077701 28.7046749240001,-28.3272715559999 28.7045410850001,-28.3272922119999 28.7043508150001,-28.327385837 28.7044776610001,-28.3279415439999 28.7046196080001,-28.3281106729999 28.7042269890001,-28.3289774549999 28.704088062,-28.3290620189999 28.7040276590001,-28.329149604 28.704015579,-28.3292613489999 28.7040518200001,-28.3294667189999 28.7041394060001,-28.3296781299999 28.7041696060001,-28.3297808149999 28.7041605460001,-28.3298593399999 28.704115244,-28.3299318229999 28.7040337000001,-28.3300224269999 28.7040004790001,-28.3301039709999 28.7039400740001,-28.3301885349999 28.703909873,-28.3302610179999 28.703909873,-28.3303818239999 28.703988397,-28.3305116909999 28.704185356,-28.3307544209999 28.7033335240001,-28.3312484479999 28.7032613310001,-28.331362301 28.703146862,-28.331496312 28.7030714790001,-28.3315968209999 28.7029988900001,-28.3317392089999 28.7028509190001,-28.3321021579999 28.7028090410001,-28.3321831229999 28.702747618,-28.3322501289999 28.7022646170001,-28.3325572399999 28.700561549,-28.3335623289999 28.7001790560001,-28.3337968509999 28.7001204270001,-28.3338247689999 28.7000673800001,-28.3338359369999 28.7000199180001,-28.3338219779999 28.6999808310001,-28.3337828889999 28.6996402170001,-28.3333724789999 28.6996261670001,-28.3333565389999 28.699612356,-28.3333466239999 28.6995953560001,-28.3333388319999 28.6995769420001,-28.3333359989999 28.6995550090001,-28.3333368229999 28.6995298430001,-28.3333377689999 28.6994740970001,-28.3333373929999 28.6994348740001,-28.3333425519999 28.6993987480001,-28.3333508109999 28.6993409450001,-28.3333745509999 28.6990601900001,-28.3335242179999 28.6989763620001,-28.3335723819999 28.6980571560001,-28.3323143119999 28.6979977920001,-28.3322330619999 28.697594365,-28.3317306689999 28.6975765750001,-28.3317132079999 28.6974459470001,-28.3315849989999 28.697352498,-28.3314942989999 28.6972590500001,-28.331263427 28.6972343140001,-28.331150739 28.6971463620001,-28.3309143689999 28.6970639070001,-28.3308016809999 28.6972425590001,-28.3307412149999 28.6975586350001,-28.3306725019999 28.6976850650001,-28.3306505149999 28.6978224890001,-28.3306037899999 28.697991055,-28.3306286819999 28.6980969180001,-28.3306404459999 28.6981439690001,-28.3306600489999 28.6982027820001,-28.3307227829999 28.6983125660001,-28.3307541489999 28.6984615580001,-28.3306914159999 28.6986066300001,-28.3307031769999 28.6987556230001,-28.330730624 28.6989155160001,-28.3307712409999 28.6989298820001,-28.3307400329999 28.6990322020001,-28.3304982669999 28.699193848,-28.3301996479999 28.6994181730001,-28.3301859139999 28.6996196060001,-28.3301263989999 28.699830197,-28.3300256819999 28.70001876,-28.3298459189999 28.7000377690001,-28.3296971799999 28.7001035530001,-28.3295162709999 28.7001824960001,-28.3293419399999 28.700198942,-28.3291741879999 28.7002384130001,-28.3290656429999 28.7003747200001,-28.3289315879999 28.7005627620001,-28.3288148749999 28.70081939,-28.3286639179999 28.701076017,-28.328628696 28.701554048,-28.3282915579999 28.7025855900001,-28.3275669629999 28.702892535,-28.3271895699999 28.703244769,-28.3265454859999 28.703083748,-28.3261278379999 28.7025142830001,-28.3255054369999 28.7040600000001,-28.32616 28.7042964250001,-28.3261657669999 28.7044041170001,-28.3261252229999 28.7045992000001,-28.3260848609999 28.704653018,-28.32607365 28.704693379,-28.3260803769999 28.7047270140001,-28.3260826179999 28.7047673750001,-28.32607365 28.704822301,-28.3260542179999 28.704876643,-28.3259688229999 28.7048921690001,-28.3258329679999 28.704876643,-28.3256272449999 28.7048339450001,-28.3254758639999 28.7047873670001,-28.3254254039999 28.704744669,-28.3253671799999 28.7047369060001,-28.3253050739999 28.704760197,-28.3252352079999 28.7048028930001,-28.3251925099999 28.7048611160001,-28.325145931 28.7049232210001,-28.3250488919999 28.7052647990001,-28.3243308019999 28.7052713020001,-28.3245491529999 28.7052843150001,-28.3246879569999 28.7053125090001,-28.3247855519999 28.7053553430001,-28.3250281859999 28.7054578190001,-28.3253746519999 28.705306545,-28.3254104369999 28.7052284680001,-28.326059449</coordinates></LinearRing></outerBoundaryIs></Polygon>
  </Placemark>
  <Placemark>
	<name>1992385</name>
	<Style><LineStyle><color>ff0000ff</color></LineStyle><PolyStyle><fill>0</fill></PolyStyle></Style>
      <Polygon><outerBoundaryIs><LinearRing><coordinates>18.80921936,-34.063388824 18.809219543,-34.0633886239999 18.809409637,-34.063180912 18.809409675,-34.0631808699999 18.8096103670001,-34.0629615779999 18.8096780970001,-34.0628872079999 18.8107024690001,-34.0633139269999 18.8132187880001,-34.0643884639999 18.8134051660001,-34.0644746409999 18.8136203610001,-34.0645484219999 18.8137540910001,-34.0645822389999 18.813872448,-34.0646114439999 18.8141814070001,-34.064689836 18.8144427160001,-34.0647897489999 18.8149576480001,-34.0650095539999 18.8152617030001,-34.0651438019999 18.8154833400001,-34.0652416589999 18.8158676180001,-34.0653969069999 18.816688264,-34.065752061 18.8169651150001,-34.0658718749999 18.817480048,-34.0661178119999 18.8185053000001,-34.0665973909999 18.818846539,-34.066749565 18.8199778520001,-34.0672752579999 18.820581937,-34.0675642329999 18.8213013050001,-34.0678977869999 18.821533409,-34.0679807909999 18.8222512390001,-34.0682574709999 18.8224164590001,-34.0683109269999 18.8228081030001,-34.0684376419999 18.8240095310001,-34.0688641419999 18.8253938460001,-34.0694154629999 18.8245700000001,-34.071275 18.8233250000001,-34.0732999999999 18.8226460000001,-34.0743899999999 18.8225870000001,-34.0744859999999 18.8183062370001,-34.0718802819999 18.8138710600001,-34.0690599069999 18.812624332,-34.0682671009999 18.8089880380001,-34.0659547449999 18.8076865950001,-34.0651300519999 18.8076934420001,-34.065106124 18.8092200010001,-34.0633899979999 18.80921936,-34.063388824</coordinates></LinearRing></outerBoundaryIs></Polygon>
  </Placemark>
  <Placemark>
	<name>5993621</name>
	<Style><LineStyle><color>ff0000ff</color></LineStyle><PolyStyle><fill>0</fill></PolyStyle></Style>
      <Polygon><outerBoundaryIs><LinearRing><coordinates>30.8895392090001,-29.9396204609999 30.8896620400001,-29.9396334669999 30.88977042,-29.9396175709999 30.8898079910001,-29.9396175709999 30.8898788000001,-29.9396291319999 30.889966949,-29.9396493629999 30.8900478730001,-29.9397158359999 30.8900941150001,-29.9397924239999 30.8901981600001,-29.9398473369999 30.8903181000001,-29.9398776829999 30.8904365960001,-29.9399109199999 30.8905102940001,-29.9399470469999 30.890656246,-29.940017855 30.8907443950001,-29.9400799929999 30.890835435,-29.9401204549999 30.8909467050001,-29.9401464659999 30.8910810960001,-29.9401450209999 30.8911825770001,-29.9401558459999 30.891049094,-29.9405773709999 30.8909443470001,-29.9408246599999 30.8909368020001,-29.9412461329999 30.8909367670001,-29.9412461659999 30.890934599,-29.9413784399999 30.891000514,-29.9415021569999 30.8910970680001,-29.9416489199999 30.8912193710001,-29.9418948129999 30.891301764,-29.9420595989999 30.8913326620001,-29.9422127989999 30.8913532600001,-29.942435519 30.891425354,-29.9426144669999 30.891454776,-29.942649194 30.8912118950001,-29.9430445409999 30.8909137620001,-29.9431593499999 30.8908230260001,-29.9430945379999 30.8907193270001,-29.9430278749999 30.8905305970001,-29.9430886519999 30.8905428030001,-29.9431304079999 30.8905025440001,-29.94356282 30.8904885150001,-29.9436906379999 30.8904036900001,-29.9436826849999 30.8903377180001,-29.9436925809999 30.890281643,-29.943705775 30.89021897,-29.9437387609999 30.8901546470001,-29.9437816429999 30.8900969220001,-29.9438113299999 30.8900507420001,-29.9438426659999 30.8900144580001,-29.9439201829999 30.8899748750001,-29.9439993489999 30.8899732260001,-29.9440290359999 30.8899220980001,-29.9440735669999 30.8898495290001,-29.9441543819999 30.8898033490001,-29.9442483909999 30.8897654150001,-29.944306116 30.8897192350001,-29.9444166189999 30.889701093,-29.9444908359999 30.8896615100001,-29.9445436139999 30.8895988370001,-29.9445963909999 30.8895180220001,-29.9446211299999 30.8894471030001,-29.944607936 30.8892937990001,-29.9444610209999 30.8892513470001,-29.9444437249999 30.8892104660001,-29.9444075619999 30.889193171,-29.9443792599999 30.889173026,-29.9443003779999 30.8892169420001,-29.9442904619999 30.8892482020001,-29.9442298899999 30.8892812210001,-29.9441418399999 30.8893283100001,-29.9440021599999 30.8893316530001,-29.9439416239999 30.889320108,-29.9436216619999 30.8893003160001,-29.943385814 30.8893151600001,-29.9431944959999 30.8893679370001,-29.9430378139999 30.889400923,-29.942834951 30.889402014,-29.9428295869999 30.8893475290001,-29.9426063739999 30.8893029210001,-29.9424600569999 30.8892333310001,-29.9423173089999 30.8891583880001,-29.942185267 30.889087014,-29.9420211069999 30.8890013650001,-29.9417873559999 30.8889353440001,-29.9415821559999 30.8888764600001,-29.9413751709999 30.8888157920001,-29.941216364 30.8887158680001,-29.9410575559999 30.888521374,-29.9408809049999 30.888499799,-29.9407896279999 30.8886008250001,-29.9406786669999 30.8885341540001,-29.9405968429999 30.888462888,-29.9405475049999 30.8882977730001,-29.9404331949999 30.8881119120001,-29.9400971169999 30.888251654,-29.940056872 30.8883200970001,-29.940037087 30.8884366220001,-29.9400034039999 30.8886012730001,-29.939929596 30.8886042500001,-29.9399282609999 30.8887111850001,-29.9398588969999 30.8887733230001,-29.9398386669999 30.888883148,-29.9397996499999 30.888958292,-29.9397736379999 30.8890363250001,-29.9397331769999 30.8890825670001,-29.939678264 30.8891114690001,-29.9396421369999 30.889147596,-29.939621906 30.889203953,-29.9395958949999 30.8892357450001,-29.9395872249999 30.889287767,-29.93960312 30.8893195850001,-29.9396082669999 30.8893860320001,-29.9396190159999 30.8895392090001,-29.9396204609999</coordinates></LinearRing></outerBoundaryIs></Polygon>
  </Placemark>
  <Placemark>
	<name>7970753</name>
	<Style><LineStyle><color>ff0000ff</color></LineStyle><PolyStyle><fill>0</fill></PolyStyle></Style>
      <Polygon><outerBoundaryIs><LinearRing><coordinates>28.191340009,-26.4298119599999 28.1910991670001,-26.4298400879999 28.190759659,-26.4298896789999 28.1906795510001,-26.4298992149999 28.1904506690001,-26.4299297329999 28.1903705600001,-26.4299507139999 28.1902809140001,-26.4299602499999 28.190130234,-26.4299793239999 28.189769745,-26.4300308229999 28.1889305110001,-26.4301395409999 28.1887893680001,-26.4301700589999 28.188489915,-26.4302101139999 28.1879692080001,-26.4302902219999 28.186840057,-26.4303302759999 28.1864648750001,-26.430269322 28.186479761,-26.4297646659999 28.1866731760001,-26.4288344309999 28.186783699,-26.4286962769999 28.187124478,-26.4285673339999 28.1873842460001,-26.4285151589999 28.189279673,-26.4281344529999 28.190136226,-26.4279870889999 28.1908362020001,-26.4277476229999 28.191020811,-26.4276705329999 28.1910540870001,-26.427867417 28.1912561550001,-26.429218278 28.191340009,-26.4298119599999</coordinates></LinearRing></outerBoundaryIs></Polygon>
  </Placemark>
  <Placemark>
	<name>1630156</name>
	<Style><LineStyle><color>ff0000ff</color></LineStyle><PolyStyle><fill>0</fill></PolyStyle></Style>
      <Polygon><outerBoundaryIs><LinearRing><coordinates>17.918211285,-32.99774099 17.9182021280001,-32.9977401769999 17.9162697850001,-32.9977448669999 17.9159274040001,-32.9977495569999 17.9158555470001,-32.9977578099999 17.9155019670001,-32.9978961669999 17.9150508470001,-32.9971712889999 17.9153826820001,-32.9970438349999 17.9156355220001,-32.996949856 17.9156757960001,-32.9969418729999 17.9157346310001,-32.9969339109999 17.9162071120001,-32.9969319819999 17.9168184410001,-32.9969390059999 17.9182115090001,-32.9969522309999 17.9182205430001,-32.9969520999999 17.9182180880001,-32.9971664989999 17.9182139970001,-32.9975437449999 17.918211285,-32.99774099</coordinates></LinearRing></outerBoundaryIs></Polygon>
  </Placemark>
  <Placemark>
	<name>7974452</name>
	<Style><LineStyle><color>ff0000ff</color></LineStyle><PolyStyle><fill>0</fill></PolyStyle></Style>
      <Polygon><outerBoundaryIs><LinearRing><coordinates>28.1440600000001,-26.3467523469999 28.1440600000001,-26.3470399999999 28.1440600000001,-26.3471 28.1440600000001,-26.3472399999999 28.1440697900001,-26.3486986539999 28.1440700000001,-26.3487299999999 28.1440778410001,-26.3493023729999 28.1435598390001,-26.3492991219999 28.1432792190001,-26.3492946679999 28.1432133650001,-26.3493013709999 28.142345859,-26.3493079679999 28.141211173,-26.349476191 28.141135374,-26.3491596249999 28.1404854470001,-26.3492551809999 28.1404601150001,-26.349092933 28.1404247240001,-26.3489282359999 28.1401000850001,-26.3474174679999 28.1411778550001,-26.3468160339999 28.1414424850001,-26.346662067 28.1415241300001,-26.3466624259999 28.1425395000001,-26.3466668789999 28.1435499080001,-26.346662067 28.143718311,-26.3467486739999 28.1440600000001,-26.3467523469999</coordinates></LinearRing></outerBoundaryIs></Polygon>
  </Placemark>
  <Placemark>
	<name>5860107</name>
	<Style><LineStyle><color>ff0000ff</color></LineStyle><PolyStyle><fill>0</fill></PolyStyle></Style>
      <Polygon><outerBoundaryIs><LinearRing><coordinates>32.3699412230001,-28.364981848 32.3698377970001,-28.3657262699999 32.3696835170001,-28.366696949 32.3696230580001,-28.3671036719999 32.3695475740001,-28.3676096219999 32.3694280220001,-28.3681043199999 32.3693125930001,-28.3689123269999 32.3689539370001,-28.3688339999999 32.3686323830001,-28.3687804079999 32.3683355650001,-28.3687350609999 32.3673090660001,-28.3685454259999 32.3664944850001,-28.3684030439999 32.3664371890001,-28.368611508 32.3660514580001,-28.3698821519999 32.3658018660001,-28.3707557199999 32.365495035,-28.3717553799999 32.365385114,-28.3717353309999 32.3649140810001,-28.3715811759999 32.3642417900001,-28.3713970429999 32.3639420420001,-28.3713756339999 32.3636893970001,-28.3712685799999 32.3631755430001,-28.3711358349999 32.3631584160001,-28.3710801669999 32.3631876260001,-28.3708656449999 32.363284089,-28.3706949789999 32.3635141160001,-28.3702460549999 32.3635623470001,-28.3700197379999 32.3636810710001,-28.3697860009999 32.3637812440001,-28.3692183539999 32.3638665770001,-28.368958646 32.3639853000001,-28.3685542429999 32.3642412980001,-28.3679457839999 32.3643340520001,-28.3676860749999 32.3643971230001,-28.3674931489999 32.3645180760001,-28.3672903499999 32.3647196110001,-28.3670704929999 32.364875344,-28.3667407069999 32.3648661830001,-28.3664933669999 32.3649119870001,-28.3663651169999 32.364939469,-28.3660628119999 32.3651318440001,-28.3651650619999 32.3651868080001,-28.365045973 32.3653425420001,-28.3647894729999 32.3654433080001,-28.3646520619999 32.3659013450001,-28.3643222749999 32.3661395230001,-28.3641482209999 32.3666250420001,-28.3638001149999 32.366735325,-28.363693075 32.3669365060001,-28.3634978109999 32.367247971,-28.3633145969999 32.3674128640001,-28.3631313819999 32.367586917,-28.3627924349999 32.367797614,-28.3627191499999 32.3680266320001,-28.3623435599999 32.3682739720001,-28.3620962209999 32.3685487930001,-28.3617481129999 32.3690068290001,-28.3619130069999 32.3694831870001,-28.362004613 32.369475186,-28.3622086429999 32.3699673780001,-28.3624711539999 32.3701335970001,-28.362728311 32.3703626160001,-28.3627466319999 32.3701427590001,-28.3639375259999 32.3701244370001,-28.3641390619999 32.3699412230001,-28.364981848</coordinates></LinearRing></outerBoundaryIs></Polygon>
  </Placemark>
  <Placemark>
	<name>5990423</name>
	<Style><LineStyle><color>ff0000ff</color></LineStyle><PolyStyle><fill>0</fill></PolyStyle></Style>
      <Polygon><outerBoundaryIs><LinearRing><coordinates>31.1789807220001,-29.5256587809999 31.1788352840001,-29.5256868289999 31.1787198150001,-29.5257007869999 31.1785815050001,-29.5257172829999 31.1784279680001,-29.52573251 31.178254129,-29.5257451989999 31.177736419,-29.5257743829999 31.1767339900001,-29.5258289459999 31.1765893360001,-29.525840366 31.176468791,-29.5258543239999 31.1763431700001,-29.5258720879999 31.1762277000001,-29.5258911219999 31.1761020790001,-29.5259164999999 31.1759853410001,-29.525944416 31.1758939800001,-29.5259685249999 31.1756579650001,-29.5260433899999 31.174658074,-29.5264050249999 31.1739677940001,-29.5266613429999 31.1737546190001,-29.5267425519999 31.1735833180001,-29.5268123409999 31.1734741930001,-29.5268605589999 31.173321925,-29.5269366929999 31.173234371,-29.5269874489999 31.1731392040001,-29.5270432809999 31.173054188,-29.5270978429999 31.1729564830001,-29.5271650949999 31.1728498950001,-29.5272463039999 31.172768686,-29.5273148249999 31.1726912830001,-29.5273846139999 31.1725986540001,-29.5274708989999 31.172521251,-29.5275508399999 31.172447655,-29.5276358559999 31.17239563,-29.5276993009999 31.1723271100001,-29.5277931989999 31.1722814290001,-29.5278604509999 31.1722091020001,-29.5279695759999 31.172092363,-29.5281611789999 31.171876651,-29.5285342349999 31.171806862,-29.5286497049999 31.1717269210001,-29.5287753259999 31.171681241,-29.5288451149999 31.171646981,-29.5288920639999 31.171592418,-29.5289618539999 31.171540393,-29.5290240299999 31.171488368,-29.5290874739999 31.1714401500001,-29.5291394989999 31.171400814,-29.5291826419999 31.1713525960001,-29.5292270529999 31.171291689,-29.5292854219999 31.171219362,-29.529348867 31.1711381530001,-29.5294148499999 31.1710544050001,-29.5294795639999 31.1709579690001,-29.5295468149999 31.1709084820001,-29.5295798069999 31.1708412310001,-29.5296216799999 31.1707625590001,-29.529667361 31.1706724670001,-29.5297193849999 31.170612829,-29.5297511079999 31.170558267,-29.5297777549999 31.1704442650001,-29.5298312859999 31.170329612,-29.5297499199999 31.1702366660001,-29.5296873229999 31.170134235,-29.5296266239999 31.1700147330001,-29.5295640269999 31.1698971270001,-29.5295090179999 31.1698003870001,-29.5294672869999 31.1697036470001,-29.5294312459999 31.169620185,-29.5294046899999 31.169540516,-29.5293838249999 31.169466539,-29.5293724439999 31.169384973,-29.5293667529999 31.1692787490001,-29.5293724439999 31.1691839060001,-29.5293876189999 31.169079578,-29.5294122779999 31.1689942190001,-29.529436937 31.1688348820001,-29.5294900489999 31.1683853250001,-29.5296531799999 31.1677878130001,-29.5298637319999 31.167641754,-29.5299092569999 31.1675412200001,-29.52993771 31.167469139,-29.5299528849999 31.1673970580001,-29.5299642659999 31.1673192870001,-29.5299718529999 31.1672092690001,-29.52997375 31.1671106320001,-29.5299680589999 31.167004407,-29.5299566779999 31.166873523,-29.529935813 31.166755918,-29.5299130499999 31.1666174470001,-29.52987701 31.1664600070001,-29.5298276909999 31.1663272260001,-29.5297840629999 31.1661678890001,-29.529727158 31.1660180370001,-29.5296645609999 31.1659345750001,-29.5296285209999 31.1657733410001,-29.5295450579999 31.1656310770001,-29.5294672869999 31.1655020900001,-29.529397103 31.165414834,-29.5293458879999 31.1653275780001,-29.5292946719999 31.165236528,-29.5292358689999 31.1651322010001,-29.529167582 31.1650164920001,-29.5290898109999 31.1649007830001,-29.529013936 31.1648268060001,-29.5289665139999 31.1646352220001,-29.52886029 31.1645195130001,-29.5287957969999 31.1636697180001,-29.5283007149999 31.1622413780001,-29.5274698879999 31.1618145830001,-29.5272327789999 31.1617140490001,-29.5271739759999 31.1616324840001,-29.5271246579999 31.1615452280001,-29.5270696489999 31.1614845280001,-29.5270260209999 31.161416241,-29.526976702 31.1613327790001,-29.5269122089999 31.1612891510001,-29.5268742719999 31.1612398330001,-29.526842025 31.161052043,-29.5267339039999 31.161016003,-29.5267092439999 31.1609875500001,-29.5266826879999 31.160960994,-29.5266466479999 31.160938231,-29.5266049169999 31.16087939,-29.5264720989999 31.1607861700001,-29.5265689989999 31.1604632730001,-29.5268993479999 31.1602198580001,-29.5271502139999 31.1600385390001,-29.5273340169999 31.1597820980001,-29.5275903629999 31.1563104800001,-29.5311435379999 31.154294613,-29.5331631109999 31.152134226,-29.5353827879999 31.1499441940001,-29.5375839369999 31.148062677,-29.5394985499999 31.1478454990001,-29.5390856259999 31.147799778,-29.5389998979999 31.1473897120001,-29.5380868939999 31.1469154490001,-29.5370008199999 31.1468444050001,-29.5368381259999 31.1466115950001,-29.5363403939999 31.1464585860001,-29.5360554809999 31.1463787850001,-29.5359068849999 31.1461058350001,-29.53537704 31.145337226,-29.5335157689999 31.1453252060001,-29.5334673099999 31.1430158640001,-29.5241573979999 31.148083968,-29.5190528329999 31.1532056250001,-29.5138574939999 31.1550258780001,-29.5120372399999 31.1550292970001,-29.5120391849999 31.160345078,-29.515062332 31.1656790000001,-29.5180956799999 31.165718079,-29.518117904 31.1658592220001,-29.5181999209999 31.167747498,-29.5192718509999 31.1680107120001,-29.5194206239999 31.1687202450001,-29.5198307029999 31.1693706520001,-29.520189285 31.170009613,-29.52055931 31.1701297770001,-29.5206203449999 31.1749000550001,-29.523349762 31.1769847580001,-29.5245271619999 31.1769905090001,-29.52453041 31.177129746,-29.5246105189999 31.1772594460001,-29.5246791829999 31.1787605300001,-29.5255298609999 31.1788597110001,-29.5255908959999 31.1789807220001,-29.5256587809999</coordinates></LinearRing></outerBoundaryIs></Polygon>
  </Placemark>
  <Placemark>
	<name>1991147</name>
	<Style><LineStyle><color>ff0000ff</color></LineStyle><PolyStyle><fill>0</fill></PolyStyle></Style>
      <Polygon><outerBoundaryIs><LinearRing><coordinates>18.6990518870001,-33.9269747309999 18.7006615010001,-33.9273502539999 18.7014526150001,-33.930028606 18.701589691,-33.9305524299999 18.7020307780001,-33.932013793 18.7022564170001,-33.9328583259999 18.7023627760001,-33.9331886119999 18.7023167,-33.9332215229999 18.7026984680001,-33.9336296189999 18.7024220170001,-33.9338073389999 18.7026096090001,-33.9340278429999 18.7026458110001,-33.933988348 18.7026820130001,-33.9339554379999 18.702813657,-33.9338731599999 18.703421624,-33.9334707039999 18.7035508630001,-33.9333893689999 18.7035771920001,-33.9333762049999 18.7036364320001,-33.9333663309999 18.703728583,-33.9333663309999 18.7041728810001,-33.9333663309999 18.7043604740001,-33.9334946839999 18.7044146090001,-33.9336507869999 18.7053594580001,-33.9357161359999 18.7043022570001,-33.9357430189999 18.702742776,-33.9357732419999 18.7024400700001,-33.9357693119999 18.701811923,-33.9357611539999 18.701080538,-33.9356825739999 18.7006030220001,-33.9356039969999 18.7002524410001,-33.9355314619999 18.6992490540001,-33.9352473709999 18.698917281,-33.9351534349999 18.6987278990001,-33.935099814 18.699012371,-33.9332685289999 18.699101709,-33.9319842859999 18.6991128760001,-33.9311504579999 18.69902884,-33.9306306809999 18.6990447190001,-33.9302790819999 18.6990401820001,-33.9299161409999 18.699019767,-33.9296824979999 18.6989948140001,-33.929498759 18.6989902780001,-33.929258311 18.6989789360001,-33.9290995229999 18.6989381050001,-33.9289588839999 18.6988745900001,-33.9288613429999 18.6988745900001,-33.9283078579999 18.698874677,-33.928303695 18.6988927370001,-33.9274345309999 18.6988985620001,-33.926937489 18.6990518870001,-33.9269747309999</coordinates></LinearRing></outerBoundaryIs></Polygon>
  </Placemark>
  <Placemark>
	<name>6620684</name>
	<Style><LineStyle><color>ff0000ff</color></LineStyle><PolyStyle><fill>0</fill></PolyStyle></Style>
      <Polygon><outerBoundaryIs><LinearRing><coordinates>27.3117356820001,-25.6078234169999 27.3116200520001,-25.6079294099999 27.3114986160001,-25.6080407279999 27.3112457450001,-25.6083884249999 27.310729532,-25.6090881769999 27.3107123450001,-25.6091114769999 27.3104831810001,-25.6094591749999 27.310293528,-25.6098819429999 27.310103875,-25.6102968089999 27.3100341320001,-25.6104567899999 27.3096226310001,-25.6114007179999 27.309215856,-25.6112411219999 27.3079509200001,-25.6107868629999 27.3079706950001,-25.610738093 27.3087546090001,-25.6090187499999 27.308667787,-25.6084734549999 27.3085005660001,-25.6081358609999 27.3089631770001,-25.607998177 27.3092347120001,-25.6079180849999 27.3092601070001,-25.607822364 27.3094378750001,-25.6075371559999 27.309791455,-25.6070351099999 27.3100166920001,-25.6067430479999 27.3106688830001,-25.6071280219999 27.3110995540001,-25.6073808939999 27.3114472510001,-25.607598203 27.3115499800001,-25.6076811769999 27.3117356820001,-25.6078234169999</coordinates></LinearRing></outerBoundaryIs></Polygon>
  </Placemark>
  <Placemark>
	<name>1993309</name>
	<Style><LineStyle><color>ff0000ff</color></LineStyle><PolyStyle><fill>0</fill></PolyStyle></Style>
      <Polygon><outerBoundaryIs><LinearRing><coordinates>18.6812409200001,-34.0419838259999 18.6818087070001,-34.0426273179999 18.681888481,-34.04267963 18.6818429660001,-34.0426892109999 18.6808488020001,-34.0433048739999 18.6806403880001,-34.0434366299999 18.6802786570001,-34.0436929569999 18.679984001,-34.0433791369999 18.6796701810001,-34.042995845 18.6795731880001,-34.0428903769999 18.6799796670001,-34.0426357929999 18.6801571500001,-34.042519028 18.680194515,-34.0424769919999 18.6803720000001,-34.042390586 18.6805042990001,-34.0423113459999 18.680808702,-34.0421290309999 18.6808250490001,-34.0421126839999 18.6806102,-34.0418744819999 18.6805588240001,-34.0417997519999 18.6805868470001,-34.0417553819999 18.6806522360001,-34.0416993329999 18.6808740910001,-34.0415755629999 18.6812409200001,-34.0419838259999</coordinates></LinearRing></outerBoundaryIs></Polygon>
  </Placemark>
  <Placemark>
	<name>1760042</name>
	<Style><LineStyle><color>ff0000ff</color></LineStyle><PolyStyle><fill>0</fill></PolyStyle></Style>
      <Polygon><outerBoundaryIs><LinearRing><coordinates>22.11508674,-34.1687343749999 22.1150867160001,-34.1687344339999 22.1161519980001,-34.1688073219999 22.1165837180001,-34.1688353559999 22.1166397850001,-34.168843766 22.1166734270001,-34.1688605859999 22.1167014590001,-34.1688970299999 22.1167351000001,-34.1689194569999 22.1168472350001,-34.1689755239999 22.1169201230001,-34.169017574 22.11696778,-34.1690596259999 22.1169817970001,-34.1690932669999 22.1169817970001,-34.1691297089999 22.1168948930001,-34.1692810929999 22.1168892850001,-34.1693091259999 22.1169004990001,-34.1693343549999 22.1169705830001,-34.1693960299999 22.116998617,-34.1694464899999 22.1170042240001,-34.1695081649999 22.1169846000001,-34.1695726429999 22.1169285330001,-34.169707205 22.116906106,-34.1697969129999 22.1168434240001,-34.1700730519999 22.1168249,-34.1701546559999 22.1168090040001,-34.1702246859999 22.1167643520001,-34.1704152369999 22.1167410100001,-34.1705743879999 22.1167028130001,-34.1707144449999 22.1165372940001,-34.170839644 22.1164354360001,-34.1709139149999 22.1164269480001,-34.1709754539999 22.115990217,-34.1713803849999 22.115897949,-34.1713619309999 22.1157257820001,-34.171367599 22.1156386360001,-34.1714441169999 22.1154551340001,-34.1715851099999 22.115418849,-34.1715873179999 22.1151537960001,-34.171351393 22.114999218,-34.1711472309999 22.1145442270001,-34.171284312 22.1138560640001,-34.1710869309999 22.1138750870001,-34.1709374689999 22.1140047490001,-34.1707612629999 22.1141011620001,-34.1707280159999 22.1145732610001,-34.1706615229999 22.1148325830001,-34.1705850569999 22.1148192850001,-34.1702525929999 22.1149256730001,-34.1699334269999 22.1150021400001,-34.1698104159999 22.1151517490001,-34.1693316669999 22.1147261950001,-34.1692186299999 22.114589885,-34.1691222159999 22.1146995980001,-34.168959308 22.1147195460001,-34.1687332319999 22.1150843840001,-34.1687353229999 22.11508674,-34.1687343749999</coordinates></LinearRing></outerBoundaryIs></Polygon>
  </Placemark>
  <Placemark>
	<name>8740714</name>
	<Style><LineStyle><color>ff0000ff</color></LineStyle><PolyStyle><fill>0</fill></PolyStyle></Style>
      <Polygon><outerBoundaryIs><LinearRing><coordinates>31.1645199760001,-25.4480545139999 31.1645199760001,-25.4481999069999 31.1645280530001,-25.448337223 31.1645433720001,-25.448402417 31.1645551390001,-25.4484494899999 31.164547294,-25.4485083309999 31.1645159120001,-25.4485514809999 31.164488453,-25.44862209 31.164488453,-25.4486730859999 31.164488453,-25.4487907679999 31.1645080660001,-25.4488456859999 31.1645080660001,-25.4488849129999 31.1645080660001,-25.4489829809999 31.1645276790001,-25.4490457449999 31.1645394480001,-25.4491555819999 31.1645590630001,-25.4492301139999 31.1645943660001,-25.449332104 31.1646218260001,-25.4493948689999 31.164704203,-25.44949686 31.1647237230001,-25.4495551059999 31.1647476480001,-25.4496069429999 31.1647476480001,-25.4496468179999 31.1647436600001,-25.4496906799999 31.1647316980001,-25.4497185929999 31.1647316980001,-25.4497584669999 31.164735685,-25.4497943549999 31.1647436600001,-25.4498422049999 31.1647994850001,-25.4499179679999 31.1648353720001,-25.4500455659999 31.1648353720001,-25.4501332909999 31.164819423,-25.4502130409999 31.16479151,-25.4502927909999 31.164683848,-25.4505599519999 31.1644884610001,-25.4509906009999 31.1644087110001,-25.4511740249999 31.1644007360001,-25.4512298499999 31.164392761,-25.4512737129999 31.1644087110001,-25.4513175739999 31.164448586,-25.4513694119999 31.1636853860001,-25.4522736329999 31.163588469,-25.4522207679999 31.1631567460001,-25.4518242869999 31.1627727950001,-25.451507111 31.162770364,-25.4515051029999 31.1627514530001,-25.451489481 31.162407837,-25.451137054 31.1620994630001,-25.4508551119999 31.1618439530001,-25.4506788979999 31.161473904,-25.4503352809999 31.1612976900001,-25.450194312 31.1613065010001,-25.4499828539999 31.1613286190001,-25.4496437159999 31.161332933,-25.4495775619999 31.1613593650001,-25.4491898929999 31.1613417440001,-25.4489255729999 31.1613153110001,-25.4487317369999 31.1613241220001,-25.4484586049999 31.1614114820001,-25.4482402059999 31.1614474720001,-25.4481502309999 31.1616665750001,-25.4476880259999 31.161842913,-25.44773205 31.1619964640001,-25.4478064979999 31.1621081370001,-25.4478809469999 31.1621686270001,-25.447927477 31.162298912,-25.4479693549999 31.1623640550001,-25.4479786609999 31.1624896880001,-25.4479786609999 31.1626060140001,-25.4479879679999 31.162675811,-25.4480065799999 31.1627688710001,-25.4479972729999 31.162899156,-25.448043804 31.1629922170001,-25.4480531099999 31.1631225020001,-25.4480670689999 31.1632481350001,-25.4480949869999 31.1633598080001,-25.4480903339999 31.1634342570001,-25.4480577619999 31.1635552370001,-25.4480391519999 31.163685522,-25.4480298439999 31.1638949080001,-25.4480391519999 31.1641461740001,-25.4480484569999 31.1643927860001,-25.4480577619999 31.1645199760001,-25.4480545139999</coordinates></LinearRing></outerBoundaryIs></Polygon>
  </Placemark>
  <Placemark>
	<name>8710362</name>
	<Style><LineStyle><color>ff0000ff</color></LineStyle><PolyStyle><fill>0</fill></PolyStyle></Style>
      <Polygon><outerBoundaryIs><LinearRing><coordinates>28.783661511,-25.3825735309999 28.7838677290001,-25.383070228 28.7843700000001,-25.3842799999999 28.7844606710001,-25.3844845899999 28.7847025630001,-25.3850303999999 28.7847768700001,-25.3851980649999 28.784691895,-25.3852228469999 28.783858363,-25.3855311389999 28.7831047600001,-25.3857794859999 28.7833459840001,-25.3863258919999 28.782622045,-25.3865842289999 28.7818929940001,-25.3868256969999 28.781177874,-25.3870934799999 28.7804828760001,-25.387313279 28.7794925810001,-25.3876720729999 28.7794706270001,-25.3876231759999 28.779022732,-25.3865883839999 28.77855156,-25.385499814 28.7782867490001,-25.3849108539999 28.7828959970001,-25.3816814439999 28.78326,-25.3816099999999 28.78344,-25.3820399999999 28.7834447990001,-25.3820515559999 28.783661511,-25.3825735309999</coordinates></LinearRing></outerBoundaryIs></Polygon>
  </Placemark>
  <Placemark>
	<name>2600350</name>
	<Style><LineStyle><color>ff0000ff</color></LineStyle><PolyStyle><fill>0</fill></PolyStyle></Style>
      <Polygon><outerBoundaryIs><LinearRing><coordinates>27.8493914690001,-33.0035290409999 27.851484987,-33.0067194619999 27.8514813420001,-33.006721362 27.8510943640001,-33.0069231159999 27.8493556050001,-33.0070994039999 27.8487891980001,-33.007158698 27.84876653,-33.0071610709999 27.8487634270001,-33.0071792249999 27.8487545520001,-33.0071779349999 27.8486877010001,-33.0071779349999 27.848639102,-33.0071768579999 27.848543809,-33.0071876459999 27.8484557070001,-33.0071948379999 27.8480313840001,-33.0072469799999 27.847359108,-33.007329147 27.8471929190001,-33.0059016249999 27.847144175,-33.0055539159999 27.847030605,-33.005561176 27.8466006020001,-33.0050180129999 27.8453858860001,-33.004673093 27.844905999,-33.0047330789999 27.8445760750001,-33.0049430299999 27.8445739690001,-33.004942313 27.8438712400001,-33.0047030859999 27.843828327,-33.0047056949999 27.8437855560001,-33.004701333 27.8437440520001,-33.0046901149999 27.8437049080001,-33.0046723359999 27.8436691520001,-33.0046484629999 27.8436377250001,-33.0046191249999 27.843611454,-33.004585092 27.843591029,-33.0045472609999 27.8435769870001,-33.0045066259999 27.8436013020001,-33.0043131769999 27.8439312260001,-33.0040132469999 27.8445010930001,-33.0034283839999 27.8442911430001,-33.0030684679999 27.8435263210001,-33.0016587979999 27.843976216,-33.001298882 27.844141177,-33.0011639139999 27.8443511280001,-33.0009989509999 27.8445760750001,-33.0006090429999 27.8445760750001,-33.000399092 27.8448160190001,-32.9999941869999 27.8449359910001,-32.9996192749999 27.845145942,-32.999304348 27.8453109050001,-32.9988544539999 27.8449157850001,-32.9982758869999 27.84558,-32.9979699989999 27.8458330970001,-32.9978545869999 27.8461100370001,-32.9985271549999 27.8464051320001,-32.9992416519999 27.8478076420001,-33.0012980309999 27.847824464,-33.0013226969999 27.848899562,-33.0028364339999 27.8493912220001,-33.0035286909999 27.8493914690001,-33.0035290409999</coordinates></LinearRing></outerBoundaryIs></Polygon>
  </Placemark>
  <Placemark>
	<name>2860343</name>
	<Style><LineStyle><color>ff0000ff</color></LineStyle><PolyStyle><fill>0</fill></PolyStyle></Style>
      <Polygon><outerBoundaryIs><LinearRing><coordinates>28.490255361,-30.695127876 28.4899242910001,-30.6952000319999 28.4895422290001,-30.6952000319999 28.489125953,-30.6951829249999 28.4891208640001,-30.6952299999999 28.489125953,-30.69550226 28.4892514060001,-30.6957531669999 28.4893768590001,-30.6959983689999 28.4895593360001,-30.6962435729999 28.4897817300001,-30.6965286929999 28.4898957790001,-30.6967510859999 28.4899699100001,-30.6971445529999 28.4899585050001,-30.6974296739999 28.4899642070001,-30.6976805799999 28.4899389540001,-30.6979258969999 28.4898330520001,-30.6986043699999 28.489593551,-30.6989294069999 28.4889377730001,-30.6993627909999 28.4885443080001,-30.6992430399999 28.4881850560001,-30.6989750269999 28.4877462730001,-30.698986552 28.4871472180001,-30.6987811449999 28.486588381,-30.6985701559999 28.486075165,-30.6985701559999 28.4853452560001,-30.6987184179999 28.4849803020001,-30.6992031229999 28.4845811340001,-30.6995737809999 28.4836998930001,-30.7000829829999 28.4835929260001,-30.6998816359999 28.483416747,-30.6995041089999 28.4833160730001,-30.699321638 28.4832091060001,-30.6990699539999 28.4829322530001,-30.6988371459999 28.482674279,-30.6985980439999 28.4824666380001,-30.6983023159999 28.4825232670001,-30.6981261359999 28.4824800000001,-30.6979799999999 28.4824540540001,-30.6977926549999 28.4826050650001,-30.697798948 28.4827812440001,-30.6978366999999 28.482951132,-30.697780071 28.48315877,-30.69768569 28.4833696420001,-30.6975210749999 28.48339,-30.6974599999999 28.48339,-30.6974191459999 28.48339,-30.6970799999999 28.48339,-30.6968099999999 28.48339,-30.69666 28.48319,-30.6963699999999 28.4831800000001,-30.6959999999999 28.4833791630001,-30.6955937079999 28.483390183,-30.6955712269999 28.4836243860001,-30.6954708669999 28.4837124760001,-30.6953324409999 28.4838131490001,-30.6952065989999 28.4838760710001,-30.6950681729999 28.4838949480001,-30.6949423299999 28.4839452840001,-30.6948227799999 28.4840459580001,-30.6946780619999 28.484209552,-30.6944641299999 28.4843606910001,-30.6943160569999 28.4845000000001,-30.6943099999999 28.4848500000001,-30.6943599999999 28.4850700000001,-30.6942199999999 28.4852300000001,-30.6939999999999 28.4854300000001,-30.6938699999999 28.4855400000001,-30.6937299999999 28.4856000000001,-30.6935999999999 28.4856321830001,-30.6935806899999 28.4857500000001,-30.6935099999999 28.4859000000001,-30.6934299999999 28.4860200000001,-30.6933099999999 28.48614,-30.69319 28.4862100000001,-30.6931299999999 28.4862900000001,-30.6930599999999 28.4863100000001,-30.6927699999999 28.4863000000001,-30.6926199999999 28.48625,-30.6924899999999 28.4862400000001,-30.6924599999999 28.48636,-30.6923999999999 28.4864200000001,-30.6923499999999 28.4864900000001,-30.6922799999999 28.48663,-30.69227 28.48661,-30.6922399999999 28.4864700000001,-30.6918899999999 28.4866200000001,-30.6918499999999 28.4867800000001,-30.6917999999999 28.4869800000001,-30.6917199999999 28.4870154970001,-30.691660839 28.4870700000001,-30.69157 28.487155773,-30.6913720609999 28.487480857,-30.6914346859999 28.4877384270001,-30.6915980049999 28.4879747950001,-30.6917099689999 28.4883013570001,-30.6918654739999 28.488419541,-30.6919463369999 28.4889918010001,-30.6922355769999 28.4892780760001,-30.6923811409999 28.4891738570001,-30.6924526049999 28.4889944600001,-30.6925858719999 28.4888970740001,-30.6926832579999 28.4888970740001,-30.6927242609999 28.489040591,-30.6928575279999 28.4891789820001,-30.6930471769999 28.489291746,-30.6931804419999 28.489517273,-30.6935341089999 28.4895839060001,-30.693739133 28.489717172,-30.6940056649999 28.489845313,-30.6943388309999 28.4899068190001,-30.6944515929999 28.4899632010001,-30.6946258639999 28.490029834,-30.6947283759999 28.490116969,-30.6948001349999 28.4901887280001,-30.6948770189999 28.490255361,-30.695030787 28.490255361,-30.695127876</coordinates></LinearRing></outerBoundaryIs></Polygon>
  </Placemark>
  <Placemark>
	<name>4640067</name>
	<Style><LineStyle><color>ff0000ff</color></LineStyle><PolyStyle><fill>0</fill></PolyStyle></Style>
      <Polygon><outerBoundaryIs><LinearRing><coordinates>26.695863499,-28.4069415769999 26.6957590910001,-28.4073615589999 26.6956317770001,-28.4079305729999 26.6955902050001,-28.4081644149999 26.6955044630001,-28.408416444 26.6956300000001,-28.4084799999999 26.69559,-28.4086199999999 26.6955600000001,-28.4087499999999 26.69552,-28.4089099999999 26.6957800000001,-28.4089599999999 26.6958700000001,-28.4089499999999 26.6956305640001,-28.4097700169999 26.6955190830001,-28.409955818 26.6954106510001,-28.4101816749999 26.697241278,-28.4112970239999 26.6972400000001,-28.4112999999999 26.6968100000001,-28.4122599999999 26.6973400000001,-28.4126199999999 26.6966467400001,-28.4141671559999 26.6965200000001,-28.4144499999999 26.6961907850001,-28.4148763129999 26.6961200000001,-28.4149699999999 26.695597465,-28.416042935 26.6936057790001,-28.4153521059999 26.6923600000001,-28.4149199999999 26.6913863710001,-28.4145996389999 26.6936158400001,-28.4096148399999 26.694146812,-28.4084438959999 26.6948727000001,-28.4067897669999 26.695226361,-28.4069192769999 26.6954525440001,-28.4069320199999 26.6955481150001,-28.4068906049999 26.695863499,-28.4069415769999</coordinates></LinearRing></outerBoundaryIs></Polygon>
  </Placemark>
  <Placemark>
	<name>5992341</name>
	<Style><LineStyle><color>ff0000ff</color></LineStyle><PolyStyle><fill>0</fill></PolyStyle></Style>
      <Polygon><outerBoundaryIs><LinearRing><coordinates>30.9055637040001,-29.947912378 30.9055478180001,-29.9479936579999 30.9054856260001,-29.948269132 30.905521853,-29.948292121 30.9056085920001,-29.9483528369999 30.9058184990001,-29.9485037619999 30.9060474880001,-29.9486737699999 30.906267804,-29.9488056119999 30.9064065860001,-29.9489183709999 30.9067882350001,-29.9493069609999 30.9068610950001,-29.9493676779999 30.9069443640001,-29.9494839069999 30.9071334540001,-29.9496764659999 30.9072149880001,-29.949770144 30.907299992,-29.9498898419999 30.9074439780001,-29.9501136279999 30.907489082,-29.9502628179999 30.9075046950001,-29.9503304739999 30.9074769380001,-29.950413743 30.9074231610001,-29.9504415 30.907428365,-29.9505004819999 30.9074561210001,-29.9505976279999 30.9075411250001,-29.9506080369999 30.9076295980001,-29.9506288549999 30.9076729670001,-29.9506756919999 30.9077093970001,-29.9507069189999 30.9077701140001,-29.9507225319999 30.9078377700001,-29.9507225319999 30.9079175700001,-29.9507225319999 30.9079609390001,-29.9507312059999 30.9080095130001,-29.9507450819999 30.9080823730001,-29.9507763099999 30.9081708460001,-29.950800597 30.9082523800001,-29.9508439659999 30.9082870760001,-29.950875192 30.9083217710001,-29.9509116219999 30.9083547320001,-29.9509393789999 30.908403305,-29.9509636649999 30.9084414700001,-29.950989686 30.9084189180001,-29.9510070349999 30.9083946310001,-29.9510261159999 30.9083790180001,-29.9510434649999 30.908370345,-29.9510573429999 30.9081018880001,-29.951331207 30.908082075,-29.9513401229999 30.908044611,-29.9513569819999 30.9079930620001,-29.9514543519999 30.9081362540001,-29.9515603139999 30.9081963950001,-29.9516290459999 30.9080092060001,-29.9520105649999 30.9079813990001,-29.9519776359999 30.9079331030001,-29.9519454389999 30.9079052960001,-29.9519037269999 30.9078591960001,-29.9518854339999 30.9078277300001,-29.9518788489999 30.9077845560001,-29.9518495789999 30.9077647990001,-29.9518203079999 30.9077282110001,-29.9517800609999 30.9076607060001,-29.9517406369999 30.9075948480001,-29.9517351499999 30.9075472840001,-29.9517369789999 30.907473193,-29.9517607609999 30.9073963590001,-29.9517991779999 30.9073176950001,-29.9518540589999 30.907272875,-29.9519052839999 30.9072115900001,-29.9519876059999 30.907189411,-29.9520335489999 30.906685478,-29.9517382509999 30.9064822930001,-29.9514558579999 30.9060793660001,-29.950732656 30.9057039890001,-29.9504674819999 30.9046329620001,-29.9495376499999 30.9050324450001,-29.9492104879999 30.9048602540001,-29.9489522009999 30.9049678850001,-29.9478252309999 30.9055513440001,-29.94791047 30.9055637040001,-29.947912378</coordinates></LinearRing></outerBoundaryIs></Polygon>
  </Placemark>
  <Placemark>
	<name>7980627</name>
	<Style><LineStyle><color>ff0000ff</color></LineStyle><PolyStyle><fill>0</fill></PolyStyle></Style>
      <Polygon><outerBoundaryIs><LinearRing><coordinates>28.0197580910001,-26.1320593949999 28.0190731690001,-26.1319479599999 28.0189782210001,-26.1324177079999 28.018636326,-26.1340347249999 28.0183632730001,-26.1353261439999 28.01834031,-26.1354343359999 28.0169845870001,-26.1352053299999 28.0163321300001,-26.1350913829999 28.0165750400001,-26.1339313489999 28.016873219,-26.132507787 28.0171540840001,-26.1312323539999 28.0172676110001,-26.1306632819999 28.0173910250001,-26.1306706669999 28.017481741,-26.130679105 28.017528154,-26.1306854349999 28.0175640190001,-26.1306907079999 28.01761465,-26.1307002009999 28.0176895430001,-26.1307170789999 28.0183140010001,-26.1308890159999 28.0180740110001,-26.1312626929999 28.0197168880001,-26.1319640299999 28.0197346590001,-26.1319758029999 28.0197435080001,-26.131985094 28.019750586,-26.131996597 28.0197541260001,-26.1320111979999 28.019754977,-26.1320186409999 28.0197580910001,-26.1320593949999</coordinates></LinearRing></outerBoundaryIs></Polygon>
  </Placemark>
  <Placemark>
	<name>3710052</name>
	<Style><LineStyle><color>ff0000ff</color></LineStyle><PolyStyle><fill>0</fill></PolyStyle></Style>
      <Polygon><outerBoundaryIs><LinearRing><coordinates>24.028740735,-30.6419162449999 24.028983795,-30.643629384 24.0251547600001,-30.6439913099999 24.025060237,-30.6434081929999 24.0249149890001,-30.6423549019999 24.0249076280001,-30.642303378 24.0249108890001,-30.6422485059999 24.0249326540001,-30.6421605829999 24.0249620960001,-30.6420707859999 24.0253424740001,-30.6410972499999 24.0253701920001,-30.6411038939999 24.028740735,-30.6419162449999</coordinates></LinearRing></outerBoundaryIs></Polygon>
  </Placemark>
  <Placemark>
	<name>5992177</name>
	<Style><LineStyle><color>ff0000ff</color></LineStyle><PolyStyle><fill>0</fill></PolyStyle></Style>
      <Polygon><outerBoundaryIs><LinearRing><coordinates>30.8459215110001,-29.8888369059999 30.8460629770001,-29.8888425099999 30.8461021690001,-29.8888417429999 30.8465043900001,-29.8889217879999 30.846438461,-29.8891694669999 30.8463827190001,-29.8894080429999 30.846413935,-29.8895128379999 30.8464540690001,-29.8895730389999 30.8465633230001,-29.8896956719999 30.8467015640001,-29.8898383709999 30.8467528460001,-29.8899587739999 30.8467773730001,-29.8900814069999 30.8468108180001,-29.8901973499999 30.8468799380001,-29.8903222119999 30.846995882,-29.8904916679999 30.8468799380001,-29.8906053819999 30.8467796030001,-29.8907748379999 30.8466413620001,-29.8909955759999 30.8465677830001,-29.891080304 30.84644961,-29.8911650319999 30.846117387,-29.8912965829999 30.8456847500001,-29.8914602989999 30.8452472910001,-29.8916266829999 30.8449911720001,-29.8917538069999 30.8446641470001,-29.8919310609999 30.844351051,-29.8914734589999 30.844264873,-29.8913922139999 30.8441870570001,-29.8913533069999 30.8440184570001,-29.8912858669999 30.8437409160001,-29.8912365829999 30.8435671280001,-29.8912210199999 30.8434504050001,-29.891259928 30.8433622140001,-29.8913195869999 30.8432351160001,-29.8914674359999 30.8430483590001,-29.8916905069999 30.8429809180001,-29.8917579469999 30.8428849460001,-29.8917942609999 30.8427604410001,-29.8918020419999 30.8426281550001,-29.8918046359999 30.8426295730001,-29.8917545319999 30.8426526200001,-29.8914457149999 30.8426341830001,-29.8913212659999 30.8426111370001,-29.8911875989999 30.8425818600001,-29.8910952099999 30.842520887,-29.8909199099999 30.842454832,-29.8907115829999 30.8422922350001,-29.8907293669999 30.8422769910001,-29.890767476 30.842200774,-29.8908665579999 30.842116935,-29.8909427759999 30.841923851,-29.8910418579999 30.8417612550001,-29.8911206159999 30.8415859550001,-29.8911739679999 30.8414563860001,-29.891186671 30.8413496810001,-29.8911917519999 30.8412330020001,-29.8911851489999 30.8412499560001,-29.8911589229999 30.8416565140001,-29.8901093129999 30.8417998850001,-29.8891535099999 30.8416879200001,-29.8884817229999 30.8416049740001,-29.887984049 30.8416526810001,-29.8879939489999 30.84171767,-29.8880035339999 30.842086254,-29.8880682399999 30.8422212460001,-29.8880919429999 30.842706621,-29.8881771709999 30.843332203,-29.8882905929999 30.8433683260001,-29.8882977739999 30.8433816960001,-29.8883004319999 30.843704776,-29.888364662 30.8439773060001,-29.8884188979999 30.8440220270001,-29.888427798 30.8442762370001,-29.888478388 30.844616563,-29.8885461099999 30.845288231,-29.8886838789999 30.8453807690001,-29.8887129939999 30.845707319,-29.8887713899999 30.8457873820001,-29.8887950519999 30.845866383,-29.8888332159999 30.8459215110001,-29.8888369059999</coordinates></LinearRing></outerBoundaryIs></Polygon>
  </Placemark>
  <Placemark>
	<name>1991774</name>
	<Style><LineStyle><color>ff0000ff</color></LineStyle><PolyStyle><fill>0</fill></PolyStyle></Style>
      <Polygon><outerBoundaryIs><LinearRing><coordinates>18.6625121520001,-34.018966991 18.6624554190001,-34.0190313719999 18.662464587,-34.0190380829999 18.662469984,-34.0190420359999 18.6624560170001,-34.0190536389999 18.6624361720001,-34.0190701259999 18.662442953,-34.019074686 18.662551039,-34.0191473849999 18.662460164,-34.0192431729999 18.6624245510001,-34.0192615919999 18.6623496400001,-34.0193819399999 18.662159294,-34.0196840379999 18.6620253080001,-34.0198668489999 18.6619542600001,-34.0198269929999 18.6618496030001,-34.0197910159999 18.6617645680001,-34.0197779349999 18.661718781,-34.0197779349999 18.661601041,-34.0197779349999 18.661558524,-34.0197975589999 18.6614673330001,-34.0198640689999 18.6613774180001,-34.0196175259999 18.6613687170001,-34.0195247109999 18.6613661870001,-34.0194602039999 18.6613652670001,-34.0194367479999 18.6613810330001,-34.0194065299999 18.661382975,-34.01937255 18.6613994790001,-34.0193327449999 18.6614043330001,-34.0193007079999 18.661428604,-34.0192647879999 18.6614480200001,-34.0192298379999 18.661453845,-34.0192016829999 18.6614645240001,-34.0191715879999 18.6614673330001,-34.0191505479999 18.6615182930001,-34.0190366379999 18.661615258,-34.0188198929999 18.6616848710001,-34.0187096729999 18.6617312490001,-34.0186295629999 18.66175444,-34.0186357059999 18.6617891660001,-34.018581804 18.661799531,-34.0185532979999 18.6617813920001,-34.0185315299999 18.6617819100001,-34.0185082069999 18.661795903,-34.0184947309999 18.6618155980001,-34.0184776279999 18.6618316650001,-34.0184651889999 18.661842031,-34.0184429019999 18.6618441040001,-34.0184154329999 18.661875201,-34.0183755239999 18.661889714,-34.0183433899999 18.6618891960001,-34.0183236949999 18.6618905970001,-34.0183044599999 18.661998123,-34.0181875849999 18.6620630960001,-34.018064857 18.6620957040001,-34.0180249609999 18.6621171390001,-34.0180115639999 18.6621341090001,-34.0179901289999 18.6621466130001,-34.017955297 18.6621617960001,-34.0179418989999 18.6621734060001,-34.017932969 18.6621975210001,-34.0179017089999 18.662210024,-34.0178909919999 18.6622127040001,-34.0178633039999 18.6622032320001,-34.0178529329999 18.662256266,-34.01780472 18.6623432800001,-34.0178424279999 18.6623532890001,-34.017847151 18.6623663450001,-34.017835546 18.6623685210001,-34.0178297439999 18.662372147,-34.0178261169999 18.6623819380001,-34.0178257539999 18.6623881040001,-34.0178235789999 18.662401522,-34.0178090729999 18.662420017,-34.0177724449999 18.66242981,-34.0177524989999 18.6624385120001,-34.0177434329999 18.6624497550001,-34.017735092 18.6624526560001,-34.0177242109999 18.66246448,-34.0177039139999 18.662470145,-34.0176974399999 18.6624703050001,-34.0176972579999 18.6626275280001,-34.0175175729999 18.66269134,-34.0175117709999 18.6627048060001,-34.017503169 18.6627959390001,-34.0175734719999 18.6624004830001,-34.0181165659999 18.662200118,-34.0184329309999 18.6622423000001,-34.0185014769999 18.6623213920001,-34.0185542049999 18.662459373,-34.0186108119999 18.6624119740001,-34.0186670919999 18.6623764870001,-34.01871424 18.6623562080001,-34.0187395869999 18.662331367,-34.0187340119999 18.6623192000001,-34.0187598669999 18.66228241,-34.0188159959999 18.6622861760001,-34.0188209809999 18.6624193310001,-34.0189063839999 18.6625121520001,-34.018966991</coordinates></LinearRing></outerBoundaryIs></Polygon>
  </Placemark>
  <Placemark>
	<name>7985445</name>
	<Style><LineStyle><color>ff0000ff</color></LineStyle><PolyStyle><fill>0</fill></PolyStyle></Style>
      <Polygon><outerBoundaryIs><LinearRing><coordinates>28.2004585000001,-25.9862571179999 28.2005063650001,-25.9862663329999 28.200339355,-25.9867517049999 28.200145369,-25.987265508 28.2000108010001,-25.987609791 28.1998552620001,-25.9880152399999 28.1998482710001,-25.988071165 28.199862253,-25.9881375739999 28.1999531290001,-25.9881969929999 28.2000719680001,-25.9882424319999 28.2003149690001,-25.9882981819999 28.2006302830001,-25.9883949999999 28.200733643,-25.988436868 28.200765044,-25.9884630349999 28.200774202,-25.9884826599999 28.200778127,-25.9885075199999 28.2007702770001,-25.9885650869999 28.2006389920001,-25.9889168329999 28.200511808,-25.9888790699999 28.2002051840001,-25.9887856729999 28.2001505110001,-25.988768794 28.1995373060001,-25.9885794929999 28.199378708,-25.9885319139999 28.1991654800001,-25.9885107679999 28.19916256,-25.988506464 28.199162098,-25.9885095809999 28.1989778960001,-25.988492704 28.198471628,-25.9884463199999 28.1981558190001,-25.9884173839999 28.197890128,-25.9883851789999 28.197941879,-25.9882736409999 28.198051901,-25.9880867209999 28.1981690210001,-25.9878785079999 28.1983441100001,-25.9876277049999 28.1984955380001,-25.9874514329999 28.1985818990001,-25.9873567899999 28.1986895540001,-25.9871864329999 28.198836251,-25.9869853189999 28.1989036840001,-25.9868729299999 28.1986895540001,-25.9867652729999 28.1985503020001,-25.9866706899999 28.1985813920001,-25.9866147289999 28.1987178960001,-25.98614098 28.1987098650001,-25.9860887869999 28.198685776,-25.9860325789999 28.19870546,-25.9859122889999 28.199984891,-25.986165937 28.1999955470001,-25.98616799 28.2004585000001,-25.9862571179999</coordinates></LinearRing></outerBoundaryIs></Polygon>
  </Placemark>
  <Placemark>
	<name>7972076</name>
	<Style><LineStyle><color>ff0000ff</color></LineStyle><PolyStyle><fill>0</fill></PolyStyle></Style>
      <Polygon><outerBoundaryIs><LinearRing><coordinates>28.2490288290001,-26.3313776479999 28.2460635990001,-26.3307937259999 28.245074484,-26.3300155939999 28.2459123570001,-26.3291681989999 28.2462836870001,-26.328853997 28.2468835280001,-26.328377933 28.2475119320001,-26.3279685179999 28.2479971340001,-26.3277971519999 28.2482360310001,-26.327832284 28.249486726,-26.327804178 28.2497251500001,-26.3277667789999 28.2492250230001,-26.330279264 28.2493076680001,-26.3303343599999 28.2490288290001,-26.3313776479999</coordinates></LinearRing></outerBoundaryIs></Polygon>
  </Placemark>
  <Placemark>
	<name>7983300</name>
	<Style><LineStyle><color>ff0000ff</color></LineStyle><PolyStyle><fill>0</fill></PolyStyle></Style>
      <Polygon><outerBoundaryIs><LinearRing><coordinates>27.8273220670001,-26.1846639599999 27.8277463420001,-26.1849097689999 27.8285195780001,-26.1853661939999 27.829502231,-26.1859300119999 27.8296333010001,-26.186006592 27.8295885530001,-26.1860589379999 27.8295541610001,-26.1861245979999 27.829493191,-26.1862121439999 27.8293868840001,-26.1863559699999 27.8293613790001,-26.1864031869999 27.8293176970001,-26.186503038 27.829202244,-26.1867464229999 27.8287795360001,-26.1874309549999 27.8281385750001,-26.1872428969999 27.8275880730001,-26.1869948679999 27.826124097,-26.1863354739999 27.8255010000001,-26.1860088019999 27.8251077830001,-26.1856276839999 27.8249007780001,-26.1853216169999 27.8248361240001,-26.185134462 27.8246863990001,-26.1845832029999 27.825244464,-26.1836644369999 27.825221582,-26.1834917939999 27.8253084990001,-26.1835243879999 27.8255393960001,-26.1836425209999 27.8269247780001,-26.184421127 27.8270697600001,-26.1845177819999 27.8273220670001,-26.1846639599999</coordinates></LinearRing></outerBoundaryIs></Polygon>
  </Placemark>
  <Placemark>
	<name>7650029</name>
	<Style><LineStyle><color>ff0000ff</color></LineStyle><PolyStyle><fill>0</fill></PolyStyle></Style>
      <Polygon><outerBoundaryIs><LinearRing><coordinates>27.5825095650001,-26.4355602079999 27.582470243,-26.4355806759999 27.5819926720001,-26.4348832169999 27.5815191630001,-26.4336994449999 27.579604095,-26.4332324719999 27.5791946180001,-26.432154587 27.5792788700001,-26.4320282079999 27.5792999340001,-26.4297849779999 27.582828018,-26.4297323209999 27.5828069560001,-26.428089391 27.5829382100001,-26.4282070679999 27.5857347390001,-26.4306591 27.586175396,-26.4333226289999 27.5860013530001,-26.4334005109999 27.5858206730001,-26.4335026339999 27.5856439200001,-26.4336086849999 27.5854632400001,-26.4337029529999 27.5852118590001,-26.4338639939999 27.5848269320001,-26.4341114469999 27.5843948710001,-26.434390322 27.5840256560001,-26.434625992 27.583644657,-26.4348695169999 27.583094761,-26.4352151649999 27.582670555,-26.4354783299999 27.5825095650001,-26.4355602079999</coordinates></LinearRing></outerBoundaryIs></Polygon>
  </Placemark>
  <Placemark>
	<name>1990924</name>
	<Style><LineStyle><color>ff0000ff</color></LineStyle><PolyStyle><fill>0</fill></PolyStyle></Style>
      <Polygon><outerBoundaryIs><LinearRing><coordinates>18.476591682,-34.0413244099999 18.4765725700001,-34.0415380919999 18.4773576900001,-34.0428895299999 18.4776344130001,-34.0434429769999 18.477204493,-34.0436308179999 18.476743549,-34.0438220249999 18.4761972420001,-34.0440917639999 18.4765489270001,-34.0444946659999 18.4767947640001,-34.0448190339999 18.4771362060001,-34.045228763 18.4771669360001,-34.0452594929999 18.4772693680001,-34.0452970519999 18.4774776460001,-34.0453619259999 18.4773103410001,-34.0457614119999 18.477830349,-34.0458759909999 18.4787177080001,-34.0460102619999 18.478840302,-34.0460277759999 18.4795350100001,-34.0468217289999 18.4799150320001,-34.0469254349999 18.4798239760001,-34.0470559479999 18.4796308590001,-34.047493679 18.4793991170001,-34.0475966749999 18.479180253,-34.0476610469999 18.4788583910001,-34.0488197489999 18.4784721570001,-34.050042823 18.4783961150001,-34.050333173 18.4783305400001,-34.0505835499999 18.4783958460001,-34.0511710939999 18.4778451750001,-34.051327457 18.4752783220001,-34.0520127439999 18.4751637740001,-34.0514088439999 18.4745868880001,-34.0510472139999 18.474130544,-34.0508061279999 18.4741133250001,-34.0506511439999 18.4738808500001,-34.0505736509999 18.4741119430001,-34.0501642689999 18.474272166,-34.0497564329999 18.474432386,-34.0493048999999 18.4746508700001,-34.0488824989999 18.4747382630001,-34.048518359 18.474811091,-34.0476298579999 18.4747528300001,-34.0472074579999 18.474709132,-34.0469161459999 18.474607173,-34.0465374409999 18.4745780420001,-34.0459402529999 18.4745780420001,-34.0452265409999 18.474694565,-34.0448769669999 18.4747673940001,-34.044614786 18.474788979,-34.044357122 18.4747613280001,-34.0442499709999 18.474723306,-34.0439354309999 18.4747336760001,-34.0438351929999 18.4747440450001,-34.0437245859999 18.4748097180001,-34.0435137409999 18.474899587,-34.0433063529999 18.4749721730001,-34.0430436579999 18.4750032810001,-34.042936509 18.475006738,-34.0428570099999 18.4749963680001,-34.0427602279999 18.475010194,-34.042480253 18.4749998250001,-34.0418788259999 18.4750032810001,-34.0418027829999 18.475013651,-34.0417371109999 18.475010194,-34.0416645239999 18.4750378450001,-34.0415884809999 18.4751208010001,-34.0415193519999 18.4751830180001,-34.041467505 18.4752279520001,-34.0414709609999 18.4757533370001,-34.0414260269999 18.475780989,-34.041412201 18.4761058980001,-34.0413983749999 18.4761577450001,-34.0413810929999 18.4762683520001,-34.0413396149999 18.4763340250001,-34.0413188759999 18.4763858730001,-34.0413188759999 18.4764757410001,-34.0413223329999 18.476591682,-34.0413244099999</coordinates></LinearRing></outerBoundaryIs></Polygon>
  </Placemark>
  <Placemark>
	<name>1993463</name>
	<Style><LineStyle><color>ff0000ff</color></LineStyle><PolyStyle><fill>0</fill></PolyStyle></Style>
      <Polygon><outerBoundaryIs><LinearRing><coordinates>18.6373554050001,-33.9096528499999 18.6377677500001,-33.9111779789999 18.6379942610001,-33.9120018769999 18.6365032750001,-33.9119321809999 18.6329925000001,-33.9117881239999 18.6328021580001,-33.9117989139999 18.6325498340001,-33.9103648679999 18.632518313,-33.9102271699999 18.635816531,-33.9103339479999 18.6358351210001,-33.9096027289999 18.6373554050001,-33.9096528499999</coordinates></LinearRing></outerBoundaryIs></Polygon>
  </Placemark>
  <Placemark>
	<name>7984411</name>
	<Style><LineStyle><color>ff0000ff</color></LineStyle><PolyStyle><fill>0</fill></PolyStyle></Style>
      <Polygon><outerBoundaryIs><LinearRing><coordinates>28.0907803220001,-26.1042888379999 28.089717168,-26.104611115 28.0895538770001,-26.1041754079999 28.0893990050001,-26.1037485279999 28.0892850130001,-26.1034387849999 28.0891861150001,-26.1031852719999 28.0895414430001,-26.103078578 28.0901539470001,-26.1028966459999 28.0901573840001,-26.1028956249999 28.090292913,-26.1032494629999 28.0905012740001,-26.1038165609999 28.09063101,-26.1041811949999 28.0906496840001,-26.1042273879999 28.0906683580001,-26.1042421309999 28.0906958780001,-26.1042667019999 28.0907803220001,-26.1042888379999</coordinates></LinearRing></outerBoundaryIs></Polygon>
  </Placemark>
  <Placemark>
	<name>2600943</name>
	<Style><LineStyle><color>ff0000ff</color></LineStyle><PolyStyle><fill>0</fill></PolyStyle></Style>
      <Polygon><outerBoundaryIs><LinearRing><coordinates>27.5224340950001,-32.9071087809999 27.5203997190001,-32.9095232639999 27.5192191300001,-32.911097734 27.5189100000001,-32.9115099999999 27.5188146440001,-32.9116318439999 27.5185765730001,-32.9115412159999 27.518513123,-32.9116080969999 27.518509694,-32.9116458239999 27.5185062630001,-32.911678407 27.5184942590001,-32.9117229939999 27.5184651050001,-32.9117795859999 27.5183433480001,-32.9119579349999 27.5181700000001,-32.9121999989999 27.518092993,-32.9122890389999 27.5179548730001,-32.9124739809999 27.5177808760001,-32.9126793749999 27.5177036900001,-32.9127657189999 27.5176631350001,-32.9128023499999 27.517410645,-32.9130875479999 27.517326917,-32.9131882819999 27.517031252,-32.9135454319999 27.5168860000001,-32.9136986909999 27.51662,-32.9140199989999 27.51645849,-32.9142207819999 27.5163461990001,-32.914352435 27.5161622740001,-32.9145499129999 27.515924139,-32.9148170869999 27.5158321060001,-32.9149247789999 27.5157588310001,-32.9150171999999 27.515715184,-32.9150576289999 27.5156646460001,-32.9151058719999 27.515647646,-32.9151237889999 27.5156274320001,-32.915143085 27.5154970290001,-32.9152506929999 27.515279708,-32.9153958509999 27.5150915830001,-32.9155312209999 27.515007972,-32.9155869599999 27.5148467220001,-32.915686498 27.5146705430001,-32.9158188819999 27.5145953420001,-32.9158270789999 27.5146216990001,-32.915808077 27.5144021470001,-32.9156768509999 27.5143810910001,-32.9156637899999 27.5144888310001,-32.9155659579999 27.5144516780001,-32.9155325209999 27.5144219580001,-32.9155015609999 27.5144095740001,-32.915490416 27.5143897600001,-32.915478032 27.5143662300001,-32.9154569789999 27.514357562,-32.9154359269999 27.514361277,-32.9153987739999 27.5143550850001,-32.9153752469999 27.514291406,-32.9153997939999 27.514209323,-32.9154134749999 27.5141125820001,-32.9154173839999 27.514028544,-32.915406635 27.5139738220001,-32.915400771 27.5139716880001,-32.91540054 27.5140473750001,-32.9152774569999 27.5141328230001,-32.915142295 27.5141638950001,-32.9150871439999 27.5142097250001,-32.9149791689999 27.5142540030001,-32.9148766319999 27.5142780830001,-32.9148339089999 27.5143177,-32.9147841939999 27.514351102,-32.9147313719999 27.5143938240001,-32.9146482539999 27.5144241200001,-32.9145775669999 27.5144419860001,-32.9145348439999 27.5145033530001,-32.9144408519999 27.5145600590001,-32.914354628 27.5146004520001,-32.9142870469999 27.5146284160001,-32.9142419929999 27.5146548270001,-32.914185287 27.5146827920001,-32.9141223669999 27.5147084270001,-32.9140524559999 27.514754257,-32.9139522489999 27.514784552,-32.9138877759999 27.5148016410001,-32.9138302929999 27.5148164000001,-32.913790677 27.514856793,-32.9137192109999 27.514874659,-32.913681149 27.5148979630001,-32.913637649 27.5149096150001,-32.9136057999999 27.5149259280001,-32.9135677369999 27.5149437940001,-32.913511808 27.514971759,-32.9134504419999 27.5150183650001,-32.9133657709999 27.5150478850001,-32.9133090649999 27.5150843950001,-32.9132267249999 27.515150421,-32.9130869029999 27.515187708,-32.9130045629999 27.5152117870001,-32.91294475 27.5152288770001,-32.912899696 27.5152591720001,-32.9128561949999 27.515306556,-32.9128049269999 27.5153391810001,-32.9127637569999 27.5153570480001,-32.9127365689999 27.5153733610001,-32.9127124889999 27.5153764670001,-32.9126899619999 27.5153756910001,-32.9126565599999 27.5153787980001,-32.9126115059999 27.5152141170001,-32.9124980939999 27.5150936000001,-32.9124076549999 27.515029155,-32.9123413679999 27.514937091,-32.9122400979999 27.514828455,-32.9121204149999 27.5144730870001,-32.9117650479999 27.5143221010001,-32.9116232679999 27.5139888290001,-32.9112863129999 27.513725525,-32.9110045959999 27.5134677450001,-32.9107357679999 27.5133259660001,-32.9105866239999 27.5131430900001,-32.9103948969999 27.5135647200001,-32.9101025669999 27.5146772160001,-32.9093865449999 27.5155155530001,-32.9088892159999 27.5160193510001,-32.909448015 27.5163428560001,-32.9093052059999 27.516403886,-32.9092289199999 27.516445692,-32.9091766629999 27.5166022280001,-32.9091160169999 27.5168236910001,-32.9090302189999 27.5170724960001,-32.9089338279999 27.5172713350001,-32.9088567939999 27.5173620320001,-32.9088047719999 27.5174261120001,-32.9087345889999 27.517514604,-32.9085972749999 27.5175841260001,-32.9084893949999 27.5176549690001,-32.9083165439999 27.5177057280001,-32.9081926969999 27.517758718,-32.9081182019999 27.5177770260001,-32.9079656299999 27.5177617690001,-32.9077764419999 27.51780754,-32.907578101 27.5179814720001,-32.9074163749999 27.5188074660001,-32.9069346349999 27.5220707560001,-32.9049943119999 27.5221383200001,-32.9049541389999 27.523117245,-32.9059803099999 27.523245865,-32.9061151379999 27.5224340950001,-32.9071087809999</coordinates></LinearRing></outerBoundaryIs></Polygon>
  </Placemark>
  <Placemark>
	<name>2620003</name>
	<Style><LineStyle><color>ff0000ff</color></LineStyle><PolyStyle><fill>0</fill></PolyStyle></Style>
      <Polygon><outerBoundaryIs><LinearRing><coordinates>25.6226964100001,-32.7442382319999 25.6229359340001,-32.7446659529999 25.6232267830001,-32.7453331979999 25.6235176340001,-32.7461373129999 25.623483417,-32.746599252 25.623278112,-32.7469756469999 25.6228674980001,-32.7476257819999 25.6223542330001,-32.7481048299999 25.6212592680001,-32.7489089469999 25.619958995,-32.7494735379999 25.619702363,-32.7495761909999 25.6192062060001,-32.7495933 25.6185902880001,-32.7498157139999 25.6182310020001,-32.750003912 25.6169353810001,-32.7498668509999 25.6161718180001,-32.7498907119999 25.615408254,-32.7502009089999 25.6149548880001,-32.7504395239999 25.61428677,-32.7514178409999 25.613666375,-32.7521098189999 25.6130937020001,-32.7525631849999 25.613045979,-32.7532313019999 25.613213009,-32.7537085309999 25.6135470680001,-32.7536846689999 25.6136902360001,-32.7538755599999 25.613284594,-32.7547822919999 25.613499344,-32.7556174399999 25.614000435,-32.7561662509999 25.6143822160001,-32.7564287259999 25.6149310270001,-32.7568343689999 25.6154321150001,-32.7572638749999 25.6165536000001,-32.7577411009999 25.6176035000001,-32.7581228829999 25.6184863700001,-32.7584330799999 25.6191306270001,-32.7587432779999 25.6199657750001,-32.7594829799999 25.6202759720001,-32.7598647619999 25.6205145860001,-32.7608430769999 25.6207054770001,-32.7621077289999 25.6207770610001,-32.7639211939999 25.6207770610001,-32.7643506989999 25.620765615,-32.7646711909999 25.6196991630001,-32.7642260379999 25.6153539620001,-32.7625010059999 25.6158990010001,-32.7610170019999 25.6146109240001,-32.7606609609999 25.614906121,-32.7600639889999 25.6150450810001,-32.7596030109999 25.6151181600001,-32.7591479689999 25.6150760440001,-32.7591299679999 25.6148848750001,-32.7590479089999 25.6148688660001,-32.7588317899999 25.6147082730001,-32.7580488979999 25.6141461980001,-32.7574868229999 25.6119781930001,-32.7566236359999 25.6117172300001,-32.7561217829999 25.6094689290001,-32.7524482199999 25.6091477430001,-32.751685403 25.6089670760001,-32.7508422909999 25.6091477430001,-32.7485337669999 25.6093083360001,-32.7459241319999 25.6092481140001,-32.7452616859999 25.6086860380001,-32.7445390189999 25.6078027770001,-32.7442379059999 25.606778997,-32.7442780549999 25.6058355140001,-32.7444185729999 25.6050526230001,-32.7443784249999 25.6045909190001,-32.7440973879999 25.6038281020001,-32.7436356839999 25.6028243960001,-32.7432743489999 25.6024630620001,-32.7429933109999 25.6025835070001,-32.7426319779999 25.602984989,-32.7421501979999 25.6008169850001,-32.7416684199999 25.5983277940001,-32.741186641 25.5970275380001,-32.7408487179999 25.5958839100001,-32.7403912669999 25.594348181,-32.7393456639999 25.5938907300001,-32.7388882129999 25.5956225090001,-32.7376138849999 25.5968641630001,-32.736698982 25.598367216,-32.7363722309999 25.6000989970001,-32.736274207 25.60056968,-32.7363003549999 25.6012752990001,-32.7363395559999 25.601464337,-32.7365392529999 25.6015156640001,-32.7365392529999 25.601652534,-32.7364879269999 25.6019091670001,-32.7365392529999 25.6021144730001,-32.7366590149999 25.6028672620001,-32.7366247969999 25.6035858340001,-32.7364537079999 25.604561038,-32.7362997289999 25.6057415480001,-32.7360259879999 25.6060666160001,-32.7357522459999 25.6067338610001,-32.7355982669999 25.6071615820001,-32.7356153759999 25.6081710030001,-32.7357522459999 25.608923792,-32.7357864639999 25.6098305620001,-32.7358035729999 25.6106175680001,-32.735632484 25.6111821590001,-32.7355469399999 25.6119349480001,-32.7354956139999 25.6129101530001,-32.7358377909999 25.6135945060001,-32.7361970759999 25.6146552540001,-32.7365905799999 25.6153738260001,-32.7368814289999 25.6166740980001,-32.7374118039999 25.6174782130001,-32.7377539809999 25.6181454580001,-32.7381132669999 25.6184020910001,-32.7383698989999 25.6187100500001,-32.738848947 25.6192233150001,-32.7394648649999 25.619924778,-32.7400294569999 25.6203696080001,-32.7407480289999 25.620711783,-32.7414494909999 25.6213448120001,-32.7422364969999 25.6215672270001,-32.7424589119999 25.6217383150001,-32.7427155439999 25.6220120560001,-32.742989286 25.6220462740001,-32.743331462 25.6224568860001,-32.7438276199999 25.6226964100001,-32.7442382319999</coordinates></LinearRing></outerBoundaryIs></Polygon>
  </Placemark>
  <Placemark>
	<name>4670093</name>
	<Style><LineStyle><color>ff0000ff</color></LineStyle><PolyStyle><fill>0</fill></PolyStyle></Style>
      <Polygon><outerBoundaryIs><LinearRing><coordinates>26.9075650120001,-28.1370946799999 26.9117190690001,-28.1322778559999 26.9116513480001,-28.1318277509999 26.9130272710001,-28.1318037189999 26.9130092460001,-28.1322423319999 26.9135439930001,-28.1328371629999 26.9136461350001,-28.1330534659999 26.91362811,-28.1331976659999 26.9135019340001,-28.1334680439999 26.9129371450001,-28.1337023709999 26.9118916850001,-28.1338405639999 26.911883914,-28.1337146369999 26.9112386080001,-28.1333023599999 26.9105126430001,-28.1341448389999 26.9106829310001,-28.1342792769999 26.910675944,-28.1359911239999 26.9095626120001,-28.1359911239999 26.908857449,-28.136822283 26.9082489030001,-28.1375409469999 26.9075650120001,-28.1370946799999</coordinates></LinearRing></outerBoundaryIs></Polygon>
  </Placemark>
  <Placemark>
	<name>5060023</name>
	<Style><LineStyle><color>ff0000ff</color></LineStyle><PolyStyle><fill>0</fill></PolyStyle></Style>
      <Polygon><outerBoundaryIs><LinearRing><coordinates>30.376177559,-30.8335791329999 30.3760154130001,-30.8339790939999 30.375820837,-30.834465533 30.3755397830001,-30.8351519519999 30.3751842720001,-30.8359965989999 30.3748637510001,-30.8368071479999 30.3746695980001,-30.8372382349999 30.374529071,-30.837557123 30.374329091,-30.8379678939999 30.3742854490001,-30.8380531459999 30.3740966810001,-30.8384219039999 30.3740013280001,-30.8385815669999 30.3737830600001,-30.8389470429999 30.3737721560001,-30.8389607569999 30.3731351330001,-30.8397618519999 30.372399531,-30.8393195289999 30.3718012300001,-30.8389007179999 30.3714356010001,-30.8387212279999 30.371522413,-30.8386504149999 30.3714592110001,-30.8382323079999 30.371381425,-30.8378968509999 30.3711869560001,-30.8376732129999 30.371235573,-30.8375419469999 30.3715078280001,-30.8373085859999 30.3716722330001,-30.8372288749999 30.3718287,-30.8371530109999 30.3722079130001,-30.8368953409999 30.372480168,-30.8367883839999 30.3728399340001,-30.8366425329999 30.3731996980001,-30.8364966819999 30.3733504130001,-30.8365841919999 30.3734525090001,-30.8366036389999 30.3735448800001,-30.8363022139999 30.3736712840001,-30.8357139479999 30.373705316,-30.8354465549999 30.37351571,-30.8353882139999 30.3731656680001,-30.8353444589999 30.373024678,-30.8353979379999 30.3729379740001,-30.8351859919999 30.373356534,-30.8349847079999 30.3735227510001,-30.8348380469999 30.373542306,-30.8345740579999 30.3734934190001,-30.8343198449999 30.3734543090001,-30.8340460789999 30.3733858680001,-30.8339385269999 30.3732000960001,-30.8339091959999 30.3731446980001,-30.8339467579999 30.373042609,-30.8340519409999 30.3729906460001,-30.8341387589999 30.372864242,-30.8341338959999 30.3727718700001,-30.8341144489999 30.3726892210001,-30.8340561079999 30.372378073,-30.833997769 30.3721690190001,-30.8340220759999 30.3720183070001,-30.8340609699999 30.3716634030001,-30.8340366629999 30.3712501570001,-30.8341873749999 30.3709827650001,-30.834313779 30.3707772160001,-30.8344299579999 30.370896368,-30.8345704989999 30.371000618,-30.8346656819999 30.3711365940001,-30.8348061899999 30.3711547240001,-30.8349149709999 30.3711728540001,-30.835032817 30.3711809520001,-30.8350911209999 30.3713253230001,-30.835209963 30.3714029760001,-30.8352806819999 30.371434869,-30.8353208949999 30.3714750820001,-30.8354595609999 30.371513909,-30.8354803599999 30.3715499620001,-30.8354803599999 30.3715887880001,-30.8354845199999 30.3715984940001,-30.8355247329999 30.3716220680001,-30.8355649459999 30.371638707,-30.835605159 30.3716622800001,-30.8356356649999 30.3716914000001,-30.8356647849999 30.3717232930001,-30.8357049979999 30.3717496400001,-30.8357285709999 30.3719002700001,-30.8358560279999 30.371851302,-30.8359035099999 30.3717934850001,-30.8359580219999 30.3717042810001,-30.8359927119999 30.3715853410001,-30.8360274039999 30.3714911800001,-30.836000973 30.371349115,-30.8360158399999 30.371249999,-30.8360290559999 30.3712344410001,-30.8360335009999 30.371145927,-30.8360587919999 30.3710848060001,-30.836085222 30.3710335960001,-30.83613478 30.3710187290001,-30.8361694699999 30.3709229170001,-30.836204161 30.3708254530001,-30.8362851049999 30.3707092880001,-30.8364262669999 30.3706008120001,-30.836394019 30.3705217350001,-30.8363100999999 30.370389404,-30.8362310239999 30.3702296370001,-30.8361616309999 30.3701263550001,-30.8361809959999 30.3700583080001,-30.8361509289999 30.3703121240001,-30.8356433 30.3702522940001,-30.8355036949999 30.3698877590001,-30.8351860289999 30.3697869480001,-30.8350981799999 30.369775969,-30.8350801219999 30.369281716,-30.8342672059999 30.3699621440001,-30.8328376819999 30.3701500000001,-30.83285 30.37226,-30.8329899999999 30.372384991,-30.832999803 30.3727997080001,-30.8330276859999 30.3742856140001,-30.833127584 30.3752156740001,-30.8331899549999 30.3762530440001,-30.8332581049999 30.3763069560001,-30.8332616479999 30.3762694420001,-30.8333683419999 30.376177559,-30.8335791329999</coordinates></LinearRing></outerBoundaryIs></Polygon>
  </Placemark>
  <Placemark>
	<name>1760117</name>
	<Style><LineStyle><color>ff0000ff</color></LineStyle><PolyStyle><fill>0</fill></PolyStyle></Style>
      <Polygon><outerBoundaryIs><LinearRing><coordinates>22.087888094,-34.1799893229999 22.0885724540001,-34.180326938 22.0904465470001,-34.1803676789999 22.090654354,-34.180372749 22.0906538600001,-34.1803864999999 22.0906537870001,-34.1803885329999 22.0905826320001,-34.1820250849999 22.0905606160001,-34.1826679459999 22.0874759500001,-34.1825778229999 22.087487535,-34.1818653079999 22.087487535,-34.1814385709999 22.0875269270001,-34.1811825269999 22.0875466240001,-34.1806441779999 22.0875728830001,-34.1804143969999 22.087717318,-34.1801714839999 22.0878843440001,-34.1799874719999 22.087888094,-34.1799893229999</coordinates></LinearRing></outerBoundaryIs></Polygon>
  </Placemark>
  <Placemark>
	<name>8620083</name>
	<Style><LineStyle><color>ff0000ff</color></LineStyle><PolyStyle><fill>0</fill></PolyStyle></Style>
      <Polygon><outerBoundaryIs><LinearRing><coordinates>30.7810133940001,-27.049664634 30.7810053960001,-27.049668633 30.780825087,-27.0497208279999 30.7805878390001,-27.0498821559999 30.7803790610001,-27.050043484 30.780198752,-27.0501194039999 30.7800658950001,-27.050166853 30.7799425260001,-27.0502237919999 30.7798191560001,-27.0502902219999 30.7796768090001,-27.050442061 30.7795629300001,-27.0505369589999 30.7793683870001,-27.0506176229999 30.779221293,-27.0506840529999 30.7792073290001,-27.0508062459999 30.7792023140001,-27.0508501259999 30.778767616,-27.050673651 30.7784794200001,-27.0504351439999 30.7781315970001,-27.050067446 30.7778831530001,-27.0501668239999 30.7775850200001,-27.0502960139999 30.7772769480001,-27.050445082 30.7766729530001,-27.0506419929999 30.7766604270001,-27.0506467529999 30.776729124,-27.0504935029999 30.7767792500001,-27.050320848 30.776784821,-27.050203887 30.7767346940001,-27.0500368009999 30.7767179850001,-27.0498919909999 30.7768238070001,-27.049780601 30.7769009400001,-27.0497188929999 30.776935198,-27.0496914869999 30.7770800070001,-27.049607943 30.7772248160001,-27.0495132599999 30.7774810160001,-27.0493851609999 30.777831899,-27.0491735169999 30.7779265810001,-27.0491345299999 30.778127086,-27.0490008609999 30.7779655680001,-27.0487613679999 30.7779655680001,-27.0485775729999 30.7780864980001,-27.048302733 30.7780880990001,-27.0482990949999 30.7781921260001,-27.0483028259999 30.7784627360001,-27.0482632249999 30.7789643550001,-27.048091617 30.779205898,-27.0479550479999 30.7793909850001,-27.048211857 30.7794346580001,-27.0482446109999 30.7798795720001,-27.0480153299999 30.7802535170001,-27.0485339399999 30.7805346580001,-27.0489488309999 30.7807502910001,-27.0492572669999 30.7809604650001,-27.0495493259999 30.7810133940001,-27.049664634</coordinates></LinearRing></outerBoundaryIs></Polygon>
  </Placemark>
  <Placemark>
	<name>8670097</name>
	<Style><LineStyle><color>ff0000ff</color></LineStyle><PolyStyle><fill>0</fill></PolyStyle></Style>
      <Polygon><outerBoundaryIs><LinearRing><coordinates>28.6915895920001,-26.1300429579999 28.6915906670001,-26.1300446849999 28.6917474180001,-26.1302488279999 28.6920211380001,-26.1306548969999 28.6923439860001,-26.131135582 28.6926984790001,-26.1316816549999 28.6925753780001,-26.1317191209999 28.689604897,-26.1324577269999 28.6889532070001,-26.130408073 28.6887594300001,-26.1297621499999 28.689858976,-26.1294779979999 28.6899091720001,-26.1294650259999 28.6897541500001,-26.1289827369999 28.6894506240001,-26.1278506639999 28.6896663240001,-26.1278047399999 28.6898347000001,-26.1277660969999 28.690127288,-26.1277081309999 28.6903370670001,-26.1280448829999 28.6906241350001,-26.1284699629999 28.690883597,-26.1288619199999 28.6910850960001,-26.1291986709999 28.691303158,-26.1295823469999 28.6915895920001,-26.1300429579999</coordinates></LinearRing></outerBoundaryIs></Polygon>
  </Placemark>
  <Placemark>
	<name>7984719</name>
	<Style><LineStyle><color>ff0000ff</color></LineStyle><PolyStyle><fill>0</fill></PolyStyle></Style>
      <Polygon><outerBoundaryIs><LinearRing><coordinates>27.8458335230001,-26.2495894199999 27.8458439890001,-26.2497698489999 27.8458551560001,-26.2500744519999 27.8458632210001,-26.250441711 27.8458731470001,-26.2507401109999 27.8458855540001,-26.2510794539999 27.8458973410001,-26.2513964649999 27.845909749,-26.2517277429999 27.845918785,-26.2519385969999 27.8459189070001,-26.251941455 27.8459246370001,-26.2520751529999 27.8459339430001,-26.2523903019999 27.8459488320001,-26.252744532 27.8459643420001,-26.2530826349999 27.8459773690001,-26.2534455539999 27.8459922580001,-26.253797925 27.8460040450001,-26.2541316849999 27.8460060420001,-26.2541912539999 27.8449209700001,-26.2542203039999 27.8448780460001,-26.2530819259999 27.8448423400001,-26.2520131299999 27.8448256770001,-26.2514894449999 27.8447899710001,-26.2505896559999 27.8447566130001,-26.2495911849999 27.8453852470001,-26.249585173 27.8458335230001,-26.2495894199999</coordinates></LinearRing></outerBoundaryIs></Polygon>
  </Placemark>
  <Placemark>
	<name>7984905</name>
	<Style><LineStyle><color>ff0000ff</color></LineStyle><PolyStyle><fill>0</fill></PolyStyle></Style>
      <Polygon><outerBoundaryIs><LinearRing><coordinates>28.205848986,-25.987324633 28.206854476,-25.9875295649999 28.2068193270001,-25.9877678889999 28.2067284810001,-25.987773429 28.2067215640001,-25.9877954019999 28.2067819090001,-25.9882647879999 28.2068615630001,-25.9884701369999 28.206918568,-25.9886171009999 28.206986971,-25.988763096 28.207001178,-25.988999448 28.2071595200001,-25.9890421739999 28.207544032,-25.9891057999999 28.2078483220001,-25.9891168639999 28.2082176430001,-25.9891002649999 28.2082825520001,-25.9895200559999 28.207632705,-25.9895974189999 28.207196906,-25.9895283289999 28.2067943210001,-25.9894366519999 28.206293417,-25.9892851839999 28.205352727,-25.988994208 28.2052906050001,-25.988978018 28.2054379960001,-25.9885398579999 28.2054203520001,-25.9885266809999 28.2053226790001,-25.988493193 28.2049639030001,-25.9884240879999 28.204842124,-25.9884085879999 28.204948861,-25.9879585619999 28.2051141810001,-25.9879913279999 28.2052482240001,-25.9875445169999 28.2054433330001,-25.9875623899999 28.2055386820001,-25.9872613889999 28.205848986,-25.987324633</coordinates></LinearRing></outerBoundaryIs></Polygon>
  </Placemark>
  <Placemark>
	<name>2650054</name>
	<Style><LineStyle><color>ff0000ff</color></LineStyle><PolyStyle><fill>0</fill></PolyStyle></Style>
      <Polygon><outerBoundaryIs><LinearRing><coordinates>26.8943004580001,-33.5852869479999 26.8938865110001,-33.5854709239999 26.8933850850001,-33.5860130069999 26.8933528630001,-33.5860478409999 26.8928949070001,-33.5865429279999 26.892265104,-33.5869047309999 26.8916374790001,-33.5871001249999 26.8908446970001,-33.5873469339999 26.8902550940001,-33.5880839369999 26.8889149780001,-33.590163646 26.8884301350001,-33.5907090929999 26.888232836,-33.5907378759999 26.8874573840001,-33.5910410859999 26.887029806,-33.5912222839999 26.886611943,-33.5907240619999 26.8860619060001,-33.5896028339999 26.8857570870001,-33.5889814749999 26.885663643,-33.5887909899999 26.8851096080001,-33.5877641529999 26.8849378550001,-33.587241768 26.8848502330001,-33.5870300159999 26.8847990840001,-33.5868318159999 26.884791819,-33.5868036599999 26.884769915,-33.5865736539999 26.884806423,-33.5862633279999 26.8849122990001,-33.5860150669999 26.8851770630001,-33.5857223169999 26.8853019430001,-33.5856377829999 26.8861948800001,-33.5852106289999 26.8865852820001,-33.585018342 26.8870633260001,-33.5847752689999 26.8873217940001,-33.5846438429999 26.88760891,-33.5843442459999 26.8877678750001,-33.5841516879999 26.8880583870001,-33.5837343329999 26.888181138,-33.5834908759999 26.8883018440001,-33.5831533109999 26.8883748170001,-33.5829400329999 26.888504384,-33.582760505 26.8886394100001,-33.5825947909999 26.888776104,-33.5824645299999 26.8888133080001,-33.5824290769999 26.8888404500001,-33.5824118229999 26.8890997280001,-33.5822469949999 26.8894823030001,-33.5820301339999 26.8896892220001,-33.5819302649999 26.8897283540001,-33.5819107369999 26.8908481670001,-33.5828038529999 26.892411666,-33.5839043409999 26.8926711760001,-33.5840583149999 26.8931770080001,-33.5844314689999 26.8934257780001,-33.5846000809999 26.8935888590001,-33.5846470689999 26.8938348650001,-33.5846857669999 26.893934373,-33.5847078799999 26.894011768,-33.5847990949999 26.8943004580001,-33.5852869479999</coordinates></LinearRing></outerBoundaryIs></Polygon>
  </Placemark>
  <Placemark>
	<name>1993881</name>
	<Style><LineStyle><color>ff0000ff</color></LineStyle><PolyStyle><fill>0</fill></PolyStyle></Style>
      <Polygon><outerBoundaryIs><LinearRing><coordinates>18.5943384770001,-33.9907348629999 18.594313888,-33.9909346979999 18.5943180310001,-33.9910258309999 18.5943346000001,-33.9911169649999 18.5942724650001,-33.9914773579999 18.5941430510001,-33.992358501 18.5942545170001,-33.9923842239999 18.5945142140001,-33.9924275069999 18.5945926640001,-33.9924464429999 18.5948009630001,-33.9925248929999 18.5949740940001,-33.9925762919999 18.5949365550001,-33.9926486459999 18.5948792830001,-33.9927288259999 18.5948220120001,-33.9928118699999 18.5947418320001,-33.992889186 18.5944039290001,-33.9932070429999 18.5945327910001,-33.9932872229999 18.594770468,-33.9934160839999 18.5948477840001,-33.9934676279999 18.5949480090001,-33.9935535349999 18.5950110080001,-33.9936423059999 18.5950911880001,-33.9937797579999 18.5949905520001,-33.9938097749999 18.5948602170001,-33.9938538069999 18.5946964170001,-33.9939295429999 18.5946294890001,-33.9938520459999 18.594541425,-33.9937446079999 18.5943829080001,-33.9936001819999 18.5942208690001,-33.9934909809999 18.5938122510001,-33.993210937 18.593622032,-33.9930806019999 18.5935656710001,-33.9930524219999 18.593507548,-33.9930400929999 18.5934459030001,-33.9930400929999 18.5928224510001,-33.993021687 18.5927798360001,-33.9927131559999 18.5930354330001,-33.9926722609999 18.593199014,-33.9926262539999 18.5932808040001,-33.9925904699999 18.593439274,-33.9924780079999 18.5934997730001,-33.9924085709999 18.5933059480001,-33.9921951679999 18.5934842600001,-33.9920593119999 18.5935468950001,-33.9917977189999 18.5935800550001,-33.9915913919999 18.5936544130001,-33.9910810659999 18.5938032070001,-33.9910891089999 18.5938394020001,-33.9907472829999 18.5938488820001,-33.990676279 18.5943384770001,-33.9907348629999</coordinates></LinearRing></outerBoundaryIs></Polygon>
  </Placemark>
  <Placemark>
	<name>6780017</name>
	<Style><LineStyle><color>ff0000ff</color></LineStyle><PolyStyle><fill>0</fill></PolyStyle></Style>
      <Polygon><outerBoundaryIs><LinearRing><coordinates>26.2451423210001,-27.22380226 26.2462543250001,-27.2248669449999 26.2467091080001,-27.2245131649999 26.2471611910001,-27.2241228299999 26.247588384,-27.2245414149999 26.247979855,-27.2249249979999 26.2484179420001,-27.2253415939999 26.247396639,-27.2261719299999 26.246664266,-27.2268028599999 26.246656843,-27.2268276029999 26.2472976700001,-27.2274511099999 26.2473050930001,-27.227473378 26.2468782430001,-27.2278484749999 26.245971313,-27.2269800829999 26.24537222,-27.2264021009999 26.2449095780001,-27.225984771 26.244908744,-27.2259854199999 26.243300833,-27.2244740799999 26.243290894,-27.2238479459999 26.2433455550001,-27.2237286829999 26.244230094,-27.2229534699999 26.2442563130001,-27.2229322489999 26.2451423210001,-27.22380226</coordinates></LinearRing></outerBoundaryIs></Polygon>
  </Placemark>
  <Placemark>
	<name>7982331</name>
	<Style><LineStyle><color>ff0000ff</color></LineStyle><PolyStyle><fill>0</fill></PolyStyle></Style>
      <Polygon><outerBoundaryIs><LinearRing><coordinates>27.8217020860001,-26.194586742 27.8214042330001,-26.1950884469999 27.8212776140001,-26.1953151529999 27.8218962510001,-26.1956047709999 27.822791425,-26.1960282669999 27.823126163,-26.1961956359999 27.8231772860001,-26.1962649449999 27.823202957,-26.1962812809999 27.8232146240001,-26.1963244529999 27.823144615,-26.1964586379999 27.8233745030001,-26.1965711359999 27.8231419240001,-26.1969517219999 27.8227283610001,-26.1976986039999 27.8226666350001,-26.1978220539999 27.8224220110001,-26.1982239399999 27.8222152100001,-26.1981297169999 27.822106837,-26.1980815519999 27.8220544250001,-26.1980623329999 27.821653429,-26.1979152989999 27.8214229640001,-26.1978085399999 27.821248116,-26.1980973689999 27.8210192180001,-26.198006361 27.8209447560001,-26.1980022239999 27.82068552,-26.1979622359999 27.8206831130001,-26.1979829939999 27.8206686430001,-26.1981632259999 27.8201559660001,-26.1981337189999 27.820155566,-26.198138867 27.8201190010001,-26.1986105859999 27.8197468770001,-26.1985887949999 27.8197470210001,-26.1985840319999 27.8197634480001,-26.1984526049999 27.8197634480001,-26.1983704629999 27.8197634480001,-26.1982718929999 27.819762917,-26.1981666479999 27.819743083,-26.1980079769999 27.81977614,-26.1978823609999 27.81977614,-26.1976641869999 27.819795974,-26.1974790699999 27.819802585,-26.1972013939999 27.8198382960001,-26.1966877309999 27.819965713,-26.1948549429999 27.819979952,-26.194854796 27.820000399,-26.1948575219999 27.8200113020001,-26.1948602479999 27.8200290220001,-26.1948684269999 27.8200372000001,-26.1948725149999 27.8200535560001,-26.1948752399999 27.8200699120001,-26.194880693 27.8201026250001,-26.1948929599999 27.8203166170001,-26.194997913 27.8203670500001,-26.1950020009999 27.8207623220001,-26.1951860069999 27.820857732,-26.1950142679999 27.821060822,-26.1946830549999 27.8212322310001,-26.1943644949999 27.8217020860001,-26.194586742</coordinates></LinearRing></outerBoundaryIs></Polygon>
  </Placemark>
  <Placemark>
	<name>2600989</name>
	<Style><LineStyle><color>ff0000ff</color></LineStyle><PolyStyle><fill>0</fill></PolyStyle></Style>
      <Polygon><outerBoundaryIs><LinearRing><coordinates>27.8416289290001,-32.9938587729999 27.8418638620001,-32.9942125009999 27.8424460100001,-32.995061173 27.8425477090001,-32.9950155829999 27.842695,-32.9952505459999 27.842600313,-32.9953101639999 27.843183293,-32.9962255659999 27.8428393440001,-32.996382513 27.8427655730001,-32.9964193989999 27.8427526620001,-32.9964544429999 27.84273053,-32.9965042389999 27.8423430870001,-32.996677717 27.8419242140001,-32.996870918 27.8414503720001,-32.9961335249999 27.841339125,-32.9961862209999 27.8409380530001,-32.9963648009999 27.8402691130001,-32.9966692639999 27.840118036,-32.9967391459999 27.8399977650001,-32.9967963839999 27.8399740630001,-32.9968119909999 27.8399658910001,-32.9968192709999 27.8399587600001,-32.9968266999999 27.839958063,-32.9968272529999 27.839626895,-32.9967597329999 27.8395271880001,-32.9967468679999 27.83940175,-32.9967500839999 27.8393389880001,-32.9967531709999 27.8388962850001,-32.9961563419999 27.838347174,-32.9953935489999 27.8380751030001,-32.995060603 27.8379931090001,-32.9949388549999 27.8379936870001,-32.9949386209999 27.8379046260001,-32.9948096659999 27.837768091,-32.9946268049999 27.8376291170001,-32.9944309439999 27.8374901450001,-32.9942586499999 27.837448291,-32.9942070429999 27.837330524,-32.9940409519999 27.837330448,-32.9940408439999 27.8373305320001,-32.9940408109999 27.8373307400001,-32.9940407279999 27.837469421,-32.9939851749999 27.837644561,-32.993902278 27.837828232,-32.993818975 27.8379496060001,-32.9937636849999 27.8379532930001,-32.9937620059999 27.8380155620001,-32.9937336409999 27.8382256460001,-32.9936357099999 27.838292288,-32.9936210819999 27.8383284530001,-32.9936174239999 27.8384042680001,-32.9936192099999 27.838540402,-32.9936500319999 27.8386842410001,-32.9936962659999 27.8387016720001,-32.9937059499999 27.8387015630001,-32.9937056839999 27.8393087190001,-32.9938438639999 27.8399619340001,-32.9939904189999 27.8400624290001,-32.9940281039999 27.8401461760001,-32.9941327859999 27.8405649040001,-32.994786002 27.8414442320001,-32.994379836 27.8411516420001,-32.9938974569999 27.841323177,-32.9938827539999 27.8416289290001,-32.9938587729999</coordinates></LinearRing></outerBoundaryIs></Polygon>
  </Placemark>
  <Placemark>
	<name>1750024</name>
	<Style><LineStyle><color>ff0000ff</color></LineStyle><PolyStyle><fill>0</fill></PolyStyle></Style>
      <Polygon><outerBoundaryIs><LinearRing><coordinates>20.8629493710001,-34.3933601379999 20.8627090450001,-34.3934707639999 20.8623600010001,-34.3935585019999 20.8617801670001,-34.3938102719999 20.8616504680001,-34.3938598629999 20.861570359,-34.3938903809999 20.86138916,-34.39397049 20.8611907960001,-34.3941001889999 20.8611106870001,-34.3941688539999 20.8610000610001,-34.394210815 20.860849381,-34.3943099979999 20.8607406620001,-34.3943481449999 20.860630035,-34.3944015499999 20.8605709080001,-34.394470215 20.8605003360001,-34.3945198059999 20.8603801730001,-34.3946304319999 20.8602104190001,-34.3947486879999 20.859989166,-34.3949508669999 20.8598499300001,-34.3950195309999 20.859720231,-34.3951301569999 20.8595104220001,-34.3953208919999 20.8593692790001,-34.3954086299999 20.8593566140001,-34.395418279 20.8592891700001,-34.3954696659999 20.8592205050001,-34.3955001829999 20.859039307,-34.3956184389999 20.8589000710001,-34.395690918 20.858819962,-34.395690918 20.858779907,-34.395729065 20.858600616,-34.3958282469999 20.8583793640001,-34.3960189819999 20.8582592020001,-34.3960800169999 20.8580799110001,-34.3961601259999 20.857870103,-34.3963012699999 20.8576297770001,-34.3964385989999 20.857379913,-34.3965415949999 20.8570404050001,-34.3967018129999 20.8565998080001,-34.3969192499999 20.8564605710001,-34.3969802859999 20.8561897280001,-34.3970985409999 20.8560905460001,-34.397129059 20.85597011,-34.3971765779999 20.8558101660001,-34.3972396849999 20.8556900020001,-34.3972702029999 20.8555908200001,-34.3973503109999 20.8554992680001,-34.397411346 20.85544014,-34.3974685669999 20.8552329650001,-34.397554 20.855070115,-34.3976211549999 20.854940415,-34.3976707459999 20.8547096250001,-34.39781189 20.8546295170001,-34.3978309629999 20.8545703890001,-34.3979797359999 20.854450226,-34.3980903629999 20.8540992740001,-34.398349762 20.8539295200001,-34.3984909059999 20.8535097380001,-34.3988927199999 20.8534393310001,-34.3989601139999 20.8531608580001,-34.3993110659999 20.8528099060001,-34.3996200559999 20.8523006450001,-34.4002418519999 20.851829529,-34.4007797239999 20.8515396120001,-34.4012489319999 20.8512592320001,-34.4016494749999 20.8509502420001,-34.4021301269999 20.8504505160001,-34.4027099609999 20.8500804910001,-34.4032096859999 20.8499622350001,-34.4034042359999 20.8476562500001,-34.4031867979999 20.8464756020001,-34.4028892519999 20.846435048,-34.4028662619999 20.8459308590001,-34.4025804409999 20.84563446,-34.402412415 20.8444099430001,-34.4021034239999 20.8429355630001,-34.4020042419999 20.8410663610001,-34.4021034239999 20.8396544020001,-34.402261661 20.8392963420001,-34.4023017879999 20.8377227780001,-34.4020042419999 20.8345756530001,-34.4022026059999 20.83287576,-34.4021694369999 20.8325013550001,-34.4021621319999 20.8309855880001,-34.3974284629999 20.8309753270001,-34.3974269189999 20.8301457790001,-34.3973020859999 20.8296909310001,-34.3971390269999 20.8291845900001,-34.3972763399999 20.82872116,-34.3971218629999 20.828077507,-34.3971218629999 20.8277428060001,-34.3970875349999 20.827262213,-34.3970532069999 20.8269618410001,-34.3971733539999 20.8264383370001,-34.3970875349999 20.826189458,-34.396890148 20.825562968,-34.3968815659999 20.8249450610001,-34.3968815659999 20.8244043930001,-34.3970274599999 20.8240439470001,-34.3972763399999 20.8241383500001,-34.3973879059999 20.823915216,-34.3975252189999 20.8236663370001,-34.3976711149999 20.8233745480001,-34.3973707419999 20.8230226840001,-34.3974908909999 20.8226107460001,-34.3976367849999 20.8222932100001,-34.3978770829999 20.8224219410001,-34.398160291 20.8223790310001,-34.3983061849999 20.8212290370001,-34.3986408839999 20.8203193400001,-34.3986408839999 20.8202256880001,-34.3985544349999 20.8201950040001,-34.3969229999999 20.8202077540001,-34.3968978199999 20.8223666460001,-34.3965222389999 20.8245426600001,-34.3961450259999 20.8262858130001,-34.3958237079999 20.8263442750001,-34.3958127659999 20.8263405440001,-34.3957456269999 20.8262245920001,-34.3946054239999 20.826189561,-34.3940164769999 20.8261699180001,-34.393466476 20.827307024,-34.3935188569999 20.8275536520001,-34.3935254039999 20.8294917520001,-34.3936345309999 20.83026219,-34.3936650869999 20.8311880680001,-34.3936979309999 20.8312070540001,-34.3936986049999 20.83158438,-34.3937171619999 20.8319525000001,-34.3937247519999 20.8321843900001,-34.393729532 20.8331307970001,-34.3936800479999 20.8332716820001,-34.3936737829999 20.833242139,-34.3915521779999 20.8369164260001,-34.3919171329999 20.838412937,-34.392058995 20.8402443160001,-34.3922326029999 20.8427495120001,-34.3924614709999 20.842858333,-34.3924702939999 20.84503821,-34.3926470409999 20.8452255700001,-34.3932860099999 20.8454018150001,-34.3948470369999 20.8454056050001,-34.3948806099999 20.8482175890001,-34.3942719189999 20.8483757430001,-34.3942410139999 20.8489634510001,-34.3941261759999 20.8493749610001,-34.3940661649999 20.8498036170001,-34.3940575919999 20.850360869,-34.3941433219999 20.850364191,-34.3941421889999 20.8503712040001,-34.3941397959999 20.8503792610001,-34.3941370469999 20.8510895850001,-34.393894702 20.851706849,-34.3937403849999 20.8533786080001,-34.3933888879999 20.8538758500001,-34.3933374489999 20.8541930540001,-34.3933288759999 20.8569364530001,-34.393371741 20.8582939360001,-34.3933581119999 20.8583987150001,-34.3933570589999 20.858960085,-34.393351423 20.8593608680001,-34.3931367189999 20.8622665380001,-34.3916481009999 20.8663029860001,-34.3896012479999 20.866746709,-34.38952968 20.8671045500001,-34.389543994 20.8674337630001,-34.3896728169999 20.8684974020001,-34.3904869599999 20.8684196470001,-34.3905487059999 20.8682308200001,-34.3906517029999 20.867879868,-34.3908386229999 20.867429734,-34.3911590579999 20.867120743,-34.3913002009999 20.8669796,-34.3913688659999 20.8668499000001,-34.3914184569999 20.8667297360001,-34.3914794919999 20.8666095740001,-34.3915214539999 20.8664093020001,-34.3916206359999 20.8661804200001,-34.3917503359999 20.8656692500001,-34.391990662 20.8652400980001,-34.3922080989999 20.8650398250001,-34.392349243 20.86490059,-34.3924293519999 20.8646602640001,-34.3925399779999 20.8644008640001,-34.392658234 20.864229203,-34.3927001949999 20.8641300210001,-34.3927497859999 20.863880157,-34.3928909299999 20.8636302950001,-34.3930206299999 20.8635005960001,-34.3931007389999 20.8633594520001,-34.3931617739999 20.863250732,-34.3931999209999 20.8629493710001,-34.3933601379999</coordinates></LinearRing></outerBoundaryIs></Polygon>
  </Placemark>
  <Placemark>
	<name>1994464</name>
	<Style><LineStyle><color>ff0000ff</color></LineStyle><PolyStyle><fill>0</fill></PolyStyle></Style>
      <Polygon><outerBoundaryIs><LinearRing><coordinates>18.5410784890001,-33.8245140999999 18.5411031980001,-33.82454071 18.5413636760001,-33.8246153539999 18.5413741560001,-33.8245829259999 18.54141918,-33.8245930329999 18.5416664790001,-33.8246606229999 18.541652383,-33.8246974009999 18.5412930000001,-33.8256349999999 18.5408387560001,-33.8268198999999 18.5406610900001,-33.8267098839999 18.5406223720001,-33.8266892899999 18.5406034250001,-33.826673636 18.5405984810001,-33.8266579849999 18.540605896,-33.8265673679999 18.5406083670001,-33.8265162929999 18.5405762400001,-33.8264759279999 18.540411642,-33.8265184269999 18.540351263,-33.8264721979999 18.5402933190001,-33.8264270029999 18.5403723540001,-33.8263483779999 18.5405643550001,-33.8262723409999 18.54062552,-33.8262269599999 18.5405959240001,-33.8261894729999 18.540553033,-33.8260576069999 18.5396718970001,-33.8247587099999 18.5395725100001,-33.8246122009999 18.5402936830001,-33.8242648709999 18.5403546640001,-33.8242595679999 18.540651617,-33.8243682749999 18.5410784890001,-33.8245140999999</coordinates></LinearRing></outerBoundaryIs></Polygon>
  </Placemark>
  <Placemark>
	<name>2680015</name>
	<Style><LineStyle><color>ff0000ff</color></LineStyle><PolyStyle><fill>0</fill></PolyStyle></Style>
      <Polygon><outerBoundaryIs><LinearRing><coordinates>24.9168042470001,-34.0614886929999 24.9167631700001,-34.0615447019999 24.916678108,-34.061552263 24.916515544,-34.061580616 24.916439934,-34.0616127509999 24.9163416390001,-34.061650557 24.9161771880001,-34.0617091559999 24.9161885290001,-34.0618169009999 24.9160429790001,-34.0618698279999 24.915954135,-34.0617148249999 24.91591822,-34.0616637889999 24.9159068790001,-34.061622203 24.9158823050001,-34.0615711659999 24.9158104750001,-34.0614634199999 24.9157443160001,-34.0613840299999 24.915698949,-34.0613121979999 24.9156498020001,-34.0612498209999 24.9156309000001,-34.0611874409999 24.915594985,-34.0611685389999 24.9155401670001,-34.0611156119999 24.9155061430001,-34.0610589039999 24.9154475440001,-34.0610570129999 24.9154456540001,-34.060968171 24.915415409,-34.0609246949999 24.9154456540001,-34.0609039029999 24.9153838000001,-34.06078765 24.915300813,-34.0606540119999 24.9155879990001,-34.060541096 24.9161864790001,-34.0603069709999 24.9161998390001,-34.0602955159999 24.916510352,-34.060638051 24.9166532450001,-34.0608189359999 24.9168279130001,-34.0611707819999 24.9167937050001,-34.0612490189999 24.9167852930001,-34.0613686539999 24.9168042470001,-34.0614886929999</coordinates></LinearRing></outerBoundaryIs></Polygon>
  </Placemark>
  <Placemark>
	<name>5670014</name>
	<Style><LineStyle><color>ff0000ff</color></LineStyle><PolyStyle><fill>0</fill></PolyStyle></Style>
      <Polygon><outerBoundaryIs><LinearRing><coordinates>30.5410327170001,-29.7264725279999 30.53989806,-29.7265181589999 30.5398704940001,-29.726520627 30.539453365,-29.7265579829999 30.53913478,-29.7266110799999 30.5388892030001,-29.7266840909999 30.5386369890001,-29.7267836469999 30.5383648650001,-29.7269296669999 30.5381126500001,-29.7271155089999 30.537906896,-29.7273212619999 30.5377542400001,-29.727520378 30.5374953890001,-29.7279119739999 30.5372697240001,-29.7282305599999 30.537077244,-29.728429677 30.5368383040001,-29.7286354299999 30.5364135230001,-29.7288544579999 30.5360551140001,-29.7289938399999 30.5355838720001,-29.7290867609999 30.5347475830001,-29.7291265839999 30.5339179310001,-29.729192957 30.532955535,-29.72925269 30.5321922560001,-29.729325699 30.5314571980001,-29.7293948099999 30.5316953050001,-29.7284849039999 30.531844778,-29.7285001899999 30.5319693960001,-29.727869321 30.5321356490001,-29.7268763009999 30.5322389950001,-29.7262562259999 30.5323299280001,-29.725658177 30.5324180310001,-29.7251793549999 30.5324601670001,-29.7250606089999 30.532521456,-29.7249610139999 30.5326018980001,-29.7248997249999 30.532690002,-29.7248575879999 30.532724478,-29.7247962989999 30.5326976640001,-29.7247235179999 30.5326248820001,-29.7246430759999 30.5325482700001,-29.7245741259999 30.5324601670001,-29.724531989 30.5323069450001,-29.7245051749999 30.5321728740001,-29.7244936839999 30.5318511060001,-29.7244745309999 30.5318319530001,-29.724420903 30.5320598320001,-29.7239886579999 30.5321934390001,-29.7237047439999 30.5322602420001,-29.7235110159999 30.5322836230001,-29.7233540279999 30.5322602420001,-29.7230400539999 30.5322067990001,-29.7228029029999 30.5321299760001,-29.7226125129999 30.5320331120001,-29.7223954039999 30.5321274290001,-29.7223638609999 30.5325041140001,-29.7222143639999 30.5326606520001,-29.7221537369999 30.5326958150001,-29.7222023429999 30.5339625180001,-29.7222023429999 30.533997528,-29.7224668689999 30.5340761960001,-29.7227691189999 30.5342666550001,-29.7230796499999 30.534602029,-29.7232701089999 30.5349539640001,-29.7233570579999 30.5355460420001,-29.7234357259999 30.5359145400001,-29.7234688489999 30.5362374910001,-29.7234771299999 30.5365645850001,-29.7234647089999 30.536808868,-29.7235102529999 30.5373222810001,-29.7235847809999 30.5381338020001,-29.7237503969999 30.5388376720001,-29.7238663289999 30.5394670150001,-29.7240153849999 30.5401833070001,-29.724185142 30.5403986080001,-29.724296932 30.5404772750001,-29.7244418469999 30.5405103990001,-29.7246571479999 30.5405269600001,-29.7249221349999 30.5405476640001,-29.7253113329999 30.540601488,-29.7257626389999 30.5408126500001,-29.7258081839999 30.5410072490001,-29.7258827109999 30.5410327170001,-29.7264725279999</coordinates></LinearRing></outerBoundaryIs></Polygon>
  </Placemark>
  <Placemark>
	<name>7982623</name>
	<Style><LineStyle><color>ff0000ff</color></LineStyle><PolyStyle><fill>0</fill></PolyStyle></Style>
      <Polygon><outerBoundaryIs><LinearRing><coordinates>27.951523948,-26.10487896 27.9515828830001,-26.1048809249999 27.9517429910001,-26.10487896 27.9528065110001,-26.1048338129999 27.9537096190001,-26.1048042579999 27.9537159060001,-26.1051222269999 27.9537147030001,-26.1051443759999 27.9537115030001,-26.1051674149999 27.953707023,-26.1051898139999 27.9536999840001,-26.1052147739999 27.9536219060001,-26.1053971679999 27.953103077,-26.106535043 27.9530958060001,-26.106554635 27.953088424,-26.1065799449999 27.9530847330001,-26.106601038 27.953083678,-26.1066279279999 27.9530863150001,-26.1066527119999 27.9530915880001,-26.1066743309999 27.9531037150001,-26.1066980589999 27.9531179520001,-26.1067207319999 27.9531316630001,-26.1067360239999 27.953151699,-26.1067523709999 27.953168572,-26.1067644979999 27.9531854460001,-26.1067739889999 27.953221301,-26.1067876979999 27.9539709750001,-26.1070700239999 27.9540670390001,-26.1071031509999 27.9541200420001,-26.1071164009999 27.9541647610001,-26.1071246829999 27.954206168,-26.1071263389999 27.9543867040001,-26.107123026 27.9561270410001,-26.1070549259999 27.9560109230001,-26.1076553479999 27.9560054630001,-26.1076558939999 27.9559685340001,-26.107661725 27.9558402310001,-26.1076880539999 27.9546932710001,-26.1079385269999 27.9545625950001,-26.1079670979999 27.954524656,-26.1079731869999 27.954501238,-26.1079755289999 27.9544717300001,-26.1079769339999 27.9544450320001,-26.1079764659999 27.9544159920001,-26.107974124 27.9543868480001,-26.1079718399999 27.9537017110001,-26.1078765689999 27.95362063,-26.1078664329999 27.953555764,-26.1078644059999 27.9533773860001,-26.1078725149999 27.9528483300001,-26.1079150819999 27.9523253550001,-26.1079657579999 27.9521935970001,-26.1079779199999 27.9521287330001,-26.107990082 27.952061841,-26.108006299 27.9519969760001,-26.1080326499999 27.9518875160001,-26.1080873799999 27.9509327840001,-26.1086042719999 27.9515012150001,-26.1093699289999 27.951973218,-26.1100424869999 27.9520389,-26.1101148469999 27.9520108350001,-26.1101300999999 27.9518918990001,-26.110204559 27.9515714200001,-26.1104157839999 27.9510767870001,-26.1107437549999 27.9510043080001,-26.1106424579999 27.949582095,-26.1084769169999 27.9478561070001,-26.1058999539999 27.9477582520001,-26.1057500489999 27.947419316,-26.105230833 27.9479763990001,-26.1048124129999 27.949031108,-26.104675175 27.9493208370001,-26.1041465479999 27.9503272600001,-26.1038517379999 27.9509838750001,-26.1046137839999 27.9510426420001,-26.104672686 27.9510789860001,-26.1047060829999 27.951114347,-26.1047326039999 27.9511762290001,-26.1047738589999 27.9511786820001,-26.1047750849999 27.9512273060001,-26.1047993969999 27.9512764180001,-26.1048200239999 27.951339283,-26.104841635 27.951401166,-26.1048583329999 27.9514640300001,-26.1048711019999 27.951523948,-26.10487896</coordinates></LinearRing></outerBoundaryIs></Polygon>
  </Placemark>
  <Placemark>
	<name>7971041</name>
	<Style><LineStyle><color>ff0000ff</color></LineStyle><PolyStyle><fill>0</fill></PolyStyle></Style>
      <Polygon><outerBoundaryIs><LinearRing><coordinates>28.1849902470001,-25.9034069449999 28.1917773470001,-25.905852911 28.1917254900001,-25.905977935 28.1916771230001,-25.9060858299999 28.1916696810001,-25.906152802 28.1916659610001,-25.9063388309999 28.191661078,-25.9064243749999 28.1916422420001,-25.906463615 28.1915904460001,-25.9065232599999 28.1914429000001,-25.9066425519999 28.191158799,-25.906856021 28.191089735,-25.9069156669999 28.1910552040001,-25.9069046789999 28.191009685,-25.9068984009999 28.1907397090001,-25.9069125269999 28.190614139,-25.9069235139999 28.1905497850001,-25.9069549069999 28.1904508980001,-25.9070286789999 28.1902955070001,-25.9071479699999 28.190130696,-25.9072390089999 28.189948621,-25.9073112109999 28.1897696830001,-25.9073567299999 28.189564063,-25.9073959699999 28.189389442,-25.9074293819999 28.1893783950001,-25.9073811759999 28.1893574190001,-25.9071242379999 28.1893312020001,-25.90696693 28.1892787660001,-25.9068305959999 28.1891843810001,-25.9066732869999 28.189074265,-25.9065448179999 28.188924822,-25.9064137279999 28.188738673,-25.9063009899999 28.1885970960001,-25.9062406879999 28.1883847290001,-25.9061882519999 28.1881828500001,-25.9061672779999 28.1879678610001,-25.9061803869999 28.1877476290001,-25.9062354459999 28.1875745900001,-25.9063114779999 28.1873779540001,-25.9064425679999 28.1872363770001,-25.906573658 28.1870974210001,-25.9067729159999 28.1870004140001,-25.9070219889999 28.1869794400001,-25.9071714309999 28.1869715730001,-25.9073208739999 28.1869768180001,-25.9074755619999 28.1870271720001,-25.9076277369999 28.1870603520001,-25.9076950439999 28.1871081230001,-25.907772668 28.1872096330001,-25.9078891059999 28.1873081560001,-25.9079965889999 28.1869916850001,-25.9082772339999 28.1865378740001,-25.908674318 28.1862930550001,-25.9089012219999 28.1861348190001,-25.9088952509999 28.185510831,-25.9088564389999 28.1850241800001,-25.9088415109999 28.1850450790001,-25.9085339949999 28.1850659780001,-25.9083488879999 28.1850540340001,-25.9082443929999 28.1850540340001,-25.9081578099999 28.185062992,-25.9080533149999 28.185089862,-25.9077517699999 28.1841613440001,-25.9077219139999 28.1839401480001,-25.9077083759999 28.1839531640001,-25.9076549349999 28.184226993,-25.9065306809999 28.1849880220001,-25.9034061429999 28.1849902470001,-25.9034069449999</coordinates></LinearRing></outerBoundaryIs></Polygon>
  </Placemark>
  <Placemark>
	<name>3830059</name>
	<Style><LineStyle><color>ff0000ff</color></LineStyle><PolyStyle><fill>0</fill></PolyStyle></Style>
      <Polygon><outerBoundaryIs><LinearRing><coordinates>24.7448743820001,-28.740173593 24.7453715380001,-28.740180177 24.745377347,-28.7401442159999 24.745392258,-28.7401859669999 24.74526647,-28.7412192219999 24.745050834,-28.7413180549999 24.7444218960001,-28.7417223739999 24.7431909740001,-28.7416415099999 24.7431907340001,-28.7416420079999 24.7431963550001,-28.7416420079999 24.7431963550001,-28.7418405729999 24.7448171200001,-28.7431750239999 24.7457900370001,-28.7431282499999 24.7472427800001,-28.7430584059999 24.747261957,-28.7434572919999 24.7482849840001,-28.7434081079999 24.7482736540001,-28.7431724379999 24.7494529090001,-28.7431157429999 24.7507388020001,-28.743053921 24.7507236270001,-28.7431496469999 24.750571177,-28.74378573 24.75056592,-28.7441379409999 24.7505740540001,-28.7442619809999 24.748755938,-28.7442866089999 24.7485173600001,-28.744289841 24.7476557400001,-28.744312212 24.7472971130001,-28.7443215229999 24.7452216610001,-28.7443754089999 24.7451736240001,-28.7443737219999 24.745124155,-28.7443719849999 24.7444667070001,-28.7443664609999 24.7428424180001,-28.7443277869999 24.7418092830001,-28.7443277869999 24.741096584,-28.744278064 24.7403457710001,-28.7442221139999 24.7387982740001,-28.7441067959999 24.7387128110001,-28.7440995459999 24.738715922,-28.7430015479999 24.7386806600001,-28.7420334729999 24.7386710440001,-28.7411327149999 24.7386951550001,-28.7410404079999 24.7387075090001,-28.740993112 24.7388353000001,-28.7407322049999 24.739071595,-28.7403856859999 24.739106619,-28.7403343259999 24.7394756360001,-28.7397286869999 24.7395410550001,-28.739573478 24.7396452490001,-28.7387659799999 24.7397688380001,-28.7378143379999 24.740533466,-28.7378053589999 24.7414017350001,-28.7377935459999 24.7416692350001,-28.7377759889999 24.7420351440001,-28.7377685 24.7422631050001,-28.7377500949999 24.742263875,-28.7377425019999 24.7422700400001,-28.7377513119999 24.7423146250001,-28.7379073579999 24.7423162080001,-28.7379129029999 24.7434786850001,-28.7379898709999 24.7434873240001,-28.7379904429999 24.7433786170001,-28.7393876449999 24.7433303890001,-28.7400075059999 24.744047982,-28.7400846969999 24.7448743820001,-28.740173593</coordinates></LinearRing></outerBoundaryIs></Polygon>
  </Placemark>
  <Placemark>
	<name>2640030</name>
	<Style><LineStyle><color>ff0000ff</color></LineStyle><PolyStyle><fill>0</fill></PolyStyle></Style>
      <Polygon><outerBoundaryIs><LinearRing><coordinates>26.5340705350001,-33.2948251479999 26.5341305810001,-33.2949429319999 26.534206403,-33.295250742 26.5341860030001,-33.2954710519999 26.5341003280001,-33.296174822 26.533963654,-33.2966338009999 26.5338310600001,-33.2971458189999 26.533614775,-33.2977406009999 26.5332438720001,-33.297917546 26.5328652840001,-33.2980732739999 26.531302198,-33.2988027139999 26.531189155,-33.2988554679999 26.531247813,-33.2987387999999 26.5313445580001,-33.2983233649999 26.5314697580001,-33.2975266409999 26.5309860310001,-33.2977258219999 26.5297568010001,-33.2983176749999 26.528979823,-33.2987006909999 26.5285979920001,-33.298103555 26.5282992200001,-33.297612715 26.5278083810001,-33.2978431959999 26.52741144,-33.2980011189999 26.5265108580001,-33.2984450089999 26.527190208,-33.2995127609999 26.5277412950001,-33.3004090249999 26.5268257070001,-33.3008556539999 26.5252006870001,-33.2987135819999 26.5240417240001,-33.2971858579999 26.5239910510001,-33.2970467309999 26.5241286790001,-33.2969500879999 26.5267237990001,-33.2957660879999 26.5270004920001,-33.2956315139999 26.5281345430001,-33.2950799499999 26.5287010660001,-33.2948442439999 26.5306776890001,-33.2939593119999 26.531437903,-33.2935987979999 26.531383883,-33.2935037479999 26.5315002870001,-33.2934428599999 26.5316310170001,-33.2933882389999 26.5317114650001,-33.2933497729999 26.5317303520001,-33.2933407419999 26.5319265040001,-33.293255718 26.53196053,-33.2932351249999 26.531992765,-33.2932109469999 26.53207783,-33.2930990209999 26.5321217050001,-33.2929799299999 26.5321333450001,-33.2929145649999 26.532137822,-33.292865317 26.5321395000001,-33.2928109829999 26.5322770870001,-33.2924344229999 26.532279073,-33.2924347989999 26.5327372840001,-33.292358739 26.5332922940001,-33.2933156519999 26.5333083,-33.2933432469999 26.5335114810001,-33.2937134889999 26.5337513280001,-33.2941505439999 26.5339876100001,-33.2946624879999 26.5340705350001,-33.2948251479999</coordinates></LinearRing></outerBoundaryIs></Polygon>
  </Placemark>
  <Placemark>
	<name>1992362</name>
	<Style><LineStyle><color>ff0000ff</color></LineStyle><PolyStyle><fill>0</fill></PolyStyle></Style>
      <Polygon><outerBoundaryIs><LinearRing><coordinates>18.6818402170001,-33.9506905069999 18.680426949,-33.9527409009999 18.6781559440001,-33.9516613769999 18.678106384,-33.951637983 18.678818591,-33.9505946629999 18.6790126710001,-33.9496717069999 18.679231616,-33.9492743079999 18.6799900560001,-33.9481673969999 18.6799672310001,-33.9474974459999 18.6816540330001,-33.9474387149999 18.6822649220001,-33.9482750509999 18.6817362400001,-33.9490438959999 18.6809303360001,-33.9502400109999 18.6818402170001,-33.9506905069999</coordinates></LinearRing></outerBoundaryIs></Polygon>
  </Placemark>
  <Placemark>
	<name>1670033</name>
	<Style><LineStyle><color>ff0000ff</color></LineStyle><PolyStyle><fill>0</fill></PolyStyle></Style>
      <Polygon><outerBoundaryIs><LinearRing><coordinates>18.8648907350001,-33.93684092 18.8649575680001,-33.9372526159999 18.8650488570001,-33.9377973069999 18.8653957560001,-33.9377820939999 18.865401842,-33.9377394909999 18.865712225,-33.9377151459999 18.866235616,-33.9376603739999 18.8662756990001,-33.937637074 18.8664129700001,-33.9383093469999 18.866512576,-33.9390582389999 18.866490195,-33.9390626459999 18.8663311160001,-33.939073811 18.8661692460001,-33.9390961379999 18.8661190100001,-33.9391100919999 18.865971093,-33.9391407919999 18.8658482950001,-33.9391966089999 18.865683634,-33.9392161449999 18.8656054900001,-33.9392440539999 18.8654659460001,-33.939235681 18.8653654750001,-33.9392914989999 18.8652566310001,-33.9393194069999 18.8651449960001,-33.939322198 18.8650696440001,-33.9393417329999 18.8649356810001,-33.9394254599999 18.864804511,-33.9394924409999 18.8647713730001,-33.9395063929999 18.8646984570001,-33.9395370949999 18.8646565940001,-33.939581749 18.8645533330001,-33.939595703 18.8644584420001,-33.9396598929999 18.864436115,-33.9397491999999 18.86438309,-33.9397854819999 18.8642854080001,-33.9399054899999 18.8641793550001,-33.9400422419999 18.8640342300001,-33.9400924779999 18.8640007400001,-33.940187368 18.8639839940001,-33.9403073749999 18.8637774690001,-33.9404636649999 18.8636239720001,-33.9405390169999 18.8634509380001,-33.9406143709999 18.8632834860001,-33.9406255329999 18.8631941780001,-33.9406813529999 18.8630713790001,-33.9406339069999 18.8629346280001,-33.9405641349999 18.862803457,-33.9405278539999 18.8626778670001,-33.9405306449999 18.862457389,-33.940583671 18.862331801,-33.9406199519999 18.8621085300001,-33.9406562339999 18.861988523,-33.9406980969999 18.8618629350001,-33.9407539139999 18.8617233900001,-33.9408097309999 18.8615726830001,-33.9408125219999 18.8614861660001,-33.9408208949999 18.861416395,-33.9408627579999 18.861382904,-33.9409492749999 18.8612489420001,-33.9410106739999 18.861095446,-33.941077655 18.860997764,-33.9411446359999 18.8609279920001,-33.9411362629999 18.8608526390001,-33.9411474269999 18.8608051940001,-33.941178126 18.8607605400001,-33.9412562709999 18.8606042520001,-33.9413148789999 18.860392146,-33.9413846509999 18.8603000480001,-33.9414851219999 18.8601242220001,-33.941524194 18.8599818710001,-33.9415819319999 18.8597867610001,-33.941621945 18.8596062130001,-33.9416959399999 18.8593457480001,-33.9416752209999 18.8591119230001,-33.9416189859999 18.8585909920001,-33.9415538679999 18.8582446940001,-33.9415124299999 18.858073022,-33.9414857929999 18.857735603,-33.941500592 18.8575668930001,-33.9415449889999 18.857514741,-33.9415587129999 18.8573419460001,-33.9416041859999 18.8571232390001,-33.9416211539999 18.857089482,-33.9416237729999 18.856729644,-33.9407310079999 18.8563552950001,-33.9396125869999 18.8563669150001,-33.9396094709999 18.8574941910001,-33.9393072309999 18.8577928390001,-33.9392271589999 18.8584909890001,-33.9390399739999 18.8595578250001,-33.9388685179999 18.8595898630001,-33.9385998939999 18.859655311,-33.9380511389999 18.8596351730001,-33.9378245889999 18.8595578890001,-33.937572863 18.8594589690001,-33.9372506629999 18.8596050990001,-33.9371567859999 18.8596563900001,-33.937152894 18.8604910290001,-33.9370895609999 18.8610429700001,-33.9370476789999 18.862348738,-33.9369485959999 18.8628225420001,-33.9369315989999 18.8634714180001,-33.9369083219999 18.863626948,-33.936973458 18.864230111,-33.9369102009999 18.8644194290001,-33.9368903479999 18.864601355,-33.9368712699999 18.8648907350001,-33.93684092</coordinates></LinearRing></outerBoundaryIs></Polygon>
  </Placemark>
  <Placemark>
	<name>7630202</name>
	<Style><LineStyle><color>ff0000ff</color></LineStyle><PolyStyle><fill>0</fill></PolyStyle></Style>
      <Polygon><outerBoundaryIs><LinearRing><coordinates>27.797644404,-26.0873758149999 27.7980490660001,-26.0884868599999 27.7988832390001,-26.088348423 27.799752906,-26.0882028869999 27.7999339390001,-26.0889376679999 27.8000652760001,-26.0894807669999 27.800175316,-26.089963521 27.7984004830001,-26.0902439449999 27.7979461250001,-26.0903220389999 27.796512061,-26.0905705139999 27.796223678,-26.0897912339999 27.7961944250001,-26.0897138479999 27.796152625,-26.0896032709999 27.7961294560001,-26.0895661989999 27.7960947000001,-26.0895407119999 27.7957934900001,-26.0893970579999 27.7956173970001,-26.0893113289999 27.7955942290001,-26.0892951099999 27.7955710580001,-26.089267306 27.795540938,-26.0892163319999 27.7954876460001,-26.0890888959999 27.7954644760001,-26.089014753 27.7954528910001,-26.0889614619999 27.7954528910001,-26.0889151219999 27.7954621590001,-26.0888710999999 27.795483011,-26.088796956 27.7955293520001,-26.0887065929999 27.7956104470001,-26.0885606229999 27.79565447,-26.088472576 27.7956706880001,-26.0884285529999 27.7956822740001,-26.0883706269999 27.7956706880001,-26.0883242879999 27.7955978020001,-26.0881485859999 27.7949162100001,-26.0862967159999 27.794840508,-26.0860697049999 27.794740721,-26.0858451839999 27.7945411470001,-26.0854709839999 27.79388006,-26.0842402799999 27.793351649,-26.0832715089999 27.7942054060001,-26.0826526779999 27.794308545,-26.082773007 27.7943830330001,-26.0828646849999 27.7944575230001,-26.0828990649999 27.794554932,-26.0829105239999 27.7951508440001,-26.0829162539999 27.7952253320001,-26.0829277139999 27.7952883620001,-26.0829506339999 27.795357122,-26.0830022029999 27.7958670830001,-26.083431947 27.795930114,-26.0835293549999 27.7961764990001,-26.0839820189999 27.7966750020001,-26.0849159959999 27.7967896000001,-26.085150923 27.796904199,-26.0854145 27.7970417180001,-26.0857525629999 27.7971722990001,-26.0861795759999 27.797644404,-26.0873758149999</coordinates></LinearRing></outerBoundaryIs></Polygon>
  </Placemark>
  <Placemark>
	<name>3640053</name>
	<Style><LineStyle><color>ff0000ff</color></LineStyle><PolyStyle><fill>0</fill></PolyStyle></Style>
      <Polygon><outerBoundaryIs><LinearRing><coordinates>17.7351417880001,-29.2547147139999 17.7361670320001,-29.254849911 17.7387099150001,-29.2551181469999 17.7383687510001,-29.2556512149999 17.736376421,-29.2578779369999 17.736285024,-29.2579800869999 17.7358523410001,-29.2584636729999 17.7357704060001,-29.2585492179999 17.735572876,-29.2587380179999 17.7353907200001,-29.2588636409999 17.7349218030001,-29.2590705 17.734462808,-29.2592729849999 17.73427,-29.2594599999999 17.733995302,-29.259726445 17.7338368050001,-29.259979718 17.7338253500001,-29.2600679359999 17.7337521890001,-29.2600686409999 17.7331196170001,-29.260150419 17.7325932020001,-29.2603403779999 17.732422,-29.2603563999999 17.7321749040001,-29.260344996 17.7319475200001,-29.2603345009999 17.7316186660001,-29.2602749189999 17.7308933460001,-29.2600383369999 17.7299477400001,-29.2595934529999 17.7296242570001,-29.259527245 17.7297231900001,-29.2593631049999 17.7298571190001,-29.2592719209999 17.7300220480001,-29.2590921639999 17.7301848160001,-29.2588558869999 17.730361487,-29.2585994299999 17.7307746700001,-29.258211893 17.7308772530001,-29.2579582839999 17.7307889180001,-29.2579440359999 17.7304526720001,-29.2577759129999 17.7304690710001,-29.2576005989999 17.7303842830001,-29.2573256859999 17.730167377,-29.2573925839999 17.72999882,-29.256861941 17.7299295060001,-29.2566437319999 17.7298427480001,-29.2565310689999 17.7298552330001,-29.2563312979999 17.7296304900001,-29.2560503669999 17.7293451250001,-29.2558926139999 17.7294804990001,-29.255611648 17.729659757,-29.255288951 17.7298833040001,-29.2550419839999 17.7300663350001,-29.2551518019999 17.7307072140001,-29.255298793 17.7314656840001,-29.2555927729999 17.7316126750001,-29.2554340229999 17.7319431700001,-29.2550770869999 17.732083043,-29.2548637009999 17.73241153,-29.2543248539999 17.732576931,-29.2541522679999 17.7325982600001,-29.2540126199999 17.7325046000001,-29.2537610619999 17.732599146,-29.2538172959999 17.733164119,-29.2540975219999 17.7336915230001,-29.2542893979999 17.733958455,-29.2543676789999 17.7351417880001,-29.2547147139999</coordinates></LinearRing></outerBoundaryIs></Polygon>
  </Placemark>
  <Placemark>
	<name>1993834</name>
	<Style><LineStyle><color>ff0000ff</color></LineStyle><PolyStyle><fill>0</fill></PolyStyle></Style>
      <Polygon><outerBoundaryIs><LinearRing><coordinates>18.6858606090001,-34.0505484479999 18.68573059,-34.0507899119999 18.6853080150001,-34.0513973629999 18.6849065690001,-34.0521157399999 18.6845331420001,-34.0528410249999 18.6845272730001,-34.0528387989999 18.684254825,-34.0527673579999 18.6837256380001,-34.052570918 18.683450167,-34.0524734439999 18.6827406340001,-34.0522198849999 18.6820396790001,-34.0518551029999 18.681510388,-34.051468864 18.68110269,-34.0512185229999 18.680624976,-34.0508556459999 18.680503973,-34.050773224 18.6798974500001,-34.0503409159999 18.6794845000001,-34.050031202 18.679355452,-34.049940869 18.6795167610001,-34.0497537499999 18.6798200220001,-34.0493537039999 18.67991478,-34.0492589469999 18.6800264980001,-34.0491472279999 18.6802523320001,-34.0489084899999 18.6803942830001,-34.0487858949999 18.6808817330001,-34.0484597689999 18.6813711430001,-34.0481784549999 18.6814289470001,-34.0481977229999 18.6814751900001,-34.048240114 18.6815676770001,-34.0483518679999 18.6816755770001,-34.0484058179999 18.6820879150001,-34.0485329879999 18.6824732760001,-34.0486678639999 18.6825041050001,-34.0487141059999 18.682450154,-34.0488836659999 18.6823933110001,-34.0489896439999 18.682860313,-34.0491577639999 18.6838293970001,-34.0494651389999 18.6837026900001,-34.0497469969999 18.6836819370001,-34.049775521 18.68377244,-34.0498306139999 18.6844116920001,-34.0500446769999 18.6853412460001,-34.0503584369999 18.6858606090001,-34.0505484479999</coordinates></LinearRing></outerBoundaryIs></Polygon>
  </Placemark>
  <Placemark>
	<name>7971555</name>
	<Style><LineStyle><color>ff0000ff</color></LineStyle><PolyStyle><fill>0</fill></PolyStyle></Style>
      <Polygon><outerBoundaryIs><LinearRing><coordinates>28.309355021,-26.1895713209999 28.3092265390001,-26.189631221 28.3083045210001,-26.1900457479999 28.3078762810001,-26.1902331989999 28.3074434660001,-26.1904282709999 28.3068978740001,-26.1906751569999 28.3065686910001,-26.1908184139999 28.305762498,-26.1911811239999 28.3055076620001,-26.1912947839999 28.3051407870001,-26.190612675 28.3051120980001,-26.1905599999999 28.3043517410001,-26.189200012 28.304350819,-26.1891982209999 28.3071988710001,-26.187915099 28.3081847620001,-26.1874645939999 28.308933654,-26.1887969169999 28.309355021,-26.1895713209999</coordinates></LinearRing></outerBoundaryIs></Polygon>
  </Placemark>
  <Placemark>
	<name>1994711</name>
	<Style><LineStyle><color>ff0000ff</color></LineStyle><PolyStyle><fill>0</fill></PolyStyle></Style>
      <Polygon><outerBoundaryIs><LinearRing><coordinates>18.5822516920001,-34.0192489119999 18.582289458,-34.0196228049999 18.5822968880001,-34.0196822569999 18.5822857420001,-34.0197379939999 18.5822634470001,-34.0197825829999 18.5822002800001,-34.0198271719999 18.5821371110001,-34.0198457509999 18.5820405000001,-34.0198606139999 18.5819438920001,-34.0198606139999 18.5818361330001,-34.0198568989999 18.5813902400001,-34.0199089179999 18.580967285,-34.0199327949999 18.5809294840001,-34.0199349299999 18.5804315700001,-34.0199720869999 18.5804092750001,-34.019704552 18.580342391,-34.0190728699999 18.5802720610001,-34.0184038789999 18.580975547,-34.018350719 18.5814253340001,-34.0183202249999 18.5818636850001,-34.0182859189999 18.5821277540001,-34.018261031 18.582187682,-34.018825735 18.5822516920001,-34.0192489119999</coordinates></LinearRing></outerBoundaryIs></Polygon>
  </Placemark>
  <Placemark>
	<name>7630218</name>
	<Style><LineStyle><color>ff0000ff</color></LineStyle><PolyStyle><fill>0</fill></PolyStyle></Style>
      <Polygon><outerBoundaryIs><LinearRing><coordinates>27.7692686650001,-26.0757247849999 27.7682133610001,-26.0770456629999 27.768094551,-26.077248337 27.767940798,-26.0775069229999 27.7678643620001,-26.0776667399999 27.7678513700001,-26.0777251979999 27.767844875,-26.0777901509999 27.7679910210001,-26.078507886 27.768010507,-26.0785306199999 27.7680397350001,-26.0785338669999 27.768120927,-26.0785306199999 27.7689553320001,-26.0784005089999 27.768955916,-26.0784035419999 27.7691746500001,-26.079542354 27.7691746500001,-26.0796193819999 27.769165022,-26.0796819679999 27.769150579,-26.07973011 27.7691625340001,-26.0798358899999 27.7691532640001,-26.0798372549999 27.7667893700001,-26.0802057429999 27.7659411490001,-26.080414323 27.765753428,-26.0798928749999 27.7653501760001,-26.078585781 27.7649260640001,-26.0774177389999 27.7647019290001,-26.0767335349999 27.7646575840001,-26.0765981669999 27.764888053,-26.0765318549999 27.7653798160001,-26.0763954249999 27.765420872,-26.076518872 27.7654375540001,-26.0765856009999 27.7654667470001,-26.0766147919999 27.7655001110001,-26.0766189619999 27.7655543270001,-26.0766106229999 27.7661339750001,-26.0764574629999 27.7662972020001,-26.0764100849999 27.7663071960001,-26.0764040889999 27.7663118620001,-26.076392762 27.7663125270001,-26.0763774369999 27.7662972020001,-26.0763307949999 27.7662525590001,-26.0762055289999 27.766064187,-26.0756824979999 27.7660361250001,-26.075599597 27.7660304920001,-26.0755826929999 27.7660304920001,-26.0755702949999 27.7660327470001,-26.0755590269999 27.7660395070001,-26.0755477579999 27.7660530310001,-26.0755387409999 27.766111014,-26.0755180369999 27.7668244820001,-26.0753183219999 27.767708741,-26.0750814169999 27.7677376660001,-26.0750703979999 27.7677541940001,-26.0750552469999 27.767762458,-26.0750332089999 27.767762458,-26.0750042849999 27.7677417980001,-26.0749381729999 27.7675531010001,-26.074391364 27.7672666130001,-26.0735580659999 27.7672250160001,-26.0734483419999 27.767426281,-26.0734538069999 27.7675944170001,-26.0734642219999 27.767720409,-26.0734750349999 27.7681105440001,-26.0735085169999 27.7682412870001,-26.0735263449999 27.7683720300001,-26.0735738879999 27.768508716,-26.073645203 27.7687642600001,-26.0738532029999 27.7691743180001,-26.074203833 27.769412032,-26.074417777 27.7695368330001,-26.0745782339999 27.7696913490001,-26.0747743489999 27.7698092460001,-26.074911261 27.7698755770001,-26.0749882929999 27.7698815830001,-26.0749932979999 27.769953527,-26.0750748859999 27.7699656350001,-26.0750950669999 27.7699696720001,-26.075110203 27.7699676540001,-26.0751273579999 27.7699555440001,-26.0751495569999 27.7695670510001,-26.0754684249999 27.769324575,-26.0756548969999 27.7692686650001,-26.0757247849999</coordinates></LinearRing></outerBoundaryIs></Polygon>
  </Placemark>
  <Placemark>
	<name>8630109</name>
	<Style><LineStyle><color>ff0000ff</color></LineStyle><PolyStyle><fill>0</fill></PolyStyle></Style>
      <Polygon><outerBoundaryIs><LinearRing><coordinates>29.9078477500001,-27.3662900229999 29.9080792400001,-27.3663578329999 29.9083731970001,-27.3666117049999 29.9085288480001,-27.366813303 29.9084908680001,-27.366764471 29.908308752,-27.3669149129999 29.9081266380001,-27.3671762079999 29.9076753100001,-27.3685064379999 29.907672468,-27.3685746479999 29.907626689,-27.3685637809999 29.907483051,-27.36903144 29.906914467,-27.3688714769999 29.9071691610001,-27.3681891259999 29.906943497,-27.368123802 29.906593124,-27.36805254 29.9064057310001,-27.3679730289999 29.905466124,-27.3677302099999 29.90481249,-27.3675241739999 29.9048857800001,-27.3673036769999 29.9050684080001,-27.3667542299999 29.9052803660001,-27.3660899229999 29.905460846,-27.3661571609999 29.9065535340001,-27.3664738819999 29.9075195340001,-27.366743094 29.9076541410001,-27.3667826859999 29.9078125010001,-27.3663947019999 29.9078477500001,-27.3662900229999</coordinates></LinearRing></outerBoundaryIs></Polygon>
  </Placemark>
  <Placemark>
	<name>5740075</name>
	<Style><LineStyle><color>ff0000ff</color></LineStyle><PolyStyle><fill>0</fill></PolyStyle></Style>
      <Polygon><outerBoundaryIs><LinearRing><coordinates>30.2372749820001,-28.1680468549999 30.2372845180001,-28.1680563119999 30.2357636460001,-28.169331956 30.2340902510001,-28.1707129919999 30.2324331670001,-28.1720805659999 30.2308685140001,-28.1706046899999 30.227813047,-28.1731129379999 30.225866511,-28.1747032459999 30.224314377,-28.1732717849999 30.2259869270001,-28.171909894 30.227631042,-28.1705167029999 30.2268670350001,-28.1697789109999 30.226893251,-28.1697601859999 30.2285298400001,-28.168374523 30.229313387,-28.1691217159999 30.2309848130001,-28.1677285329999 30.2326743410001,-28.1663834329999 30.233602626,-28.1656620079999 30.2339533530001,-28.1657458759999 30.2343727000001,-28.1659237819999 30.2347361330001,-28.1661372679999 30.235269847,-28.1664422469999 30.235572286,-28.1666150699999 30.2356523300001,-28.1666673129999 30.235996716,-28.166892092 30.236281364,-28.1671106599999 30.2365405960001,-28.1673622689999 30.236975192,-28.1677689089999 30.2372749820001,-28.1680468549999</coordinates></LinearRing></outerBoundaryIs></Polygon>
  </Placemark>
  <Placemark>
	<name>7972028</name>
	<Style><LineStyle><color>ff0000ff</color></LineStyle><PolyStyle><fill>0</fill></PolyStyle></Style>
      <Polygon><outerBoundaryIs><LinearRing><coordinates>28.387864187,-26.392061495 28.387781573,-26.3933221029999 28.3877234390001,-26.393432253 28.3872028630001,-26.3938676929999 28.3871099520001,-26.3950406769999 28.3870634990001,-26.3952226259999 28.3871099520001,-26.3953890889999 28.3870712400001,-26.3955245829999 28.386924133,-26.3957568569999 28.3868869080001,-26.3958466349999 28.3855035800001,-26.395776296 28.3856157170001,-26.3937816219999 28.3861619210001,-26.393811243 28.3862130830001,-26.3929095009999 28.386249192,-26.3924950439999 28.386303942,-26.3918666389999 28.387864187,-26.392061495</coordinates></LinearRing></outerBoundaryIs></Polygon>
  </Placemark>
  <Placemark>
	<name>7993590</name>
	<Style><LineStyle><color>ff0000ff</color></LineStyle><PolyStyle><fill>0</fill></PolyStyle></Style>
      <Polygon><outerBoundaryIs><LinearRing><coordinates>28.3485793990001,-25.7109773109999 28.348602585,-25.7113118549999 28.348602585,-25.7121602009999 28.3486002480001,-25.7127186629999 28.3486133800001,-25.714704927 28.3479853520001,-25.7147068129999 28.346035681,-25.7147126679999 28.3458090030001,-25.7147131069999 28.345796421,-25.714423951 28.3457753960001,-25.7129142409999 28.3457757670001,-25.712736924 28.3457769870001,-25.7121531579999 28.3457794560001,-25.7109726529999 28.346124977,-25.7109694289999 28.3480698130001,-25.7109840159999 28.3485160820001,-25.710978145 28.3485793990001,-25.7109773109999</coordinates></LinearRing></outerBoundaryIs></Polygon>
  </Placemark>
  <Placemark>
	<name>7981606</name>
	<Style><LineStyle><color>ff0000ff</color></LineStyle><PolyStyle><fill>0</fill></PolyStyle></Style>
      <Polygon><outerBoundaryIs><LinearRing><coordinates>28.0008002050001,-26.2486707499999 27.9991200000001,-26.2499099999999 27.9975000000001,-26.2508899999999 27.996168809,-26.2516133359999 27.9949974130001,-26.252283894 27.9948371080001,-26.2521014169999 27.9945631240001,-26.2517533829999 27.9944739260001,-26.2515592469999 27.994437239,-26.2514793989999 27.9944002140001,-26.2512424399999 27.9944076180001,-26.2510054809999 27.9944742640001,-26.2507166859999 27.9945779350001,-26.2504797269999 27.994777867,-26.2502131479999 27.995044448,-26.2500354279999 27.9945335030001,-26.2498428989999 27.9940003450001,-26.2496873939999 27.993689337,-26.2496059399999 27.9934454500001,-26.2495617239999 27.9926427620001,-26.2494161979999 27.9926427620001,-26.2491070629999 27.9927503740001,-26.2491088069999 27.9930346550001,-26.2491140389999 27.9934043950001,-26.2490268359999 27.9936747230001,-26.248962306 27.9940496950001,-26.2488716149999 27.9944857090001,-26.2487687159999 27.9947647600001,-26.2487129059999 27.9948205680001,-26.2486937219999 27.9950054390001,-26.2485541969999 27.9951258740001,-26.2484467079999 27.995172772,-26.2484397599999 27.995172772,-26.2482208639999 27.995275586,-26.2482042809999 27.995361818,-26.2481711149999 27.995467949,-26.2481147329999 27.9960782040001,-26.247653726 27.9964496640001,-26.2473784469999 27.9966088610001,-26.2472689989999 27.9967116750001,-26.2471429679999 27.9967833870001,-26.2470314969999 27.9968193350001,-26.2469575659999 27.997034763,-26.2469540339999 27.9973172910001,-26.2469552109999 27.9980236100001,-26.2469587429999 27.9982073990001,-26.2470733579999 27.9983084280001,-26.2470986159999 27.998633167,-26.2471202649999 27.9988857420001,-26.2470950089999 27.999019246,-26.2470444929999 27.9992085140001,-26.2469412839999 27.9992820000001,-26.2470189999999 27.999513,-26.2472659999999 27.9997550000001,-26.2475289999999 28.000097,-26.247901 28.0003480000001,-26.2481739999999 28.0008002050001,-26.2486707499999</coordinates></LinearRing></outerBoundaryIs></Polygon>
  </Placemark>
  <Placemark>
	<name>8710019</name>
	<Style><LineStyle><color>ff0000ff</color></LineStyle><PolyStyle><fill>0</fill></PolyStyle></Style>
      <Polygon><outerBoundaryIs><LinearRing><coordinates>28.8139300320001,-25.403918459 28.8138927750001,-25.404136375 28.813882434,-25.4042570279999 28.8138686450001,-25.4043535489999 28.813551503,-25.4052877399999 28.8126965980001,-25.4050602249999 28.8126682260001,-25.4051970539999 28.812618479,-25.4054258899999 28.8127179720001,-25.4059432569999 28.812792593,-25.4063884909999 28.8128398540001,-25.4066123519999 28.8128697010001,-25.4067715419999 28.812874675,-25.406987941 28.8128770430001,-25.4070354539999 28.812621945,-25.4070864749999 28.8124688830001,-25.4071204879999 28.8122477950001,-25.4071340929999 28.8121117420001,-25.4071545009999 28.811972288,-25.407198719 28.8118702470001,-25.407232732 28.8116525610001,-25.4072735489999 28.8116084170001,-25.4072739979999 28.8114333250001,-25.4072757839999 28.8109863560001,-25.4072923379999 28.8108870290001,-25.4067377649999 28.8106800990001,-25.405682419 28.810593188,-25.4055334299999 28.8103283170001,-25.4050202429999 28.8100993790001,-25.4046128329999 28.810364141,-25.4044222049999 28.8106387270001,-25.4040103249999 28.810678206,-25.4039024189999 28.8108857140001,-25.403335227 28.8108934380001,-25.4033367239999 28.8109424560001,-25.4031662279999 28.811051492,-25.4031929149999 28.8118086540001,-25.4033834269999 28.8131226930001,-25.4037156009999 28.8139300320001,-25.403918459</coordinates></LinearRing></outerBoundaryIs></Polygon>
  </Placemark>
  <Placemark>
	<name>5660168</name>
	<Style><LineStyle><color>ff0000ff</color></LineStyle><PolyStyle><fill>0</fill></PolyStyle></Style>
      <Polygon><outerBoundaryIs><LinearRing><coordinates>30.4143350480001,-29.5586985749999 30.414616106,-29.5588220959999 30.4149472610001,-29.5589614499999 30.415064139,-29.5590318769999 30.4154956900001,-29.55928811 30.4157444300001,-29.5589224909999 30.4157654090001,-29.5588850309999 30.4157833900001,-29.5588310859999 30.4157761870001,-29.5587761429999 30.4158776570001,-29.5587916709999 30.4161275540001,-29.5590502599999 30.4161753600001,-29.5591197959999 30.4165783980001,-29.558832455 30.416608662,-29.5590250389999 30.4166702810001,-29.5594003559999 30.4166908220001,-29.559531063 30.416713228,-29.5595889479999 30.4167625270001,-29.5596053219999 30.4163863750001,-29.5601205569999 30.4157478610001,-29.5609518879999 30.4150475210001,-29.5618401999999 30.4149372200001,-29.5619969449999 30.414715803,-29.5622913459999 30.4144939640001,-29.5621545259999 30.414097961,-29.5619144169999 30.413882937,-29.5617782339999 30.413676873,-29.5616366759999 30.413546066,-29.5615650009999 30.413418843,-29.5614915339999 30.413282661,-29.5614144849999 30.4130282170001,-29.5612800939999 30.4127809380001,-29.5611242019999 30.412515742,-29.5609485989999 30.412223667,-29.560755077 30.4120391050001,-29.5606386059999 30.4119262170001,-29.5605615549999 30.4118635020001,-29.560506007 30.411739863,-29.5603859519999 30.4115320060001,-29.5601709279999 30.4113384840001,-29.5599684469999 30.411168257,-29.5597910519999 30.4110517860001,-29.5596763729999 30.4109747350001,-29.559617241 30.4108779740001,-29.5595599009999 30.4106934120001,-29.5594577649999 30.410607402,-29.5594111759999 30.4105966500001,-29.5593968409999 30.4105681190001,-29.5593249539999 30.4105824260001,-29.5592554709999 30.410858315,-29.5588937479999 30.4109974280001,-29.5586936289999 30.4110751750001,-29.5587281839999 30.411282499,-29.5587972909999 30.411527833,-29.5588836759999 30.411615946,-29.5589130469999 30.4117455240001,-29.5589441459999 30.4120997050001,-29.5590253479999 30.4124625220001,-29.5590892719999 30.4127337720001,-29.5591376489999 30.4129272750001,-29.5591739309999 30.413013661,-29.5591894799999 30.4130793130001,-29.5592136679999 30.413201981,-29.5592862319999 30.4133073710001,-29.559351885 30.4133885730001,-29.5593898939999 30.4134663200001,-29.5593916219999 30.4135319710001,-29.5593691629999 30.4136408180001,-29.559339791 30.4137151090001,-29.5593311519999 30.4138014950001,-29.5593432459999 30.413905157,-29.5593674339999 30.413924163,-29.5592689549999 30.413950077,-29.5591566539999 30.413981176,-29.5590754519999 30.4140433730001,-29.5590011599999 30.4141902280001,-29.5588681269999 30.4143215340001,-29.5587195429999 30.4143350480001,-29.5586985749999</coordinates></LinearRing></outerBoundaryIs></Polygon>
  </Placemark>
  <Placemark>
	<name>1640099</name>
	<Style><LineStyle><color>ff0000ff</color></LineStyle><PolyStyle><fill>0</fill></PolyStyle></Style>
      <Polygon><outerBoundaryIs><LinearRing><coordinates>18.3811671480001,-33.3801954699999 18.3800523830001,-33.3822229209999 18.3798756400001,-33.3825583719999 18.37982658,-33.3826532209999 18.379824371,-33.3826574909999 18.3797674300001,-33.3827675779999 18.379741874,-33.3827961409999 18.3797408830001,-33.3827972489999 18.3797063640001,-33.3828358289999 18.3797061110001,-33.3828361109999 18.3796628270001,-33.3828505399999 18.3795834730001,-33.3828613599999 18.3794500130001,-33.3828252909999 18.3789342140001,-33.3826232979999 18.3788078360001,-33.382647372 18.3788074460001,-33.3826474459999 18.3787357040001,-33.3827779719999 18.3786597360001,-33.3829161829999 18.378582479,-33.383056742 18.3785119970001,-33.3831849719999 18.3784393770001,-33.3833170939999 18.378366456,-33.3834497639999 18.3782524330001,-33.3836572079999 18.3781683190001,-33.383810239 18.3781491920001,-33.3838359289999 18.378144309,-33.3838448289999 18.3778029910001,-33.3844669669999 18.3775669810001,-33.3848971529999 18.3772127910001,-33.3855427509999 18.3767976590001,-33.3862994339999 18.3764956990001,-33.3868498299999 18.3763309990001,-33.3871500369999 18.37615408,-33.3874725169999 18.3759748320001,-33.3877992409999 18.375728005,-33.3882491429999 18.3754926970001,-33.3886780509999 18.3754688820001,-33.3887214609999 18.375468621,-33.3887219379999 18.375283734,-33.3886648139999 18.3736189050001,-33.3880163569999 18.3720947610001,-33.3874144669999 18.3723620410001,-33.3869280769999 18.3728356140001,-33.3860662829999 18.373450232,-33.384947817 18.373756572,-33.384390348 18.374050642,-33.3838552079999 18.3744404980001,-33.383145758 18.3746893080001,-33.3826929809999 18.3747920320001,-33.382506045 18.3744573360001,-33.3823754079999 18.3743360110001,-33.3823280529999 18.3738542550001,-33.3821397199999 18.3735852400001,-33.3821249299999 18.3729985020001,-33.3819085119999 18.3727628450001,-33.3818027059999 18.372921552,-33.3815189559999 18.37286384,-33.3814516259999 18.3728253660001,-33.3813987229999 18.3728205550001,-33.3812784899999 18.372527188,-33.3811342099999 18.3724310010001,-33.3810764979999 18.3718394540001,-33.3808552689999 18.3718875480001,-33.3805859469999 18.3718880370001,-33.3805859619999 18.372363669,-33.3806003749999 18.3726281840001,-33.3805955649999 18.3728624000001,-33.380577549 18.372862345,-33.3805772109999 18.372828472,-33.3803693289999 18.372839807,-33.3802630549999 18.3728398850001,-33.380262323 18.3664806560001,-33.3779312369999 18.36645,-33.3779199999999 18.3662941890001,-33.377862885 18.3663141140001,-33.3778182139999 18.366626678,-33.3771174149999 18.3709130400001,-33.3675070189999 18.3776619600001,-33.3523469709999 18.3776623100001,-33.3523470609999 18.3823830000001,-33.3535310079999 18.3915070640001,-33.3558085679999 18.3922297390001,-33.3559889619999 18.392473694,-33.3560498599999 18.392477629,-33.356064397 18.3924985340001,-33.3561416089999 18.3924796000001,-33.3561692329999 18.392384457,-33.3563080439999 18.3921185510001,-33.3566959939999 18.3914124270001,-33.3577262129999 18.3913306680001,-33.3578464469999 18.3904890360001,-33.3589525919999 18.38996001,-33.3596980369999 18.3897291630001,-33.3600010249999 18.3898782510001,-33.3600972109999 18.3893005310001,-33.3607891529999 18.3890465710001,-33.3610930729999 18.388860477,-33.3613157749999 18.3884564940001,-33.3618460029999 18.3882702210001,-33.3620706489999 18.387616064,-33.3628595689999 18.3872337220001,-33.3633212629999 18.3875944230001,-33.3635376839999 18.387475367,-33.3636823449999 18.3867102010001,-33.3646120959999 18.3866385680001,-33.3646991369999 18.3863377380001,-33.3650713509999 18.3860001290001,-33.3654890689999 18.3854157960001,-33.366217682 18.3852293040001,-33.3663652039999 18.3851348650001,-33.3663872159999 18.3850282980001,-33.3664120539999 18.3846547200001,-33.3668236569999 18.3842759860001,-33.3672889599999 18.383615906,-33.3680752839999 18.3830207510001,-33.3687606139999 18.3825374150001,-33.3693701969999 18.3820648970001,-33.369972565 18.381621237,-33.3704775439999 18.3815136280001,-33.3705732629999 18.3812651640001,-33.3706616169999 18.3809729960001,-33.3710268259999 18.3808999550001,-33.3711485619999 18.3811407210001,-33.3713027609999 18.3822417570001,-33.3719520199999 18.382961353,-33.3724308499999 18.3834618230001,-33.3727338369999 18.383337382,-33.3727987629999 18.3829802910001,-33.3729989509999 18.3826204920001,-33.3732343069999 18.382358083,-33.3734534309999 18.3820794420001,-33.3737591249999 18.3819117180001,-33.3739944819999 18.3818035070001,-33.3742054909999 18.381700708,-33.3744029739999 18.3816305490001,-33.3745643659999 18.3816219080001,-33.3745842459999 18.3816132670001,-33.3746041249999 18.3812114330001,-33.375605623 18.380947285,-33.3761509589999 18.3815693120001,-33.3763980659999 18.3801889250001,-33.3788946899999 18.3815778320001,-33.3794485489999 18.3811671480001,-33.3801954699999</coordinates></LinearRing></outerBoundaryIs></Polygon>
  </Placemark>
  <Placemark>
	<name>1760080</name>
	<Style><LineStyle><color>ff0000ff</color></LineStyle><PolyStyle><fill>0</fill></PolyStyle></Style>
      <Polygon><outerBoundaryIs><LinearRing><coordinates>22.041757347,-34.1926481419999 22.041747823,-34.1927465639999 22.0417686960001,-34.193104456 22.0417064840001,-34.1932947509999 22.0415245010001,-34.1936248189999 22.0418033870001,-34.193714875 22.0425031080001,-34.1939442929999 22.0423826640001,-34.1941909159999 22.0421704540001,-34.194638278 22.0421532480001,-34.1947988699999 22.042130306,-34.1949651969999 22.042130306,-34.195183143 22.0422048670001,-34.1954297659999 22.042459137,-34.1959100619999 22.0426357700001,-34.1960600789999 22.0429551610001,-34.1962657479999 22.0432600340001,-34.1963891489999 22.043647175,-34.1964496399999 22.044014958,-34.1964665769999 22.044322251,-34.1964762559999 22.0446682580001,-34.1964641559999 22.0451328270001,-34.1964520589999 22.0452949410001,-34.1963988269999 22.0458974300001,-34.1962100959999 22.0459772780001,-34.1961858999999 22.0461853660001,-34.1961181489999 22.0463910340001,-34.1960383029999 22.0465676670001,-34.1959923299999 22.0470152990001,-34.1958011789999 22.0472572610001,-34.1956414829999 22.0475516500001,-34.195385406 22.0477335520001,-34.1952321169999 22.0478965300001,-34.1953631009999 22.0480873240001,-34.1955276589999 22.0483782850001,-34.1956492909999 22.0485464220001,-34.1957112989999 22.0487725930001,-34.1957974869999 22.048950667,-34.1958674449999 22.049176086,-34.195934458 22.0495039690001,-34.19605129 22.049696177,-34.1961643529999 22.0498753020001,-34.1962900549999 22.04990625,-34.1963131839999 22.050019374,-34.1963957339999 22.049999159,-34.1966282069999 22.049679471,-34.1967473539999 22.0496655200001,-34.19675839 22.049397936,-34.1968380409999 22.0491370670001,-34.1970265909999 22.0489467200001,-34.1972880769999 22.0488797310001,-34.1973801029999 22.0486665830001,-34.1978089969999 22.0485002250001,-34.1981261179999 22.04892392,-34.1984328419999 22.0493450150001,-34.1988201459999 22.0494853810001,-34.1989631119999 22.048613538,-34.1996309049999 22.0484702840001,-34.1999120209999 22.0483511510001,-34.2001594509999 22.046331233,-34.1996915269999 22.0463306590001,-34.1996915409999 22.0463318770001,-34.1996881899999 22.046113188,-34.1995666959999 22.0458702010001,-34.1994816499999 22.0457608580001,-34.1994330539999 22.0455907670001,-34.1994330539999 22.0453477810001,-34.1994330539999 22.0450197490001,-34.199420905 22.0447524630001,-34.1993601569999 22.044460879,-34.1993601569999 22.044035652,-34.1993601569999 22.0437805160001,-34.1993480079999 22.0435861270001,-34.19931156 22.0434524840001,-34.1992143659999 22.0431609000001,-34.1990564249999 22.0429665110001,-34.198776989 22.0429058570001,-34.1986637389999 22.0428317320001,-34.1985992819999 22.042764053,-34.1984768149999 22.0427620760001,-34.1982267159999 22.0426019530001,-34.1982110939999 22.0423507020001,-34.1982136979999 22.0421697500001,-34.1982852969999 22.041949742,-34.1984428169999 22.041628195,-34.1987005759999 22.04139517,-34.1988841319999 22.0412116140001,-34.1990338419999 22.041151035,-34.1990807099999 22.041149207,-34.1990821969999 22.0407416240001,-34.1990745079999 22.0403336430001,-34.1990783559999 22.039679333,-34.1990591129999 22.039128943,-34.1990629609999 22.0388722580001,-34.199044581 22.0387794860001,-34.1990201419999 22.0387569420001,-34.1990201399999 22.0384749070001,-34.1989480199999 22.038083273,-34.1988029699999 22.037698892,-34.198628911 22.037394287,-34.198384744 22.037254073,-34.1982372769999 22.037247343,-34.1982321909999 22.0366013500001,-34.1977441079999 22.0360864250001,-34.1972847849999 22.0356295180001,-34.1969124909999 22.0355304000001,-34.1968037039999 22.0349888820001,-34.1963347089999 22.0346408410001,-34.1960519269999 22.0346407630001,-34.1960518629999 22.0346403140001,-34.1960522079999 22.0346311980001,-34.1960419099999 22.0346467530001,-34.1960293089999 22.034647024,-34.1960282709999 22.0347627190001,-34.1959356399999 22.034949569,-34.1957718879999 22.03571035,-34.1951516459999 22.036120349,-34.1948202469999 22.0368298820001,-34.1942424259999 22.0370231960001,-34.1940746019999 22.0375011740001,-34.1937070899999 22.0381873380001,-34.1934585409999 22.0388883720001,-34.193214242 22.0397317380001,-34.1929423249999 22.0403987820001,-34.1927213929999 22.040630336,-34.192659788 22.0409489880001,-34.19265129 22.0412761360001,-34.1926555399999 22.0417552870001,-34.1926454829999 22.041757347,-34.1926481419999</coordinates></LinearRing></outerBoundaryIs></Polygon>
  </Placemark>
  <Placemark>
	<name>1790052</name>
	<Style><LineStyle><color>ff0000ff</color></LineStyle><PolyStyle><fill>0</fill></PolyStyle></Style>
      <Polygon><outerBoundaryIs><LinearRing><coordinates>23.3691603830001,-34.0693663459999 23.3701008340001,-34.0697312979999 23.3705853020001,-34.0688848109999 23.3709952340001,-34.0690392019999 23.3717033010001,-34.0693053919999 23.3719215770001,-34.0694384879999 23.3720067580001,-34.0695396399999 23.3722623010001,-34.0700294299999 23.372251653,-34.0701731729999 23.372155825,-34.0704606589999 23.3728425960001,-34.0706310209999 23.3729064820001,-34.0705564869999 23.373098138,-34.0701465539999 23.3733110910001,-34.069678059 23.3736624620001,-34.0690445259999 23.3740542640001,-34.0682796589999 23.3741594670001,-34.068191989 23.3742477930001,-34.0681527329999 23.3759345120001,-34.0682068529999 23.3759002690001,-34.068271637 23.37582016,-34.0683593749999 23.375370026,-34.0695610049999 23.3753299720001,-34.0696716309999 23.375280381,-34.0697784419999 23.3752002720001,-34.0699081419999 23.3751297000001,-34.0700111389999 23.3750705730001,-34.0701103209999 23.3749904640001,-34.070251465 23.3749504090001,-34.0703315729999 23.3749008180001,-34.0704002379999 23.3748302470001,-34.0704994199999 23.3748092650001,-34.070571899 23.374780656,-34.0707015989999 23.3747196200001,-34.0708389279999 23.374689103,-34.0709381099999 23.3746604920001,-34.0709991459999 23.374599457,-34.0711517329999 23.3745498660001,-34.0712203979999 23.3744792940001,-34.0713195799999 23.3743495950001,-34.071510315 23.3742694860001,-34.0715904239999 23.3740997310001,-34.0719299319999 23.3740291600001,-34.0720291139999 23.373889923,-34.0723381039999 23.373830796,-34.0724792479999 23.3737697610001,-34.0725517269999 23.3737297060001,-34.0726890559999 23.3736896520001,-34.0727500919999 23.3736190800001,-34.0728683469999 23.3735599520001,-34.0729598999999 23.3735008240001,-34.0730590819999 23.3735008240001,-34.0732383729999 23.3734893800001,-34.073371887 23.3734397890001,-34.0735893249999 23.3733997350001,-34.0736999509999 23.373340607,-34.0738410949999 23.373300553,-34.073951721 23.373239518,-34.0740509029999 23.3732204440001,-34.074131012 23.3731803890001,-34.0741996769999 23.3731498720001,-34.0743217469999 23.373109818,-34.0744895939999 23.3730793010001,-34.0745506289999 23.373029709,-34.0746383669999 23.37302837,-34.0746400669999 23.3729095460001,-34.0747909549999 23.3728809360001,-34.0749206539999 23.372760773,-34.0751190189999 23.3727207190001,-34.075248718 23.3726902010001,-34.0754699709999 23.372610093,-34.0755615229999 23.3725395200001,-34.0759201049999 23.372414587,-34.076217739 23.369995406,-34.0755250679999 23.3702672090001,-34.0748506209999 23.3704237080001,-34.0743811219999 23.3705332580001,-34.0740055219999 23.3705019580001,-34.0737551219999 23.370580208,-34.0734890719999 23.3706897580001,-34.0733012719999 23.3707993080001,-34.0731760719999 23.3707993080001,-34.0727848229999 23.3707523580001,-34.072597023 23.370314158,-34.0726283229999 23.370001158,-34.0726439729999 23.3697351090001,-34.0726752729999 23.3695629590001,-34.0727378739999 23.3694064590001,-34.0729100229999 23.3691873580001,-34.0731760719999 23.3684205100001,-34.0729256729999 23.3681075100001,-34.0734108219999 23.3680292600001,-34.0735673219999 23.3677945100001,-34.0738333719999 23.36762236,-34.0739742219999 23.36684776,-34.0736643819999 23.3662859520001,-34.0747173429999 23.3660515120001,-34.0746325449999 23.365629019,-34.074582098 23.3650677940001,-34.0747145209999 23.364765112,-34.074865863 23.3643426170001,-34.0752379099999 23.363749865,-34.0759756979999 23.3632769230001,-34.0766315099999 23.3630373000001,-34.0769783329999 23.3627976760001,-34.0776467569999 23.3626417400001,-34.0778853339999 23.3625446090001,-34.0777263939999 23.3614976250001,-34.0767770099999 23.3615011380001,-34.0767701219999 23.3616519300001,-34.0764744449999 23.3624884160001,-34.0743677389999 23.3631947570001,-34.07436165 23.3632355880001,-34.0742554909999 23.363349913,-34.0740758359999 23.3639868700001,-34.0733735499999 23.3644033420001,-34.0722547919999 23.364754485,-34.0716749979999 23.365040299,-34.070719563 23.365350612,-34.0706297359999 23.3656935880001,-34.0704827469999 23.3663387110001,-34.06996828 23.3666326900001,-34.0694129829999 23.366771515,-34.0690210109999 23.3668776750001,-34.068841356 23.367122657,-34.0687188649999 23.3673513090001,-34.0686698679999 23.368117999,-34.0678116329999 23.3684455690001,-34.0674449509999 23.3687967110001,-34.0670366459999 23.369090692,-34.0668488239999 23.3695135300001,-34.0666315329999 23.369653213,-34.066695024 23.3704768700001,-34.0670263569999 23.3704725740001,-34.0670343699999 23.3691837820001,-34.069320596 23.3691603830001,-34.0693663459999</coordinates></LinearRing></outerBoundaryIs></Polygon>
  </Placemark>
  <Placemark>
	<name>1990751</name>
	<Style><LineStyle><color>ff0000ff</color></LineStyle><PolyStyle><fill>0</fill></PolyStyle></Style>
      <Polygon><outerBoundaryIs><LinearRing><coordinates>18.5021297850001,-33.8282698689999 18.5020407150001,-33.828474227 18.5017539,-33.8293314479999 18.500851561,-33.8290897499999 18.5001393590001,-33.8289221729999 18.499452664,-33.8287263399999 18.4985935170001,-33.8285150739999 18.4983963350001,-33.8290221119999 18.498354082,-33.8290807969999 18.498262534,-33.8291723449999 18.4987605910001,-33.8299814059999 18.4984428150001,-33.8301155319999 18.498407,-33.830058 18.4981940000001,-33.829719 18.4979690000001,-33.8298159999999 18.4977440000001,-33.8299139999999 18.4975160000001,-33.830013 18.4972900000001,-33.8301109999999 18.4970640000001,-33.8302089999999 18.496761,-33.8303399999999 18.4965480000001,-33.8299999999999 18.4964858040001,-33.8299000919999 18.4964540000001,-33.8298489999999 18.496243,-33.8295089999999 18.4960310000001,-33.8291689999999 18.495984191,-33.8290938069999 18.4956815780001,-33.8292283009999 18.495378734,-33.8293591299999 18.4952382150001,-33.8294560399999 18.4950928490001,-33.8295577949999 18.4949184110001,-33.8297225429999 18.494775469,-33.829926053 18.494753732,-33.8299673159999 18.4947264840001,-33.8300190379999 18.494718907,-33.8300334179999 18.494713914,-33.8300470249999 18.4946110000001,-33.8300479999999 18.4923969070001,-33.8296975179999 18.4923810000001,-33.829695 18.4923290870001,-33.8296174189999 18.493275457,-33.829213357 18.4936680550001,-33.8290370199999 18.4949190500001,-33.8284946999999 18.495085406,-33.8284181769999 18.4951619290001,-33.8283416529999 18.495421444,-33.8276496129999 18.4957774460001,-33.8277527539999 18.4970092380001,-33.8280815689999 18.4973913330001,-33.8270506139999 18.4984309330001,-33.8273445699999 18.5012378540001,-33.8280292719999 18.5021297850001,-33.8282698689999</coordinates></LinearRing></outerBoundaryIs></Polygon>
  </Placemark>
  <Placemark>
	<name>7980223</name>
	<Style><LineStyle><color>ff0000ff</color></LineStyle><PolyStyle><fill>0</fill></PolyStyle></Style>
      <Polygon><outerBoundaryIs><LinearRing><coordinates>27.9088248990001,-26.0845438819999 27.9087743410001,-26.0845910129999 27.9086468840001,-26.0847224789999 27.9085082020001,-26.0848723829999 27.908323829,-26.0850126669999 27.90806452,-26.0852321679999 27.9078210010001,-26.0854611149999 27.9075171570001,-26.0851130479999 27.9074133680001,-26.0850881379999 27.9071902220001,-26.084929342 27.907160123,-26.0849065079999 27.9071435170001,-26.0848919779999 27.9071165320001,-26.0848608409999 27.906959811,-26.0846781729999 27.9069203710001,-26.0846335419999 27.9068870390001,-26.084603672 27.9068542150001,-26.0845742569999 27.90684624,-26.0845702689999 27.906832948,-26.0845676099999 27.906807029,-26.084563623 27.9066322420001,-26.0844287109999 27.9065757530001,-26.0843343399999 27.906522635,-26.0842620719999 27.906483483,-26.0842212169999 27.9064329820001,-26.084171851 27.9064239030001,-26.0841656089999 27.906406313,-26.0841570969999 27.906224169,-26.0840759549999 27.9061126970001,-26.0840325149999 27.9060758540001,-26.08401585 27.9060425220001,-26.0839974279999 27.905930718,-26.0839161889999 27.9059890300001,-26.0838567609999 27.9060871280001,-26.0837567819999 27.9064005180001,-26.0834124389999 27.9064487410001,-26.0833599329999 27.9069290450001,-26.0828369819999 27.9074494490001,-26.0833075199999 27.9088248990001,-26.0845438819999</coordinates></LinearRing></outerBoundaryIs></Polygon>
  </Placemark>
  <Placemark>
	<name>7983528</name>
	<Style><LineStyle><color>ff0000ff</color></LineStyle><PolyStyle><fill>0</fill></PolyStyle></Style>
      <Polygon><outerBoundaryIs><LinearRing><coordinates>27.8455077770001,-26.232809308 27.844840875,-26.2329144559999 27.843906217,-26.2330749999999 27.84278399,-26.2332609779999 27.8419590730001,-26.2334007429999 27.8419256800001,-26.2328929909999 27.8418884010001,-26.232356884 27.8418546720001,-26.231818115 27.8418005290001,-26.2310574479999 27.841798403,-26.2309910119999 27.8417980940001,-26.2309813639999 27.8427420360001,-26.2309350449999 27.8435555730001,-26.2308867929999 27.843614469,-26.2308832999999 27.8448169210001,-26.2308137079999 27.8449925390001,-26.231685448 27.8451364590001,-26.2324050489999 27.845156698,-26.2325152379999 27.8452286580001,-26.23251074 27.8452354040001,-26.2325377249999 27.8452713840001,-26.2325826999999 27.8453568370001,-26.2326816459999 27.8454220510001,-26.2327446109999 27.8455077770001,-26.232809308</coordinates></LinearRing></outerBoundaryIs></Polygon>
  </Placemark>
  <Placemark>
	<name>1991933</name>
	<Style><LineStyle><color>ff0000ff</color></LineStyle><PolyStyle><fill>0</fill></PolyStyle></Style>
      <Polygon><outerBoundaryIs><LinearRing><coordinates>18.354040238,-34.1507359369999 18.355025519,-34.1515182729999 18.3537059750001,-34.1526732089999 18.3522324900001,-34.1539502289999 18.3510168660001,-34.1529760929999 18.349632769,-34.1518356269999 18.3506609610001,-34.1509496309999 18.35240014,-34.1494620319999 18.3524200450001,-34.1494447069999 18.3540227730001,-34.150722072 18.354040238,-34.1507359369999</coordinates></LinearRing></outerBoundaryIs></Polygon>
  </Placemark>
  <Placemark>
	<name>1990729</name>
	<Style><LineStyle><color>ff0000ff</color></LineStyle><PolyStyle><fill>0</fill></PolyStyle></Style>
      <Polygon><outerBoundaryIs><LinearRing><coordinates>18.5358904350001,-34.0697538179999 18.5325002710001,-34.0702433349999 18.5319477190001,-34.0675910829999 18.5316259990001,-34.065899709 18.5316101420001,-34.0658085409999 18.5315725310001,-34.0655125 18.5318353960001,-34.0654571009999 18.531884,-34.0655439999999 18.5321510000001,-34.0659679999999 18.5324180000001,-34.0663299999999 18.5326930000001,-34.0666419999999 18.5328940000001,-34.0668479999999 18.5334510000001,-34.0673839999999 18.534068,-34.0680079999999 18.5358904350001,-34.0697538179999</coordinates></LinearRing></outerBoundaryIs></Polygon>
  </Placemark>
  <Placemark>
	<name>5240475</name>
	<Style><LineStyle><color>ff0000ff</color></LineStyle><PolyStyle><fill>0</fill></PolyStyle></Style>
      <Polygon><outerBoundaryIs><LinearRing><coordinates>30.1278887160001,-27.7813674269999 30.1279116700001,-27.7814916059999 30.12791774,-27.7817465319999 30.1280391330001,-27.7822260329999 30.1280694810001,-27.7824566779999 30.1273532640001,-27.7825416539999 30.1273413370001,-27.7825433719999 30.125124316,-27.782862764 30.1251559550001,-27.7831000559999 30.125250872,-27.7835034509999 30.1249565140001,-27.7835713119999 30.1244484160001,-27.7836413949999 30.124138884,-27.783693958 30.1235198210001,-27.7837581989999 30.1231927690001,-27.7837990809999 30.1228248360001,-27.7838691629999 30.122526985,-27.7839217249999 30.122503624,-27.7836589159999 30.1224452220001,-27.783209219 30.1226788310001,-27.7831741779999 30.1235423740001,-27.7830763269999 30.1243096150001,-27.7829576809999 30.1242067900001,-27.7823486329999 30.1240565050001,-27.7815655729999 30.1238666720001,-27.7803791149999 30.123838945,-27.7802300839999 30.1243129220001,-27.7801627729999 30.125437747,-27.7799768709999 30.1254675310001,-27.7799696799999 30.1255531880001,-27.7799489969999 30.125644375,-27.7800467769999 30.126484094,-27.7805506089999 30.127613899,-27.7812300179999 30.1277894780001,-27.7813292579999 30.1278887160001,-27.7813674269999</coordinates></LinearRing></outerBoundaryIs></Polygon>
  </Placemark>
  <Placemark>
	<name>5920269</name>
	<Style><LineStyle><color>ff0000ff</color></LineStyle><PolyStyle><fill>0</fill></PolyStyle></Style>
      <Polygon><outerBoundaryIs><LinearRing><coordinates>31.26580728,-29.3611583829999 31.2657740760001,-29.3611683199999 31.265441132,-29.361267972 31.2647319470001,-29.3615545119999 31.2643809350001,-29.3617264359999 31.2640943960001,-29.3618911959999 31.2638006930001,-29.3620917739999 31.2634926640001,-29.3623281689999 31.263234777,-29.3625359089999 31.2629554000001,-29.3628009589999 31.2627719710001,-29.3629978099999 31.2626914030001,-29.3626855929999 31.2627158440001,-29.362538953 31.262723447,-29.3624767679999 31.262718287,-29.3623580969999 31.2627389250001,-29.3621155979999 31.2627595640001,-29.3618318229999 31.2627492460001,-29.3617234719999 31.2627389250001,-29.361413899 31.2627337660001,-29.360856667 31.262721748,-29.3603779709999 31.2630420350001,-29.3602460879999 31.2635601460001,-29.3601377559999 31.2641442000001,-29.360029423 31.2648978190001,-29.3598975399999 31.2655363060001,-29.3598041779999 31.265546224,-29.3598843899999 31.265600728,-29.360218029 31.2656400960001,-29.3605375129999 31.2656885490001,-29.3607419229999 31.26580728,-29.3611583829999</coordinates></LinearRing></outerBoundaryIs></Polygon>
  </Placemark>
  <Placemark>
	<name>1640095</name>
	<Style><LineStyle><color>ff0000ff</color></LineStyle><PolyStyle><fill>0</fill></PolyStyle></Style>
      <Polygon><outerBoundaryIs><LinearRing><coordinates>18.8739218690001,-33.3562322349999 18.8733319200001,-33.3565509619999 18.8715048510001,-33.3575374339999 18.869669806,-33.3585285379999 18.8689460290001,-33.3589273719999 18.8683996810001,-33.3592545639999 18.8675398560001,-33.3597157149999 18.8670699780001,-33.3592085449999 18.8659551970001,-33.357713724 18.8654484780001,-33.3571056619999 18.8653802910001,-33.3569476639999 18.8653278030001,-33.3568973179999 18.8652742460001,-33.3568608979999 18.8650803630001,-33.3569594459999 18.8649475380001,-33.3570504959999 18.8648586320001,-33.3570944129999 18.86478365,-33.3571040539999 18.864690458,-33.3570858439999 18.8645983370001,-33.357047281 18.864412986,-33.3569631559999 18.864253025,-33.3568920619999 18.8641489230001,-33.3568209679999 18.864120992,-33.3567854209999 18.8641413060001,-33.3567194059999 18.8642225560001,-33.3566559289999 18.8642504860001,-33.3565899129999 18.8642606420001,-33.3565112019999 18.8642631810001,-33.3564375699999 18.8642276340001,-33.3562471389999 18.8642631810001,-33.3560287809999 18.8642174780001,-33.3558408889999 18.8641616190001,-33.3557215529999 18.8638823210001,-33.355361006 18.8637553670001,-33.3551985049999 18.8636918920001,-33.3551070999999 18.863643649,-33.3550156929999 18.8635547810001,-33.3547897159999 18.8633186490001,-33.354454561 18.8631231410001,-33.3540457699999 18.8630181160001,-33.3538645679999 18.862735909,-33.3535400309999 18.8624758750001,-33.3533344229999 18.862328726,-33.3531993649999 18.8622279360001,-33.3531046239999 18.8621977000001,-33.3530199619999 18.8622380150001,-33.3528748269999 18.8622682520001,-33.352824434 18.86226422,-33.3527740379999 18.862167463,-33.3527579129999 18.862068691,-33.352747834 18.8619598390001,-33.3526510769999 18.8618449410001,-33.3524958629999 18.8617522160001,-33.3523870099999 18.861697791,-33.3522519559999 18.8616151430001,-33.3522015609999 18.8614538820001,-33.3521269779999 18.8613792990001,-33.3520503779999 18.8611214750001,-33.3516599949999 18.8611938640001,-33.3516207229999 18.8620492690001,-33.3511578999999 18.862699794,-33.3507990709999 18.8626419180001,-33.3507203599999 18.8626210830001,-33.3506856339999 18.862461345,-33.3504680209999 18.8620307500001,-33.3499124129999 18.8617807250001,-33.3495952529999 18.8619242570001,-33.3495072809999 18.8623571690001,-33.3492734629999 18.862729889,-33.3490697399999 18.8632831840001,-33.348771101 18.8635864510001,-33.3485974729999 18.8637832300001,-33.3484886669999 18.8641028410001,-33.3483470339999 18.864509066,-33.3481284 18.8652800150001,-33.3477134369999 18.8655893800001,-33.3475463309999 18.8662724490001,-33.3471772729999 18.8666896810001,-33.3469518399999 18.867046443,-33.3467601499999 18.8676420310001,-33.3475396939999 18.8694445570001,-33.3498994889999 18.8718456320001,-33.3530367099999 18.8727173660001,-33.3541228519999 18.8730856560001,-33.3546486849999 18.8734822710001,-33.3552853889999 18.8737589140001,-33.3558727819999 18.8739218690001,-33.3562322349999</coordinates></LinearRing></outerBoundaryIs></Polygon>
  </Placemark>
  <Placemark>
	<name>5040039</name>
	<Style><LineStyle><color>ff0000ff</color></LineStyle><PolyStyle><fill>0</fill></PolyStyle></Style>
      <Polygon><outerBoundaryIs><LinearRing><coordinates>29.8855173890001,-30.579598136 29.8826252700001,-30.579425543 29.8797816630001,-30.579271139 29.8797828280001,-30.5792579519999 29.8801105270001,-30.575548394 29.8807265450001,-30.5671795499999 29.8815730080001,-30.566969023 29.8826427290001,-30.5667285419999 29.8837207430001,-30.5665129409999 29.884997775,-30.5662392909999 29.8864489480001,-30.5659324709999 29.8868221070001,-30.5658495469999 29.887560131,-30.565741746 29.8877840270001,-30.565741746 29.8873611130001,-30.5667865909999 29.8869091770001,-30.5670178559999 29.8865406250001,-30.5677402189999 29.8863047520001,-30.5686099999999 29.8864079460001,-30.5692733939999 29.886024653,-30.5711603779999 29.886046766,-30.5714945319999 29.886273643,-30.5715172199999 29.8862003390001,-30.5720376789999 29.8861138460001,-30.5731250069999 29.8863115430001,-30.5733350589999 29.886377155,-30.5742754849999 29.8863856790001,-30.5743976749999 29.8861879830001,-30.5775360969999 29.886163271,-30.5782033219999 29.885766318,-30.579021285 29.8856011440001,-30.5789966199999 29.8855173890001,-30.579598136</coordinates></LinearRing></outerBoundaryIs></Polygon>
  </Placemark>
  <Placemark>
	<name>7973884</name>
	<Style><LineStyle><color>ff0000ff</color></LineStyle><PolyStyle><fill>0</fill></PolyStyle></Style>
      <Polygon><outerBoundaryIs><LinearRing><coordinates>28.2158231710001,-25.998961693 28.215902756,-25.999048447 28.2161693740001,-25.9993390839999 28.2161794730001,-25.9993468409999 28.2162027620001,-25.9993647299999 28.2162341960001,-25.9993888749999 28.2162415590001,-25.999394531 28.2162423840001,-25.999395165 28.2152808980001,-26.0001122379999 28.2145658330001,-26.000653741 28.214138425,-26.0009774099999 28.2132799600001,-26.0016342979999 28.2132788220001,-26.001633071 28.2131855910001,-26.00153639 28.212917556,-26.0012584389999 28.2128157150001,-26.001152831 28.2126616420001,-26.0009930569999 28.2124053940001,-26.0007273289999 28.2123159440001,-26.0006336869999 28.2121553190001,-26.0004655319999 28.2111108400001,-25.9993427159999 28.2111849840001,-25.9992632059999 28.2115224630001,-25.9990026199999 28.2117806360001,-25.9988141539999 28.2119496530001,-25.9986907709999 28.2132286630001,-25.9977070589999 28.214972908,-25.999589968 28.21498933,-25.9996048799999 28.215593857,-25.9991483979999 28.2158231710001,-25.998961693</coordinates></LinearRing></outerBoundaryIs></Polygon>
  </Placemark>
</Folder>
</Document></kml>
