<?xml version="1.0" encoding="utf-8" ?>
<kml xmlns="http://www.opengis.net/kml/2.2">
<Document id="root_doc">
<Folder><name>census_tract_sample_v3</name>
  <Placemark>
	<name>1994941</name>
	<Style><LineStyle><color>ff0000ff</color></LineStyle><PolyStyle><fill>0</fill></PolyStyle></Style>
      <Polygon><outerBoundaryIs><LinearRing><coordinates>18.700342494,-33.7054608109999 18.6998456750001,-33.7050769059999 18.6993639110001,-33.7049263549999 18.6988972030001,-33.7047231099999 18.6984154390001,-33.7046628889999 18.69803906,-33.704519865 18.6978057060001,-33.7040456299999 18.6966389330001,-33.7023519269999 18.696909926,-33.7022164319999 18.6988950770001,-33.7012486229999 18.700831786,-33.7003044309999 18.701268385,-33.7009518009999 18.7014114090001,-33.7012303209999 18.7006737070001,-33.7041209049999 18.7006661790001,-33.7043090939999 18.7006887620001,-33.7044295349999 18.7007715650001,-33.7045424479999 18.7009446980001,-33.7046553629999 18.700342494,-33.7054608109999</coordinates></LinearRing></outerBoundaryIs></Polygon>
  </Placemark>
  <Placemark>
	<name>9760023</name>
	<Style><LineStyle><color>ff0000ff</color></LineStyle><PolyStyle><fill>0</fill></PolyStyle></Style>
      <Polygon><outerBoundaryIs><LinearRing><coordinates>29.4922898830001,-24.3198557899999 29.4923597950001,-24.3200796899999 29.4870372970001,-24.3215038639999 29.4854379800001,-24.3220369699999 29.479478622,-24.3235439339999 29.479432596,-24.3235463349999 29.4794267700001,-24.3235246149999 29.4793097710001,-24.3231428259999 29.4791845590001,-24.3227733509999 29.4790449800001,-24.3223422969999 29.4789731370001,-24.3221226649999 29.478769926,-24.3215068739999 29.478663188,-24.321172294 29.4785502940001,-24.3208397669999 29.4784168730001,-24.3204374499999 29.4783676090001,-24.3202896589999 29.4781602930001,-24.3196553959999 29.4780535560001,-24.319333131 29.4777826070001,-24.318518234 29.4775342400001,-24.317738232 29.4774480290001,-24.3174898619999 29.4772653430001,-24.3169500199999 29.4771545010001,-24.3166051759999 29.476984132,-24.3160899649999 29.4768856050001,-24.3157820679999 29.476686499,-24.3151642239999 29.4765797620001,-24.3148275919999 29.476479183,-24.3145135379999 29.4764711560001,-24.3144910309999 29.476374498,-24.3142200109999 29.4763170250001,-24.314039379 29.476169235,-24.3136021669999 29.4760501820001,-24.313245009 29.475830219,-24.312625894 29.4752798100001,-24.3109462739999 29.475280953,-24.3109459549999 29.476145607,-24.310704987 29.4761571440001,-24.3107017199999 29.4782078630001,-24.3101212179999 29.4861319710001,-24.3079347619999 29.486182307,-24.3079208729999 29.4864685030001,-24.3087797199999 29.4867089670001,-24.309502371 29.4869544670001,-24.3102804139999 29.487060317,-24.3105943329999 29.4872112960001,-24.3110420909999 29.487464349,-24.3118075439999 29.4877249560001,-24.3126158029999 29.4879679380001,-24.3133447469999 29.4885066940001,-24.3150006449999 29.4885327000001,-24.3152818659999 29.4884564980001,-24.3155649039999 29.48804283,-24.3162579789999 29.488003098,-24.3163184109999 29.4879681680001,-24.3163817399999 29.487938248,-24.3164475849999 29.4879135200001,-24.3165155499999 29.4878941300001,-24.3165852259999 29.487880197,-24.316656195 29.4878718040001,-24.3167280299999 29.487869,-24.3168002989999 29.4879448550001,-24.3171687739999 29.4881734620001,-24.3178618509999 29.4882388440001,-24.3182016379999 29.4882300280001,-24.3183283859999 29.4886811010001,-24.3184762849999 29.491804297,-24.31980061 29.4922898830001,-24.3198557899999</coordinates></LinearRing></outerBoundaryIs></Polygon>
  </Placemark>
  <Placemark>
	<name>7970536</name>
	<Style><LineStyle><color>ff0000ff</color></LineStyle><PolyStyle><fill>0</fill></PolyStyle></Style>
      <Polygon><outerBoundaryIs><LinearRing><coordinates>28.200443534,-26.1476184329999 28.2001106370001,-26.1482224229999 28.199865607,-26.1481244099999 28.1970885970001,-26.146572552 28.196574033,-26.1473239779999 28.1965413620001,-26.147299475 28.1964760210001,-26.1472749719999 28.1960186320001,-26.147936554 28.1946791320001,-26.1478630439999 28.1946873000001,-26.1474628299999 28.194855557,-26.1470126499999 28.1956667420001,-26.1457825509999 28.1961682260001,-26.1450919839999 28.1985769920001,-26.1441794479999 28.198795815,-26.1441028589999 28.1991399650001,-26.144837966 28.200443534,-26.1476184329999</coordinates></LinearRing></outerBoundaryIs></Polygon>
  </Placemark>
  <Placemark>
	<name>1992356</name>
	<Style><LineStyle><color>ff0000ff</color></LineStyle><PolyStyle><fill>0</fill></PolyStyle></Style>
      <Polygon><outerBoundaryIs><LinearRing><coordinates>18.487629434,-33.944974429 18.4884277250001,-33.9463619369999 18.4890747620001,-33.9474707349999 18.4894711470001,-33.9481208079999 18.4896376310001,-33.9483824229999 18.4898199680001,-33.9485647609999 18.489962667,-33.9486916039999 18.490160861,-33.9488818699999 18.4903986910001,-33.9490562789999 18.4906761620001,-33.94891358 18.4907554390001,-33.9488184479999 18.4908664270001,-33.9487074599999 18.4909536320001,-33.948659893 18.4910329090001,-33.9486281819999 18.4914768620001,-33.9487708809999 18.4916354160001,-33.9487708809999 18.4917543320001,-33.9487867369999 18.4919208140001,-33.9486836769999 18.4920872960001,-33.9485964719999 18.4921824290001,-33.9485409779999 18.492293417,-33.9484458449999 18.4924123320001,-33.9483348569999 18.4925708870001,-33.9480970249999 18.4927532240001,-33.9478671219999 18.4931099720001,-33.94745488 18.4938076110001,-33.9467493129999 18.4930544780001,-33.9462577939999 18.492913365,-33.9461148469999 18.4944719370001,-33.9447083329999 18.4951768990001,-33.9446610639999 18.4955345580001,-33.9446292719999 18.4958485020001,-33.9446094019999 18.4959875920001,-33.9446054279999 18.4960948880001,-33.944601454 18.4962180810001,-33.944601454 18.4963770400001,-33.9446054279999 18.4972433650001,-33.9446173499999 18.4986461780001,-33.9446292719999 18.4986914820001,-33.9446893239999 18.5016375600001,-33.948262633 18.501913646,-33.9485062379999 18.5018897390001,-33.9486084439999 18.5018438850001,-33.9488311559999 18.5017882080001,-33.9490407669999 18.501758732,-33.9491979749999 18.501748906,-33.9493650089999 18.5017516020001,-33.9495551049999 18.5018014230001,-33.9497296729999 18.5018641670001,-33.9498145609999 18.5019416740001,-33.9499585019999 18.5020413240001,-33.9502279279999 18.5021299040001,-33.9504419949999 18.502155739,-33.9506745149999 18.5022037190001,-33.9507557119999 18.5021889560001,-33.9508110739999 18.5021760640001,-33.9509011209999 18.502112734,-33.9509996339999 18.5010414860001,-33.9514459879999 18.500104105,-33.9518365619999 18.5000599830001,-33.9518549479999 18.4989955930001,-33.9525011839999 18.4989195650001,-33.9538696849999 18.4983602250001,-33.9542547379999 18.4983727480001,-33.9543517989999 18.4982381130001,-33.9543768479999 18.4980565120001,-33.9544425989999 18.4979187480001,-33.9544926969999 18.497793507,-33.9545678409999 18.4977277550001,-33.9546054129999 18.49756181,-33.9547118679999 18.4974052580001,-33.9548245859999 18.497370817,-33.9548684199999 18.4973434160001,-33.9549311189999 18.497342416,-33.9549806639999 18.4974302590001,-33.9556248459999 18.4975181020001,-33.9562885489999 18.4975340590001,-33.9564302699999 18.4975484390001,-33.9565510929999 18.4976077730001,-33.9570257729999 18.49764115,-33.9572890719999 18.497652277,-33.9573854909999 18.4976485670001,-33.9575152859999 18.4976151900001,-33.9576376649999 18.497529897,-33.9577637519999 18.4974557280001,-33.957878713 18.4972295140001,-33.9577452089999 18.49709907,-33.9576703589999 18.4968996370001,-33.9575806139999 18.4966852470001,-33.957500841 18.4964608850001,-33.957441011 18.4962514810001,-33.9574459969999 18.4960071770001,-33.9574858839999 18.4956033240001,-33.9576254869999 18.4954093510001,-33.9577006869999 18.4953372500001,-33.9575688369999 18.4952411990001,-33.9573911439999 18.4951115310001,-33.9572326599999 18.4948185750001,-33.9569973349999 18.4944631880001,-33.9567956289999 18.4940165520001,-33.9565747119999 18.4937248730001,-33.9563581009999 18.4930169420001,-33.9560227649999 18.4891890650001,-33.9537339319999 18.4876697530001,-33.952885486 18.4863378890001,-33.9521356959999 18.4864141830001,-33.9518607979999 18.486622249,-33.9509907079999 18.4866411630001,-33.9506691519999 18.486622249,-33.9502530219999 18.4865655030001,-33.9499314669999 18.485241451,-33.9471698749999 18.484926827,-33.947325642 18.4847307530001,-33.947396942 18.4837741430001,-33.9476286679999 18.48294825,-33.9478425679999 18.4822293050001,-33.9480327009999 18.4818015060001,-33.94816936 18.4806725870001,-33.9485852779999 18.4802413720001,-33.9487512669999 18.4801823560001,-33.9487276609999 18.4801534740001,-33.9487172389999 18.4798882730001,-33.947609988 18.47996127,-33.9475979459999 18.4804791430001,-33.9475089889999 18.480442881,-33.9472823469999 18.4814582290001,-33.9471146349999 18.4813313110001,-33.946797338 18.4817256650001,-33.9466704199999 18.4823965200001,-33.9464755089999 18.4831172360001,-33.9463168619999 18.482985784,-33.9460040979999 18.4836974350001,-33.9458227839999 18.4838198210001,-33.9461582129999 18.4841643140001,-33.9460766219999 18.48465158,-33.9459598799999 18.483766082,-33.9441434739999 18.4834582780001,-33.9436296809999 18.4836096970001,-33.9436059199999 18.4840941390001,-33.9435298999999 18.4851015080001,-33.9435298999999 18.4857097300001,-33.9435869209999 18.4863369600001,-33.9437769909999 18.486964189,-33.944176136 18.487629434,-33.944974429</coordinates></LinearRing></outerBoundaryIs></Polygon>
  </Placemark>
  <Placemark>
	<name>7984023</name>
	<Style><LineStyle><color>ff0000ff</color></LineStyle><PolyStyle><fill>0</fill></PolyStyle></Style>
      <Polygon><outerBoundaryIs><LinearRing><coordinates>27.870348322,-26.4667795209999 27.8700683530001,-26.466801158 27.8700678750001,-26.4667572229999 27.8696202580001,-26.4667822449999 27.8695354610001,-26.4667891959999 27.8693630880001,-26.4668211679999 27.869046143,-26.4668823329999 27.868894497,-26.4669011709999 27.868857415,-26.4666267109999 27.8687957420001,-26.4660913899999 27.8687636720001,-26.4659063709999 27.8687316020001,-26.4657238199999 27.8686008540001,-26.4651342259999 27.8685515170001,-26.4649171369999 27.868512046,-26.4648085929999 27.8684454390001,-26.4646112389999 27.8682875570001,-26.4641696609999 27.868240685,-26.4640537159999 27.868405969,-26.4639945099999 27.8685539840001,-26.463932837 27.8686033220001,-26.4639155689999 27.8686477270001,-26.4639106349999 27.8688154770001,-26.4639032339999 27.868906263,-26.4638968009999 27.8694420740001,-26.4638588289999 27.8697430380001,-26.4638538959999 27.870153159,-26.4638272919999 27.870348322,-26.4667795209999</coordinates></LinearRing></outerBoundaryIs></Polygon>
  </Placemark>
  <Placemark>
	<name>5991962</name>
	<Style><LineStyle><color>ff0000ff</color></LineStyle><PolyStyle><fill>0</fill></PolyStyle></Style>
      <Polygon><outerBoundaryIs><LinearRing><coordinates>30.832086185,-29.8306696929999 30.8325461030001,-29.8308354369999 30.832817273,-29.8308150989999 30.8329618970001,-29.8309416449999 30.8334319250001,-29.8310953079999 30.8338906540001,-29.8312218539999 30.8341098500001,-29.8312919069999 30.834218949,-29.8312694959999 30.8342766790001,-29.8312496779999 30.8343361330001,-29.83122986 30.8344146100001,-29.8312378969999 30.834374241,-29.8314161929999 30.834166344,-29.8319585329999 30.8339681080001,-29.8325278929999 30.8338763560001,-29.832554108 30.8337209380001,-29.8330053799999 30.8335879910001,-29.8333948599999 30.8334704950001,-29.8337584719999 30.8334399550001,-29.833886612 30.833372302,-29.8340623449999 30.8332715380001,-29.8343741779999 30.8330636900001,-29.835020191 30.8328850000001,-29.8355859999999 30.8330210000001,-29.835866 30.8330318580001,-29.8359452059999 30.8330050000001,-29.8360419999999 30.8331350000001,-29.836427 30.8331030130001,-29.8365893469999 30.8329157630001,-29.8370368739999 30.832792,-29.8372509999999 30.8323450250001,-29.8376249269999 30.8322454490001,-29.837698299 30.832203522,-29.8378083569999 30.832077741,-29.8379917869999 30.831409115,-29.838729504 30.830923279,-29.8384380029999 30.8306512110001,-29.8382631019999 30.8305637610001,-29.838129497 30.8305046510001,-29.8380043939999 30.83050789,-29.8378327319999 30.8305336650001,-29.8377135409999 30.8291744740001,-29.8374294979999 30.8280787190001,-29.8372016249999 30.8280878610001,-29.8371396589999 30.828254084,-29.8363927079999 30.828601259,-29.8355279269999 30.8288453330001,-29.8350502989999 30.829110449,-29.834616857 30.8295985970001,-29.8339246109999 30.830116203,-29.833263928 30.830347653,-29.8329567309999 30.830732701,-29.832458061 30.831121958,-29.8319678089999 30.8314060100001,-29.8316059059999 30.8316879580001,-29.831252419 30.8318625970001,-29.8310041359999 30.832086185,-29.8306696929999</coordinates></LinearRing></outerBoundaryIs></Polygon>
  </Placemark>
  <Placemark>
	<name>1993033</name>
	<Style><LineStyle><color>ff0000ff</color></LineStyle><PolyStyle><fill>0</fill></PolyStyle></Style>
      <Polygon><outerBoundaryIs><LinearRing><coordinates>18.6385192430001,-33.9659818989999 18.638444114,-33.9659682399999 18.6382175730001,-33.9658381009999 18.638135634,-33.9657947189999 18.6379910310001,-33.9656742189999 18.6378319710001,-33.9655681769999 18.6377211110001,-33.9655344379999 18.63767297,-33.9655397879999 18.6375668700001,-33.965476598 18.6375524100001,-33.9653850179999 18.6372728490001,-33.9652837979999 18.6369981080001,-33.9652163169999 18.6368342270001,-33.9651777579999 18.6366060210001,-33.9651511329999 18.6365925350001,-33.964866808 18.636504518,-33.9642506909999 18.6364643920001,-33.9642307809999 18.636435986,-33.9642272709999 18.6364157670001,-33.9640466389999 18.6363914510001,-33.963945044 18.6364177040001,-33.9639423169999 18.6374234800001,-33.9638378559999 18.63743673,-33.9639968509999 18.63743673,-33.9640171959999 18.6374489450001,-33.9640984789999 18.6374705220001,-33.9641849379999 18.6374801100001,-33.9642041129999 18.63756205,-33.964724675 18.6375909700001,-33.9649801349999 18.6377403910001,-33.9649897749999 18.638135634,-33.9650186959999 18.638391094,-33.9650235159999 18.638582645,-33.9650235159999 18.6385694350001,-33.965201857 18.6385501550001,-33.965698319 18.6385453340001,-33.9659152199999 18.6385192430001,-33.9659818989999</coordinates></LinearRing></outerBoundaryIs></Polygon>
  </Placemark>
  <Placemark>
	<name>1992166</name>
	<Style><LineStyle><color>ff0000ff</color></LineStyle><PolyStyle><fill>0</fill></PolyStyle></Style>
      <Polygon><outerBoundaryIs><LinearRing><coordinates>18.908135686,-34.1162978159999 18.9084310110001,-34.1164431349999 18.9086560210001,-34.1165978299999 18.9088078340001,-34.1167434719999 18.908633427,-34.1168643679999 18.9085371350001,-34.1169606599999 18.9083854020001,-34.1170423629999 18.9082132430001,-34.1171240649999 18.9080585930001,-34.1171707529999 18.907866008,-34.1172057679999 18.9076734240001,-34.1172787159999 18.9075246090001,-34.1173925159999 18.9073699580001,-34.1175004799999 18.9072925130001,-34.1175580099999 18.9073430700001,-34.1176171979999 18.9073667930001,-34.1176361759999 18.9073936780001,-34.1176567349999 18.9074142380001,-34.1176709689999 18.9074537740001,-34.1176946909999 18.9074869870001,-34.117713669 18.9075170350001,-34.1177279029999 18.907540757,-34.1177452989999 18.9075597350001,-34.1177579499999 18.9075771330001,-34.1177800919999 18.9075771330001,-34.1177974889999 18.9075644800001,-34.1178148849999 18.9075265230001,-34.1178386079999 18.9075006730001,-34.117851534 18.9074695900001,-34.1178670749999 18.9074284700001,-34.1179081949999 18.9073636300001,-34.1179350789999 18.9073549410001,-34.117938492 18.907319348,-34.1179524759999 18.9072703210001,-34.117968291 18.9072292020001,-34.1179793619999 18.9071991540001,-34.1179983389999 18.9071232420001,-34.1180378769999 18.9070757970001,-34.1180600179999 18.9070156990001,-34.118085322 18.9069793250001,-34.1180916479999 18.9069311010001,-34.1181205819999 18.906971442,-34.1181937949999 18.9070731730001,-34.1183407389999 18.9071432530001,-34.1184108189999 18.9073331490001,-34.1186210609999 18.9074326180001,-34.1187566999999 18.9074484440001,-34.1188132169999 18.9074484440001,-34.1188629519999 18.9074484440001,-34.118910426 18.9074484440001,-34.1189692029999 18.907462007,-34.118998593 18.9074913960001,-34.119034762 18.9075501730001,-34.1190596299999 18.9076225130001,-34.1190686719999 18.9077061580001,-34.1191116249999 18.9078410900001,-34.1191736069999 18.907744617,-34.1193389879999 18.9059667690001,-34.1193389879999 18.9060081140001,-34.1191115889999 18.9061321500001,-34.1190495719999 18.9063319860001,-34.1190151169999 18.9066076210001,-34.11895999 18.9062387220001,-34.1183510139999 18.9061734950001,-34.1182433369999 18.9060632410001,-34.1180159369999 18.9061459310001,-34.1173750849999 18.9062441020001,-34.1173137299999 18.9062221340001,-34.1171996179999 18.9062094780001,-34.1171131339999 18.9061952260001,-34.1170595469999 18.9060165050001,-34.117079799 18.9055177400001,-34.1171364219999 18.9055464250001,-34.1170994509999 18.905780715,-34.1168651599999 18.9059805510001,-34.1166653229999 18.9060632410001,-34.116369017 18.9060563510001,-34.1160727089999 18.9067798940001,-34.1160795999999 18.907179565,-34.1161140539999 18.9076825990001,-34.1161760719999 18.9079995800001,-34.116251873 18.908135686,-34.1162978159999</coordinates></LinearRing></outerBoundaryIs></Polygon>
  </Placemark>
  <Placemark>
	<name>7972960</name>
	<Style><LineStyle><color>ff0000ff</color></LineStyle><PolyStyle><fill>0</fill></PolyStyle></Style>
      <Polygon><outerBoundaryIs><LinearRing><coordinates>28.4417343550001,-26.1183146079999 28.4413476920001,-26.1187334919999 28.4411033630001,-26.1189814419999 28.4409205690001,-26.1191497569999 28.4406418520001,-26.119553353 28.4404047630001,-26.119853787 28.440151384,-26.1202139469999 28.4398599990001,-26.1206084919999 28.4396768400001,-26.120861971 28.4403114660001,-26.1213989619999 28.4399626350001,-26.1217598409999 28.4398807570001,-26.1216736539999 28.4393263100001,-26.1211984139999 28.4389540390001,-26.1209687149999 28.4385025610001,-26.1215706849999 28.4383441480001,-26.1216815729999 28.4379505730001,-26.1214400619999 28.437542411,-26.1211895999999 28.438133372,-26.1203729379999 28.4387492070001,-26.1195470199999 28.4394453670001,-26.118630477 28.4399108470001,-26.1180064039999 28.4394433070001,-26.1175944749999 28.4392515660001,-26.1174167689999 28.4394843150001,-26.1174612949999 28.4402484700001,-26.1175720419999 28.4407911320001,-26.1175831159999 28.4416501310001,-26.1182478189999 28.441721407,-26.1183029739999 28.4417343550001,-26.1183146079999</coordinates></LinearRing></outerBoundaryIs></Polygon>
  </Placemark>
  <Placemark>
	<name>2990510</name>
	<Style><LineStyle><color>ff0000ff</color></LineStyle><PolyStyle><fill>0</fill></PolyStyle></Style>
      <Polygon><outerBoundaryIs><LinearRing><coordinates>25.5216113210001,-33.8591301729999 25.521562756,-33.8591406239999 25.5214884270001,-33.8591720069999 25.5213496800001,-33.8593768249999 25.5211564250001,-33.859637802 25.5210989270001,-33.8596640869999 25.5210778670001,-33.8596604239999 25.520921333,-33.8600423679999 25.520854408,-33.8600423679999 25.5207166390001,-33.8605634909999 25.5204955360001,-33.8604998399999 25.5202298290001,-33.8604498239999 25.5199375510001,-33.8604170009999 25.5197453040001,-33.8603904309999 25.5197390540001,-33.8603305049999 25.5196921620001,-33.8598808979999 25.5196270280001,-33.8593189279999 25.519471637,-33.8579782169999 25.5193131760001,-33.8565837589999 25.5199164510001,-33.8564702719999 25.52029,-33.8564 25.520902908,-33.8562920559999 25.520994192,-33.8564806119999 25.5211956370001,-33.8568881309999 25.5212558370001,-33.8570502119999 25.5212766770001,-33.8571937699999 25.5213415100001,-33.8572539719999 25.5214341280001,-33.8573419589999 25.5215174840001,-33.8573928989999 25.5216332570001,-33.8574206839999 25.521554531,-33.8575017249999 25.5214688600001,-33.8575711889999 25.5214480210001,-33.8576406519999 25.5214364430001,-33.8577355859999 25.5214549670001,-33.8578096799999 25.5215707400001,-33.8579439759999 25.521614733,-33.8579787079999 25.521721244,-33.8580064929999 25.5218995340001,-33.8580574329999 25.52185554,-33.8582033069999 25.5217953380001,-33.8583376029999 25.5217652380001,-33.8585923029999 25.5217235600001,-33.8587127059999 25.5216355730001,-33.858890996 25.52159621,-33.8590183459999 25.5216113210001,-33.8591301729999</coordinates></LinearRing></outerBoundaryIs></Polygon>
  </Placemark>
  <Placemark>
	<name>2990378</name>
	<Style><LineStyle><color>ff0000ff</color></LineStyle><PolyStyle><fill>0</fill></PolyStyle></Style>
      <Polygon><outerBoundaryIs><LinearRing><coordinates>25.4820222420001,-33.938698605 25.4820731570001,-33.9389647219999 25.4830172200001,-33.9421351919999 25.4830055420001,-33.9422104639999 25.4830041800001,-33.942219243 25.4829118370001,-33.9422103639999 25.4812021170001,-33.9421304709999 25.4801297220001,-33.9420869289999 25.4794062540001,-33.942065006 25.4790774050001,-33.9420430829999 25.4788055550001,-33.9420518519999 25.478516169,-33.942065006 25.478482844,-33.9420681799999 25.4784710420001,-33.9415779679999 25.4784490220001,-33.941235978 25.478461903,-33.9411659449999 25.4785517990001,-33.9411641309999 25.4785702560001,-33.9398844529999 25.4785825610001,-33.9395091629999 25.4785544040001,-33.9393191469999 25.4788125160001,-33.9383253669999 25.479476698,-33.9384407539999 25.480841447,-33.9386833759999 25.481159888,-33.938736451 25.4813608110001,-33.9387667789999 25.4814631670001,-33.9387819419999 25.4815882680001,-33.9387819419999 25.4817664430001,-33.9387591969999 25.4819105000001,-33.9387288679999 25.4820222420001,-33.938698605</coordinates></LinearRing></outerBoundaryIs></Polygon>
  </Placemark>
  <Placemark>
	<name>1993406</name>
	<Style><LineStyle><color>ff0000ff</color></LineStyle><PolyStyle><fill>0</fill></PolyStyle></Style>
      <Polygon><outerBoundaryIs><LinearRing><coordinates>18.6582863070001,-33.972737294 18.658225927,-33.9730196749999 18.6582036450001,-33.9731137589999 18.6582308790001,-33.973153372 18.6582779210001,-33.9731707039999 18.65841657,-33.9731880349999 18.6586666350001,-33.9732202209999 18.658634448,-33.9733984849999 18.6585106540001,-33.9739283229999 18.658473514,-33.974153628 18.6584056340001,-33.9743240839999 18.6579600350001,-33.9742394379999 18.6579948140001,-33.9741458059999 18.6580215660001,-33.9740387979999 18.6580429680001,-33.9739157389999 18.658037618,-33.9738649079999 18.6580081900001,-33.9738301309999 18.6579573610001,-33.9738033789999 18.657523977,-33.9737445239999 18.6572002770001,-33.9736990449999 18.656649185,-33.9736161149999 18.6566102470001,-33.97359875 18.6565355980001,-33.9735917829999 18.656467917,-33.9735823279999 18.656391279,-33.9735768539999 18.6563036910001,-33.9735708829999 18.656194208,-33.9735501679999 18.6562588550001,-33.9732411649999 18.656264777,-33.9732129569999 18.6562784060001,-33.9731480419999 18.6564020540001,-33.9731836379999 18.6566986760001,-33.9732429629999 18.6567777750001,-33.9732429629999 18.6567834250001,-33.9731553889999 18.6569195650001,-33.972535396 18.658263708,-33.972737294 18.6582863070001,-33.972737294</coordinates></LinearRing></outerBoundaryIs></Polygon>
  </Placemark>
  <Placemark>
	<name>7992182</name>
	<Style><LineStyle><color>ff0000ff</color></LineStyle><PolyStyle><fill>0</fill></PolyStyle></Style>
      <Polygon><outerBoundaryIs><LinearRing><coordinates>28.1771932710001,-25.7024650369999 28.1766796110001,-25.706699371 28.1756853890001,-25.7066109309999 28.1721324910001,-25.7062187189999 28.171792983,-25.703704834 28.1721210490001,-25.7025051119999 28.1724829030001,-25.7019730509999 28.1726360310001,-25.7017478939999 28.1734066020001,-25.7011299129999 28.173799515,-25.700906754 28.1740016940001,-25.7011985779999 28.17473793,-25.7010097499999 28.175519943,-25.7011051179999 28.1760654460001,-25.7010211939999 28.1767635350001,-25.7008323669999 28.177404219,-25.7007261069999 28.1771932710001,-25.7024650369999</coordinates></LinearRing></outerBoundaryIs></Polygon>
  </Placemark>
  <Placemark>
	<name>1990608</name>
	<Style><LineStyle><color>ff0000ff</color></LineStyle><PolyStyle><fill>0</fill></PolyStyle></Style>
      <Polygon><outerBoundaryIs><LinearRing><coordinates>18.5055898860001,-33.5883557529999 18.5057051370001,-33.5887468759999 18.5057495010001,-33.5888974349999 18.5058092190001,-33.5891275659999 18.505867734,-33.5893376459999 18.5057198910001,-33.5893651529999 18.5055991090001,-33.5893752169999 18.505337415,-33.5894174909999 18.505212606,-33.5894396339999 18.5049327950001,-33.589487947 18.5047214260001,-33.589554377 18.5045362270001,-33.5895906119999 18.5041960240001,-33.5896429499999 18.5039560900001,-33.5896799689999 18.5039288600001,-33.5896841699999 18.503767656,-33.5891140339999 18.5034846940001,-33.5891873189999 18.5033752200001,-33.5891873189999 18.5032417990001,-33.5891257409999 18.5031688160001,-33.5890288109999 18.50311636,-33.5889045119999 18.5030319740001,-33.5887220559999 18.502924781,-33.588486003 18.5031159310001,-33.5883806759999 18.5034439010001,-33.588218492 18.5036925830001,-33.5881103699999 18.5037117180001,-33.5881044099999 18.5039124300001,-33.5880418929999 18.5039809080001,-33.5883698649999 18.5044061890001,-33.5883374269999 18.5047665950001,-33.5883518429999 18.504881927,-33.588362656 18.5052567500001,-33.5883590519999 18.5055898860001,-33.5883557529999</coordinates></LinearRing></outerBoundaryIs></Polygon>
  </Placemark>
  <Placemark>
	<name>2890063</name>
	<Style><LineStyle><color>ff0000ff</color></LineStyle><PolyStyle><fill>0</fill></PolyStyle></Style>
      <Polygon><outerBoundaryIs><LinearRing><coordinates>26.3337115730001,-31.0079563379999 26.333813621,-31.0082995849999 26.3338275350001,-31.0084480159999 26.3336641970001,-31.0089593419999 26.3334425420001,-31.009551971 26.3332820630001,-31.0100470089999 26.332812135,-31.0114966149999 26.3328131480001,-31.0115151919999 26.3313903700001,-31.0114224019999 26.3302018680001,-31.0113233609999 26.3299839750001,-31.0109816659999 26.3302216760001,-31.0102239969999 26.3304740930001,-31.0093810189999 26.3299146460001,-31.0092484329999 26.329238542,-31.0091014289999 26.3292596810001,-31.0090506949999 26.3296627060001,-31.0076531909999 26.3301012430001,-31.007759657 26.330139268,-31.007823029 26.3309825850001,-31.0080207899999 26.3313379360001,-31.0068898219999 26.331791965,-31.0069981729999 26.3327299080001,-31.0072327079999 26.3330190120001,-31.007303567 26.333302448,-31.0073545859999 26.3335603740001,-31.0074027699999 26.3336765830001,-31.0074112729999 26.3336976570001,-31.007845013 26.3337115730001,-31.0079563379999</coordinates></LinearRing></outerBoundaryIs></Polygon>
  </Placemark>
  <Placemark>
	<name>6770319</name>
	<Style><LineStyle><color>ff0000ff</color></LineStyle><PolyStyle><fill>0</fill></PolyStyle></Style>
      <Polygon><outerBoundaryIs><LinearRing><coordinates>26.6350078280001,-26.9571943029999 26.6338299350001,-26.9573199449999 26.6337034030001,-26.9573334419999 26.633528589,-26.9576539339999 26.6331056340001,-26.9574544259999 26.6329197940001,-26.957420011 26.6321528450001,-26.9588355189999 26.6306479390001,-26.9582053049999 26.6297576810001,-26.9583330209999 26.6297561600001,-26.9583251609999 26.629755903,-26.9583238009999 26.6294460170001,-26.9566848469999 26.629394855,-26.9564142589999 26.6309685940001,-26.9561660339999 26.6312591640001,-26.956120203 26.631382321,-26.9561007779999 26.634716563,-26.95558002 26.6350078280001,-26.9571943029999</coordinates></LinearRing></outerBoundaryIs></Polygon>
  </Placemark>
  <Placemark>
	<name>5993130</name>
	<Style><LineStyle><color>ff0000ff</color></LineStyle><PolyStyle><fill>0</fill></PolyStyle></Style>
      <Polygon><outerBoundaryIs><LinearRing><coordinates>30.9543153930001,-29.7515714309999 30.9542778790001,-29.7515684299999 30.9540011440001,-29.7515838049999 30.953816654,-29.7515838049999 30.9534937960001,-29.7516453009999 30.9531863130001,-29.7517682949999 30.9529095770001,-29.7518297909999 30.9526482160001,-29.751906662 30.9524637260001,-29.7519681589999 30.9522638620001,-29.7520450299999 30.9520947460001,-29.7520450299999 30.951879508,-29.7520757779999 30.9516181470001,-29.7521065269999 30.9514182820001,-29.7521372749999 30.9510339280001,-29.7521526489999 30.9508186900001,-29.7521680229999 30.9504804580001,-29.7521680229999 30.9501114770001,-29.7523217649999 30.9498193680001,-29.7528444869999 30.949681001,-29.7530443509999 30.949676825,-29.753053748 30.9495580070001,-29.7533210859999 30.9493427690001,-29.7535363249999 30.9491610640001,-29.7536661139999 30.9487302110001,-29.7531064489999 30.9485223190001,-29.7532565929999 30.9482971020001,-29.753285467 30.948060335,-29.7532912419999 30.947650325,-29.7532912419999 30.9473269360001,-29.753285467 30.9469573490001,-29.7532912419999 30.946836079,-29.7532970169999 30.9467321320001,-29.7532161699999 30.9465935370001,-29.7528696819999 30.946489591,-29.7527484119999 30.9463221220001,-29.7527079879999 30.9461026800001,-29.7527137629999 30.94594112,-29.7527337089999 30.9459133670001,-29.752519618 30.945849007,-29.7520127849999 30.945849007,-29.7517312109999 30.9462655560001,-29.7516003259999 30.9468941120001,-29.7513258859999 30.947230522,-29.751113416 30.9472410650001,-29.751100123 30.9473378870001,-29.7511145739999 30.9474999620001,-29.7512457779999 30.9476929090001,-29.7512457779999 30.9480324960001,-29.7511222919999 30.9482640320001,-29.7510914199999 30.9485810350001,-29.7511453079999 30.9489180770001,-29.75119524 30.949548469,-29.7512701379999 30.949704507,-29.7513013459999 30.9500103410001,-29.75160718 30.950266243,-29.7515385229999 30.950653216,-29.751513557 30.9510152240001,-29.7514885909999 30.9514770960001,-29.7514136929999 30.951876552,-29.7514136929999 30.952226077,-29.7513824849999 30.9525131860001,-29.7512763799999 30.952787813,-29.751164033 30.9529563330001,-29.750851957 30.953298552,-29.7508500149999 30.953669575,-29.7508796969999 30.9539663940001,-29.7510429469999 30.9543153930001,-29.7515714309999</coordinates></LinearRing></outerBoundaryIs></Polygon>
  </Placemark>
  <Placemark>
	<name>7601038</name>
	<Style><LineStyle><color>ff0000ff</color></LineStyle><PolyStyle><fill>0</fill></PolyStyle></Style>
      <Polygon><outerBoundaryIs><LinearRing><coordinates>27.87133886,-26.6944679349999 27.871699182,-26.6945958079999 27.8718197360001,-26.6946240619999 27.8719035830001,-26.6946532279999 27.872467772,-26.6948524519999 27.872847161,-26.6949864229999 27.873035142,-26.695053813 27.8735866390001,-26.6952515199999 27.8737388540001,-26.6953060859999 27.8741872140001,-26.6954783149999 27.8736943210001,-26.6964865529999 27.873300052,-26.6963288459999 27.8724674600001,-26.6960422789999 27.8714159660001,-26.695674735 27.871264882,-26.695621925 27.8711934,-26.6955969379999 27.870418896,-26.695314246 27.869671499,-26.6950664029999 27.8695945620001,-26.6950384879999 27.8692339040001,-26.6949076289999 27.869051862,-26.6948565909999 27.869483636,-26.6938269469999 27.8696585360001,-26.6938741419999 27.8702054460001,-26.6940656989999 27.870782181,-26.6942703749999 27.87133886,-26.6944679349999</coordinates></LinearRing></outerBoundaryIs></Polygon>
  </Placemark>
  <Placemark>
	<name>5993787</name>
	<Style><LineStyle><color>ff0000ff</color></LineStyle><PolyStyle><fill>0</fill></PolyStyle></Style>
      <Polygon><outerBoundaryIs><LinearRing><coordinates>31.0605702170001,-29.6622184429999 31.0605616240001,-29.662239445 31.0605200630001,-29.6623410199999 31.0603551390001,-29.6627456579999 31.060297608,-29.6628837329999 31.060140355,-29.6632768649999 31.060096248,-29.6633861739999 31.060063647,-29.6634513769999 31.0600310460001,-29.6635108259999 31.0599888560001,-29.6635760279999 31.0599447490001,-29.6636335599999 31.059904476,-29.6636853379999 31.0598335210001,-29.6637697169999 31.0596033950001,-29.6640305259999 31.059429095,-29.6642361209999 31.0587596010001,-29.6650258199999 31.0585237220001,-29.6652981359999 31.058387564,-29.6654764829999 31.0583338680001,-29.6655570269999 31.058291679,-29.6656241469999 31.0582533240001,-29.6656912669999 31.058222641,-29.665754552 31.0581919570001,-29.6658293429999 31.0581631920001,-29.6659118039999 31.058153706,-29.6659451809999 31.0580152640001,-29.6659447079999 31.0579539910001,-29.6659465099999 31.0578801020001,-29.6659537179999 31.057806214,-29.6659717399999 31.057743138,-29.665993366 31.057665645,-29.6660276069999 31.057179062,-29.6663069419999 31.057108778,-29.6663393809999 31.0570529110001,-29.6663574019999 31.056988033,-29.6663736219999 31.0569213530001,-29.6663862369999 31.0568546730001,-29.666395248 31.056769972,-29.6663970499999 31.0566978850001,-29.6663916429999 31.056598766,-29.6663736219999 31.056508658,-29.6663483909999 31.0564401760001,-29.6663249629999 31.0563590790001,-29.6662853159999 31.0562743780001,-29.6662276469999 31.056027482,-29.6660276069999 31.0556183910001,-29.6656906029999 31.0555390960001,-29.6656293299999 31.055452593,-29.6655788689999 31.0553787040001,-29.6655446279999 31.0553066180001,-29.6655175959999 31.0552201140001,-29.6654959699999 31.0550849520001,-29.6654725419999 31.0548813080001,-29.6654509159999 31.0544181530001,-29.6654130699999 31.0542721780001,-29.6654022569999 31.0541910810001,-29.6654022569999 31.05411539,-29.6654094659999 31.0540433040001,-29.6654220809999 31.0539261630001,-29.6654527179999 31.053024608,-29.6657380419999 31.0529638100001,-29.6657572829999 31.0528167740001,-29.6658045209999 31.0527118640001,-29.6655074239999 31.052708883,-29.665492518 31.0527078890001,-29.6654795989999 31.052708883,-29.6654651889999 31.0527107390001,-29.6654559089999 31.0527113670001,-29.6654527669999 31.0527158390001,-29.6654393519999 31.0527232920001,-29.6654264329999 31.052730248,-29.6654164949999 31.0527386950001,-29.6654085449999 31.0527575770001,-29.6653941349999 31.0528532490001,-29.6653186349999 31.0530614560001,-29.6651383749999 31.0531425030001,-29.6650615209999 31.0532612790001,-29.6649287709999 31.0533059940001,-29.6648840559999 31.0533898360001,-29.6648030089999 31.053510009,-29.6646814389999 31.0535505320001,-29.6646311339999 31.0535854660001,-29.6645808289999 31.053610619,-29.6645389079999 31.0536259900001,-29.6645025759999 31.0536322510001,-29.6644844909999 31.053635553,-29.6644679799999 31.0536379120001,-29.664454298 31.0536379120001,-29.6644406169999 31.0536369690001,-29.6644236339999 31.0536346100001,-29.6643995729999 31.0536180980001,-29.664308994 31.0536031080001,-29.6642473829999 31.0535664270001,-29.664132101 31.0535517550001,-29.664088084 31.0535465150001,-29.6640650279999 31.053543371,-29.664039875 31.053543371,-29.6640126269999 31.0535496590001,-29.6639728019999 31.0535590910001,-29.663940313 31.0535685230001,-29.6639151609999 31.053577417,-29.6638982619999 31.053579003,-29.6638952489999 31.0535957720001,-29.6638753359999 31.0536146360001,-29.6638575199999 31.053638741,-29.6638438959999 31.0538525370001,-29.6636992689999 31.053876641,-29.6636856439999 31.0539049380001,-29.6636730679999 31.0540317480001,-29.6636133309999 31.0540631890001,-29.6635955149999 31.0540956780001,-29.6635745539999 31.0541512230001,-29.6635389219999 31.0542004800001,-29.6635043369999 31.0542392560001,-29.6634739439999 31.0542822250001,-29.6634362159999 31.05431157,-29.663410015 31.0543461540001,-29.6633733339999 31.0543713070001,-29.6633397979999 31.0544436200001,-29.6632339479999 31.054510694,-29.6631427699999 31.0545358460001,-29.663116569 31.054560999,-29.6630924649999 31.0545882470001,-29.6630725519999 31.0546259760001,-29.6630494959999 31.054657417,-29.6630369199999 31.054699337,-29.6630243429999 31.0547370660001,-29.663019103 31.0547842270001,-29.6630232949999 31.0548198600001,-29.6630316799999 31.0548523480001,-29.6630453039999 31.0548806450001,-29.6630599759999 31.0549299020001,-29.6630924649999 31.0549778220001,-29.6631240639999 31.0550745290001,-29.6631878349999 31.0551164490001,-29.6632234669999 31.0551919070001,-29.6632926369999 31.0552275400001,-29.6633230289999 31.0552631720001,-29.6633513259999 31.0552956610001,-29.6633722859999 31.055330246,-29.6633911509999 31.0553658780001,-29.663407919 31.0554140870001,-29.6634278309999 31.0554539120001,-29.6634414559999 31.0555398500001,-29.6634707999999 31.0556289310001,-29.6634970009999 31.0556928610001,-29.6635137689999 31.055769366,-29.6635294889999 31.055812335,-29.6635357769999 31.0558532080001,-29.6635410179999 31.055910849,-29.6635431139999 31.0559821140001,-29.6635462579999 31.0560240350001,-29.6635483539999 31.05605862,-29.6635483539999 31.0560921570001,-29.6635473059999 31.0561235970001,-29.6635452099999 31.056155038,-29.6635410179999 31.0562095350001,-29.6635336809999 31.056242023,-29.6635294889999 31.0562808000001,-29.6635232009999 31.0563269130001,-29.6635137689999 31.0563740740001,-29.6635032889999 31.0564275230001,-29.6634938569999 31.0565145090001,-29.6634791839999 31.0565690060001,-29.6634676559999 31.0566119750001,-29.663457176 31.0566517990001,-29.6634466959999 31.056682192,-29.6634372639999 31.0567146810001,-29.6634257349999 31.0567576500001,-29.663410015 31.0567932820001,-29.6633963909999 31.0568404430001,-29.6633733339999 31.05687922,-29.6633544699999 31.0569085640001,-29.6633397979999 31.0569557250001,-29.6633167409999 31.0570416630001,-29.6632716759999 31.057073104,-29.6632528119999 31.0571097840001,-29.6632297559999 31.0571370330001,-29.6632098429999 31.057167426,-29.6631857389999 31.057213538,-29.6631448659999 31.057257555,-29.6631060889999 31.0572764200001,-29.6630861769999 31.0572963320001,-29.6630610239999 31.057365501,-29.6629740389999 31.0575656730001,-29.66273509 31.0575908260001,-29.6627099369999 31.0576400830001,-29.6626627759999 31.0576746670001,-29.6626281919999 31.057702964,-29.6625946549999 31.0577647970001,-29.6625160539999 31.0578842720001,-29.6623672349999 31.057941913,-29.6622991129999 31.0579775450001,-29.6622603369999 31.05809178,-29.6621429579999 31.058142085,-29.6620957969999 31.0581609490001,-29.6620758849999 31.0581766690001,-29.6620549249999 31.058188197,-29.6620329159999 31.0582102060001,-29.6619868029999 31.0582563190001,-29.6618725689999 31.0582636550001,-29.6618453199999 31.0582678470001,-29.6618212159999 31.0582699430001,-29.6617939669999 31.058278327,-29.6616503889999 31.058282519,-29.6615906509999 31.0582888070001,-29.6615382499999 31.0582961440001,-29.6614963299999 31.0583076720001,-29.6614491689999 31.058326536,-29.6613946719999 31.0583454010001,-29.6613475109999 31.0583611210001,-29.6613171179999 31.058377889,-29.6612930139999 31.0583998980001,-29.6612668129999 31.058422954,-29.6612458529999 31.0584491550001,-29.661226988 31.0584816430001,-29.6612070759999 31.058590951,-29.6611496699999 31.0587041520001,-29.6613722989999 31.058724204,-29.6614101739999 31.058737572,-29.6614335679999 31.0587609660001,-29.6614692159999 31.0589004500001,-29.6616532359999 31.0589458890001,-29.6617131819999 31.0589703970001,-29.661741032 31.0590027030001,-29.6617722239999 31.0590528330001,-29.6618134409999 31.0591374970001,-29.661878053 31.0591898550001,-29.6619137009999 31.0592800890001,-29.6619682869999 31.0593369030001,-29.6619994789999 31.05941154,-29.662036241 31.059486178,-29.6620685469999 31.0595407640001,-29.6620908269999 31.059614288,-29.6621131069999 31.0596866980001,-29.6621331589999 31.059763564,-29.6621509829999 31.0598315170001,-29.6621643509999 31.0598994710001,-29.6621743769999 31.059988591,-29.6621844029999 31.060058773,-29.662189973 31.060111131,-29.6621933149999 31.0602414690001,-29.6621955429999 31.0603283600001,-29.6621999989999 31.0604185940001,-29.6622066829999 31.060521082,-29.6622144809999 31.0605702170001,-29.6622184429999</coordinates></LinearRing></outerBoundaryIs></Polygon>
  </Placemark>
  <Placemark>
	<name>4690137</name>
	<Style><LineStyle><color>ff0000ff</color></LineStyle><PolyStyle><fill>0</fill></PolyStyle></Style>
      <Polygon><outerBoundaryIs><LinearRing><coordinates>27.8853422080001,-28.8865581009999 27.8857186040001,-28.886678549 27.8864412840001,-28.8857601419999 27.8870435170001,-28.8858504769999 27.8871790200001,-28.886211816 27.887329578,-28.886437655 27.8880528540001,-28.8868215779999 27.888000488,-28.8869304649999 27.8878307350001,-28.887260437 27.8877792360001,-28.887710571 27.8877697,-28.8880100239999 27.887827385,-28.8882984509999 27.8878498080001,-28.8884105679999 27.887962831,-28.8885741529999 27.8881397250001,-28.8888301839999 27.8885192870001,-28.8891906739999 27.888889313,-28.8893604269999 27.889310837,-28.8896102909999 27.8897991190001,-28.8898391719999 27.8903503420001,-28.8900508869999 27.8907794960001,-28.8902301779999 27.8913593300001,-28.8904304499999 27.892499924,-28.8907699579999 27.8930397030001,-28.8909091939999 27.8935604100001,-28.8909893029999 27.894529343,-28.8909893029999 27.894939423,-28.8908805849999 27.8955097200001,-28.8906898499999 27.8958606730001,-28.8905792239999 27.8965492250001,-28.8903503419999 27.8970108030001,-28.8902702329999 27.8974609380001,-28.8902797689999 27.8978195190001,-28.8903102869999 27.898189545,-28.8905200949999 27.898550034,-28.8908405299999 27.8990192420001,-28.8913097379999 27.8994693760001,-28.891809463 27.8997497560001,-28.8923702229999 27.9000205990001,-28.8928909299999 27.9000701900001,-28.8932991029999 27.9001598360001,-28.8936901089999 27.9001197810001,-28.8941097249999 27.8999805460001,-28.8944396969999 27.899810791,-28.8948192589999 27.8995494850001,-28.8951606749999 27.8991508480001,-28.895599365 27.8987407690001,-28.8961105349999 27.8984298710001,-28.896499634 27.898227632,-28.8967589929999 27.897487078,-28.8964828539999 27.8976146260001,-28.895571377 27.8979491520001,-28.894344783 27.8972522240001,-28.892811541 27.8959141220001,-28.8922539979999 27.8950778080001,-28.8922539979999 27.8940463540001,-28.8923097519999 27.8930985310001,-28.8928672949999 27.8925688660001,-28.8936478549999 27.8924573570001,-28.8947350629999 27.8934051790001,-28.8959616559999 27.893878708,-28.8979167769999 27.8923527510001,-28.8979410119999 27.8922858370001,-28.8977486319999 27.8921896480001,-28.897426606 27.8919261710001,-28.8969874779999 27.8918401160001,-28.8969014229999 27.8918216170001,-28.896882924 27.8916752420001,-28.896573444 27.8915079550001,-28.8961343159999 27.8914243120001,-28.896008853 27.8910500000001,-28.89598 27.8908900000001,-28.8959399999999 27.8907700000001,-28.89591 27.8906500000001,-28.8958799999999 27.89052,-28.8958499999999 27.8904000000001,-28.8958299999999 27.8902800000001,-28.8958 27.8901700000001,-28.8957699999999 27.8900400000001,-28.89573 27.8899200000001,-28.8956999999999 27.88982,-28.89564 27.8897900000001,-28.8956099999999 27.8897600000001,-28.8955699999999 27.88973,-28.8955099999999 27.8897000000001,-28.8954499999999 27.88966,-28.89537 27.88966,-28.89535 27.8896100000001,-28.8952499999999 27.88957,-28.8951399999999 27.8895200000001,-28.8950499999999 27.8894700000001,-28.8949399999999 27.8893400000001,-28.8946599999999 27.8892500000001,-28.8944799999999 27.8891800000001,-28.8942699999999 27.8892200000001,-28.8942599999999 27.88926,-28.8942499999999 27.88917,-28.8940299999999 27.8892400000001,-28.8939499999999 27.88912,-28.8937599999999 27.8892200000001,-28.8936899999999 27.8891,-28.8934499999999 27.88917,-28.8934299999999 27.8891300000001,-28.8931399999999 27.8888200000001,-28.8932799999999 27.8887300000001,-28.8931499999999 27.8886800000001,-28.8931699999999 27.8885300000001,-28.8929099999999 27.8884300000001,-28.8926799999999 27.88831,-28.8925699999999 27.88811,-28.8924099999999 27.8879100000001,-28.8922599999999 27.8877200000001,-28.8921199999999 27.8872800000001,-28.8918399999999 27.887219412,-28.8917854709999 27.8871800000001,-28.8917499999999 27.88712,-28.8917099999999 27.8871300000001,-28.89152 27.8871300000001,-28.8914899999999 27.8871700000001,-28.89141 27.8867200000001,-28.8911799999999 27.8864600000001,-28.8911199999999 27.88633,-28.8910199999999 27.8861100000001,-28.8909299999999 27.8859300000001,-28.8908499999999 27.8856900000001,-28.8907299999999 27.8856600000001,-28.8906899999999 27.8855100000001,-28.89062 27.8853900000001,-28.8905199999999 27.885156855,-28.8903309639999 27.8846500000001,-28.8899199999999 27.8844550240001,-28.8899849909999 27.8844243510001,-28.8899594309999 27.8841104790001,-28.8897616479999 27.8839470920001,-28.8896348099999 27.8838992410001,-28.889580754 27.8838310030001,-28.8895036709999 27.8837600590001,-28.8893854319999 27.8836719170001,-28.8892306449999 27.8835579770001,-28.8890930569999 27.8834676860001,-28.8889791169999 27.8832548540001,-28.8887512379999 27.8830140750001,-28.8885276569999 27.8829087340001,-28.8884352159999 27.8827990940001,-28.88828903 27.882717401,-28.8881557409999 27.8825647640001,-28.8879966549999 27.882401379,-28.8878741149999 27.8821885490001,-28.8877257789999 27.881866077,-28.8875645429999 27.881655396,-28.887469951 27.88148986,-28.8873947079999 27.881332924,-28.887360311 27.8810319510001,-28.8872635709999 27.8808148210001,-28.8871926259999 27.8805869400001,-28.8871603779999 27.880350461,-28.8871388809999 27.8801182820001,-28.8871904759999 27.879933398,-28.8872850679999 27.8798044100001,-28.8873130149999 27.8795937280001,-28.8874334049999 27.8794604390001,-28.8874742499999 27.8794281930001,-28.8874656519999 27.8794023950001,-28.8873507559999 27.8792762730001,-28.8871787719999 27.8791157540001,-28.8869914989999 27.8790316720001,-28.8869112399999 27.8788103160001,-28.8866044559999 27.8787873360001,-28.8865708719999 27.8784301330001,-28.8860488019999 27.8783277750001,-28.8856978649999 27.878342397,-28.8853907929999 27.8784886220001,-28.8851714579999 27.878729095,-28.8846596789999 27.8790588960001,-28.8839577939999 27.879439081,-28.8831535599999 27.881180601,-28.8841941079999 27.8837764030001,-28.8857450849999 27.8853422080001,-28.8865581009999</coordinates></LinearRing></outerBoundaryIs></Polygon>
  </Placemark>
  <Placemark>
	<name>7991761</name>
	<Style><LineStyle><color>ff0000ff</color></LineStyle><PolyStyle><fill>0</fill></PolyStyle></Style>
      <Polygon><outerBoundaryIs><LinearRing><coordinates>27.9718649790001,-25.5720001859999 27.9716985510001,-25.5724912059999 27.9722135110001,-25.5726599499999 27.9720709520001,-25.573105085 27.9724753560001,-25.5732272789999 27.9729234000001,-25.5733785669999 27.9736071040001,-25.5736025889999 27.9737205700001,-25.5736724149999 27.973915499,-25.573762605 27.9741577360001,-25.5738117809999 27.974010336,-25.5741814479999 27.973820823,-25.5746727779999 27.9736968210001,-25.5749979919999 27.9736781030001,-25.5750213889999 27.9736500270001,-25.5750541439999 27.973643983,-25.5750705029999 27.9735841130001,-25.5752492939999 27.973518589,-25.5754448729999 27.973506935,-25.5754414599999 27.9734074550001,-25.5754123269999 27.9726886450001,-25.5752018179999 27.972060684,-25.574979288 27.9714113850001,-25.5747841939999 27.97108826,-25.5746622599999 27.971030226,-25.5746496149999 27.9709621250001,-25.5746355249999 27.970884631,-25.5746167379999 27.970814181,-25.574590907 27.970708507,-25.5745580299999 27.9706169230001,-25.5745275019999 27.970363304,-25.5744382669999 27.970471327,-25.574090715 27.9705517500001,-25.5738392039999 27.9706797810001,-25.5734276769999 27.9710486320001,-25.5723668509999 27.9712127610001,-25.5718308369999 27.9718649790001,-25.5720001859999</coordinates></LinearRing></outerBoundaryIs></Polygon>
  </Placemark>
  <Placemark>
	<name>6620606</name>
	<Style><LineStyle><color>ff0000ff</color></LineStyle><PolyStyle><fill>0</fill></PolyStyle></Style>
      <Polygon><outerBoundaryIs><LinearRing><coordinates>27.3172302500001,-25.6049372269999 27.3164922180001,-25.6054092699999 27.3163142080001,-25.6054999549999 27.3163138620001,-25.6055001309999 27.316275154,-25.60551985 27.3160847120001,-25.605607904 27.3158840300001,-25.6056836719999 27.315763212,-25.6057143879999 27.3156152190001,-25.6057444229999 27.3153249150001,-25.6058391319999 27.314845188,-25.6059976669999 27.3148265190001,-25.6060037189999 27.314822076,-25.6060051589999 27.3144704680001,-25.6061191429999 27.3142131040001,-25.6062241469999 27.3140092720001,-25.60633121 27.313805426,-25.606434174 27.3137243180001,-25.6064751419999 27.3136424480001,-25.606363632 27.3136036870001,-25.606301276 27.3135800920001,-25.6062625129999 27.3135463850001,-25.6062304939999 27.3135008840001,-25.6061597119999 27.3134368430001,-25.6060518539999 27.3133508940001,-25.6059102909999 27.3133273000001,-25.6058664729999 27.313305416,-25.6058452939999 27.3132750560001,-25.6058159139999 27.3132177560001,-25.6057485029999 27.3131843620001,-25.6056900769999 27.3131503450001,-25.6056288479999 27.3131292420001,-25.6055457309999 27.313111989,-25.6054777729999 27.313097606,-25.6054472639999 27.313055557,-25.6053607579999 27.313008219,-25.6052818619999 27.3130265630001,-25.6052726789999 27.3132453780001,-25.6051631599999 27.3133076390001,-25.6051926529999 27.313881096,-25.6050156989999 27.3146708280001,-25.6047469929999 27.315342592,-25.6044946729999 27.3155719740001,-25.6043832589999 27.3156932190001,-25.6042783979999 27.31576162,-25.6041415949999 27.3157653110001,-25.6041342139999 27.315752203,-25.6040064159999 27.3157161570001,-25.603855677 27.315630958,-25.6037377099999 27.3155195430001,-25.6036066349999 27.3154742080001,-25.6035454859999 27.3158915280001,-25.603306437 27.31694092,-25.6046048379999 27.3171271130001,-25.6044899899999 27.317410286,-25.604822075 27.3172302500001,-25.6049372269999</coordinates></LinearRing></outerBoundaryIs></Polygon>
  </Placemark>
  <Placemark>
	<name>2990519</name>
	<Style><LineStyle><color>ff0000ff</color></LineStyle><PolyStyle><fill>0</fill></PolyStyle></Style>
      <Polygon><outerBoundaryIs><LinearRing><coordinates>25.4030015230001,-33.797669218 25.4030014310001,-33.7976795249999 25.4029612740001,-33.797757476 25.4029093090001,-33.7978590449999 25.4028573430001,-33.7979960489999 25.402847894,-33.7980574629999 25.4028667910001,-33.7981613949999 25.4027982890001,-33.7982842249999 25.4027628580001,-33.7983881579999 25.4027581340001,-33.7984519349999 25.402739237,-33.798518074 25.4026967190001,-33.7986479899999 25.4026724080001,-33.798701117 25.4026690920001,-33.7987083649999 25.402562473,-33.7988568349999 25.4024930420001,-33.7989339879999 25.4024311210001,-33.7990227419999 25.4023382390001,-33.7991465839999 25.4022804460001,-33.7992208909999 25.402220587,-33.7992848769999 25.4021813700001,-33.7993942719999 25.4021070640001,-33.7995036659999 25.4020100540001,-33.799563524 25.401939875,-33.7996502139999 25.4019295560001,-33.7996811759999 25.4018015840001,-33.7997121359999 25.4017520470001,-33.7997286469999 25.401644106,-33.7997933799999 25.4014708020001,-33.7999486669999 25.401216462,-33.8001917139999 25.4011564690001,-33.8001482189999 25.400888373,-33.7999636289999 25.400655439,-33.7998317799999 25.4004356900001,-33.799669165 25.3999390560001,-33.799330751 25.3997101150001,-33.7991859459999 25.3996004680001,-33.799155035 25.399379508,-33.7990842719999 25.399311632,-33.7990265049999 25.3992480900001,-33.7989412979999 25.3991484410001,-33.7988835309999 25.3991643270001,-33.7988503159999 25.39914429,-33.798826667 25.3990736150001,-33.7987507579999 25.3989113260001,-33.7986277329999 25.3987438020001,-33.7985047069999 25.3985998360001,-33.7984078559999 25.398489897,-33.7983319479999 25.3984166060001,-33.7982900669999 25.398327382,-33.798266801 25.3983215440001,-33.7982259369999 25.398360461,-33.7981986949999 25.3986406670001,-33.798062484 25.3986084110001,-33.7979411389999 25.3984364170001,-33.7977963019999 25.3978953210001,-33.7973681839999 25.3977793210001,-33.7972779609999 25.3975115190001,-33.7970803299999 25.3975559130001,-33.7969972689999 25.397686234,-33.7968698109999 25.3977220370001,-33.7968225519999 25.397782185,-33.796748083 25.3978308760001,-33.7967065519999 25.3979282600001,-33.7966378109999 25.398012754,-33.796563342 25.3980671740001,-33.7965132179999 25.3981774460001,-33.796444478 25.3982318650001,-33.7963957859999 25.3982848540001,-33.7963327729999 25.3983535940001,-33.7962497109999 25.3984352250001,-33.796145168 25.3984810510001,-33.7960721309999 25.3985283110001,-33.7959833399999 25.3987823950001,-33.7961384629999 25.3997269290001,-33.7967484749999 25.400313983,-33.7971321919999 25.4011043740001,-33.797670051 25.4013929820001,-33.79785699 25.401543845,-33.7978799479999 25.4018127730001,-33.7978635499999 25.4020390690001,-33.797834033 25.402403108,-33.7977913979999 25.4027868250001,-33.7977323649999 25.4030015230001,-33.797669218</coordinates></LinearRing></outerBoundaryIs></Polygon>
  </Placemark>
  <Placemark>
	<name>7991282</name>
	<Style><LineStyle><color>ff0000ff</color></LineStyle><PolyStyle><fill>0</fill></PolyStyle></Style>
      <Polygon><outerBoundaryIs><LinearRing><coordinates>28.1063953830001,-25.4096947199999 28.105779957,-25.4102632579999 28.105534316,-25.4104880269999 28.105372162,-25.4106277049999 28.1050189530001,-25.4108605 28.1049168160001,-25.4106356619999 28.1047269690001,-25.410288986 28.1045728910001,-25.4100853829999 28.1041464250001,-25.4103192499999 28.1031944420001,-25.410938315 28.1025671240001,-25.4113867929999 28.1023844040001,-25.411514984 28.1020416060001,-25.41175548 28.1014799120001,-25.4121695169999 28.1014361210001,-25.4122017959999 28.1013562810001,-25.412270991 28.1012019230001,-25.4123455089999 28.1007122340001,-25.4124466389999 28.100440071,-25.4125114399999 28.1004352580001,-25.4123020169999 28.1003055570001,-25.4090290079999 28.1002559660001,-25.407884598 28.1006820810001,-25.4078682499999 28.1026827910001,-25.4077066739999 28.104251042,-25.4075926179999 28.1045456850001,-25.4075688569999 28.1050019030001,-25.4075308369999 28.106394321,-25.4096931259999 28.1063953830001,-25.4096947199999</coordinates></LinearRing></outerBoundaryIs></Polygon>
  </Placemark>
  <Placemark>
	<name>5870029</name>
	<Style><LineStyle><color>ff0000ff</color></LineStyle><PolyStyle><fill>0</fill></PolyStyle></Style>
      <Polygon><outerBoundaryIs><LinearRing><coordinates>32.1059407100001,-28.599389174 32.103946212,-28.6037588009999 32.0986265380001,-28.6018707299999 32.097329163,-28.6047003119999 32.0970104900001,-28.6053953389999 32.0964032030001,-28.6056078889999 32.0960995610001,-28.6059115319999 32.0958566460001,-28.606336633 32.0958566460001,-28.6068224619999 32.0957048240001,-28.6073993839999 32.0958870100001,-28.6080370349999 32.096369688,-28.608670549 32.0963728390001,-28.6086746859999 32.0963729710001,-28.6086751459999 32.0965550240001,-28.6093123359999 32.0964032030001,-28.6096767089999 32.090684792,-28.6095974439999 32.0896872880001,-28.6095836169999 32.0895915610001,-28.6095822899999 32.089538867,-28.6095942109999 32.0895508040001,-28.6095819319999 32.0898153450001,-28.60932865 32.090547632,-28.6084863069999 32.090618685,-28.6084045759999 32.0921947640001,-28.6065603169999 32.0904557600001,-28.6052169409999 32.0902710110001,-28.605112517 32.0901656290001,-28.6051747879999 32.0900512840001,-28.605297301 32.09001098,-28.6053899999999 32.0897637410001,-28.6055226649999 32.0896831750001,-28.605610903 32.0893762600001,-28.6059600199999 32.089146074,-28.6062784439999 32.0884523500001,-28.6071062349999 32.0881196660001,-28.6074861959999 32.0880540300001,-28.6074319979999 32.0875754630001,-28.607116033 32.087065426,-28.606779291 32.0870496080001,-28.6067968899999 32.086833143,-28.6066644889999 32.0855083310001,-28.605787775 32.0853279080001,-28.605722823 32.085073143,-28.6054828649999 32.0849360990001,-28.6054069819999 32.0853841000001,-28.6046786009999 32.085546998,-28.6044383259999 32.0857573110001,-28.6041281149999 32.0861865040001,-28.603428344 32.0866156960001,-28.6027752249999 32.087128862,-28.6019728209999 32.0873527880001,-28.601478315 32.0876980090001,-28.6006106009999 32.0880712190001,-28.5996402509999 32.0884114150001,-28.59877245 32.0884333310001,-28.5987165449999 32.088513145,-28.5984310859999 32.089585737,-28.5954129809999 32.0903540080001,-28.5935691309999 32.091026244,-28.5917636949999 32.0915372200001,-28.5903443149999 32.092434224,-28.5906904579999 32.0926287820001,-28.5907689069999 32.092779406,-28.5908504969999 32.0929237550001,-28.5909414989999 32.093130864,-28.591079572 32.0933348350001,-28.5911894029999 32.0937629300001,-28.5913715799999 32.0947930310001,-28.591790574 32.0965962070001,-28.5925895859999 32.09936844,-28.5939398749999 32.099429205,-28.5939694709999 32.0989970530001,-28.5949958339999 32.0983056090001,-28.5967460499999 32.0975354390001,-28.5984618729999 32.098668192,-28.5987704599999 32.0994624080001,-28.598962609 32.0998851370001,-28.5990394689999 32.1004291960001,-28.5992825979999 32.104463868,-28.5992978229999 32.1059407100001,-28.599389174</coordinates></LinearRing></outerBoundaryIs></Polygon>
  </Placemark>
  <Placemark>
	<name>7660264</name>
	<Style><LineStyle><color>ff0000ff</color></LineStyle><PolyStyle><fill>0</fill></PolyStyle></Style>
      <Polygon><outerBoundaryIs><LinearRing><coordinates>27.3248003450001,-26.3294030939999 27.3245620950001,-26.3295146149999 27.3230039940001,-26.330125763 27.32279335,-26.3301594669999 27.3227461660001,-26.3302201309999 27.322714148,-26.3302369819999 27.3223771190001,-26.3303650539999 27.3222531480001,-26.3303914969999 27.322201158,-26.3302778049999 27.3217646420001,-26.3297559919999 27.320786479,-26.3286457689999 27.322413311,-26.3281428489999 27.3239825100001,-26.3276282529999 27.3248003450001,-26.3294030939999</coordinates></LinearRing></outerBoundaryIs></Polygon>
  </Placemark>
  <Placemark>
	<name>7984129</name>
	<Style><LineStyle><color>ff0000ff</color></LineStyle><PolyStyle><fill>0</fill></PolyStyle></Style>
      <Polygon><outerBoundaryIs><LinearRing><coordinates>27.8450700240001,-26.2754403119999 27.8455898540001,-26.2759477319999 27.846435092,-26.2766661169999 27.846954886,-26.2771066359999 27.8472306930001,-26.2773403779999 27.847387617,-26.2774730549999 27.846982198,-26.277859749 27.846537535,-26.2775106849999 27.84643507,-26.2776081769999 27.8462520240001,-26.2777713269999 27.8462132260001,-26.2777991819999 27.8461843760001,-26.277815099 27.845937662,-26.277964321 27.845723777,-26.2780856879999 27.8451948910001,-26.2783842029999 27.8448636210001,-26.277900594 27.8445491190001,-26.2774663459999 27.8443162040001,-26.277146581 27.8442938330001,-26.2770807859999 27.8442819900001,-26.277016306 27.8441781590001,-26.277054065 27.8437445700001,-26.2766885739999 27.8434270260001,-26.2769803709999 27.8432014360001,-26.2771728589999 27.842969462,-26.2773688749999 27.8424976140001,-26.275637479 27.843070599,-26.2750791319999 27.843266127,-26.2752406119999 27.843345894,-26.2753009239999 27.8438274170001,-26.2749439159999 27.844202065,-26.2746896969999 27.844332335,-26.2748005219999 27.844648094,-26.2750652639999 27.8450700240001,-26.2754403119999</coordinates></LinearRing></outerBoundaryIs></Polygon>
  </Placemark>
  <Placemark>
	<name>7983513</name>
	<Style><LineStyle><color>ff0000ff</color></LineStyle><PolyStyle><fill>0</fill></PolyStyle></Style>
      <Polygon><outerBoundaryIs><LinearRing><coordinates>27.988615521,-26.0313681759999 27.9881979550001,-26.0327208149999 27.9881755630001,-26.032793351 27.987854224,-26.0338345999999 27.9878309950001,-26.033909934 27.9877227150001,-26.0342610959999 27.987534515,-26.0348483719999 27.9875224960001,-26.034887808 27.987244279,-26.0358007099999 27.9872170980001,-26.0358867239999 27.987151382,-26.0360946839999 27.9871701430001,-26.0363772749999 27.9872725920001,-26.0379956699999 27.9873837700001,-26.0398078659999 27.9874810360001,-26.0413525459999 27.9874446860001,-26.0413629879999 27.9873839040001,-26.0413839479999 27.9872906360001,-26.0414164359999 27.9865244490001,-26.0417085669999 27.9861950980001,-26.0418347009999 27.9859696920001,-26.0419129499999 27.9858692500001,-26.0419456519999 27.985675852,-26.0420035749999 27.985442333,-26.0420736319999 27.985393033,-26.0420904969999 27.9853476280001,-26.0421086599999 27.9851154060001,-26.042198175 27.9850090260001,-26.0422370949999 27.9849480510001,-26.0422617439999 27.9848896700001,-26.0422889879999 27.9848390760001,-26.0423071509999 27.984631021,-26.0423768619999 27.9840229050001,-26.0425940439999 27.9839113040001,-26.0423548819999 27.9838879210001,-26.042312422 27.9838774600001,-26.0422884239999 27.983873153,-26.042267502 27.983871923,-26.0422496579999 27.983873153,-26.0422293519999 27.9838768440001,-26.0422133529999 27.9838791280001,-26.0422072629999 27.9838842290001,-26.0421936629999 27.9839045350001,-26.0421512049999 27.98406363,-26.0419167869999 27.9843311430001,-26.0415246659999 27.984411375,-26.0414114609999 27.9844652290001,-26.0413257319999 27.9845025960001,-26.0412597889999 27.9845300740001,-26.0412048359999 27.984545461,-26.0411663679999 27.9845630460001,-26.0411136129999 27.984601163,-26.0409858009999 27.9848206760001,-26.0402718629999 27.9848932350001,-26.0400179029999 27.984951283,-26.0398045759999 27.9849803060001,-26.0396812259999 27.9850064290001,-26.0395607759999 27.985041718,-26.039387056 27.985359927,-26.0376579769999 27.9853788460001,-26.0375465659999 27.9853879550001,-26.0374821009999 27.985391458,-26.0374498689999 27.9853959310001,-26.0373883249999 27.985398478,-26.0373042829999 27.985399751,-26.0371820409999 27.9853852950001,-26.0369847809999 27.9853575880001,-26.0366578299999 27.985335422,-26.036508206 27.9853042500001,-26.0363665499999 27.985281392,-26.0362792699999 27.9852522990001,-26.0361919899999 27.985221127,-26.0361088659999 27.985187877,-26.0360319779999 27.9851463150001,-26.0359530089999 27.9850756600001,-26.0358345579999 27.984948896,-26.0356412959999 27.984813821,-26.0354480329999 27.9846164030001,-26.0351737259999 27.9845166540001,-26.035040728 27.9843587190001,-26.0348433079999 27.9842652040001,-26.034735247 27.9841924710001,-26.034654202 27.9841280510001,-26.0345814689999 27.9839784280001,-26.0344297679999 27.983862054,-26.0343258629999 27.9837768530001,-26.0342552079999 27.983677104,-26.0341783189999 27.983330261,-26.0339348659999 27.9835339750001,-26.0336921169999 27.9835876480001,-26.0336299049999 27.9836218040001,-26.0335933089999 27.9836535210001,-26.0335652529999 27.9836876750001,-26.0335420759999 27.9837230510001,-26.033521338 27.9837596460001,-26.0335066999999 27.9837974610001,-26.0334932819999 27.9838816310001,-26.0334688849999 27.9842438950001,-26.0333793769999 27.9842136070001,-26.0332038839999 27.9842113810001,-26.0331126199999 27.9842113810001,-26.0330502929999 27.9842158330001,-26.032934543 27.9842358670001,-26.0327698219999 27.9842425450001,-26.0326963659999 27.984238093,-26.0326585239999 27.984222511,-26.0326273609999 27.9842024770001,-26.032602875 27.984169088,-26.0325806159999 27.9841305420001,-26.0325538069999 27.9840913040001,-26.0325145689999 27.9840308130001,-26.0324442679999 27.9839408940001,-26.0323281899999 27.9838787660001,-26.0322562539999 27.983828083,-26.0322055729999 27.9837626880001,-26.0321630639999 27.983667864,-26.0321091129999 27.9835844820001,-26.0320633349999 27.9834912940001,-26.032046986 27.983430802,-26.032046986 27.9833474220001,-26.0320600649999 27.98329347,-26.0320715099999 27.9832591370001,-26.0320682399999 27.9832378830001,-26.0320600649999 27.983214994,-26.0320371769999 27.9831888350001,-26.0319930329999 27.9831528670001,-26.0319325429999 27.9831185350001,-26.0318933039999 27.9830726420001,-26.0318561059999 27.9830203530001,-26.0318121419999 27.9829835460001,-26.0317674479999 27.9829563540001,-26.0317198609999 27.9837856590001,-26.0309442039999 27.984132264,-26.0308225479999 27.9839168270001,-26.0302661759999 27.983842054,-26.0300814009999 27.983818328,-26.0300109409999 27.9838111380001,-26.0299785879999 27.983808981,-26.0299491099999 27.9838104190001,-26.029916038 27.983818328,-26.0298757749999 27.983827675,-26.0298455769999 27.9838430440001,-26.0298079789999 27.9840106080001,-26.02949351 27.9835630040001,-26.0292984 27.9837099100001,-26.0290114749999 27.9826769790001,-26.0285937109999 27.9831796720001,-26.0276571859999 27.9830502400001,-26.0273198209999 27.9830675380001,-26.0273145909999 27.9832897000001,-26.0272410279999 27.983489965,-26.0271789199999 27.9835221610001,-26.027168936 27.9836148510001,-26.0271424519999 27.9836825310001,-26.0271262699999 27.983781105,-26.0271012569999 27.9840753600001,-26.0270173939999 27.984591777,-26.0268805659999 27.9848315940001,-26.026814359 27.984971365,-26.0267834619999 27.9852008840001,-26.0267334389999 27.9855687020001,-26.0266407479999 27.9857305420001,-26.0265995529999 27.985804106,-26.0265789549999 27.9860968880001,-26.0264989539999 27.9865272380001,-26.0263808849999 27.9873151040001,-26.0261668139999 27.9881669710001,-26.0259339859999 27.9887932670001,-26.0257672669999 27.988804519,-26.0257642719999 27.9892561560001,-26.0256386659999 27.9893364750001,-26.025616328 27.9894732540001,-26.0255817569999 27.9897611950001,-26.0255159749999 27.9898224980001,-26.0255627969999 27.990300833,-26.0259281339999 27.9898813500001,-26.0273090229999 27.9893326210001,-26.0290595129999 27.9892122630001,-26.0294526089999 27.988748447,-26.0309414769999 27.988615521,-26.0313681759999</coordinates></LinearRing></outerBoundaryIs></Polygon>
  </Placemark>
  <Placemark>
	<name>5991067</name>
	<Style><LineStyle><color>ff0000ff</color></LineStyle><PolyStyle><fill>0</fill></PolyStyle></Style>
      <Polygon><outerBoundaryIs><LinearRing><coordinates>30.9924044680001,-29.7003064389999 30.9924269470001,-29.7003719209999 30.992442585,-29.7004119919999 30.9924689730001,-29.7004618369999 30.9924904750001,-29.7004999529999 30.9925090440001,-29.7005282959999 30.9925325010001,-29.700556639 30.9925520480001,-29.7005761859999 30.9925813680001,-29.7006055059999 30.9926282800001,-29.7006475319999 30.992695337,-29.7006973219999 30.9927631,-29.700735548 30.9928308620001,-29.7007685599999 30.9928916750001,-29.7007894099999 30.9929837620001,-29.7008154729999 30.9930719500001,-29.7008375699999 30.9932217400001,-29.7008685609999 30.993351901,-29.7008964519999 30.9935564410001,-29.7009398399999 30.993649131,-29.7009558829999 30.993466121,-29.7016306469999 30.993369972,-29.7019851509999 30.9933353310001,-29.7021128729999 30.993239514,-29.7022997159999 30.9931436970001,-29.7024530229999 30.9930143440001,-29.7026135159999 30.9926909610001,-29.702922526 30.9925996200001,-29.703005673 30.9914896810001,-29.70210184 30.991207106,-29.7018605889999 30.9911814790001,-29.7018359479999 30.9912563870001,-29.7017669539999 30.991313554,-29.701662477 30.9913657920001,-29.7015589849999 30.9913953610001,-29.7014998469999 30.9914259160001,-29.701431839 30.9914485850001,-29.7013589019999 30.9914564700001,-29.7012534399999 30.991454499,-29.7010641979999 30.9914485850001,-29.7009892899999 30.9914298580001,-29.7009262099999 30.991369735,-29.7008404599999 30.9912494880001,-29.7006985289999 30.9911312120001,-29.7005674399999 30.9910665510001,-29.7005064749999 30.9910207,-29.7004726329999 30.9909508330001,-29.7004256909999 30.990897341,-29.7003852989999 30.9908503990001,-29.7003700149999 30.9907969060001,-29.7003667399999 30.990757606,-29.7003667399999 30.9907303140001,-29.7003143399999 30.9906800970001,-29.7002368309999 30.9906222380001,-29.7001680549999 30.990551279,-29.7001058289999 30.9905278360001,-29.7000838859999 30.990505984,-29.7000598479999 30.9904600940001,-29.7000401809999 30.9903901660001,-29.7000074029999 30.990311498,-29.6999527719999 30.9902153470001,-29.6998675479999 30.9901170480001,-29.6997571389999 30.990205093,-29.6997190659999 30.990352628,-29.6996881309999 30.990616764,-29.6996762329999 30.990938009,-29.6996690939999 30.9912973280001,-29.6996381589999 30.9917399330001,-29.6995905669999 30.992023105,-29.6995405959999 30.9921944360001,-29.6995049019999 30.9922626050001,-29.6997817909999 30.9923241380001,-29.6999997219999 30.9923663520001,-29.7001754749999 30.9923917630001,-29.7002605039999 30.9924044680001,-29.7003064389999</coordinates></LinearRing></outerBoundaryIs></Polygon>
  </Placemark>
  <Placemark>
	<name>5990842</name>
	<Style><LineStyle><color>ff0000ff</color></LineStyle><PolyStyle><fill>0</fill></PolyStyle></Style>
      <Polygon><outerBoundaryIs><LinearRing><coordinates>30.9391011150001,-29.8453829839999 30.9389297860001,-29.8454333749999 30.938319838,-29.8456168989999 30.937766567,-29.845776133 30.937353638,-29.8459002819999 30.9368489460001,-29.8460460219999 30.9364279200001,-29.8461782669999 30.9360748660001,-29.8463110789999 30.9357294090001,-29.8464622159999 30.9353353720001,-29.8466457409999 30.9350115060001,-29.846823867 30.9346741450001,-29.8470343799999 30.934261216,-29.8472556879999 30.9338455880001,-29.847498588 30.9335325170001,-29.8476551229999 30.933133082,-29.8478224539999 30.932841603,-29.847927711 30.9326094990001,-29.8479924839999 30.932166882,-29.8480869449999 30.93183222,-29.8481436209999 30.9316055140001,-29.8481743209999 30.9312533070001,-29.8481941079999 30.9312452130001,-29.8481945629999 30.9310104100001,-29.8477451989999 30.9308768150001,-29.8474780089999 30.9307472690001,-29.8472816649999 30.9306379640001,-29.8471379499999 30.930478055,-29.8469577989999 30.930380895,-29.8468586149999 30.9301562130001,-29.8466582229999 30.9297635250001,-29.846340429 30.9294821660001,-29.8461116989999 30.92918259,-29.8458465329999 30.9288830140001,-29.8455307639999 30.9286259450001,-29.8452473809999 30.92838507,-29.8449700709999 30.9281907500001,-29.8446745429999 30.9280267930001,-29.8443405559999 30.927883077,-29.8440025209999 30.9277940140001,-29.843755573 30.927731265,-29.8434985039999 30.927722788,-29.8434625769999 30.9278136710001,-29.843441046 30.9280726310001,-29.8433692549999 30.928218777,-29.8432949009999 30.928449534,-29.8431641379999 30.9285597850001,-29.8430897829999 30.928675163,-29.8430282479999 30.9287520820001,-29.842964149 30.9287879770001,-29.8428846659999 30.9288520760001,-29.8428538989999 30.9289366870001,-29.8428077469999 30.9290212980001,-29.8427769799999 30.9290315540001,-29.842735956 30.9290059140001,-29.8426641649999 30.9290828330001,-29.8426205779999 30.9292212870001,-29.8425308389999 30.929316154,-29.8424718679999 30.929367433,-29.8423180299999 30.9294392240001,-29.8423000829999 30.9294597360001,-29.842259059 30.9295340910001,-29.8421359889999 30.9295263990001,-29.8419129239999 30.9296033180001,-29.8417565219999 30.9297058760001,-29.841597556 30.9297751030001,-29.8414180789999 30.929803307,-29.8412514209999 30.9298263830001,-29.8410334839999 30.9298571940001,-29.8408096839999 30.9299597300001,-29.8407055549999 30.9302045380001,-29.840560567 30.930342609,-29.840573763 30.9303642070001,-29.840575827 30.9304605760001,-29.8405684139999 30.930611802,-29.8405254179999 30.93072448,-29.840479457 30.930884602,-29.8404779749999 30.9309765230001,-29.8404661139999 30.9311662970001,-29.8404112569999 30.931400549,-29.84030451 30.9315428790001,-29.84024224 30.9315962530001,-29.8402185189999 30.9316866920001,-29.8401606969999 30.931774165,-29.840111771 30.9318423650001,-29.8400999099999 30.9319120480001,-29.8401162189999 30.9320088110001,-29.8401380859999 30.9320706870001,-29.840138458 30.9321937430001,-29.840138458 30.932300491,-29.840129562 30.9323835170001,-29.840138458 30.932503608,-29.840163662 30.932605907,-29.840225932 30.9327704770001,-29.8402793049999 30.9329291160001,-29.8403415749999 30.9330328980001,-29.8404824219999 30.9331559540001,-29.8405328309999 30.933255289,-29.8405817569999 30.9332953190001,-29.8405876879999 30.933393171,-29.8406558869999 30.933430236,-29.840724087 30.9335612,-29.84082301 30.9336903510001,-29.8408941749999 30.933777331,-29.8409468899999 30.93382741,-29.8410365049999 30.933956562,-29.8410654989999 30.9341357920001,-29.8410760419999 30.9342570360001,-29.8411129419999 30.9344002450001,-29.8411836679999 30.934554876,-29.8412258399999 30.934804393,-29.8412258399999 30.9349941660001,-29.8412223249999 30.935057424,-29.8412750399999 30.9351277110001,-29.8413558699999 30.9352015110001,-29.8414156129999 30.9353947990001,-29.841563215 30.9355634870001,-29.8416089009999 30.9356232310001,-29.8417319029999 30.9357216320001,-29.8417951599999 30.9358586900001,-29.8418092179999 30.9360730640001,-29.8418127319999 30.9362452660001,-29.8418619329999 30.9363260960001,-29.841918162 30.9363752960001,-29.8419497909999 30.9365018120001,-29.8420587349999 30.9366633290001,-29.8421997769999 30.9367724150001,-29.8423961099999 30.9368356730001,-29.8425858839999 30.9367864720001,-29.8426913129999 30.9367548430001,-29.8428072859999 30.936688071,-29.8428881159999 30.9366634710001,-29.8430040879999 30.9365720980001,-29.8431235749999 30.9364949480001,-29.843248307 30.9364578830001,-29.843316506 30.9365379440001,-29.8433861889999 30.936585387,-29.8434440109999 30.9366224520001,-29.8435463099999 30.9366491390001,-29.8436056149999 30.936683239,-29.8436619539999 30.9367217870001,-29.8436871579999 30.9367840560001,-29.8437316359999 30.9368611520001,-29.8437627709999 30.936926386,-29.8438191099999 30.936987173,-29.8438561749999 30.9370701990001,-29.8439495789999 30.937111712,-29.8439970229999 30.937199186,-29.8440370529999 30.9372451470001,-29.8440400179999 30.9372925900001,-29.8440933919999 30.937347447,-29.8441260089999 30.9374467810001,-29.8442045869999 30.9374912590001,-29.8442609269999 30.9375075680001,-29.8443083699999 30.9375416680001,-29.8443439519999 30.9375905940001,-29.844367674 30.9376143160001,-29.8444106699999 30.9376439680001,-29.8444759039999 30.9376825160001,-29.8445040739999 30.937732924,-29.8445589299999 30.9377640590001,-29.8445737559999 30.9377981590001,-29.8445752389999 30.9378500500001,-29.8446167519999 30.9379566710001,-29.844611084 30.9381766440001,-29.8446825749999 30.9382756320001,-29.8447760639999 30.938330625,-29.8448365559999 30.9384681070001,-29.8448255579999 30.9385670950001,-29.8448695519999 30.9386440850001,-29.8449190459999 30.9387705700001,-29.8449630399999 30.9389380220001,-29.84513906 30.9391011150001,-29.8453829839999</coordinates></LinearRing></outerBoundaryIs></Polygon>
  </Placemark>
  <Placemark>
	<name>7984476</name>
	<Style><LineStyle><color>ff0000ff</color></LineStyle><PolyStyle><fill>0</fill></PolyStyle></Style>
      <Polygon><outerBoundaryIs><LinearRing><coordinates>28.1046196840001,-26.1041072709999 28.104610027,-26.1041101749999 28.1036317830001,-26.1044026949999 28.1034365600001,-26.1038487629999 28.103250728,-26.1033489669999 28.1030169670001,-26.1027102859999 28.102828199,-26.102189951 28.1027221420001,-26.1019022279999 28.102722181,-26.1019022159999 28.1035111180001,-26.101667528 28.1037094490001,-26.1016081639999 28.1039588420001,-26.1022880099999 28.1046196840001,-26.1041072709999</coordinates></LinearRing></outerBoundaryIs></Polygon>
  </Placemark>
  <Placemark>
	<name>7983126</name>
	<Style><LineStyle><color>ff0000ff</color></LineStyle><PolyStyle><fill>0</fill></PolyStyle></Style>
      <Polygon><outerBoundaryIs><LinearRing><coordinates>27.809341315,-26.2773436649999 27.8092776000001,-26.2780657729999 27.8091959720001,-26.2789364729999 27.809171237,-26.2792654589999 27.8081620170001,-26.2791937259999 27.8075337270001,-26.2791491999999 27.8072814220001,-26.2791294119999 27.8072542130001,-26.2794410829999 27.8072165300001,-26.2798667579999 27.8071442930001,-26.2798060819999 27.8070312130001,-26.2796894669999 27.806914598,-26.2795693179999 27.806769714,-26.2794491699999 27.8066048050001,-26.2793519909999 27.806430472,-26.2792436219999 27.8062692600001,-26.279178918 27.8064593440001,-26.278929768 27.8065764550001,-26.2787795609999 27.806701204,-26.2786191669999 27.806753395,-26.2785478829999 27.806790311,-26.2784855089999 27.8067993230001,-26.2784715799999 27.806812214,-26.2784516539999 27.8068423300001,-26.2783971219999 27.8068748860001,-26.278320612 27.8069123280001,-26.2782188699999 27.8069611650001,-26.278025968 27.8069961630001,-26.2778672509999 27.8070726730001,-26.2775473749999 27.8071573210001,-26.2771868039999 27.8072224370001,-26.276919834 27.8072647560001,-26.2767544509999 27.807371436,-26.276328975 27.8076246860001,-26.276461169 27.808300897,-26.2768067899999 27.8089320280001,-26.2771323729999 27.8093394240001,-26.277342749 27.809341315,-26.2773436649999</coordinates></LinearRing></outerBoundaryIs></Polygon>
  </Placemark>
  <Placemark>
	<name>7620068</name>
	<Style><LineStyle><color>ff0000ff</color></LineStyle><PolyStyle><fill>0</fill></PolyStyle></Style>
      <Polygon><outerBoundaryIs><LinearRing><coordinates>28.3278775110001,-26.5578919889999 28.3264759500001,-26.5568213489999 28.3261177250001,-26.5565555679999 28.3257380680001,-26.5569142439999 28.325397255,-26.5566531009999 28.3253179860001,-26.5565719869999 28.325231343,-26.5564521619999 28.3251428560001,-26.5562825619999 28.3250554640001,-26.5561590089999 28.3251000000001,-26.5561399999999 28.3251700000001,-26.5561099999999 28.3255864150001,-26.5559477599999 28.3259203210001,-26.5557954909999 28.3260517000001,-26.555726224 28.3261000000001,-26.5556899999999 28.326538826,-26.5552219189999 28.3266603960001,-26.5550976419999 28.327093887,-26.5546395569999 28.3271137840001,-26.554618601 28.3272106670001,-26.5547038699999 28.3275865520001,-26.554993372 28.3283599160001,-26.5555977259999 28.3289502390001,-26.5560404689999 28.329446019,-26.5564186439999 28.3295866820001,-26.5565154939999 28.3296647990001,-26.556553612 28.3295337650001,-26.5566993189999 28.3293355380001,-26.5569616779999 28.329280414,-26.557000522 28.3290020350001,-26.5568174429999 28.328936254,-26.5567919179999 28.32886734,-26.556831815 28.328588058,-26.5571292319999 28.3281497470001,-26.5575971549999 28.3278775110001,-26.5578919889999</coordinates></LinearRing></outerBoundaryIs></Polygon>
  </Placemark>
  <Placemark>
	<name>7970321</name>
	<Style><LineStyle><color>ff0000ff</color></LineStyle><PolyStyle><fill>0</fill></PolyStyle></Style>
      <Polygon><outerBoundaryIs><LinearRing><coordinates>28.2995975920001,-26.155919847 28.299041672,-26.1561217329999 28.2983857580001,-26.1563755099999 28.2975697690001,-26.1566878499999 28.2974409290001,-26.1567073709999 28.2971442070001,-26.1566956579999 28.296941185,-26.156691754 28.2969177590001,-26.1568479239999 28.2969009270001,-26.157053646 28.2968474830001,-26.1577068599999 28.296617133,-26.1576951459999 28.2964297280001,-26.1576873379999 28.2963282170001,-26.1576951459999 28.296136909,-26.1577576149999 28.2952194100001,-26.1581207099999 28.2941099000001,-26.1585516929999 28.2934037790001,-26.1570739329999 28.2933749740001,-26.157003615 28.2937707150001,-26.1568542019999 28.2942492800001,-26.1566673569999 28.294568724,-26.1565431959999 28.294978578,-26.1563852819999 28.2955403190001,-26.1561839709999 28.2958826660001,-26.156048961 28.2961068800001,-26.1559597569999 28.2961948780001,-26.1558946629999 28.2962298360001,-26.1558476499999 28.2962647950001,-26.1557765299999 28.296290109,-26.1556487509999 28.296308191,-26.1552521569999 28.2963359160001,-26.1551617489999 28.296393778,-26.1550737509999 28.2965131180001,-26.1549339179999 28.296583033,-26.1548796729999 28.296627636,-26.1548640009999 28.2966830860001,-26.1548676179999 28.296767468,-26.1549194529999 28.296943464,-26.1550412019999 28.2971520070001,-26.1551484889999 28.297186965,-26.1550616959999 28.29724121,-26.1549761079999 28.297326797,-26.1548941379999 28.2974581920001,-26.1547277859999 28.2976015610001,-26.1545450539999 28.2995975920001,-26.155919847</coordinates></LinearRing></outerBoundaryIs></Polygon>
  </Placemark>
  <Placemark>
	<name>1990586</name>
	<Style><LineStyle><color>ff0000ff</color></LineStyle><PolyStyle><fill>0</fill></PolyStyle></Style>
      <Polygon><outerBoundaryIs><LinearRing><coordinates>18.688991554,-33.929471018 18.689382563,-33.9298559509999 18.6896523340001,-33.9300675349999 18.691382037,-33.9312524079999 18.6915089870001,-33.9313264619999 18.6916518070001,-33.9313687809999 18.693127609,-33.9313793589999 18.6929657060001,-33.9334798229999 18.6925935710001,-33.9333751069999 18.6900472780001,-33.9326585989999 18.6880222660001,-33.9320973189999 18.6880736250001,-33.9319505789999 18.6884294690001,-33.9310921499999 18.6886715910001,-33.9305088589999 18.6876737590001,-33.930053965 18.6873216060001,-33.929888505 18.68743621,-33.9298230179999 18.6877390930001,-33.9298721329999 18.6887132300001,-33.929209065 18.688836021,-33.92938097 18.6889342520001,-33.9293727859999 18.688991554,-33.929471018</coordinates></LinearRing></outerBoundaryIs></Polygon>
  </Placemark>
  <Placemark>
	<name>7981395</name>
	<Style><LineStyle><color>ff0000ff</color></LineStyle><PolyStyle><fill>0</fill></PolyStyle></Style>
      <Polygon><outerBoundaryIs><LinearRing><coordinates>28.023327748,-26.0021945939999 28.023127145,-26.0023922379999 28.0227567080001,-26.0027687979999 28.0219517180001,-26.0035475129999 28.0217249950001,-26.0037668349999 28.0207055290001,-26.004764872 28.0199432240001,-26.0055669749999 28.019043153,-26.0065374579999 28.017748156,-26.007912056 28.0175684270001,-26.0081051369999 28.017194675,-26.0085095899999 28.0171759580001,-26.0085283069999 28.0171597460001,-26.0085379429999 28.0171467710001,-26.0085410569999 28.017132759,-26.008543652 28.0171135560001,-26.00854469 28.0170995430001,-26.008543652 28.017072037,-26.008535348 28.017032595,-26.0085218549999 28.0170097600001,-26.0085197789999 28.016986924,-26.008521335 28.0169703160001,-26.0085244489999 28.0169495570001,-26.0085317149999 28.0169329500001,-26.0085400199999 28.0169199760001,-26.0085493619999 28.0169080380001,-26.0085597409999 28.0168945450001,-26.0085758289999 28.0168763790001,-26.0086012589999 28.0168639250001,-26.0086142329999 28.0168525070001,-26.0086209809999 28.0168395320001,-26.0086261709999 28.0167907480001,-26.0086412209999 28.0167694690001,-26.0086458919999 28.0167549380001,-26.0086474489999 28.0167361080001,-26.0086476279999 28.0166027490001,-26.0086359299999 28.0162816740001,-26.0086073139999 28.0160565190001,-26.008588115 28.015778857,-26.008561573 28.0157700330001,-26.0085607779999 28.0149742790001,-26.0072722199999 28.0143401170001,-26.0062469029999 28.0159283260001,-26.0054410289999 28.0188492080001,-26.0039698029999 28.01934457,-26.0037211109999 28.019906248,-26.0034391259999 28.019962336,-26.0031932019999 28.0210797780001,-26.0021361629999 28.0223060800001,-26.000971622 28.023327748,-26.0021945939999</coordinates></LinearRing></outerBoundaryIs></Polygon>
  </Placemark>
  <Placemark>
	<name>4990620</name>
	<Style><LineStyle><color>ff0000ff</color></LineStyle><PolyStyle><fill>0</fill></PolyStyle></Style>
      <Polygon><outerBoundaryIs><LinearRing><coordinates>26.8468991820001,-29.2248182279999 26.8473436580001,-29.2254610079999 26.847676516,-29.225942373 26.848131676,-29.2266006039999 26.8485199760001,-29.227162146 26.8489335440001,-29.2276841779999 26.848844554,-29.2277969239999 26.8486957120001,-29.2279854999999 26.8485545940001,-29.2280182229999 26.8480215760001,-29.2281418229999 26.8477563340001,-29.2282033259999 26.8474493860001,-29.228287404 26.8470534480001,-29.2283814039999 26.8468127530001,-29.2284511909999 26.8464823300001,-29.228535221 26.846101682,-29.2286320239999 26.8456998860001,-29.2287342049999 26.845472983,-29.2287919079999 26.8449731360001,-29.2289190249999 26.8446540610001,-29.2290001679999 26.844214208,-29.2291120279999 26.8441774880001,-29.2291198579999 26.8437933700001,-29.2292017639999 26.8434700700001,-29.2292872179999 26.843181799,-29.2293634129999 26.8426877810001,-29.2294939899999 26.842611768,-29.2295140819999 26.8423465370001,-29.2295841869999 26.8418809880001,-29.2297072389999 26.841497372,-29.2297929549999 26.84134743,-29.2298306129999 26.8410032900001,-29.229921003 26.8405873410001,-29.2300302559999 26.8403643990001,-29.230088813 26.8399354580001,-29.230201479 26.839791559,-29.2302392749999 26.839757207,-29.2301550589999 26.8396599960001,-29.2298916469999 26.8395345610001,-29.2295529739999 26.8394467570001,-29.2292738829999 26.839358953,-29.2289728409999 26.8392052950001,-29.2285871299999 26.8391551230001,-29.2284491529999 26.8390924060001,-29.2282766799999 26.8390422310001,-29.2281198879999 26.8389951940001,-29.2280195399999 26.8389544270001,-29.2279474149999 26.838897982,-29.2278627469999 26.8388101780001,-29.2277341769999 26.8387349180001,-29.227624423 26.8386690650001,-29.2274425429999 26.8385749890001,-29.2271822659999 26.838440146,-29.226812235 26.8382896260001,-29.2263920309999 26.8382331810001,-29.226244645 26.8382018230001,-29.226106667 26.8382049580001,-29.2260282709999 26.8382175010001,-29.2259561459999 26.8382331810001,-29.2258714779999 26.8382802190001,-29.2257303649999 26.838308441,-29.2256519679999 26.8383586150001,-29.2255202619999 26.8383868380001,-29.2254418659999 26.83846837,-29.2253132959999 26.838543632,-29.2251878629999 26.838606348,-29.2250749709999 26.8386784720001,-29.22496208 26.8387411900001,-29.2248523249999 26.8388227220001,-29.2246955319999 26.838913662,-29.2245293319999 26.8389951940001,-29.2243631309999 26.839051639,-29.2242220179999 26.8390955410001,-29.2241091269999 26.8391394430001,-29.2239554699999 26.8391770740001,-29.2237861339999 26.8391958890001,-29.2236669709999 26.8393054520001,-29.2236761279999 26.8394044270001,-29.2236855539999 26.8395057600001,-29.2237114759999 26.8396047360001,-29.2237491809999 26.8396825020001,-29.2237515379999 26.8397202080001,-29.2237915989999 26.839717852,-29.223843444 26.839724919,-29.2239235669999 26.8397225630001,-29.2239754109999 26.8397932610001,-29.2239777689999 26.8398710270001,-29.2239919069999 26.840021848,-29.223998977 26.8401255360001,-29.2240107599999 26.8402881380001,-29.2240366819999 26.840361193,-29.2240461079999 26.840415394,-29.2240484659999 26.8405190830001,-29.2240626039999 26.840570927,-29.224064961 26.8406251280001,-29.2240743869999 26.8406746150001,-29.2240790999999 26.8407123210001,-29.2240790999999 26.840775948,-29.2240932399999 26.8408065840001,-29.2240932399999 26.8408348620001,-29.224097953 26.8408607840001,-29.2240955959999 26.840907916,-29.2240908829999 26.8409550480001,-29.2241050229999 26.8410658060001,-29.2241168049999 26.8411388590001,-29.2241262319999 26.8412119130001,-29.2241333009999 26.8413745170001,-29.2241427279999 26.841452281,-29.2241592219999 26.8415182670001,-29.224180433 26.8416101720001,-29.224196929 26.8417374260001,-29.2242110679999 26.84181048,-29.2242110679999 26.8419047420001,-29.2242346339999 26.8419589430001,-29.22423699 26.8420225710001,-29.2242393469999 26.8421521810001,-29.2242629129999 26.842248801,-29.224269982 26.8423100720001,-29.2242770519999 26.8423949080001,-29.2242935489999 26.8424703190001,-29.2243006159999 26.8425480850001,-29.224302974 26.842708331,-29.2243171129999 26.8429416310001,-29.224352462 26.843139583,-29.2243783839999 26.8432644800001,-29.2243948799999 26.843328107,-29.2244019489999 26.843377595,-29.2243995939999 26.843471858,-29.2244113759999 26.843693375,-29.2244514369999 26.84377821,-29.2244561509999 26.8438394820001,-29.2244561509999 26.8439031090001,-29.2244561509999 26.844013868,-29.2244726459999 26.8441882530001,-29.2245032819999 26.8443131510001,-29.2245197779999 26.8443767790001,-29.2245292039999 26.844456902,-29.2245551259999 26.8445582340001,-29.2245834049999 26.8446430700001,-29.2245951879999 26.8447396890001,-29.224611685 26.8448103860001,-29.2246187539999 26.8449022920001,-29.224623467 26.8450342600001,-29.2246517459999 26.8452015760001,-29.2246588149999 26.845326475,-29.2246658849999 26.8454607980001,-29.2246776679999 26.845552839,-29.2246882589999 26.845843861,-29.2247002689999 26.846110873,-29.224716262 26.8464198550001,-29.2247592659999 26.8464599800001,-29.2247672169999 26.8464764770001,-29.2248332009999 26.846483547,-29.224885045 26.8465208730001,-29.2248932589999 26.8468198830001,-29.2248422619999 26.8468991820001,-29.2248182279999</coordinates></LinearRing></outerBoundaryIs></Polygon>
  </Placemark>
  <Placemark>
	<name>7990695</name>
	<Style><LineStyle><color>ff0000ff</color></LineStyle><PolyStyle><fill>0</fill></PolyStyle></Style>
      <Polygon><outerBoundaryIs><LinearRing><coordinates>28.1117110750001,-25.675249247 28.1141948710001,-25.6753501889999 28.116811752,-25.6750946039999 28.117108214,-25.6768581159999 28.1155613920001,-25.6774236959999 28.1156998440001,-25.6777321479999 28.1153598450001,-25.6778548279999 28.11505665,-25.6779634879999 28.1149865470001,-25.6779792609999 28.1149427330001,-25.677981014 28.113999849,-25.6780002919999 28.112664388,-25.6780230749999 28.111414805,-25.6780406009999 28.110878518,-25.6780493639999 28.1107558370001,-25.6780563749999 28.1106296520001,-25.6780686429999 28.11038254,-25.6781107039999 28.1100600660001,-25.67816153 28.1100145000001,-25.6776637979999 28.1100057370001,-25.6775288499999 28.110010994,-25.6775025609999 28.110016252,-25.6774727689999 28.1100197570001,-25.677451737 28.1099040870001,-25.6774307059999 28.1098795510001,-25.6774079219999 28.1098164590001,-25.677357098 28.1094081100001,-25.6773886439999 28.1089690060001,-25.6774152599999 28.1089473540001,-25.6771200439999 28.1087713650001,-25.67472069 28.1110973360001,-25.6752243039999 28.1117110750001,-25.675249247</coordinates></LinearRing></outerBoundaryIs></Polygon>
  </Placemark>
  <Placemark>
	<name>5990320</name>
	<Style><LineStyle><color>ff0000ff</color></LineStyle><PolyStyle><fill>0</fill></PolyStyle></Style>
      <Polygon><outerBoundaryIs><LinearRing><coordinates>30.9710497400001,-29.8276842639999 30.9706608540001,-29.8281433089999 30.970231878,-29.8286644959999 30.970039081,-29.828903453 30.9697200790001,-29.8285947379999 30.969178565,-29.8280707 30.9691687250001,-29.8280871769999 30.969130669,-29.8281359869999 30.9689999550001,-29.8282898649999 30.9689139160001,-29.8283899689999 30.968878342,-29.828431334 30.968850214,-29.8284999999999 30.9688245680001,-29.8286017579999 30.968801403,-29.8286596689999 30.9687881660001,-29.8286877969999 30.9687203280001,-29.8287150979999 30.9685135030001,-29.8288110649999 30.968395199,-29.8288648389999 30.9682620030001,-29.8289260589999 30.9681949920001,-29.8289599789999 30.9681362540001,-29.8289905889999 30.967977412,-29.8290915189999 30.9678797910001,-29.8291593579999 30.967819761,-29.8291967959999 30.9676542460001,-29.829282642 30.9676446330001,-29.8293403209999 30.9675734960001,-29.8294326069999 30.967421174,-29.8296299899999 30.967222087,-29.8297252309999 30.9671774130001,-29.8297641149999 30.9671120560001,-29.8298170619999 30.967029326,-29.829892346 30.9668813910001,-29.830026518 30.9668675130001,-29.8300098649999 30.9668271630001,-29.8299481539999 30.9667936820001,-29.8298794659999 30.966773511,-29.829805506 30.9667694770001,-29.8297275109999 30.9667762010001,-29.8296508619999 30.9667977170001,-29.8295701779999 30.966870332,-29.8294141889999 30.9669200870001,-29.8293214019999 30.9670989360001,-29.8289744619999 30.967244167,-29.8286705519999 30.967357125,-29.82845943 30.967409569,-29.8283572299999 30.967453945,-29.8282536859999 30.9674748140001,-29.8281631439999 30.9674835390001,-29.828104251 30.9674748140001,-29.8280257259999 30.9674551830001,-29.827934114 30.9674473330001,-29.827922203 30.9673919270001,-29.8278381399999 30.967298133,-29.8277268969999 30.967184709,-29.8276200159999 30.9670342040001,-29.8274956849999 30.9671541720001,-29.8272601119999 30.9669949410001,-29.8270288999999 30.9663880510001,-29.8267420189999 30.9666477310001,-29.8263616419999 30.9668196320001,-29.826010525 30.9669512830001,-29.8257212549999 30.966985514,-29.8256460409999 30.9671488050001,-29.8249827749999 30.967210982,-29.8245365639999 30.9672365840001,-29.8240720649999 30.9672475560001,-29.823106493 30.967664508,-29.8232710789999 30.9688190000001,-29.8238779999999 30.9696764020001,-29.8246398089999 30.97049,-29.8253639999999 30.971737181,-29.8264274909999 30.9719476400001,-29.8266201839999 30.9715729310001,-29.827062849 30.9713404010001,-29.8273374749999 30.9710497400001,-29.8276842639999</coordinates></LinearRing></outerBoundaryIs></Polygon>
  </Placemark>
  <Placemark>
	<name>5060102</name>
	<Style><LineStyle><color>ff0000ff</color></LineStyle><PolyStyle><fill>0</fill></PolyStyle></Style>
      <Polygon><outerBoundaryIs><LinearRing><coordinates>30.4456657280001,-30.7360545239999 30.4455482760001,-30.7360581589999 30.4453073400001,-30.7360665389999 30.4443568900001,-30.7360995949999 30.4442617770001,-30.7361132839999 30.4442046220001,-30.7361275729999 30.444156993,-30.7361513869999 30.4440950760001,-30.7361894909999 30.4440426840001,-30.7362323569999 30.4439617150001,-30.7363085629999 30.4436168180001,-30.7366940339999 30.443313962,-30.7370325219999 30.443194889,-30.7372039859999 30.4430996330001,-30.737327821 30.4426935990001,-30.7379959309999 30.4423593020001,-30.7377515119999 30.4421266080001,-30.7375774719999 30.4419440920001,-30.737458499 30.4415035800001,-30.7373074519999 30.4411986460001,-30.7372274069999 30.441021403,-30.7372026309999 30.4408689360001,-30.7371950089999 30.440501108,-30.7372274069999 30.4399318270001,-30.7373001109999 30.4398397690001,-30.7373154869999 30.4396211760001,-30.7371807849999 30.43956983,-30.737080084 30.439285016,-30.7368545169999 30.4384936450001,-30.7362278019999 30.4385811760001,-30.7359032699999 30.4386124260001,-30.7357873349999 30.4387077390001,-30.7354468929999 30.4388434290001,-30.7349576149999 30.438391917,-30.7342779209999 30.4381910600001,-30.733909691 30.438253322,-30.7336750159999 30.4385754830001,-30.7337896519999 30.439316589,-30.7339917719999 30.4421275980001,-30.7348884269999 30.442693105,-30.7340275379999 30.442905431,-30.733774556 30.443248763,-30.7336525819999 30.443411396,-30.733629994 30.443984818,-30.7332963059999 30.4444701310001,-30.7338459399999 30.4445817900001,-30.7339717309999 30.4446704200001,-30.7338240139999 30.4448897340001,-30.7332474389999 30.4450809990001,-30.7332341859999 30.4455052050001,-30.7332281259999 30.4458809310001,-30.7332281259999 30.4461000000001,-30.7332191849999 30.4461000000001,-30.7332399999999 30.4461100000001,-30.7332599999999 30.4461100000001,-30.7332799999999 30.4461200000001,-30.7333099999999 30.44613,-30.7333599999999 30.4461400000001,-30.73338 30.44615,-30.7333999999999 30.4461700000001,-30.7334299999999 30.4461700000001,-30.7334599999999 30.4461800000001,-30.7334899999999 30.4461700000001,-30.7335099999999 30.4461600000001,-30.7335399999999 30.44615,-30.7335699999999 30.44615,-30.7335899999999 30.4461400000001,-30.7336199999999 30.4461400000001,-30.7336399999999 30.44613,-30.7336699999999 30.4461200000001,-30.7337199999999 30.4461100000001,-30.7337599999999 30.4461100000001,-30.7337799999999 30.4461100000001,-30.7338099999999 30.4461100000001,-30.7338485889999 30.4461100000001,-30.7338499999999 30.4461100000001,-30.7338799999999 30.4461100000001,-30.73392 30.4461200000001,-30.7339399999999 30.44613,-30.7339799999999 30.4461400000001,-30.7340199999999 30.4461400000001,-30.7340399999999 30.4461400000001,-30.7340699999999 30.4461400000001,-30.7340899999999 30.4461400000001,-30.7341099999999 30.44613,-30.7341399999999 30.4461200000001,-30.7341799999999 30.4461100000001,-30.7341999999999 30.4461000000001,-30.7342399999999 30.4460900000001,-30.7342599999999 30.4460800000001,-30.7342899999999 30.44606,-30.7343299999999 30.4460500000001,-30.7343499999999 30.44604,-30.73437 30.4460200000001,-30.7344099999999 30.4460000000001,-30.7344499999999 30.44597,-30.7344799999999 30.4459300000001,-30.7345299999999 30.4459100000001,-30.73455 30.44586,-30.7345999999999 30.4458400000001,-30.7346099999999 30.4458000000001,-30.7346599999999 30.44577,-30.7346799999999 30.4457100000001,-30.73498 30.4456962780001,-30.7353130289999 30.4457974910001,-30.735359742 30.4456859620001,-30.735563403 30.4456657280001,-30.7360545239999</coordinates></LinearRing></outerBoundaryIs></Polygon>
  </Placemark>
  <Placemark>
	<name>7660081</name>
	<Style><LineStyle><color>ff0000ff</color></LineStyle><PolyStyle><fill>0</fill></PolyStyle></Style>
      <Polygon><outerBoundaryIs><LinearRing><coordinates>27.4264766360001,-26.4187873319999 27.4261772460001,-26.4189382839999 27.4254929130001,-26.4191843359999 27.4247765150001,-26.4194448439999 27.424741456,-26.4194575929999 27.4245778220001,-26.4190971829999 27.4245639360001,-26.4190789579999 27.4237433870001,-26.4194108649999 27.4236787010001,-26.4194284369999 27.4235562190001,-26.4192113129999 27.4233864170001,-26.4189106769999 27.423322393,-26.418738092 27.423358217,-26.4184897109999 27.4232374850001,-26.4183316089999 27.4230723890001,-26.4181166719999 27.4229938460001,-26.4180301569999 27.4231187190001,-26.4179415379999 27.4237821550001,-26.4174968959999 27.4241844490001,-26.4172428139999 27.4247326670001,-26.4169238499999 27.4248756430001,-26.4172234439999 27.425097275,-26.4175558939999 27.424967188,-26.4177534359999 27.4248322800001,-26.4179702509999 27.425232183,-26.4180955219999 27.4256947200001,-26.4181629749999 27.4259789900001,-26.418153339 27.4261476230001,-26.418394244 27.4263258940001,-26.4185387879999 27.4264766360001,-26.4187873319999</coordinates></LinearRing></outerBoundaryIs></Polygon>
  </Placemark>
  <Placemark>
	<name>7985268</name>
	<Style><LineStyle><color>ff0000ff</color></LineStyle><PolyStyle><fill>0</fill></PolyStyle></Style>
      <Polygon><outerBoundaryIs><LinearRing><coordinates>27.991208342,-26.1963432859999 27.9917796720001,-26.1964549259999 27.9937396770001,-26.1968481179999 27.9937388290001,-26.1968637849999 27.9937007620001,-26.1975669029999 27.9935223910001,-26.2008615089999 27.9922018230001,-26.2006485139999 27.9902081880001,-26.2003077219999 27.9897819170001,-26.1999514359999 27.9904321060001,-26.198311132 27.99094382,-26.1970077919999 27.9912043410001,-26.1963442439999 27.9912049760001,-26.1963426279999 27.991208342,-26.1963432859999</coordinates></LinearRing></outerBoundaryIs></Polygon>
  </Placemark>
  <Placemark>
	<name>7992348</name>
	<Style><LineStyle><color>ff0000ff</color></LineStyle><PolyStyle><fill>0</fill></PolyStyle></Style>
      <Polygon><outerBoundaryIs><LinearRing><coordinates>28.7161942580001,-25.725186478 28.7154366390001,-25.7267113149999 28.715182122,-25.7272203499999 28.71467598,-25.7282731249999 28.714201184,-25.7292335069999 28.7141799840001,-25.729225927 28.7136071470001,-25.7289395079999 28.71317752,-25.7287425949999 28.712452522,-25.7283666709999 28.7119602400001,-25.7281787079999 28.7116290690001,-25.7277759309999 28.711485859,-25.7275969209999 28.7115715080001,-25.7273577249999 28.7113261380001,-25.7272373549999 28.7114094710001,-25.7270243919999 28.7117844690001,-25.7262929139999 28.7121918750001,-25.7255105099999 28.7125612350001,-25.7255125569999 28.712657639,-25.7254911339999 28.7128825810001,-25.7250198269999 28.7128845910001,-25.7250157209999 28.7134690090001,-25.7252673449999 28.713507017,-25.7252895169999 28.715093799,-25.7259324649999 28.7151444740001,-25.7259419649999 28.7156417290001,-25.7249696259999 28.7161942580001,-25.725186478</coordinates></LinearRing></outerBoundaryIs></Polygon>
  </Placemark>
  <Placemark>
	<name>1990430</name>
	<Style><LineStyle><color>ff0000ff</color></LineStyle><PolyStyle><fill>0</fill></PolyStyle></Style>
      <Polygon><outerBoundaryIs><LinearRing><coordinates>18.5685665390001,-33.9655212189999 18.5685632600001,-33.9655381599999 18.5684957350001,-33.9657029659999 18.568107598,-33.9666502839999 18.5680270860001,-33.9668467879999 18.5675145790001,-33.9665875659999 18.5667792300001,-33.9662290379999 18.5669288170001,-33.9661389279999 18.5669865920001,-33.9661033739999 18.5670316600001,-33.9660798659999 18.5674247490001,-33.9658748299999 18.5675768470001,-33.9657900059999 18.567843284,-33.9656464169999 18.5681144420001,-33.9655003999999 18.5682270230001,-33.9654455769999 18.5685665390001,-33.9655212189999</coordinates></LinearRing></outerBoundaryIs></Polygon>
  </Placemark>
  <Placemark>
	<name>1994468</name>
	<Style><LineStyle><color>ff0000ff</color></LineStyle><PolyStyle><fill>0</fill></PolyStyle></Style>
      <Polygon><outerBoundaryIs><LinearRing><coordinates>18.7304878480001,-34.0153957599999 18.7303659920001,-34.015449423 18.7295418990001,-34.0158263449999 18.7282116030001,-34.016438982 18.7271623390001,-34.016904188 18.725422677,-34.0176912239999 18.7246321590001,-34.016441003 18.7248785620001,-34.0163205269999 18.7248972530001,-34.0163036789999 18.7251895040001,-34.0160402399999 18.7256668680001,-34.0156504679999 18.726209924,-34.0151731029999 18.7263544470001,-34.0150942719999 18.7268274300001,-34.014901575 18.7275412870001,-34.014568735 18.728793818,-34.0140037819999 18.7293894270001,-34.013723496 18.7304878480001,-34.0153957599999</coordinates></LinearRing></outerBoundaryIs></Polygon>
  </Placemark>
  <Placemark>
	<name>4620070</name>
	<Style><LineStyle><color>ff0000ff</color></LineStyle><PolyStyle><fill>0</fill></PolyStyle></Style>
      <Polygon><outerBoundaryIs><LinearRing><coordinates>27.0974267810001,-30.2924444679999 27.097402656,-30.2924906489999 27.0973766960001,-30.2925403439999 27.0972566810001,-30.292824015 27.0972457710001,-30.2929112989999 27.0972566810001,-30.2930531339999 27.0975949050001,-30.2936750289999 27.0977151750001,-30.2938703339999 27.0976930990001,-30.2938823279999 27.095947429,-30.2946351479999 27.094452699,-30.2953115949999 27.0943772270001,-30.2953237679999 27.0942889060001,-30.2953380129999 27.0941144750001,-30.2953661469999 27.0934052950001,-30.2953443259999 27.0933071030001,-30.2953334159999 27.0936562370001,-30.2947878939999 27.0936344170001,-30.294711521 27.093134799,-30.2938079589999 27.093597043,-30.2935450809999 27.0940710240001,-30.2932861819999 27.094325939,-30.293142793 27.0948368620001,-30.2928568289999 27.0949154460001,-30.29281829 27.0955845780001,-30.2924477529999 27.0964249990001,-30.2919777549999 27.097532937,-30.2913729719999 27.097532964,-30.2913729569999 27.0977258300001,-30.291689329 27.0977585620001,-30.2918093439999 27.0974267810001,-30.2924444679999</coordinates></LinearRing></outerBoundaryIs></Polygon>
  </Placemark>
  <Placemark>
	<name>5993828</name>
	<Style><LineStyle><color>ff0000ff</color></LineStyle><PolyStyle><fill>0</fill></PolyStyle></Style>
      <Polygon><outerBoundaryIs><LinearRing><coordinates>30.8264700600001,-30.0521703979999 30.8264756060001,-30.0522261589999 30.8264749890001,-30.0522687439999 30.8264756060001,-30.0523279909999 30.8264619430001,-30.0524271339999 30.8264303910001,-30.0525819669999 30.8263731110001,-30.0528581849999 30.826372759,-30.052860441 30.8263234680001,-30.053176408 30.8263069210001,-30.0534017099999 30.826314558,-30.0536028259999 30.8263540180001,-30.0539286859999 30.8264062060001,-30.0543525579999 30.8264494840001,-30.054682237 30.8264711240001,-30.0547802489999 30.8265118560001,-30.0549139029999 30.8265602260001,-30.0550411919999 30.8266066130001,-30.055127641 30.826459184,-30.055175151 30.8264017970001,-30.0552010499999 30.8263572010001,-30.0552279949999 30.8262029200001,-30.0553390769999 30.8261905780001,-30.0553822749999 30.8261350370001,-30.0554583859999 30.825937045,-30.0556509789999 30.8257981930001,-30.0558731419999 30.825518946,-30.0560474779999 30.8253399820001,-30.0563020389999 30.8251500250001,-30.0566467759999 30.82508992,-30.0565884379999 30.824950265,-30.0564788359999 30.8249255360001,-30.0564648049999 30.8248256360001,-30.0564081239999 30.824716917,-30.0563683489999 30.8245675380001,-30.0563347609999 30.8244893330001,-30.056323151 30.8243697720001,-30.0563173659999 30.8242212840001,-30.0563289359999 30.8240159090001,-30.0563684669999 30.8236225150001,-30.0564398159999 30.823385321,-30.0564648889999 30.823164519,-30.0564311409999 30.8230304950001,-30.0563906449999 30.8228945430001,-30.0563279719999 30.8227653390001,-30.0562276949999 30.8226592770001,-30.0561139189999 30.8225561080001,-30.0559606109999 30.8225059690001,-30.0558429769999 30.8224712580001,-30.055688706 30.8224085850001,-30.0553396649999 30.822349768,-30.0551150049999 30.822266847,-30.0548556349999 30.8222224940001,-30.0547158259999 30.8221453580001,-30.0545837299999 30.8220324950001,-30.0544604409999 30.8223166970001,-30.0542280469999 30.8225520510001,-30.05404598 30.822717836,-30.053889077 30.822775564,-30.0538091449999 30.8228258920001,-30.0537247729999 30.8228895410001,-30.0535752709999 30.8229354280001,-30.0534627739999 30.8230272010001,-30.0532585039999 30.8231707830001,-30.052916572 30.823258115,-30.0527256249999 30.8233513690001,-30.0525006319999 30.8234979110001,-30.0521749839999 30.82356924,-30.0520040769999 30.8236564220001,-30.0517959649999 30.8237829760001,-30.0515081699999 30.823842035,-30.0514134889999 30.8238917180001,-30.0513422449999 30.8239376530001,-30.0512803739999 30.8240192100001,-30.0512053779999 30.8241532640001,-30.051085386 30.8242460700001,-30.0510010169999 30.8243332520001,-30.0509335219999 30.8244129340001,-30.0508894629999 30.8245863600001,-30.0508088429999 30.824713321,-30.0507365369999 30.824842419,-30.050886713 30.825131227,-30.051120093 30.8253587730001,-30.0512542839999 30.8255688150001,-30.051376811 30.8257671890001,-30.0515080879999 30.8258678600001,-30.0515970089999 30.826052443,-30.0517128519999 30.8261746490001,-30.05179305 30.8263044940001,-30.0518948889999 30.826399967,-30.0520209129999 30.8264409540001,-30.0520999589999 30.826453433,-30.0521240259999 30.8264700600001,-30.0521703979999</coordinates></LinearRing></outerBoundaryIs></Polygon>
  </Placemark>
  <Placemark>
	<name>8770474</name>
	<Style><LineStyle><color>ff0000ff</color></LineStyle><PolyStyle><fill>0</fill></PolyStyle></Style>
      <Polygon><outerBoundaryIs><LinearRing><coordinates>31.081425348,-24.8487778609999 31.0814332100001,-24.8488853189999 31.0814602600001,-24.848981497 31.0815083480001,-24.849098711 31.081519513,-24.8491351789999 31.0815534310001,-24.8492459809999 31.08160152,-24.8493000809999 31.0816946910001,-24.8494533619999 31.081736768,-24.8495465329999 31.081793873,-24.8496547309999 31.0818810330001,-24.849756919 31.0819471550001,-24.849868124 31.0820222920001,-24.8500214049999 31.0820523470001,-24.8502017359999 31.0820703810001,-24.8503189509999 31.0820974300001,-24.850412123 31.0821605460001,-24.8504842549999 31.0822146460001,-24.8505864429999 31.082280767,-24.8506705969999 31.0824039930001,-24.8507547519999 31.0825001700001,-24.8508328959999 31.0825512630001,-24.8509290719999 31.0825121920001,-24.8510012039999 31.0825182030001,-24.8510553039999 31.082563286,-24.851109403 31.0826264030001,-24.8511394579999 31.0827376060001,-24.8512326289999 31.0827376060001,-24.8513137779999 31.0827346010001,-24.8513979329999 31.082749628,-24.8514580429999 31.0828488100001,-24.8515421979999 31.0828367880001,-24.8516143299999 31.0827796830001,-24.8516984849999 31.082755638,-24.8517585949999 31.0828007210001,-24.8518637879999 31.082875861,-24.8520260859999 31.0828878820001,-24.8521372899999 31.0828780240001,-24.8521964359999 31.0828668430001,-24.8522635219999 31.0828651890001,-24.8522965999999 31.0827889930001,-24.852360765 31.0827479220001,-24.8524470139999 31.0827191720001,-24.8525455849999 31.0827397080001,-24.8526729049999 31.0827807790001,-24.8527879039999 31.0828218510001,-24.8529850449999 31.082805421,-24.8531164729999 31.0827602430001,-24.8532232569999 31.0826534590001,-24.853350577 31.0826329240001,-24.8534286129999 31.0826016090001,-24.853525702 31.0823197500001,-24.8538673639999 31.0823595780001,-24.8541461569999 31.0824392330001,-24.854405035 31.0822998360001,-24.854803311 31.0820409580001,-24.855201587 31.08200113,-24.8554007239999 31.0819065410001,-24.8556795169999 31.0810054410001,-24.8556795169999 31.0794667820001,-24.856050486 31.0774775420001,-24.8562096249999 31.0759657190001,-24.8558117769999 31.073737769,-24.8549365109999 31.073057642,-24.8550565339999 31.073099674,-24.854405035 31.0737966560001,-24.8543452949999 31.074399095,-24.8542230829999 31.074640619,-24.8542079889999 31.074753834,-24.8540494889999 31.0745726900001,-24.8532192499999 31.0747613810001,-24.8525022279999 31.0747661870001,-24.8525022279999 31.0747647920001,-24.8525009809999 31.0743280460001,-24.8522297989999 31.0741025350001,-24.8520727979999 31.074182465,-24.8518244519999 31.0742167180001,-24.8517045609999 31.0743908460001,-24.8515475599999 31.0745906650001,-24.851487614 31.0746763020001,-24.851399124 31.0747819200001,-24.8512735229999 31.0748647020001,-24.8511564859999 31.0749075200001,-24.8510223219999 31.0750274120001,-24.8508167939999 31.0751073390001,-24.8506226839999 31.0752985940001,-24.8504171559999 31.0755469410001,-24.8503229569999 31.075732487,-24.8503058289999 31.0759148610001,-24.8502345889999 31.0759151780001,-24.8502344649999 31.0760550510001,-24.8503486469999 31.0761292700001,-24.8503572109999 31.0761977800001,-24.8503600649999 31.0762662880001,-24.8503400829999 31.0767115990001,-24.850054628 31.0768971450001,-24.8499404459999 31.0770227450001,-24.8498662269999 31.077251108,-24.8497292089999 31.0774232410001,-24.8496200979999 31.077813914,-24.8501743079999 31.0781962790001,-24.8499618839999 31.0788441760001,-24.8495688959999 31.0796938770001,-24.8490696969999 31.079566421,-24.8486554679999 31.0798213320001,-24.8484961489999 31.0799533570001,-24.8484541409999 31.080288667,-24.8483474509999 31.0809471850001,-24.8482093739999 31.081255319,-24.8481323409999 31.0812528800001,-24.8482030659999 31.0812709130001,-24.8482721939999 31.0813280180001,-24.8483833969999 31.0813821170001,-24.8484915949999 31.0814181840001,-24.8486268439999 31.0814241940001,-24.8487620939999 31.081425348,-24.8487778609999</coordinates></LinearRing></outerBoundaryIs></Polygon>
  </Placemark>
  <Placemark>
	<name>7985150</name>
	<Style><LineStyle><color>ff0000ff</color></LineStyle><PolyStyle><fill>0</fill></PolyStyle></Style>
      <Polygon><outerBoundaryIs><LinearRing><coordinates>27.9119603270001,-26.2689118579999 27.9119848540001,-26.2689736929999 27.912029165,-26.2691509389999 27.9120328580001,-26.2697565299999 27.9120243190001,-26.2709581349999 27.912022242,-26.2711139179999 27.9119910850001,-26.2711554599999 27.9119391560001,-26.2711845389999 27.9114655770001,-26.2711907709999 27.911461423,-26.2717017379999 27.9120907860001,-26.2717079699999 27.912605908,-26.2717017379999 27.9126806840001,-26.271680967 27.9127866160001,-26.2716144999999 27.91303566,-26.271405269 27.913394064,-26.2717358359999 27.9134914950001,-26.271808909 27.9134965310001,-26.2718104419999 27.913493073,-26.2718144059999 27.9133702220001,-26.2719987229999 27.9129247880001,-26.2722305859999 27.9127801230001,-26.2722305859999 27.9127789400001,-26.2722898129999 27.9127159550001,-26.2740280369999 27.9127227100001,-26.2740735279999 27.911972614,-26.2741924059999 27.9113308650001,-26.2742774989999 27.911171315,-26.2742668629999 27.9107798860001,-26.2742038459999 27.9108454750001,-26.273850916 27.910849763,-26.2735450169999 27.910864056,-26.2727545429999 27.9108683460001,-26.2719998029999 27.9108700230001,-26.2717684109999 27.9108740630001,-26.2712107589999 27.9108812100001,-26.270444585 27.9108883580001,-26.2697098579999 27.9108740630001,-26.2694825789999 27.9107882980001,-26.2689108069999 27.9107033940001,-26.2682201679999 27.9112612810001,-26.2680518489999 27.9113463640001,-26.26858533 27.9114061490001,-26.2690590259999 27.9119603270001,-26.2689118579999</coordinates></LinearRing></outerBoundaryIs></Polygon>
  </Placemark>
  <Placemark>
	<name>1994020</name>
	<Style><LineStyle><color>ff0000ff</color></LineStyle><PolyStyle><fill>0</fill></PolyStyle></Style>
      <Polygon><outerBoundaryIs><LinearRing><coordinates>18.5303888220001,-33.962251852 18.5300403740001,-33.9629228019999 18.5297400600001,-33.9635185069999 18.5295360140001,-33.963923254 18.529304504,-33.9644441499999 18.5277666190001,-33.9639480589999 18.5277347310001,-33.9639370279999 18.5262370010001,-33.9634188939999 18.5250814880001,-33.9630345059999 18.525307893,-33.9625449799999 18.5258157750001,-33.9614986209999 18.5261605570001,-33.960756338 18.526986305,-33.9611213199999 18.5303888220001,-33.962251852</coordinates></LinearRing></outerBoundaryIs></Polygon>
  </Placemark>
  <Placemark>
	<name>5240457</name>
	<Style><LineStyle><color>ff0000ff</color></LineStyle><PolyStyle><fill>0</fill></PolyStyle></Style>
      <Polygon><outerBoundaryIs><LinearRing><coordinates>30.0226824540001,-27.7533724739999 30.0242250060001,-27.7533681289999 30.024206942,-27.7550360079999 30.0241963380001,-27.756015127 30.0234192030001,-27.7560270589999 30.0226772020001,-27.756013369 30.0226589060001,-27.7559350129999 30.0226408330001,-27.7553204939999 30.0226408330001,-27.7546788639999 30.0219359420001,-27.7546788639999 30.020471941,-27.7546517519999 30.0196693710001,-27.7544409959999 30.019928022,-27.753790126 30.020151689,-27.7531902919999 30.020339,-27.7532473609999 30.0204929850001,-27.7532810449999 30.0206229090001,-27.7533243529999 30.0209645630001,-27.753348414 30.0218355380001,-27.7533628499999 30.0225582320001,-27.7533710619999 30.0226824540001,-27.7533724739999</coordinates></LinearRing></outerBoundaryIs></Polygon>
  </Placemark>
  <Placemark>
	<name>7971336</name>
	<Style><LineStyle><color>ff0000ff</color></LineStyle><PolyStyle><fill>0</fill></PolyStyle></Style>
      <Polygon><outerBoundaryIs><LinearRing><coordinates>28.2127820940001,-25.9668189069999 28.2124129790001,-25.9668577619999 28.2123962220001,-25.9668594979999 28.211865431,-25.9669144929999 28.211833976,-25.966697043 28.211820231,-25.9665718119999 28.2117912150001,-25.9663259309999 28.2117896880001,-25.9662434619999 28.2117774690001,-25.9660724149999 28.2117652510001,-25.9659578739999 28.211762197,-25.9658540229999 28.211914918,-25.9658387509999 28.211914918,-25.965831115 28.2118671730001,-25.9654149409999 28.2119908240001,-25.9653933739999 28.212125029,-25.9653886359999 28.2123539660001,-25.9653696899999 28.2124313310001,-25.965366533 28.2125165910001,-25.9653617959999 28.2125886690001,-25.9653430549999 28.2125984450001,-25.9654175919999 28.2126778690001,-25.9660273239999 28.2127377420001,-25.9664879819999 28.2127820940001,-25.9668189069999</coordinates></LinearRing></outerBoundaryIs></Polygon>
  </Placemark>
  <Placemark>
	<name>7991787</name>
	<Style><LineStyle><color>ff0000ff</color></LineStyle><PolyStyle><fill>0</fill></PolyStyle></Style>
      <Polygon><outerBoundaryIs><LinearRing><coordinates>28.2578190170001,-25.717407379 28.257856368,-25.7179393769999 28.2578758760001,-25.718233708 28.2580453250001,-25.7207904819999 28.25809288,-25.7215080259999 28.258140891,-25.7222633329999 28.258224897,-25.7235849219999 28.2582250400001,-25.723587156 28.257539351,-25.7234148069999 28.2555451790001,-25.7229368039999 28.255241416,-25.7228638479999 28.2538348240001,-25.7225260209999 28.253030778,-25.7223148349999 28.2528057100001,-25.7216758729999 28.2527217860001,-25.7216339109999 28.252607346,-25.7212753299999 28.2523021700001,-25.7202949519999 28.251977921,-25.7192764279999 28.2518024440001,-25.7187290189999 28.2517261510001,-25.7184906009999 28.2524662020001,-25.718202592 28.2532329570001,-25.7178726199999 28.254339218,-25.7174472809999 28.2544084,-25.7174736729999 28.2548527980001,-25.7173315489999 28.2549347880001,-25.7174868959999 28.2549446180001,-25.7175491629999 28.2578190170001,-25.717407379</coordinates></LinearRing></outerBoundaryIs></Polygon>
  </Placemark>
  <Placemark>
	<name>7630063</name>
	<Style><LineStyle><color>ff0000ff</color></LineStyle><PolyStyle><fill>0</fill></PolyStyle></Style>
      <Polygon><outerBoundaryIs><LinearRing><coordinates>27.8269663090001,-26.1215247879999 27.8270451530001,-26.1213954899999 27.8277577030001,-26.121771754 27.8280557470001,-26.1219318619999 27.828127179,-26.1219860509999 27.828154274,-26.1220254609999 27.8281690530001,-26.1220747249999 27.828173979,-26.1221239889999 27.8281592000001,-26.1221855679999 27.827880861,-26.1228161409999 27.828097621,-26.1228998889999 27.8281764420001,-26.1229417629999 27.828287285,-26.1230205829999 27.828403602,-26.1230858579999 27.8284649080001,-26.1230989949999 27.828530592,-26.1230989949999 27.8286094140001,-26.1230858579999 27.8286926140001,-26.1230245529999 27.8288852910001,-26.1227311609999 27.829667509,-26.1214830329999 27.8296885250001,-26.1214499099999 27.8297647190001,-26.1213298409999 27.8300696910001,-26.1214734769999 27.830083636,-26.1215127809999 27.8301531590001,-26.1217087069999 27.8300089860001,-26.1219515259999 27.8299406930001,-26.122543397 27.8296675220001,-26.123279442 27.8295461120001,-26.1241217199999 27.829758579,-26.124425244 27.8297358140001,-26.1246301219999 27.829621993,-26.1250019379999 27.829265353,-26.1256089859999 27.829128767,-26.1255786339999 27.8289770060001,-26.1258593929999 27.8285949070001,-26.1263855109999 27.8276614490001,-26.1259486609999 27.8271801180001,-26.1257189339999 27.8246085440001,-26.124359136 27.823391718,-26.1237180529999 27.822773779,-26.1234360189999 27.8232539860001,-26.1227822939999 27.8232933720001,-26.1227133679999 27.823308141,-26.122644443 27.8232982930001,-26.1224524369999 27.8232958900001,-26.122313802 27.8242774050001,-26.1223926489999 27.8245068740001,-26.1224103019999 27.8245598280001,-26.1224161839999 27.8246068990001,-26.122427952 27.8246686790001,-26.122454429 27.825424749,-26.1228309919999 27.8258954540001,-26.123069288 27.8259366390001,-26.1230751709999 27.8259601760001,-26.1230722289999 27.8259866530001,-26.123051636 27.8260101880001,-26.1230104489999 27.8265103130001,-26.1222484959999 27.8269663090001,-26.1215247879999</coordinates></LinearRing></outerBoundaryIs></Polygon>
  </Placemark>
  <Placemark>
	<name>7993232</name>
	<Style><LineStyle><color>ff0000ff</color></LineStyle><PolyStyle><fill>0</fill></PolyStyle></Style>
      <Polygon><outerBoundaryIs><LinearRing><coordinates>28.0847349800001,-25.4725992039999 28.0843744650001,-25.4732503389999 28.084181877,-25.4735886539999 28.0839673400001,-25.4739206749999 28.0838702880001,-25.473971757 28.0835842370001,-25.474007512 28.0824114590001,-25.4741320289999 28.0822217420001,-25.4741570179999 28.0810945530001,-25.474291713 28.0806833760001,-25.4743377929999 28.080587672,-25.4743129809999 28.08056286,-25.4741428389999 28.0804689930001,-25.4733203819999 28.0800470610001,-25.4733644849999 28.0800059190001,-25.4730768569999 28.0801223070001,-25.4730035379999 28.0801448080001,-25.4729871729999 28.080439374,-25.4727928419999 28.080778943,-25.4727642029999 28.0813926210001,-25.4727089719999 28.0822333610001,-25.4726087379999 28.0827140750001,-25.472551462 28.0836918690001,-25.4724553189999 28.084209404,-25.4723857679999 28.084469196,-25.4723448569999 28.0845653380001,-25.4723489479999 28.0846430700001,-25.472412361 28.084706484,-25.4725207779999 28.0847349800001,-25.4725992039999</coordinates></LinearRing></outerBoundaryIs></Polygon>
  </Placemark>
  <Placemark>
	<name>7630317</name>
	<Style><LineStyle><color>ff0000ff</color></LineStyle><PolyStyle><fill>0</fill></PolyStyle></Style>
      <Polygon><outerBoundaryIs><LinearRing><coordinates>27.7755571370001,-26.08706652 27.775829871,-26.0886334369999 27.7782650460001,-26.08830094 27.7782694300001,-26.0883003409999 27.7782632590001,-26.0883450779999 27.7782226070001,-26.0885483369999 27.7781471110001,-26.0888445149999 27.7780658080001,-26.089111655 27.7779090080001,-26.0896865869999 27.77784726,-26.0899644559999 27.7778393190001,-26.0900001869999 27.7778039180001,-26.0902228909999 27.7778137700001,-26.0903345319999 27.7778695900001,-26.0907219919999 27.777938545,-26.091168556 27.7779812300001,-26.0913655699999 27.7780206340001,-26.0915133299999 27.7780666040001,-26.0916249709999 27.7781355580001,-26.0917333289999 27.7782472000001,-26.0918581039999 27.778352274,-26.0919434769999 27.778526302,-26.0920485509999 27.778858287,-26.0922590059999 27.7785247500001,-26.0926960549999 27.7783981210001,-26.0928416769999 27.778201847,-26.0931139289999 27.777929595,-26.093778729 27.7778599490001,-26.0942725809999 27.7777930980001,-26.0943868809999 27.7777760170001,-26.0943942 27.7776418320001,-26.0944517089999 27.7774149320001,-26.0945057339999 27.7771561180001,-26.094614131 27.776900631,-26.094817018 27.776171741,-26.095771339 27.775525508,-26.096620459 27.7751250510001,-26.096451375 27.774724689,-26.0963887099999 27.7740632190001,-26.0963608579999 27.7736767810001,-26.0963434509999 27.7721762900001,-26.0962947109999 27.7721754,-26.0962947489999 27.771987563,-26.095595822 27.771979124,-26.0955662809999 27.7724265340001,-26.0955063919999 27.773232427,-26.0954084369999 27.7740071520001,-26.0952926749999 27.774194154,-26.0952659589999 27.7742965610001,-26.0952303409999 27.774372252,-26.0951724579999 27.7743989670001,-26.095114576 27.7743989670001,-26.0950566959999 27.7743499900001,-26.094985457 27.7743277280001,-26.0949142179999 27.774283203,-26.0946737849999 27.7740872960001,-26.0933870289999 27.7738869360001,-26.0921225349999 27.7736200570001,-26.090548108 27.773351356,-26.088962932 27.773085387,-26.0873938729999 27.7755571370001,-26.08706652</coordinates></LinearRing></outerBoundaryIs></Polygon>
  </Placemark>
  <Placemark>
	<name>7970200</name>
	<Style><LineStyle><color>ff0000ff</color></LineStyle><PolyStyle><fill>0</fill></PolyStyle></Style>
      <Polygon><outerBoundaryIs><LinearRing><coordinates>28.2641713130001,-26.2982901699999 28.2638421810001,-26.2981730209999 28.262932354,-26.2979953449999 28.262181823,-26.2978421749999 28.2615250740001,-26.2976835399999 28.2620249890001,-26.2974376349999 28.2625143490001,-26.2971626639999 28.2627055740001,-26.2973984309999 28.2629107500001,-26.2971835519999 28.2629427700001,-26.2971291169999 28.2629091480001,-26.2970554689999 28.2632085440001,-26.2968841559999 28.263389987,-26.2971940659999 28.2635166890001,-26.2971460049999 28.263596265,-26.2973076339999 28.263724348,-26.2974613339999 28.2640104020001,-26.2979608609999 28.2641000610001,-26.2981636599999 28.2641713130001,-26.2982901699999</coordinates></LinearRing></outerBoundaryIs></Polygon>
  </Placemark>
  <Placemark>
	<name>1990696</name>
	<Style><LineStyle><color>ff0000ff</color></LineStyle><PolyStyle><fill>0</fill></PolyStyle></Style>
      <Polygon><outerBoundaryIs><LinearRing><coordinates>18.558340419,-33.5574591369999 18.5571250780001,-33.5595290119999 18.5547551770001,-33.5617093229999 18.5505525540001,-33.565469564 18.5440432280001,-33.5713785159999 18.544738398,-33.5766870939999 18.5461919370001,-33.5891369709999 18.5464131270001,-33.601618448 18.543032069,-33.6019660329999 18.5395209360001,-33.6023108869999 18.5355217490001,-33.6027064119999 18.5360930620001,-33.5992016309999 18.536708322,-33.5954881009999 18.537114832,-33.5953452729999 18.538334364,-33.5951694839999 18.5385760730001,-33.5951035639999 18.5386200200001,-33.5949387619999 18.5394330410001,-33.5904671439999 18.539472339,-33.5901215449999 18.5382936980001,-33.5902841159999 18.5376318010001,-33.5903537899999 18.537242791,-33.5903654019999 18.5347693850001,-33.5903595959999 18.532586285,-33.5903537899999 18.5304496350001,-33.5903421769999 18.5260892430001,-33.590318953 18.5257524880001,-33.5902841159999 18.5253634780001,-33.5902260549999 18.5245680400001,-33.5900634839999 18.5226636350001,-33.5897093119999 18.5218681970001,-33.5895815759999 18.5211192080001,-33.5895060969999 18.5204456980001,-33.5895002909999 18.5194818840001,-33.5895525459999 18.5182161500001,-33.5896512499999 18.5159749900001,-33.589813821 18.514657001,-33.5899183309999 18.5126771150001,-33.5900576779999 18.511481056,-33.5901389619999 18.5095882630001,-33.5903015339999 18.5094524190001,-33.5903126249999 18.5088769260001,-33.5883237979999 18.5084264760001,-33.586767102 18.508425,-33.5867619999999 18.5080612840001,-33.5854781239999 18.5076807180001,-33.5841347719999 18.5070858330001,-33.5820348969999 18.506919,-33.5814459999999 18.5085700000001,-33.5810999999999 18.508809,-33.5810499999999 18.5091980000001,-33.5809679999999 18.5098270000001,-33.5808369999999 18.5103500000001,-33.5807269999999 18.5108740000001,-33.5806179999999 18.5113660000001,-33.5805139999999 18.511782,-33.5804269999999 18.512206,-33.5803379999999 18.512728,-33.5802289999999 18.5132510000001,-33.5801189999999 18.514032,-33.5799559999999 18.514593,-33.5798379999999 18.5147350000001,-33.579808 18.5150580000001,-33.57974 18.5152300000001,-33.5794309999999 18.5155600000001,-33.5788379999999 18.5158690000001,-33.5782849999999 18.5161090000001,-33.5778559999999 18.5163480000001,-33.5774269999999 18.5165870000001,-33.5769979999999 18.5168270000001,-33.5765689999999 18.51856,-33.5737369999999 18.5212050000001,-33.5689949999999 18.523445,-33.5649789999999 18.525424,-33.5614299999999 18.5305620000001,-33.551938 18.531100499,-33.550755927 18.5422746040001,-33.5524169419999 18.558340419,-33.5574591369999</coordinates></LinearRing></outerBoundaryIs></Polygon>
  </Placemark>
  <Placemark>
	<name>7984961</name>
	<Style><LineStyle><color>ff0000ff</color></LineStyle><PolyStyle><fill>0</fill></PolyStyle></Style>
      <Polygon><outerBoundaryIs><LinearRing><coordinates>27.8973115520001,-26.2259816689999 27.8972054580001,-26.2262812289999 27.8971451290001,-26.2264705349999 27.8969953490001,-26.226520461 27.896858051,-26.2265620669999 27.896772759,-26.226599512 27.8966999500001,-26.2266535989999 27.896512725,-26.226853306 27.8964503160001,-26.2269115539999 27.8964045500001,-26.2269698019999 27.8963775060001,-26.2270363709999 27.8963171780001,-26.2272277579999 27.8962298060001,-26.2274836319999 27.8962006820001,-26.2275668429999 27.8961320320001,-26.2276500539999 27.8960550630001,-26.2277291039999 27.8961008290001,-26.227779031 27.8961216320001,-26.2278123159999 27.8961257920001,-26.227845601 27.8961174710001,-26.2278913659999 27.8959905740001,-26.2282699769999 27.895767983,-26.2289356669999 27.8956202840001,-26.2293683649999 27.8956327660001,-26.2293933289999 27.895680612,-26.2294224519999 27.8957201370001,-26.2294328539999 27.8961361940001,-26.2294141319999 27.8961861210001,-26.2294203739999 27.8963254990001,-26.2294598969999 27.896717687,-26.2295650179999 27.8966706200001,-26.2297001619999 27.8964992210001,-26.2302249239999 27.8962773430001,-26.2308717789999 27.8961546080001,-26.2312577559999 27.896107117,-26.2314071059999 27.8960331570001,-26.231613723 27.8959016740001,-26.231808601 27.8958368570001,-26.231870049 27.8957393380001,-26.2317401139999 27.8956544310001,-26.2316136569999 27.8955966240001,-26.2314926199999 27.8955542900001,-26.2313741629999 27.8955219270001,-26.2312541499999 27.895488217,-26.2310815499999 27.895361462,-26.2310613229999 27.8952333610001,-26.231033007 27.8951187430001,-26.2309885079999 27.8950270500001,-26.2309359189999 27.89484501,-26.2308347859999 27.8948584940001,-26.2307956809999 27.8948625400001,-26.230752531 27.89484501,-26.2306473519999 27.8948288290001,-26.230534083 27.8948112990001,-26.2304585709999 27.894781633,-26.2303776639999 27.89474118,-26.2302832729999 27.8946993770001,-26.2301780939999 27.894640048,-26.2300526899999 27.8943946310001,-26.2294944359999 27.8942503480001,-26.2291856429999 27.8942705740001,-26.2291101289999 27.8942921480001,-26.2290454049999 27.8943353000001,-26.2289833759999 27.894379799,-26.2289429239999 27.894441826,-26.2288957279999 27.8945308230001,-26.2288485329999 27.8947020750001,-26.228774369 27.8945672310001,-26.2284884989999 27.8944634010001,-26.228278143 27.8949542330001,-26.228039469 27.8949990450001,-26.2280109669999 27.8950337830001,-26.2279888709999 27.8951798350001,-26.2278491019999 27.8954954960001,-26.2275255869999 27.8956572530001,-26.2273575489999 27.8957027950001,-26.2272947309999 27.8957294930001,-26.2272303419999 27.8957483390001,-26.2271565309999 27.8958237210001,-26.2269319559999 27.8958928210001,-26.226765488 27.8959225440001,-26.2267104129999 27.8959462160001,-26.226666549 27.896053007,-26.2265471949999 27.8961927780001,-26.2264058539999 27.8962569230001,-26.2263330929999 27.8962979980001,-26.2262865 27.8964173520001,-26.2261954129999 27.8965775390001,-26.226107468 27.896711027,-26.2260540729999 27.8968555090001,-26.2260116699999 27.8969560180001,-26.2259818319999 27.8970502450001,-26.2259676979999 27.8971538950001,-26.2259645569999 27.8972355590001,-26.225970839 27.8973115520001,-26.2259816689999</coordinates></LinearRing></outerBoundaryIs></Polygon>
  </Placemark>
  <Placemark>
	<name>1780074</name>
	<Style><LineStyle><color>ff0000ff</color></LineStyle><PolyStyle><fill>0</fill></PolyStyle></Style>
      <Polygon><outerBoundaryIs><LinearRing><coordinates>22.2310535010001,-33.6036083619999 22.230363373,-33.6035110379999 22.230341034,-33.6035044669999 22.2303236550001,-33.603501332 22.2304232750001,-33.6030485269999 22.2289705040001,-33.6027905159999 22.2288318910001,-33.6033402699999 22.2283581230001,-33.60326033 22.2273570940001,-33.6030787699999 22.2270392350001,-33.6027780929999 22.226760728,-33.6022092569999 22.2268359130001,-33.6018364649999 22.2267465,-33.6015004889999 22.227635422,-33.6013521039999 22.228119344,-33.6012713259999 22.2301434970001,-33.6007427599999 22.2302331740001,-33.6007259419999 22.231160527,-33.6031445809999 22.2310535010001,-33.6036083619999</coordinates></LinearRing></outerBoundaryIs></Polygon>
  </Placemark>
  <Placemark>
	<name>7983054</name>
	<Style><LineStyle><color>ff0000ff</color></LineStyle><PolyStyle><fill>0</fill></PolyStyle></Style>
      <Polygon><outerBoundaryIs><LinearRing><coordinates>28.0203598250001,-25.928896263 28.0203184440001,-25.9291996669999 28.019641698,-25.9291170039999 28.0195310910001,-25.9291040759999 28.0194879970001,-25.9291026399999 28.0194506490001,-25.9291040759999 28.0194061190001,-25.929112695 28.0193673350001,-25.9291256229999 28.0193271140001,-25.9291457339999 28.0187223650001,-25.9295436329999 28.018252347,-25.9298565369999 28.0181191520001,-25.9299452099999 28.018094691,-25.9299085189999 28.01808213,-25.9298859089999 28.0179581040001,-25.9295901109999 28.0179367740001,-25.9295319199999 28.01809302,-25.9294719999999 28.018163885,-25.9294400239999 28.018213147,-25.9294140979999 28.018249445,-25.9293933559999 28.0184819190001,-25.9292300199999 28.0192878130001,-25.9286968569999 28.019312411,-25.9286784079999 28.019327784,-25.9286609839999 28.0193431590001,-25.9286353599999 28.0193554590001,-25.928603586 28.0193595580001,-25.928577963 28.019360583,-25.9285451649999 28.0193575090001,-25.928503142 28.0193359850001,-25.928398597 28.019327784,-25.928352474 28.0193226600001,-25.9283125009999 28.019321635,-25.928255104 28.0193195850001,-25.9281546589999 28.019315486,-25.928081888 28.0193038460001,-25.9279333249999 28.0192979300001,-25.9278578139999 28.0192979300001,-25.9278556959999 28.0192966170001,-25.9278410619999 28.019275914,-25.9276102139999 28.0196418570001,-25.927589763 28.019661366,-25.9278913869999 28.019663204,-25.9279630569999 28.019663204,-25.9284243159999 28.019665042,-25.9284959859999 28.0196705540001,-25.9285529539999 28.0197017940001,-25.928777152 28.019705118,-25.9287986499999 28.0197086470001,-25.9288114429999 28.019713058,-25.9288202659999 28.019719233,-25.9288277649999 28.0197276160001,-25.9288317359999 28.019741292,-25.9288348239999 28.0200103860001,-25.9288533509999 28.0203598250001,-25.928896263</coordinates></LinearRing></outerBoundaryIs></Polygon>
  </Placemark>
  <Placemark>
	<name>5993575</name>
	<Style><LineStyle><color>ff0000ff</color></LineStyle><PolyStyle><fill>0</fill></PolyStyle></Style>
      <Polygon><outerBoundaryIs><LinearRing><coordinates>30.9190112370001,-29.9445417679999 30.920677078,-29.945046224 30.9207859480001,-29.944767699 30.9211658980001,-29.9448795239999 30.9217637030001,-29.9450088169999 30.9222238740001,-29.9451450609999 30.9222405570001,-29.9452131809999 30.9224171180001,-29.945278523 30.9227841430001,-29.9453744509999 30.9226826550001,-29.9456441589999 30.922778582,-29.945696988 30.92282585,-29.9457386949999 30.9228689480001,-29.9458082079999 30.9229037040001,-29.9458137679999 30.9230343870001,-29.9458374029999 30.9232290210001,-29.9459319389999 30.9229732160001,-29.9465658909999 30.9228959520001,-29.9467508299999 30.9228786520001,-29.9469192269999 30.9227552360001,-29.947253718 30.9222984840001,-29.9471233809999 30.9221693010001,-29.9469342199999 30.9222015970001,-29.9467808179999 30.922346927,-29.946397885 30.9219109370001,-29.9462687019999 30.9217633000001,-29.946202958 30.9215510710001,-29.9461510539999 30.9214115080001,-29.9461141449999 30.921164677,-29.946035713 30.9210216540001,-29.9459930359999 30.9207033110001,-29.9458949959999 30.9205935960001,-29.9457781009999 30.9204787410001,-29.9458481359999 30.920332993,-29.9459441159999 30.92012958,-29.9460387359999 30.9199214450001,-29.9458972059999 30.919105561,-29.9458306019999 30.9185534750001,-29.9458984309999 30.9184987470001,-29.9459499409999 30.918679028,-29.9460948089999 30.9189236940001,-29.9464102999999 30.919046027,-29.9466002379999 30.9190814400001,-29.9467354479999 30.9190750010001,-29.9468352469999 30.9190492470001,-29.9469575799999 30.9189430100001,-29.9470927899999 30.9187788260001,-29.947192588 30.9178278890001,-29.9474010509999 30.917761666,-29.9471560259999 30.9175598080001,-29.9468660839999 30.9174748470001,-29.9467760229999 30.9174215020001,-29.946725726 30.9173894950001,-29.9466921949999 30.917408256,-29.9466733609999 30.9177827230001,-29.9462974429999 30.9177730480001,-29.946292018 30.917081119,-29.9456361599999 30.917425951,-29.9442597999999 30.9174615150001,-29.9441178519999 30.9174627840001,-29.9440843639999 30.91852119,-29.9443970109999 30.9190112370001,-29.9445417679999</coordinates></LinearRing></outerBoundaryIs></Polygon>
  </Placemark>
  <Placemark>
	<name>2660058</name>
	<Style><LineStyle><color>ff0000ff</color></LineStyle><PolyStyle><fill>0</fill></PolyStyle></Style>
      <Polygon><outerBoundaryIs><LinearRing><coordinates>25.4891240140001,-33.3966069489999 25.489197231,-33.3969188159999 25.4884318690001,-33.3970302079999 25.488331584,-33.3970481819999 25.488171407,-33.3970591519999 25.4879476,-33.3970876769999 25.4876821010001,-33.39714692 25.4874846230001,-33.3972346869999 25.4871752400001,-33.39740803 25.4869865410001,-33.3975001869999 25.4868153930001,-33.3975835659999 25.4866310800001,-33.3976164789999 25.4864357960001,-33.397618673 25.486069365,-33.3976098969999 25.4858280030001,-33.3975923429999 25.4854133000001,-33.3975462649999 25.485057839,-33.3975089619999 25.4849305750001,-33.3975199339999 25.484926187,-33.3974870209999 25.484889438,-33.3973688769999 25.4848506050001,-33.3973200599999 25.48480241,-33.3972594699999 25.4845885710001,-33.397068009 25.4843249990001,-33.3968566549999 25.4841061870001,-33.396692545 25.4839770250001,-33.3966306179999 25.48418675,-33.3955896589999 25.484217125,-33.3954384919999 25.4842577470001,-33.3951758029999 25.4842658260001,-33.3950659339999 25.4842712880001,-33.39499165 25.4842851830001,-33.394558914 25.4842902450001,-33.3944012779999 25.4842902450001,-33.3940898429999 25.484290468,-33.3940480129999 25.4842929530001,-33.3935807139999 25.484295913,-33.3935170729999 25.484298369,-33.3934642649999 25.484398571,-33.3932530309999 25.4845365040001,-33.3930001529999 25.4847507170001,-33.3930647859999 25.4850384090001,-33.3931856159999 25.4851103330001,-33.3932287709999 25.485262811,-33.3932719249999 25.4854670730001,-33.3933409699999 25.4857749050001,-33.393369741 25.486310013,-33.393369741 25.4865085230001,-33.3933754959999 25.4866293540001,-33.3934128959999 25.4867329240001,-33.393504956 25.4867933390001,-33.3935998949999 25.4867990930001,-33.3937293569999 25.4867818310001,-33.3940371889999 25.4867731990001,-33.3942846039999 25.4867703230001,-33.3944600979999 25.4867674480001,-33.3945348969999 25.4869084160001,-33.3945348969999 25.4870321240001,-33.3945406519999 25.4872335100001,-33.3946902529999 25.4874032500001,-33.3947794379999 25.4875154490001,-33.3948369759999 25.4874981870001,-33.3950556229999 25.4874665410001,-33.3952426249999 25.487434895,-33.3953634549999 25.4874377720001,-33.3954526399999 25.48745791,-33.395541825 25.487581617,-33.3957460859999 25.487688065,-33.3958755489999 25.4877542330001,-33.3959503489999 25.4878031420001,-33.3959704879999 25.4878405420001,-33.395990626 25.4879038350001,-33.3959877489999 25.4879642500001,-33.3960107649999 25.488064943,-33.3960251489999 25.4883123580001,-33.3959791189999 25.4885022380001,-33.3959618569999 25.488623068,-33.3959676109999 25.4887467760001,-33.3960107649999 25.4888963770001,-33.3960654269999 25.488997069,-33.3961287189999 25.489008577,-33.3962121499999 25.488999946,-33.3963243509999 25.489011454,-33.3964049049999 25.4890517310001,-33.3964969669999 25.4891240140001,-33.3966069489999</coordinates></LinearRing></outerBoundaryIs></Polygon>
  </Placemark>
  <Placemark>
	<name>1991326</name>
	<Style><LineStyle><color>ff0000ff</color></LineStyle><PolyStyle><fill>0</fill></PolyStyle></Style>
      <Polygon><outerBoundaryIs><LinearRing><coordinates>18.6746504900001,-34.0198724219999 18.6762567790001,-34.0206185459999 18.6761043640001,-34.0208295809999 18.6760574670001,-34.0211109609999 18.6756673660001,-34.0211939199999 18.6754642160001,-34.0208171089999 18.6753858260001,-34.0207700739999 18.6752408040001,-34.0207543969999 18.6750526680001,-34.0206916849999 18.674989956,-34.0207152009999 18.6749625200001,-34.0208484659999 18.6748645320001,-34.0209268549999 18.674778303,-34.020989567 18.6747349330001,-34.020969158 18.6747116710001,-34.0209582099999 18.6746332810001,-34.0208837399999 18.674523535,-34.0208092699999 18.674409869,-34.0206720869999 18.6742466100001,-34.020533945 18.6741707800001,-34.0206603299999 18.6740845510001,-34.0208327869999 18.6740061610001,-34.0209582099999 18.6739642750001,-34.021005682 18.6737285990001,-34.0208629679999 18.6735520610001,-34.0207808169999 18.6733895060001,-34.0206934219999 18.6732077250001,-34.0205815559999 18.672996228,-34.0205046479999 18.6729827980001,-34.0204580109999 18.672981602,-34.0204538599999 18.6729751700001,-34.0204216999999 18.6729526570001,-34.0203927559999 18.6729237150001,-34.0203734589999 18.6728802970001,-34.0203396909999 18.672862609,-34.0203123549999 18.672787568,-34.0202413339999 18.672693231,-34.0201598609999 18.6726460630001,-34.0201319889999 18.672601038,-34.0200655239999 18.672547438,-34.0200333639999 18.6725024130001,-34.0200505159999 18.6724788290001,-34.0200740999999 18.6724595320001,-34.0200483719999 18.672433804,-34.0200119239999 18.6724230830001,-34.0199668989999 18.6723523320001,-34.01989829 18.6722944430001,-34.0198425459999 18.6722069460001,-34.0197496919999 18.6722449010001,-34.0197126639999 18.672498164,-34.0194535099999 18.6725688420001,-34.019385778 18.672748481,-34.0193357129999 18.6730311950001,-34.019329824 18.6733113760001,-34.019250402 18.6737914030001,-34.0194733749999 18.6746504900001,-34.0198724219999</coordinates></LinearRing></outerBoundaryIs></Polygon>
  </Placemark>
  <Placemark>
	<name>7992643</name>
	<Style><LineStyle><color>ff0000ff</color></LineStyle><PolyStyle><fill>0</fill></PolyStyle></Style>
      <Polygon><outerBoundaryIs><LinearRing><coordinates>28.0391336040001,-25.473200732 28.0399749520001,-25.4739506309999 28.0404529570001,-25.4743766779999 28.041531809,-25.4753384839999 28.041601631,-25.4754007309999 28.0411829060001,-25.4757717569999 28.0409754,-25.475961476 28.0408212520001,-25.4761749109999 28.0406018880001,-25.4764476329999 28.0403232390001,-25.4765721369999 28.04022245,-25.4766669959999 28.0398192960001,-25.4768982169999 28.039617719,-25.4770049349999 28.0391730630001,-25.477218369 28.038772264,-25.4773522799999 28.0385060310001,-25.4771978639999 28.0382397970001,-25.4771126679999 28.0371216140001,-25.4768038379999 28.0363591650001,-25.476609423 28.0362676860001,-25.4754241609999 28.0362441650001,-25.475119419 28.0365678140001,-25.4748068349999 28.0370834390001,-25.4743201769999 28.0373063960001,-25.474109746 28.0375166300001,-25.4739244079999 28.0384460820001,-25.473066877 28.0387069760001,-25.4728204789999 28.0391336040001,-25.473200732</coordinates></LinearRing></outerBoundaryIs></Polygon>
  </Placemark>
  <Placemark>
	<name>5060056</name>
	<Style><LineStyle><color>ff0000ff</color></LineStyle><PolyStyle><fill>0</fill></PolyStyle></Style>
      <Polygon><outerBoundaryIs><LinearRing><coordinates>30.4650280800001,-30.7219457669999 30.4648403940001,-30.7218888269999 30.464675905,-30.7218951539999 30.4645683540001,-30.7219014789999 30.4644734570001,-30.7219373299999 30.464361689,-30.721985834 30.4642899890001,-30.7220153559999 30.4641908740001,-30.7220807309999 30.4641128470001,-30.7221524299999 30.4640221670001,-30.7222747439999 30.463910399,-30.7223822939999 30.46376489,-30.7225278029999 30.4636573400001,-30.722612157 30.4633979530001,-30.7228272569999 30.463319927,-30.7228652159999 30.4632482260001,-30.7229137189999 30.463144894,-30.7229495699999 30.4630731930001,-30.7229685489999 30.4629466630001,-30.7229685489999 30.4628306770001,-30.7229685489999 30.462769521,-30.722945352 30.4626767330001,-30.7228884129999 30.4625607470001,-30.7227618839999 30.4624510880001,-30.7226037209999 30.462341429,-30.722424471 30.4622908170001,-30.7223295729999 30.4622380960001,-30.7222578739999 30.4620637660001,-30.7221331009999 30.4618810010001,-30.7220431239999 30.4618022710001,-30.7219896999999 30.4615942,-30.721930653 30.4613945630001,-30.7219222169999 30.4612595980001,-30.7219278409999 30.4611161980001,-30.7219418989999 30.4609924800001,-30.7219728299999 30.4608518910001,-30.7220262519999 30.460711302,-30.722104983 30.460497607,-30.7221949579999 30.4603654540001,-30.7222455709999 30.4602867240001,-30.7222455709999 30.460227677,-30.7221865229999 30.4601601940001,-30.722082488 30.459954935,-30.7216860279999 30.4598480870001,-30.7215482509999 30.4597440520001,-30.7214807689999 30.4595247330001,-30.7213542399999 30.4592294970001,-30.7212642609999 30.4587936710001,-30.7211292969999 30.458245375,-30.720954967 30.457753315,-30.7207834479999 30.4573145260001,-30.7206324869999 30.4576439030001,-30.7199106639999 30.45782611,-30.7194761689999 30.4578561550001,-30.7194053229999 30.4578808740001,-30.7194250999999 30.4580260070001,-30.7194027719999 30.4583906990001,-30.7192985739999 30.4589154130001,-30.7191571629999 30.4591014790001,-30.7190492429999 30.459328483,-30.7188371259999 30.459626191,-30.7185096459999 30.459879244,-30.7182863649999 30.4599908850001,-30.7181747239999 30.4601360180001,-30.71769839 30.4601891830001,-30.7175859239999 30.4605527530001,-30.7177055189999 30.460939243,-30.7178266579999 30.4612103630001,-30.7179651029999 30.461400724,-30.7180631669999 30.4615853160001,-30.7182535279999 30.4618045190001,-30.7184265829999 30.4621054720001,-30.7185497499999 30.4622101180001,-30.7183355939999 30.4623001610001,-30.7181725429999 30.462419406,-30.7180873679999 30.4625264840001,-30.7180435629999 30.462631129,-30.7180240939999 30.462789312,-30.7180119259999 30.4634536820001,-30.7179729889999 30.463645936,-30.717958387 30.4637092090001,-30.717941353 30.4639136320001,-30.7175471109999 30.4641423880001,-30.7170652599999 30.4642921940001,-30.7168280679999 30.4644494450001,-30.7169853189999 30.4647964250001,-30.7170687699999 30.4650731290001,-30.7171039069999 30.4653322660001,-30.7170995139999 30.4655782280001,-30.7170512009999 30.4658373650001,-30.7169897109999 30.465938383,-30.7169501809999 30.466004265,-30.7169370039999 30.4664742260001,-30.7174245339999 30.4668343820001,-30.7177231989999 30.4667176890001,-30.7178531449999 30.466650675,-30.7181403449999 30.4665549410001,-30.7185807229999 30.466487928,-30.718963658 30.4664592070001,-30.71919342 30.4656167480001,-30.7200167329999 30.4651189310001,-30.7204954029999 30.4652242400001,-30.720677297 30.4652816780001,-30.720811324 30.4650280800001,-30.7219457669999</coordinates></LinearRing></outerBoundaryIs></Polygon>
  </Placemark>
  <Placemark>
	<name>7990147</name>
	<Style><LineStyle><color>ff0000ff</color></LineStyle><PolyStyle><fill>0</fill></PolyStyle></Style>
      <Polygon><outerBoundaryIs><LinearRing><coordinates>28.1460514070001,-25.730882645 28.1456023850001,-25.7309407819999 28.1448495650001,-25.7310514899999 28.1447088880001,-25.731070723 28.1444891580001,-25.7311007619999 28.1442621560001,-25.7311282209999 28.1440497990001,-25.7311446979999 28.1437312630001,-25.7311520199999 28.1433179850001,-25.731138369 28.1430523060001,-25.7311142329999 28.1432509510001,-25.7304091329999 28.1437324270001,-25.7303479939999 28.1445960270001,-25.7303479939999 28.1456889010001,-25.7303174239999 28.145986957,-25.7303250659999 28.1460514070001,-25.730882645</coordinates></LinearRing></outerBoundaryIs></Polygon>
  </Placemark>
  <Placemark>
	<name>6660196</name>
	<Style><LineStyle><color>ff0000ff</color></LineStyle><PolyStyle><fill>0</fill></PolyStyle></Style>
      <Polygon><outerBoundaryIs><LinearRing><coordinates>25.989987419,-26.8011690609999 25.9897362760001,-26.8027656069999 25.989687018,-26.8029256949999 25.9896802170001,-26.8029311359999 25.9872918490001,-26.8026794059999 25.9864732500001,-26.8026033169999 25.9865899230001,-26.8017866039999 25.98666381,-26.8011831949999 25.9867200670001,-26.800823142 25.9872682260001,-26.8008748159999 25.9882708230001,-26.8009816219999 25.988801407,-26.8010401919999 25.989101152,-26.8010849819999 25.9894870310001,-26.8011366629999 25.989686862,-26.8011435529999 25.989987419,-26.8011690609999</coordinates></LinearRing></outerBoundaryIs></Polygon>
  </Placemark>
  <Placemark>
	<name>7972437</name>
	<Style><LineStyle><color>ff0000ff</color></LineStyle><PolyStyle><fill>0</fill></PolyStyle></Style>
      <Polygon><outerBoundaryIs><LinearRing><coordinates>28.3731867070001,-26.3547799629999 28.3732383540001,-26.354959177 28.3735834120001,-26.3566917319999 28.3739472770001,-26.3585187149999 28.3732457310001,-26.358624377 28.3727837590001,-26.3586939559999 28.372633007,-26.358679869 28.372260747,-26.3586058789999 28.3722223510001,-26.3585982479999 28.371004832,-26.358348024 28.3711865340001,-26.3575872599999 28.371520542,-26.356289467 28.3712934810001,-26.3558761009999 28.373158446,-26.3547957279999 28.3731865560001,-26.3547794429999 28.3731867070001,-26.3547799629999</coordinates></LinearRing></outerBoundaryIs></Polygon>
  </Placemark>
  <Placemark>
	<name>5750039</name>
	<Style><LineStyle><color>ff0000ff</color></LineStyle><PolyStyle><fill>0</fill></PolyStyle></Style>
      <Polygon><outerBoundaryIs><LinearRing><coordinates>30.8151711870001,-28.1970064339999 30.8158158910001,-28.1989865439999 30.8152333520001,-28.1991584129999 30.8154350820001,-28.1996865119999 30.8154088420001,-28.1997783529999 30.815464557,-28.2002001989999 30.8153043840001,-28.2002034679999 30.8151526000001,-28.2002441909999 30.8150008150001,-28.2002923169999 30.814937881,-28.2003256359999 30.814849032,-28.2003626559999 30.814763885,-28.2003478479999 30.814256705,-28.2004403989999 30.81421228,-28.2004329959999 30.8141271330001,-28.2004329959999 30.8140716030001,-28.2004366969999 30.8140271780001,-28.2004811219999 30.8139716480001,-28.2005218439999 30.8138865000001,-28.2005329499999 30.8137865450001,-28.200544056 30.8136643770001,-28.200544056 30.8134829790001,-28.2005070359999 30.8133534060001,-28.2004996329999 30.8132460470001,-28.2004959299999 30.8131534950001,-28.2005033339999 30.812990605,-28.2006403099999 30.8128692440001,-28.2006521499999 30.8127236080001,-28.2001923319999 30.81260324,-28.1996928039999 30.8134438100001,-28.1995503669999 30.813126841,-28.1985192149999 30.812866221,-28.1985582149999 30.8123927190001,-28.1986288539999 30.8121487940001,-28.1986542399999 30.8117856650001,-28.198489783 30.8114909280001,-28.198348881 30.8114293740001,-28.1983194559999 30.811065677,-28.198150063 30.810936143,-28.1981052249999 30.810921196,-28.198045438 30.8107617680001,-28.1975970459999 30.8108588330001,-28.1976200649999 30.811429692,-28.1974686769999 30.811518,-28.1974308299999 30.8115905420001,-28.1973835219999 30.8117923930001,-28.1973015199999 30.812054167,-28.1972699799999 30.8122402480001,-28.1972321339999 30.812366405,-28.1972163639999 30.8124673300001,-28.197181671 30.813227424,-28.1969892819999 30.8134018740001,-28.1974346419999 30.8134845650001,-28.1973867679999 30.8138249520001,-28.1972623959999 30.814080243,-28.1971772989999 30.8142602560001,-28.1971249299999 30.814394447,-28.1970692909999 30.8144991810001,-28.1970496529999 30.8145132980001,-28.19704623 30.8146071890001,-28.1970234699999 30.8147610180001,-28.1970201969999 30.8149606680001,-28.1970267429999 30.815130862,-28.1970169239999 30.8151711870001,-28.1970064339999</coordinates></LinearRing></outerBoundaryIs></Polygon>
  </Placemark>
  <Placemark>
	<name>2990139</name>
	<Style><LineStyle><color>ff0000ff</color></LineStyle><PolyStyle><fill>0</fill></PolyStyle></Style>
      <Polygon><outerBoundaryIs><LinearRing><coordinates>25.5231615920001,-33.8596600099999 25.5231615920001,-33.859669337 25.5231664780001,-33.859779257 25.5231615920001,-33.8598452079999 25.523107854,-33.8598916169999 25.523037017,-33.8599648969999 25.5229588530001,-33.86001375 25.522902672,-33.8600455049999 25.5228538200001,-33.8600894709999 25.5227854250001,-33.8601725219999 25.522724397,-33.8602842639999 25.5226857870001,-33.8604204519999 25.5226877580001,-33.8606010839999 25.5226705160001,-33.8607347079999 25.5225197570001,-33.8609244929999 25.52243,-33.86106 25.5224200000001,-33.8611699999999 25.52245,-33.8612999999999 25.5226832930001,-33.8616393369999 25.5228860670001,-33.8619019779999 25.5229169450001,-33.8619374869999 25.5228690340001,-33.8619618979999 25.5228508860001,-33.8619813429999 25.5228068100001,-33.8619813429999 25.5227653260001,-33.8619943069999 25.522731621,-33.8619981959999 25.522666804,-33.8620033809999 25.522587726,-33.862017642 25.5225540210001,-33.8620319009999 25.522484019,-33.8620552359999 25.5224619800001,-33.8620746799999 25.5224049400001,-33.8620889399999 25.522311603,-33.862105793 25.522155878,-33.8621441969999 25.522056707,-33.8621830879999 25.521956564,-33.8621976719999 25.521730027,-33.8621908649999 25.5215764090001,-33.8621821149999 25.521444181,-33.8621714209999 25.5214091780001,-33.86209364 25.521391678,-33.8620547489999 25.5213877890001,-33.8620022469999 25.521376122,-33.8619623839999 25.5213488990001,-33.8619361329999 25.521281812,-33.8618807139999 25.5212191780001,-33.8618528409999 25.521188695,-33.8618528409999 25.5211660560001,-33.8616236249999 25.5211285440001,-33.8611453519999 25.52108947,-33.8606795829999 25.520805007,-33.8605889289999 25.5207166390001,-33.8605634909999 25.520854408,-33.8600423679999 25.520921333,-33.8600423679999 25.5210778670001,-33.8596604239999 25.5210989270001,-33.8596640869999 25.5211564250001,-33.859637802 25.5213496800001,-33.8593768249999 25.5214884270001,-33.8591720069999 25.521562756,-33.8591406239999 25.5216113210001,-33.8591301729999 25.5216932450001,-33.8591125439999 25.5218006090001,-33.8591059369999 25.5219558730001,-33.8591224549999 25.5221772080001,-33.8591538379999 25.52230109,-33.8591653999999 25.522362205,-33.8591901769999 25.5224034990001,-33.8592314699999 25.5224183640001,-33.8592991919999 25.5224547030001,-33.8593487449999 25.5225141660001,-33.8594032529999 25.522588495,-33.8594594119999 25.5226347440001,-33.859522179 25.5226842960001,-33.8595568659999 25.5227685360001,-33.8595799899999 25.522831302,-33.859599811 25.522925452,-33.8596328449999 25.522997649,-33.8596487049999 25.5230484720001,-33.8596445839999 25.5231615920001,-33.8596600099999</coordinates></LinearRing></outerBoundaryIs></Polygon>
  </Placemark>
  <Placemark>
	<name>3830140</name>
	<Style><LineStyle><color>ff0000ff</color></LineStyle><PolyStyle><fill>0</fill></PolyStyle></Style>
      <Polygon><outerBoundaryIs><LinearRing><coordinates>24.7423522490001,-28.7246877699999 24.742237758,-28.7250805899999 24.742087842,-28.7256167259999 24.7417692530001,-28.7266551749999 24.738338431,-28.7259217439999 24.7386100720001,-28.7249058079999 24.7386131730001,-28.7248941629999 24.7388655130001,-28.7239466629999 24.7394495760001,-28.7240595939999 24.7418105330001,-28.7245624879999 24.7423522490001,-28.7246877699999</coordinates></LinearRing></outerBoundaryIs></Polygon>
  </Placemark>
  <Placemark>
	<name>2991483</name>
	<Style><LineStyle><color>ff0000ff</color></LineStyle><PolyStyle><fill>0</fill></PolyStyle></Style>
      <Polygon><outerBoundaryIs><LinearRing><coordinates>25.5630869120001,-33.9244351789999 25.5628987320001,-33.9245670809999 25.5627820730001,-33.9246764069999 25.5620399210001,-33.9253719089999 25.5611909250001,-33.9261914609999 25.5600997600001,-33.927236638 25.5599100700001,-33.9274183339999 25.5592829240001,-33.9281005789999 25.559175623,-33.9282685019999 25.558645739,-33.9275881689999 25.558356614,-33.9272724299999 25.557763767,-33.9265529039999 25.557430851,-33.926128892 25.556892555,-33.9254580919999 25.5562400000001,-33.9246599999999 25.5565800000001,-33.92446 25.556778448,-33.9243428849999 25.5571717720001,-33.9241221419999 25.557876143,-33.9237308239999 25.5585805140001,-33.9233475339999 25.5588757420001,-33.9232026289999 25.5592968440001,-33.9229574569999 25.559501895,-33.922812211 25.5597521970001,-33.9226157999999 25.5600700000001,-33.9223499999999 25.5601954160001,-33.922431791 25.560944539,-33.9230840879999 25.5618414480001,-33.9238484989999 25.5620045210001,-33.9238943639999 25.562335767,-33.9239453249999 25.5624733610001,-33.9239708039999 25.5625599940001,-33.9239962849999 25.5626568200001,-33.9240523429999 25.5629982560001,-33.9243530109999 25.5630869120001,-33.9244351789999</coordinates></LinearRing></outerBoundaryIs></Polygon>
  </Placemark>
  <Placemark>
	<name>7990193</name>
	<Style><LineStyle><color>ff0000ff</color></LineStyle><PolyStyle><fill>0</fill></PolyStyle></Style>
      <Polygon><outerBoundaryIs><LinearRing><coordinates>28.1821376780001,-25.8612363919999 28.182037,-25.8613039999999 28.180549,-25.8620099999999 28.180469912,-25.8620680579999 28.180451862,-25.8620246089999 28.180381578,-25.8617941999999 28.1802385670001,-25.861333386 28.1802220650001,-25.861278383 28.1801695060001,-25.8611109239999 28.1801365030001,-25.8610137489999 28.1801236680001,-25.8609783019999 28.1801047220001,-25.8609257419999 28.1800778310001,-25.8608817389999 28.1800436060001,-25.8608371239999 28.1800191600001,-25.8608096219999 28.1800350500001,-25.860800454 28.1803109890001,-25.8606203149999 28.1804063310001,-25.8605584349999 28.1796820000001,-25.8597589999999 28.1796629240001,-25.85973981 28.1799001810001,-25.8595279739999 28.1801197230001,-25.8593410379999 28.180208055,-25.8592657279999 28.180674406,-25.8598394809999 28.1808283990001,-25.8600201539999 28.1809872430001,-25.860196577 28.181150819,-25.860368622 28.1813190070001,-25.8605361609999 28.181491683,-25.86069907 28.1816687190001,-25.8608572299999 28.1821376780001,-25.8612363919999</coordinates></LinearRing></outerBoundaryIs></Polygon>
  </Placemark>
  <Placemark>
	<name>2990595</name>
	<Style><LineStyle><color>ff0000ff</color></LineStyle><PolyStyle><fill>0</fill></PolyStyle></Style>
      <Polygon><outerBoundaryIs><LinearRing><coordinates>25.4022131770001,-33.8253296169999 25.402197625,-33.8253731689999 25.402189847,-33.8254416059999 25.4021665150001,-33.8255287109999 25.4020980770001,-33.8256749209999 25.4019783090001,-33.8257309159999 25.401819656,-33.8258117979999 25.4016858900001,-33.8258755699999 25.4015801210001,-33.8259362319999 25.4012752580001,-33.8261151049999 25.4009859500001,-33.826293979 25.400592428,-33.8264806299999 25.4004182210001,-33.826566178 25.3998924880001,-33.8267932689999 25.399665396,-33.8268834839999 25.3995907360001,-33.8269177029999 25.399575182,-33.8270016959999 25.3995347410001,-33.8270623579999 25.3994009740001,-33.827161906 25.39929054,-33.827245897 25.3992734300001,-33.8272847829999 25.3992625420001,-33.8274869889999 25.399248947,-33.8276936429999 25.3991760000001,-33.8277259049999 25.3988518770001,-33.827828258 25.3986369340001,-33.82786067 25.3984083440001,-33.8278674939999 25.398294342,-33.8278606299999 25.39802167,-33.8278557599999 25.3977879500001,-33.8278411539999 25.3975980540001,-33.8278022009999 25.3974130270001,-33.8277535099999 25.3969650660001,-33.827573351 25.396809374,-33.8274990199999 25.397048237,-33.8271123719999 25.3971145250001,-33.8270295119999 25.3971789720001,-33.826968748 25.3972471010001,-33.8268895699999 25.398192834,-33.8254200769999 25.398254277,-33.825415114 25.3983741470001,-33.8254500739999 25.3992881490001,-33.8258446449999 25.399500419,-33.8259170649999 25.3996552500001,-33.8258970869999 25.4001397220001,-33.8256648409999 25.4003569850001,-33.8255499659999 25.400744063,-33.8253426919999 25.4009038880001,-33.8252777619999 25.4009149270001,-33.8252777619999 25.4012709880001,-33.8252777619999 25.4016256020001,-33.8252702709999 25.4020965210001,-33.825289176 25.4022131770001,-33.8253296169999</coordinates></LinearRing></outerBoundaryIs></Polygon>
  </Placemark>
  <Placemark>
	<name>1995052</name>
	<Style><LineStyle><color>ff0000ff</color></LineStyle><PolyStyle><fill>0</fill></PolyStyle></Style>
      <Polygon><outerBoundaryIs><LinearRing><coordinates>18.6445781400001,-33.9181509589999 18.6448889640001,-33.9193597199999 18.644828525,-33.9193510859999 18.6449061950001,-33.9196456249999 18.6431495890001,-33.919579902 18.6418170910001,-33.9195085179999 18.641436377,-33.9180986879999 18.6414309130001,-33.9180833869999 18.6445781400001,-33.9181509589999</coordinates></LinearRing></outerBoundaryIs></Polygon>
  </Placemark>
  <Placemark>
	<name>7994173</name>
	<Style><LineStyle><color>ff0000ff</color></LineStyle><PolyStyle><fill>0</fill></PolyStyle></Style>
      <Polygon><outerBoundaryIs><LinearRing><coordinates>28.069999796,-25.593065544 28.0699705540001,-25.593139978 28.0699546040001,-25.5932197289999 28.0699643930001,-25.593427909 28.069681168,-25.5949840549999 28.069395065,-25.5964546199999 28.0692272190001,-25.5965175629999 28.068471909,-25.5963497159999 28.0680751790001,-25.5961875919999 28.06763649,-25.5958824159999 28.067564845,-25.5958517109999 28.0671558370001,-25.5956764219999 28.0671329500001,-25.5954322809999 28.0671024320001,-25.5946598049999 28.066957474,-25.5937614439999 28.0668659200001,-25.5932979579999 28.0667719680001,-25.5929265489999 28.0667693090001,-25.5929160359999 28.0667438510001,-25.5928153989999 28.066642361,-25.59235072 28.066478943,-25.5916025019999 28.0663720540001,-25.5911902369999 28.0662924120001,-25.5908480179999 28.0663130300001,-25.5908428629999 28.0667769230001,-25.5907372549999 28.0668194780001,-25.5906810209999 28.0668529150001,-25.5906506239999 28.0669259900001,-25.590613436 28.067061917,-25.5905926679999 28.067267487,-25.5905786519999 28.067683296,-25.5905833239999 28.0685896680001,-25.5906160289999 28.0689353980001,-25.590630045 28.0690565520001,-25.5906172029999 28.0690607400001,-25.5905669379999 28.0690942480001,-25.5897238009999 28.069118475,-25.5897521109999 28.0694011180001,-25.5899814249999 28.0697500130001,-25.5903253779999 28.0697671330001,-25.5905479079999 28.0697671330001,-25.5908645849999 28.0697671330001,-25.5912240549999 28.0697585730001,-25.591429467 28.0697756910001,-25.5915578489999 28.0698099260001,-25.591694791 28.0697842500001,-25.5918659669999 28.069792808,-25.5920371439999 28.069818485,-25.5922511139999 28.069844161,-25.5926191439999 28.0698955140001,-25.5928416739999 28.069999796,-25.593065544</coordinates></LinearRing></outerBoundaryIs></Polygon>
  </Placemark>
  <Placemark>
	<name>8680186</name>
	<Style><LineStyle><color>ff0000ff</color></LineStyle><PolyStyle><fill>0</fill></PolyStyle></Style>
      <Polygon><outerBoundaryIs><LinearRing><coordinates>29.1040780040001,-25.850058041 29.1038473290001,-25.8500352279999 29.1037973450001,-25.850030284 29.1037973160001,-25.8500305769999 29.1035691720001,-25.8500221439999 29.1032271670001,-25.849995835 29.102964086,-25.8499892579999 29.1027338900001,-25.8499826809999 29.1027033870001,-25.8499823179999 29.1023702620001,-25.8499783519999 29.1021814200001,-25.8499761039999 29.1020308420001,-25.8499643399999 29.102021677,-25.8499636239999 29.1018981320001,-25.8499539719999 29.1017604900001,-25.849943219 29.101674491,-25.849943219 29.101565404,-25.849943219 29.1015429500001,-25.8497442699999 29.1015429500001,-25.8494159009999 29.1015345320001,-25.8491997949999 29.1015233040001,-25.8490426269999 29.1015204990001,-25.8488265209999 29.1015120790001,-25.8485935749999 29.1015032060001,-25.8483672749999 29.101705408,-25.8483609899999 29.1019081100001,-25.8483652359999 29.1019768620001,-25.848366676 29.1024136280001,-25.848347686 29.1031605620001,-25.8482970469999 29.1037175960001,-25.8482084269999 29.1041339710001,-25.8481937319999 29.104147104,-25.8483519399999 29.104177979,-25.8487143649999 29.1041370240001,-25.8493462369999 29.1040889450001,-25.849757559 29.1040822910001,-25.8500246869999 29.1040780040001,-25.850058041</coordinates></LinearRing></outerBoundaryIs></Polygon>
  </Placemark>
  <Placemark>
	<name>8660163</name>
	<Style><LineStyle><color>ff0000ff</color></LineStyle><PolyStyle><fill>0</fill></PolyStyle></Style>
      <Polygon><outerBoundaryIs><LinearRing><coordinates>29.0701150960001,-26.5617286949999 29.070237336,-26.5617725129999 29.07037583,-26.5619550729999 29.0707220620001,-26.5627860309999 29.0708731460001,-26.5631322629999 29.0710500740001,-26.5634861229999 29.0709152690001,-26.5635301249999 29.070994694,-26.5637286849999 29.070810157,-26.5637831239999 29.0705858080001,-26.5638290139999 29.069576237,-26.5639870779999 29.068745123,-26.5642267239999 29.0682199410001,-26.5645020619999 29.0676632800001,-26.5647382499999 29.0674875780001,-26.5648302839999 29.0674457430001,-26.5648888509999 29.067504312,-26.5650394529999 29.0676632800001,-26.5654577909999 29.0671361760001,-26.565666958 29.0664082690001,-26.5658928599999 29.0661489000001,-26.5659932599999 29.065747296,-26.5661438619999 29.0656516610001,-26.5662162049999 29.0655036100001,-26.5658886019999 29.0652752080001,-26.5654086689999 29.0652394780001,-26.5653335889999 29.0647875050001,-26.5643838749999 29.068000408,-26.5624571399999 29.0698215530001,-26.5613360179999 29.0700753830001,-26.5616475769999 29.0701150960001,-26.5617286949999</coordinates></LinearRing></outerBoundaryIs></Polygon>
  </Placemark>
  <Placemark>
	<name>5993042</name>
	<Style><LineStyle><color>ff0000ff</color></LineStyle><PolyStyle><fill>0</fill></PolyStyle></Style>
      <Polygon><outerBoundaryIs><LinearRing><coordinates>31.006491935,-29.6856285379999 31.0064686090001,-29.6866756059999 31.006410642,-29.6866756059999 31.0063417520001,-29.6866815969999 31.0062848420001,-29.6866965729999 31.006278852,-29.6868014059999 31.0062728610001,-29.6869182209999 31.0062698660001,-29.6870080779999 31.0062698660001,-29.687118902 31.0062608800001,-29.687373497 31.0062638750001,-29.6874873169999 31.0062638750001,-29.687855731 31.0062680990001,-29.6880634419999 31.006218769,-29.688061741 31.005856442,-29.6880600399999 31.0054856100001,-29.6880566379999 31.005359577,-29.6880594419999 31.005155055,-29.6880571949999 31.0048606340001,-29.6880571949999 31.0047729820001,-29.688054947 31.0044560860001,-29.688054947 31.0042965140001,-29.6880527 31.004190882,-29.6880482049999 31.0040942400001,-29.6880369669999 31.0039975980001,-29.6880234819999 31.0039121930001,-29.688005502 31.003820046,-29.6879807799999 31.003734642,-29.6879470679999 31.003651485,-29.6879133549999 31.0035930500001,-29.6878953749999 31.0034851700001,-29.6878391879999 31.0033885280001,-29.6877785059999 31.003294134,-29.6877110809999 31.0032019870001,-29.687632419 31.0031300670001,-29.687564994 31.0030671370001,-29.6874998169999 31.003008703,-29.6874234029999 31.0029637530001,-29.687360473 31.002921051,-29.6872908009999 31.002889586,-29.6872301179999 31.0028468830001,-29.6871334759999 31.0028319620001,-29.6870916969999 31.0028159180001,-29.687040587 31.0028002590001,-29.6869857819999 31.0027814690001,-29.6869027909999 31.0027658100001,-29.6867947459999 31.002750151,-29.6866726089999 31.0029396210001,-29.6866475549999 31.003068022,-29.68663033 31.0032308720001,-29.6866131059999 31.0033577070001,-29.6865896179999 31.0034767130001,-29.6865661299999 31.0035972850001,-29.6865316809999 31.0037241200001,-29.6864862709999 31.0038071110001,-29.6864627829999 31.0039182870001,-29.6864048459999 31.0040670440001,-29.6863265519999 31.0042580800001,-29.6862185079999 31.0044428520001,-29.6861261219999 31.0046276240001,-29.6860243399999 31.0047732500001,-29.6859413489999 31.0049267050001,-29.685867754 31.0050316180001,-29.6858239089999 31.005158453,-29.6857738019999 31.0052386990001,-29.6857429309999 31.0053554260001,-29.6857087189999 31.0054608550001,-29.6856765049999 31.005561158,-29.685651612 31.0056775690001,-29.685634041 31.005823266,-29.6856179329999 31.0059411410001,-29.685613541 31.0060370510001,-29.685613541 31.006166641,-29.6856150049999 31.006226085,-29.685614874 31.0063788040001,-29.68562413 31.006491935,-29.6856285379999</coordinates></LinearRing></outerBoundaryIs></Polygon>
  </Placemark>
  <Placemark>
	<name>7973668</name>
	<Style><LineStyle><color>ff0000ff</color></LineStyle><PolyStyle><fill>0</fill></PolyStyle></Style>
      <Polygon><outerBoundaryIs><LinearRing><coordinates>28.1997722730001,-26.0369401709999 28.199330907,-26.0380868909999 28.1993364690001,-26.0380882809999 28.1992207390001,-26.0384249489999 28.19963899,-26.0392829019999 28.1995603540001,-26.0398857819999 28.199030404,-26.0398266309999 28.199026443,-26.0398261869999 28.19847101,-26.0397639789999 28.1979399580001,-26.0397192269999 28.1979501210001,-26.039611594 28.1979518050001,-26.0395526139999 28.1979450650001,-26.0395087999999 28.1979113620001,-26.0394279129999 28.1977900310001,-26.0391869349999 28.1975777010001,-26.0387690159999 28.1975372570001,-26.0386746469999 28.1975204060001,-26.038610612 28.1975018690001,-26.0384875939999 28.197483333,-26.0383173939999 28.197424352,-26.0380713609999 28.1973704270001,-26.0377747729999 28.1970654130001,-26.0378017359999 28.1967941030001,-26.0378219569999 28.19627554,-26.0378418789999 28.1962360100001,-26.0376199169999 28.196221742,-26.037577031 28.196201488,-26.0375366259999 28.1961756640001,-26.037499533 28.1961448000001,-26.037466514 28.196109531,-26.0374382499999 28.1955852220001,-26.0372358839999 28.195799084,-26.0367943619999 28.1958979680001,-26.0365644009999 28.1959968510001,-26.0363459389999 28.1957530930001,-26.036256255 28.19586437,-26.0360081629999 28.196320513,-26.0361775879999 28.1973070760001,-26.0365274329999 28.1973910390001,-26.0365530899999 28.1974983250001,-26.036632386 28.197743217,-26.0368189709999 28.1978365090001,-26.0368329649999 28.1984429060001,-26.0366487129999 28.1992055690001,-26.0368166389999 28.1995904380001,-26.0369005329999 28.1997722730001,-26.0369401709999</coordinates></LinearRing></outerBoundaryIs></Polygon>
  </Placemark>
  <Placemark>
	<name>1660246</name>
	<Style><LineStyle><color>ff0000ff</color></LineStyle><PolyStyle><fill>0</fill></PolyStyle></Style>
      <Polygon><outerBoundaryIs><LinearRing><coordinates>18.9590089430001,-33.7311262189999 18.959308691,-33.7313346809999 18.9593454790001,-33.7312938059999 18.9594054280001,-33.7312393049999 18.959502166,-33.7311984309999 18.959606104,-33.7311945369999 18.9599964860001,-33.7311715729999 18.9610665920001,-33.7311440169999 18.9620815860001,-33.7311164609999 18.9625500440001,-33.7311072749999 18.9628791910001,-33.7311110619999 18.9628420870001,-33.7313177839999 18.962799681,-33.731778936 18.962783781,-33.7321075709999 18.9627519780001,-33.7326853329999 18.9627348450001,-33.7331736099999 18.9627307750001,-33.7332895999999 18.9626088620001,-33.7343497139999 18.9624940040001,-33.7343509219999 18.9621100020001,-33.7343339509999 18.9620151970001,-33.7343391129999 18.961919788,-33.7342384019999 18.9610637440001,-33.7342357519999 18.9610271590001,-33.7342363669999 18.9601175920001,-33.7342516539999 18.9592469710001,-33.7342715309999 18.9580543420001,-33.7342755069999 18.9577342410001,-33.7342959549999 18.957653081,-33.7343416079999 18.957549095,-33.734369506 18.9573994570001,-33.734339072 18.9572675730001,-33.734262983 18.9570858120001,-33.7342660129999 18.9565487950001,-33.7343770229999 18.9561337900001,-33.7343810219999 18.9561146880001,-33.7342641909999 18.9558880330001,-33.7342705219999 18.9556205730001,-33.7323173549999 18.955499972,-33.7314366559999 18.9554754360001,-33.7312574779999 18.9553636910001,-33.7307051949999 18.955794708,-33.7306931859999 18.956182712,-33.7306821829999 18.9565607300001,-33.730671179 18.9570567470001,-33.730657177 18.957282751,-33.7306481669999 18.9574527560001,-33.7306441659999 18.957745791,-33.7306371619999 18.958064768,-33.7306271719999 18.9582617900001,-33.7306211539999 18.9582729740001,-33.7306232759999 18.9585357970001,-33.7306731529999 18.9585865710001,-33.730676597 18.9585974710001,-33.730761072 18.9586574190001,-33.7308414589999 18.9588059310001,-33.7309586329999 18.9590089430001,-33.7311262189999</coordinates></LinearRing></outerBoundaryIs></Polygon>
  </Placemark>
  <Placemark>
	<name>1660036</name>
	<Style><LineStyle><color>ff0000ff</color></LineStyle><PolyStyle><fill>0</fill></PolyStyle></Style>
      <Polygon><outerBoundaryIs><LinearRing><coordinates>18.9890412700001,-33.6692659879999 18.9887852210001,-33.6691718769999 18.9885225730001,-33.6690674069999 18.9883358690001,-33.6689931449999 18.9878965870001,-33.6688207039999 18.987381783,-33.668634418 18.986931128,-33.6684631179999 18.986824502,-33.66843918 18.986213218,-33.6681840779999 18.9861554590001,-33.6681455709999 18.98611214,-33.667996361 18.9860593650001,-33.6677871919999 18.9860215090001,-33.6675238419999 18.9862782760001,-33.667513965 18.9866831770001,-33.6675007979999 18.9872327580001,-33.6674651389999 18.987806187,-33.6674336849999 18.988164279,-33.6674167479999 18.988565039,-33.6673760309999 18.9889005350001,-33.6673514089999 18.988971328,-33.668105507 18.9889990300001,-33.6684440809999 18.9890451990001,-33.6688626819999 18.9890451990001,-33.6690781379999 18.9890412700001,-33.6692659879999</coordinates></LinearRing></outerBoundaryIs></Polygon>
  </Placemark>
  <Placemark>
	<name>1992522</name>
	<Style><LineStyle><color>ff0000ff</color></LineStyle><PolyStyle><fill>0</fill></PolyStyle></Style>
      <Polygon><outerBoundaryIs><LinearRing><coordinates>18.813988232,-34.056637195 18.8144702920001,-34.0568008419999 18.814470482,-34.0568003259999 18.8147053640001,-34.056958774 18.8151107140001,-34.0570432229999 18.815304944,-34.0570685569999 18.8160987520001,-34.0570770019999 18.8164196550001,-34.057093892 18.8166222030001,-34.057106814 18.816543445,-34.0578851319999 18.8165537520001,-34.0579933619999 18.8167341370001,-34.0580242859999 18.8168269070001,-34.0580552089999 18.817105214,-34.0581582859999 18.8173062150001,-34.0582510549999 18.8174556760001,-34.0583335159999 18.8177030620001,-34.05847267 18.8178885990001,-34.0585963639999 18.818043215,-34.0587406699999 18.818208138,-34.0589262079999 18.8183782150001,-34.05916844 18.818501907,-34.05943644 18.819465677,-34.059096285 18.8196151380001,-34.0593282089999 18.8198367540001,-34.0597559779999 18.8201150610001,-34.0602765169999 18.820175168,-34.0603593019999 18.8193991300001,-34.0606651859999 18.8192185330001,-34.0607276999999 18.819003206,-34.0603456679999 18.8189476370001,-34.0602692609999 18.818912906,-34.0602345309999 18.818850393,-34.0602345309999 18.8187670400001,-34.0602414769999 18.8185517130001,-34.0603109369999 18.8181210580001,-34.0604637509999 18.8180099210001,-34.0605262649999 18.8179265690001,-34.0606374019999 18.8178779470001,-34.0607138089999 18.818190519,-34.0609221889999 18.8183433310001,-34.0610263789999 18.8184058460001,-34.0611236249999 18.8185933890001,-34.0614917649999 18.8191212880001,-34.0624781029999 18.819614458,-34.0633602509999 18.819782671,-34.0637256769999 18.8188289490001,-34.0639747129999 18.818664207,-34.0640080049999 18.8181670800001,-34.064111254 18.816954857,-34.064275688 18.8167846630001,-34.0643054629999 18.8166155200001,-34.0643407179999 18.8164476030001,-34.0643814169999 18.816281088,-34.064427517 18.816116148,-34.0644789699999 18.815952957,-34.0645357229999 18.815864951,-34.0645739519999 18.8157799930001,-34.0646185439999 18.8156985410001,-34.0646692579999 18.815621035,-34.0647258199999 18.8155478950001,-34.0647879239999 18.815479516,-34.0648552349999 18.815416268,-34.0649273879999 18.8153584920001,-34.0650039929999 18.8152617030001,-34.0651438019999 18.8149576480001,-34.0650095539999 18.8144427160001,-34.0647897489999 18.8141814070001,-34.064689836 18.813872448,-34.0646114439999 18.8137540910001,-34.0645822389999 18.8136203610001,-34.0645484219999 18.8134051660001,-34.0644746409999 18.8132187880001,-34.0643884639999 18.8107024690001,-34.0633139269999 18.8096780970001,-34.0628872079999 18.8105292290001,-34.0619526319999 18.8110331600001,-34.0613992989999 18.8110694900001,-34.061359406 18.8124309390001,-34.0598638729999 18.812432039,-34.0598626639999 18.8125801090001,-34.059700012 18.813510895,-34.0586814879999 18.8138099990001,-34.0583499969999 18.8138103490001,-34.0583496089999 18.8131985430001,-34.0568681049999 18.8129596720001,-34.0562896729999 18.8130207070001,-34.056308746 18.813988232,-34.056637195</coordinates></LinearRing></outerBoundaryIs></Polygon>
  </Placemark>
  <Placemark>
	<name>2991169</name>
	<Style><LineStyle><color>ff0000ff</color></LineStyle><PolyStyle><fill>0</fill></PolyStyle></Style>
      <Polygon><outerBoundaryIs><LinearRing><coordinates>25.5899452830001,-33.9053341299999 25.5901549850001,-33.9053709789999 25.5911884700001,-33.9055639899999 25.59136283,-33.905596553 25.5913624880001,-33.9056870479999 25.5911194460001,-33.9066349129999 25.5903517680001,-33.9064904019999 25.590086801,-33.9064496369999 25.5881097450001,-33.9060963499999 25.5874311630001,-33.9059718549999 25.5876888320001,-33.9049331269999 25.5887390450001,-33.9051216669999 25.5888712650001,-33.9051454049999 25.5899452830001,-33.9053341299999</coordinates></LinearRing></outerBoundaryIs></Polygon>
  </Placemark>
  <Placemark>
	<name>5993943</name>
	<Style><LineStyle><color>ff0000ff</color></LineStyle><PolyStyle><fill>0</fill></PolyStyle></Style>
      <Polygon><outerBoundaryIs><LinearRing><coordinates>30.8902471120001,-29.9958463469999 30.8906753900001,-29.9959081379999 30.891031222,-29.9959060079999 30.8913047350001,-29.9958726009999 30.8914695760001,-29.9967668609999 30.8914925000001,-29.9968020999999 30.8908886060001,-29.9969417049999 30.8905136390001,-29.9972901399999 30.8904175500001,-29.9973323479999 30.89053004,-29.9976506679999 30.890516936,-29.9981092579999 30.8905167250001,-29.9981117099999 30.8903104090001,-29.9980639069999 30.8899662800001,-29.9979269229999 30.8892913880001,-29.9977398249999 30.8891076310001,-29.9977465069999 30.8880685650001,-29.9982409829999 30.88795831,-29.9982810749999 30.8876175230001,-29.998287757 30.887460493,-29.9982677099999 30.8873034640001,-29.998180842 30.8870788,-29.9979587139999 30.8873317250001,-29.9977517749999 30.8882974420001,-29.9970531309999 30.888325562,-29.9970375759999 30.888152399,-29.9968849589999 30.8879852890001,-29.9967798669999 30.8877854450001,-29.9967815919999 30.8876648490001,-29.9968194919999 30.8875890470001,-29.9968625619999 30.8873168460001,-29.9970727439999 30.887000189,-29.9967226699999 30.887092538,-29.9966556219999 30.8874878140001,-29.996321501 30.8876327040001,-29.9961957869999 30.8877526630001,-29.9961116779999 30.8878180780001,-29.9960658129999 30.8879523140001,-29.995963538 30.8881611250001,-29.995818648 30.8882314400001,-29.9957909479999 30.888329453,-29.9957483339999 30.8884445130001,-29.9957121109999 30.8885063040001,-29.9956971949999 30.888644802,-29.9956673639999 30.888749208,-29.995652451 30.8888919670001,-29.9956460579999 30.889049641,-29.9956503199999 30.8891774850001,-29.9956780169999 30.8894054730001,-29.99570998 30.8896313310001,-29.9957419409999 30.8898784960001,-29.9957845559999 30.8902471120001,-29.9958463469999</coordinates></LinearRing></outerBoundaryIs></Polygon>
  </Placemark>
  <Placemark>
	<name>7972547</name>
	<Style><LineStyle><color>ff0000ff</color></LineStyle><PolyStyle><fill>0</fill></PolyStyle></Style>
      <Polygon><outerBoundaryIs><LinearRing><coordinates>28.3987939420001,-26.3756078 28.398800087,-26.3756659109999 28.3988112700001,-26.376429174 28.3997456270001,-26.3771172009999 28.3996609740001,-26.3772321629999 28.3989004030001,-26.378139448 28.3985226140001,-26.3786251779999 28.3984506530001,-26.3785472199999 28.396369813,-26.3770840359999 28.3962964090001,-26.3768186539999 28.3962918550001,-26.3768021939999 28.3962139000001,-26.3761725439999 28.3962462150001,-26.3761712929999 28.396133993,-26.3752931649999 28.3960919100001,-26.3749845579999 28.396020369,-26.3743799689999 28.396014548,-26.3743341249999 28.3963937400001,-26.3744210819999 28.396430363,-26.3744294809999 28.3964772740001,-26.3743876679999 28.3965091690001,-26.3743755179999 28.3974584220001,-26.374252495 28.3986374130001,-26.3741276259999 28.3987939420001,-26.3756078</coordinates></LinearRing></outerBoundaryIs></Polygon>
  </Placemark>
  <Placemark>
	<name>7971058</name>
	<Style><LineStyle><color>ff0000ff</color></LineStyle><PolyStyle><fill>0</fill></PolyStyle></Style>
      <Polygon><outerBoundaryIs><LinearRing><coordinates>28.159885353,-26.4212102249999 28.1596995400001,-26.4216194979999 28.159311217,-26.4225810609999 28.1592359910001,-26.4226010709999 28.1588070060001,-26.422480419 28.1584720530001,-26.4223661159999 28.1582186840001,-26.4223044859999 28.1579310750001,-26.4222702469999 28.1577050980001,-26.4222086159999 28.1573558590001,-26.422092205 28.157116187,-26.4220305729999 28.156705317,-26.4220031819999 28.156527274,-26.4220031819999 28.1563697750001,-26.4220031819999 28.1561095580001,-26.4220442689999 28.1559793100001,-26.422126724 28.1557010910001,-26.4220154359999 28.1555248860001,-26.4218763269999 28.155320858,-26.4216630249999 28.1554599680001,-26.4215517379999 28.1560442290001,-26.4212086009999 28.1562853520001,-26.4208654639999 28.156396639,-26.4204945039999 28.1563984570001,-26.4203821959999 28.1564017460001,-26.4201791099999 28.1564017460001,-26.4198907069999 28.1566668600001,-26.420009229 28.1568685380001,-26.4200764539999 28.1572435850001,-26.4202250589999 28.1582731970001,-26.4206673319999 28.1588357690001,-26.4208619319999 28.1592834790001,-26.4209904939999 28.159885353,-26.4212102249999</coordinates></LinearRing></outerBoundaryIs></Polygon>
  </Placemark>
  <Placemark>
	<name>7973404</name>
	<Style><LineStyle><color>ff0000ff</color></LineStyle><PolyStyle><fill>0</fill></PolyStyle></Style>
      <Polygon><outerBoundaryIs><LinearRing><coordinates>28.3950799340001,-26.2912160749999 28.3950784420001,-26.2912180359999 28.394147408,-26.2916338209999 28.3938229330001,-26.2917919819999 28.393765864,-26.2918408979999 28.3937267320001,-26.291893076 28.3934250840001,-26.2923920179999 28.393067703,-26.2930154649999 28.3915049490001,-26.29225866 28.3914469530001,-26.2922339949999 28.3914092570001,-26.2922267459999 28.3912588940001,-26.29215382 28.3911553550001,-26.2921036039999 28.3911236390001,-26.2920890119999 28.3912570240001,-26.2918280409999 28.3914215120001,-26.2915491079999 28.391310166,-26.2911825939999 28.3913005190001,-26.2909291419999 28.3913152580001,-26.2909282009999 28.3919783060001,-26.2909237509999 28.392094005,-26.290905951 28.392218605,-26.2908659009999 28.393139751,-26.2902963019999 28.393675784,-26.2899638789999 28.3938492830001,-26.2900859729999 28.3940275940001,-26.29021145 28.3943392210001,-26.2903322239999 28.3947239870001,-26.2905605189999 28.3950799340001,-26.2912160749999</coordinates></LinearRing></outerBoundaryIs></Polygon>
  </Placemark>
  <Placemark>
	<name>7974468</name>
	<Style><LineStyle><color>ff0000ff</color></LineStyle><PolyStyle><fill>0</fill></PolyStyle></Style>
      <Polygon><outerBoundaryIs><LinearRing><coordinates>28.123632231,-26.3640952079999 28.1237120740001,-26.3642287149999 28.1237393530001,-26.3642714139999 28.124054114,-26.3647104689999 28.1243996740001,-26.3651924869999 28.1247469930001,-26.3656769569999 28.1251599930001,-26.3662530439999 28.1254807640001,-26.3665714139999 28.126284023,-26.3677013319999 28.1257462840001,-26.3680368639999 28.125380389,-26.3683124729999 28.1251237870001,-26.3685880829999 28.124893538,-26.368862303 28.1248365920001,-26.3688185999999 28.124378661,-26.3684671639999 28.1234939290001,-26.3678370309999 28.1240424800001,-26.367252704 28.1230515110001,-26.3659245289999 28.122893231,-26.3659314109999 28.1222257030001,-26.3650367859999 28.1221114400001,-26.3648712229999 28.123032031,-26.3643310219999 28.123566871,-26.364007355 28.123632231,-26.3640952079999</coordinates></LinearRing></outerBoundaryIs></Polygon>
  </Placemark>
  <Placemark>
	<name>1640060</name>
	<Style><LineStyle><color>ff0000ff</color></LineStyle><PolyStyle><fill>0</fill></PolyStyle></Style>
      <Polygon><outerBoundaryIs><LinearRing><coordinates>18.7033760930001,-33.4677222139999 18.7031750710001,-33.4677899499999 18.7029231010001,-33.4678333939999 18.7028318700001,-33.4678464269999 18.7028449040001,-33.4679224519999 18.7022784920001,-33.4682178259999 18.7016657820001,-33.4685576479999 18.7010788170001,-33.4688717259999 18.700960394,-33.4689644059999 18.700790483,-33.4691034229999 18.7006823570001,-33.4692166969999 18.7004609580001,-33.469417501 18.7002222310001,-33.4696259269999 18.6993461360001,-33.4689598049999 18.6989149880001,-33.4686160129999 18.6994627750001,-33.4681928589999 18.6999029990001,-33.4678530369999 18.7000690490001,-33.4680499789999 18.700230521,-33.4682434889999 18.7010182910001,-33.4678071259999 18.7013413020001,-33.4676305469999 18.7015975340001,-33.4674904739999 18.7019141860001,-33.4672780849999 18.7020725120001,-33.4671738219999 18.7024470890001,-33.4668185529999 18.7026517550001,-33.466637057 18.702910483,-33.4668494459999 18.7030765320001,-33.4669652939999 18.7031730730001,-33.4671313439999 18.7032751340001,-33.4674283849999 18.7033760930001,-33.4677222139999</coordinates></LinearRing></outerBoundaryIs></Polygon>
  </Placemark>
  <Placemark>
	<name>7985357</name>
	<Style><LineStyle><color>ff0000ff</color></LineStyle><PolyStyle><fill>0</fill></PolyStyle></Style>
      <Polygon><outerBoundaryIs><LinearRing><coordinates>28.184342627,-26.0087228809999 28.1842716370001,-26.0089098329999 28.184202385,-26.0090554049999 28.184103453,-26.0093098019999 28.1840331480001,-26.0095394929999 28.184018838,-26.009630291 28.184021305,-26.009702827 28.1840352990001,-26.0099588989999 28.1840442330001,-26.0100973689999 28.1840430180001,-26.0101107389999 28.1840218990001,-26.0103430419999 28.18395043,-26.010485979 28.1838610950001,-26.0105887149999 28.1837226250001,-26.0107539859999 28.1836020210001,-26.0108790559999 28.1835977800001,-26.0109087479999 28.1835796880001,-26.0110353929999 28.1835573540001,-26.0112765989999 28.183485885,-26.0114597379999 28.183445684,-26.0116384089999 28.1833340140001,-26.0118349479999 28.1831419430001,-26.0119689509999 28.1831017420001,-26.0121118879999 28.1830034720001,-26.0122190909999 28.1829141370001,-26.012254825 28.182842668,-26.0123798949999 28.1829096700001,-26.0126166349999 28.1828560690001,-26.0127863719999 28.1828316580001,-26.012797169 28.1827998580001,-26.0128112339999 28.1822575210001,-26.0127808219999 28.1812040950001,-26.0126399569999 28.1810111710001,-26.0126123969999 28.180771592,-26.0125578089999 28.1807736680001,-26.0125544229999 28.1806375710001,-26.0124917269999 28.1804536540001,-26.012402596 28.1804387780001,-26.012395388 28.1803556820001,-26.0123528739999 28.1806137330001,-26.0119294839999 28.1807451550001,-26.011792264 28.1810427870001,-26.0114598449999 28.1813726170001,-26.0117348269999 28.1813971400001,-26.0117803699999 28.181465771,-26.0118417769999 28.1815849740001,-26.0119104089999 28.1817836440001,-26.0119971009999 28.181960641,-26.0120440599999 28.1821593120001,-26.0116972899999 28.1821954330001,-26.0116503309999 28.1826541810001,-26.0111662979999 28.182907034,-26.0109098329999 28.1829539920001,-26.0108375889999 28.1830623580001,-26.0106208579999 28.183167111,-26.0103680049999 28.1833462220001,-26.0099637259999 28.183419965,-26.0097972799999 28.183683654,-26.0091470859999 28.1837739590001,-26.0089448029999 28.1838931600001,-26.0087316849999 28.1839003850001,-26.008540239 28.1838967720001,-26.0085077289999 28.18407856,-26.0084407559999 28.184342627,-26.0087228809999</coordinates></LinearRing></outerBoundaryIs></Polygon>
  </Placemark>
  <Placemark>
	<name>8730076</name>
	<Style><LineStyle><color>ff0000ff</color></LineStyle><PolyStyle><fill>0</fill></PolyStyle></Style>
      <Polygon><outerBoundaryIs><LinearRing><coordinates>30.7831135660001,-25.106370238 30.7811145690001,-25.107793656 30.7805743950001,-25.1083167719999 30.780033158,-25.1095873239999 30.7801630550001,-25.1125749479999 30.7793836760001,-25.1134842249999 30.779513572,-25.1142203059999 30.7785450960001,-25.115342966 30.7784841600001,-25.115304373 30.7780960470001,-25.115132495 30.7777966460001,-25.114993883 30.7776691220001,-25.1149051709999 30.77758041,-25.1148053699999 30.777186752,-25.1141899329999 30.7770647740001,-25.1139404319999 30.7769871510001,-25.1137297409999 30.776883925,-25.1135391099999 30.7767805020001,-25.1134356869999 30.776677797,-25.1135293299999 30.7765535710001,-25.1135873019999 30.7761394840001,-25.113678401 30.7756674240001,-25.1137280909999 30.7753775630001,-25.1137198099999 30.7751291110001,-25.113670118 30.7749137850001,-25.1135955829999 30.774781278,-25.1135376109999 30.7746653330001,-25.1134713569999 30.774458,-25.1132815889999 30.774260687,-25.113001117 30.774160146,-25.112726 30.77412702,-25.1124692659999 30.7740442030001,-25.1121628419999 30.7739448220001,-25.111790164 30.7737377780001,-25.1113346679999 30.773439635,-25.1108708899999 30.7729096040001,-25.1103988309999 30.7724706710001,-25.1101006879999 30.7719737670001,-25.1098522349999 30.7714106080001,-25.109719728 30.770963394,-25.1096948819999 30.770681654,-25.1096817789999 30.7705527040001,-25.1096935969999 30.7702526040001,-25.1097375129999 30.7699232250001,-25.1098033899999 30.769608486,-25.1099424609999 30.769279742,-25.1101006419999 30.768132188,-25.1107135409999 30.7679264290001,-25.1105114579999 30.7673172340001,-25.1097407899999 30.7672172920001,-25.1097072049999 30.767238251,-25.1096408719999 30.767901555,-25.108148437 30.7689130940001,-25.1084054679999 30.770247994,-25.1079577369999 30.771441941,-25.1076592499999 30.771516563,-25.1080406489999 30.7714336500001,-25.108977567 30.77238715,-25.1091765579999 30.772569558,-25.1088034479999 30.7726275960001,-25.108496671 30.7726275960001,-25.1077753279999 30.7720472060001,-25.1062911849999 30.7729095020001,-25.1058932019999 30.7732577360001,-25.1064653019999 30.7737552150001,-25.1062580189999 30.773614261,-25.1042763979999 30.7739707890001,-25.1041520289999 30.7738381270001,-25.1031239069999 30.7738540970001,-25.103074821 30.7738582590001,-25.1030620259999 30.7746596310001,-25.1029123189999 30.7746854680001,-25.1029074909999 30.775412686,-25.1027256879999 30.7756581200001,-25.1026620559999 30.7770761930001,-25.1023166279999 30.777376169,-25.1022529969999 30.778103387,-25.1020621029999 30.778503356,-25.1020075609999 30.7785598500001,-25.1020012839999 30.7788306030001,-25.1019712009999 30.7792942040001,-25.1018984789999 30.7798396170001,-25.1018348469999 30.7799941500001,-25.1018257569999 30.779948699,-25.1020257419999 30.7800123320001,-25.102434801 30.780024283,-25.1025666579999 30.7802530870001,-25.1025458579999 30.780516558,-25.102594392 30.7808493640001,-25.1027469269999 30.781092034,-25.102961864 30.7812168360001,-25.1031143989999 30.7812653700001,-25.1032877359999 30.781300038,-25.1035789399999 30.781313905,-25.1040018819999 30.7813347050001,-25.1044941559999 30.781383239,-25.1052429689999 30.7816467100001,-25.1056728419999 30.7820419170001,-25.1058392459999 30.7824024560001,-25.1058947129999 30.7827629960001,-25.1060403149999 30.7830125990001,-25.1062621849999 30.7831135660001,-25.106370238</coordinates></LinearRing></outerBoundaryIs></Polygon>
  </Placemark>
  <Placemark>
	<name>7974253</name>
	<Style><LineStyle><color>ff0000ff</color></LineStyle><PolyStyle><fill>0</fill></PolyStyle></Style>
      <Polygon><outerBoundaryIs><LinearRing><coordinates>28.1440778410001,-26.3493023729999 28.1440800000001,-26.3494599999999 28.144089814,-26.3519530579999 28.142232596,-26.3520056759999 28.141604725,-26.3520394849999 28.1414598320001,-26.3520298249999 28.141001003,-26.3519428889999 28.1408114470001,-26.350981573 28.140730535,-26.3505712329999 28.1406049610001,-26.3500206379999 28.1404854470001,-26.3492551809999 28.141135374,-26.3491596249999 28.141211173,-26.349476191 28.142345859,-26.3493079679999 28.1432133650001,-26.3493013709999 28.1432792190001,-26.3492946679999 28.1435598390001,-26.3492991219999 28.1440778410001,-26.3493023729999</coordinates></LinearRing></outerBoundaryIs></Polygon>
  </Placemark>
  <Placemark>
	<name>2730155</name>
	<Style><LineStyle><color>ff0000ff</color></LineStyle><PolyStyle><fill>0</fill></PolyStyle></Style>
      <Polygon><outerBoundaryIs><LinearRing><coordinates>27.1393922270001,-32.6826476509999 27.1379013000001,-32.6831650819999 27.1363009340001,-32.6836885819999 27.1345113570001,-32.6843277169999 27.1342834580001,-32.684377567 27.1341713780001,-32.684377567 27.1339787060001,-32.6843766599999 27.1338901590001,-32.6842940159999 27.133841251,-32.6842186169999 27.1338310620001,-32.6841697089999 27.1338432890001,-32.6841248769999 27.1338575540001,-32.684065781 27.1338371770001,-32.6839577759999 27.1335628130001,-32.6839615369999 27.1335640120001,-32.6839084079999 27.133580582,-32.6836167639999 27.1335957060001,-32.6835075959999 27.133804141,-32.6835101069999 27.1343975770001,-32.6835172579999 27.134683571,-32.68343146 27.1348360330001,-32.6833374729999 27.1346764200001,-32.68300962 27.1346315440001,-32.6829174409999 27.1370260210001,-32.6820674579999 27.1385009480001,-32.6815445979999 27.1385536220001,-32.6815415269999 27.138606311,-32.6815442969999 27.1386583720001,-32.6815528729999 27.1387091660001,-32.681567152 27.1387580700001,-32.6815869579999 27.1388044860001,-32.6816120479999 27.1388478430001,-32.6816421139999 27.1388876120001,-32.6816767889999 27.1389233040001,-32.6817156479999 27.1389544820001,-32.6817582129999 27.1392136220001,-32.6822841579999 27.1393662070001,-32.6825938419999 27.1393922270001,-32.6826476509999</coordinates></LinearRing></outerBoundaryIs></Polygon>
  </Placemark>
  <Placemark>
	<name>3830086</name>
	<Style><LineStyle><color>ff0000ff</color></LineStyle><PolyStyle><fill>0</fill></PolyStyle></Style>
      <Polygon><outerBoundaryIs><LinearRing><coordinates>24.7532679760001,-28.741744347 24.754382181,-28.741759967 24.75485252,-28.7417498859999 24.7548889180001,-28.742112592 24.7548906980001,-28.7422958149999 24.7548876970001,-28.7423903959999 24.7548272380001,-28.742633962 24.754850493,-28.7431649649999 24.7548610640001,-28.7441480759999 24.7554107600001,-28.7441586469999 24.7560701550001,-28.744136007 24.7566422940001,-28.7441163639999 24.757990109,-28.7439102259999 24.758280814,-28.743899655 24.7593379240001,-28.7439049409999 24.7605747420001,-28.744005366 24.7609801390001,-28.7439143649999 24.760992301,-28.7439472249999 24.761177295,-28.744491637 24.7613622890001,-28.7447876279999 24.7614138060001,-28.7449106949999 24.7614239810001,-28.7449421439999 24.7605451090001,-28.7453552139999 24.7602753560001,-28.7454882739999 24.759513745,-28.7458230489999 24.7588944120001,-28.746090868 24.7585177910001,-28.7462582539999 24.7583169260001,-28.7463503189999 24.758040737,-28.746434012 24.756612159,-28.7466648819999 24.756111591,-28.7467431189999 24.7551907100001,-28.7468870499999 24.7548197090001,-28.7469560729999 24.7544507680001,-28.7470178849999 24.7535125810001,-28.7470660789999 24.7531221680001,-28.7471005899999 24.752874116,-28.7470984329999 24.7519466150001,-28.7471545149999 24.7511312770001,-28.747201968 24.7504173180001,-28.7472213809999 24.7498155210001,-28.7472407929999 24.7496170790001,-28.7472537369999 24.7496142940001,-28.7472526829999 24.7493603980001,-28.7471566719999 24.74905842,-28.7471696129999 24.7486809500001,-28.7471868689999 24.7482303190001,-28.747226462 24.7479821740001,-28.7459443819999 24.7476557400001,-28.744312212 24.7485173600001,-28.744289841 24.748755938,-28.7442866089999 24.7505740540001,-28.7442619809999 24.75056592,-28.7441379409999 24.750571177,-28.74378573 24.7507236270001,-28.7431496469999 24.7507388020001,-28.743053921 24.7507919670001,-28.742718582 24.7507446550001,-28.742282261 24.7508734610001,-28.7422155769999 24.7510239430001,-28.7422129379999 24.75134675,-28.742181699 24.7518778210001,-28.7420671549999 24.7523047600001,-28.7419526099999 24.7527212850001,-28.7418953369999 24.7532679760001,-28.741744347</coordinates></LinearRing></outerBoundaryIs></Polygon>
  </Placemark>
  <Placemark>
	<name>7974384</name>
	<Style><LineStyle><color>ff0000ff</color></LineStyle><PolyStyle><fill>0</fill></PolyStyle></Style>
      <Polygon><outerBoundaryIs><LinearRing><coordinates>28.1648033870001,-26.333273286 28.1617905620001,-26.3333009269999 28.1617900000001,-26.3332399999999 28.1617900000001,-26.3330399999999 28.1617900000001,-26.3326599999999 28.1617900000001,-26.33116 28.1641215080001,-26.3311433409999 28.164770236,-26.3311380219999 28.1648017970001,-26.3329685799999 28.1648033870001,-26.333273286</coordinates></LinearRing></outerBoundaryIs></Polygon>
  </Placemark>
  <Placemark>
	<name>7984094</name>
	<Style><LineStyle><color>ff0000ff</color></LineStyle><PolyStyle><fill>0</fill></PolyStyle></Style>
      <Polygon><outerBoundaryIs><LinearRing><coordinates>27.8412807320001,-26.2541274679999 27.8411029660001,-26.2543345579999 27.8410278280001,-26.2544078639999 27.8409744750001,-26.2544360779999 27.8408331740001,-26.2544648169999 27.8402751530001,-26.2545366649999 27.838924407,-26.2547067069999 27.8380909680001,-26.2548096869999 27.8379712210001,-26.2548336379999 27.8376502990001,-26.2549030909999 27.8371617320001,-26.2550084679999 27.8369931880001,-26.2550438089999 27.8369590560001,-26.2549762699999 27.836938848,-26.254933606 27.836939596,-26.2548834569999 27.8369665420001,-26.2548220809999 27.837001721,-26.254776423 27.8370346550001,-26.254737502 27.8370451330001,-26.2546985799999 27.8370541150001,-26.2546574149999 27.837069833,-26.2546177439999 27.8370488750001,-26.2545668459999 27.8370324080001,-26.2545616059999 27.8370062120001,-26.254580319 27.8369762720001,-26.2545930429999 27.8369321110001,-26.2545623549999 27.8369201350001,-26.2545107099999 27.836918638,-26.254482267 27.8369470810001,-26.2544598119999 27.8369822600001,-26.254429124 27.8370002250001,-26.254402179 27.8370024690001,-26.2543789759999 27.8369949840001,-26.2543550239999 27.837010702,-26.2543385569999 27.837030912,-26.2543146059999 27.837039894,-26.2542719419999 27.837051869,-26.2542457449999 27.8370653420001,-26.2542015839999 27.8370885450001,-26.2541544289999 27.8371020180001,-26.2541334699999 27.8370892940001,-26.2541222439999 27.8370653420001,-26.2541162559999 27.8369725310001,-26.2540810769999 27.8369523210001,-26.2540661069999 27.8369410930001,-26.2540384129999 27.836983757,-26.253997996 27.8369904930001,-26.253971798 27.8370039660001,-26.2539590729999 27.837030912,-26.2539411099999 27.837060851,-26.2539261399999 27.8370892940001,-26.2539066779999 27.8371072580001,-26.253887968 27.8371222270001,-26.2538789859999 27.837173125,-26.2538632669999 27.8372135420001,-26.2538348239999 27.8372382430001,-26.253790664 27.8372562070001,-26.2537435099999 27.8372666860001,-26.2537120719999 27.8372621950001,-26.253665667 27.8372578410001,-26.2536128659999 27.8373345090001,-26.2535757999999 27.8376660060001,-26.2534356009999 27.8378140650001,-26.2533779489999 27.8379686760001,-26.2533753279999 27.8384980220001,-26.253303264 27.838973647,-26.2532443019999 27.8395223750001,-26.2531738529999 27.8398707170001,-26.2533197029999 27.840359246,-26.253510865 27.8407920870001,-26.2537921729999 27.8412807320001,-26.2541274679999</coordinates></LinearRing></outerBoundaryIs></Polygon>
  </Placemark>
  <Placemark>
	<name>1750075</name>
	<Style><LineStyle><color>ff0000ff</color></LineStyle><PolyStyle><fill>0</fill></PolyStyle></Style>
      <Polygon><outerBoundaryIs><LinearRing><coordinates>21.2631691240001,-34.0984443949999 21.2638666700001,-34.099105387 21.2637329810001,-34.0993403559999 21.2637329810001,-34.0997569899999 21.263719973,-34.09978344 21.2636324620001,-34.0999787409999 21.263571906,-34.1001087129999 21.2635650290001,-34.100123472 21.2632971940001,-34.1006312439999 21.263056873,-34.1011118849999 21.2628240670001,-34.1013305209999 21.2627602040001,-34.1013927469999 21.2623943870001,-34.1011010779999 21.2624190800001,-34.1009909089999 21.2624912590001,-34.100683198 21.2625202220001,-34.100435585 21.26252028,-34.1004340199999 21.2625184190001,-34.1004327799999 21.262107153,-34.1001586019999 21.2620533230001,-34.1001029989999 21.2619920480001,-34.1000397059999 21.2617465320001,-34.0997346699999 21.2609876640001,-34.0990353219999 21.2604073540001,-34.0984773319999 21.2603478340001,-34.0984550109999 21.2603743230001,-34.0984341359999 21.261471256,-34.0975696659999 21.261902573,-34.0972222159999 21.263114165,-34.0983923139999 21.2631691240001,-34.0984443949999</coordinates></LinearRing></outerBoundaryIs></Polygon>
  </Placemark>
  <Placemark>
	<name>1993185</name>
	<Style><LineStyle><color>ff0000ff</color></LineStyle><PolyStyle><fill>0</fill></PolyStyle></Style>
      <Polygon><outerBoundaryIs><LinearRing><coordinates>18.5370453040001,-33.8987793599999 18.5333840000001,-33.8993269999999 18.533373,-33.8989609999999 18.5333230000001,-33.897849 18.5333110000001,-33.8972269999999 18.5332670000001,-33.8968029999999 18.5332450000001,-33.8966299999999 18.5331570000001,-33.895821 18.5331535800001,-33.8956528539999 18.5331510000001,-33.8955259999999 18.533149,-33.8945569999999 18.5331660000001,-33.8941199999999 18.5331698780001,-33.8939556479999 18.5349801390001,-33.8936597969999 18.5357230290001,-33.8935383859999 18.5358134940001,-33.893985718 18.5359371250001,-33.8945532969999 18.5360776150001,-33.8951264949999 18.536161909,-33.8954524299999 18.536407867,-33.8954838919999 18.53654271,-33.8954994509999 18.536496034,-33.8957432059999 18.5364649160001,-33.8960388219999 18.5364701030001,-33.8961632929999 18.5365478960001,-33.8964070469999 18.5365686410001,-33.8965003999999 18.5365997600001,-33.896640428 18.5366308760001,-33.8967182229999 18.5369524260001,-33.8971746139999 18.5370820830001,-33.8973405749999 18.5367374780001,-33.897510054 18.5368191650001,-33.8978625979999 18.5370255320001,-33.8986923669999 18.5370453040001,-33.8987793599999</coordinates></LinearRing></outerBoundaryIs></Polygon>
  </Placemark>
</Folder>
</Document></kml>
