<?xml version="1.0" encoding="utf-8" ?>
<kml xmlns="http://www.opengis.net/kml/2.2">
<Document id="root_doc">
<Folder><name>census_tract_sample_v2</name>
  <Placemark>
	<name>4750258</name>
	<Style><LineStyle><color>ff0000ff</color></LineStyle><PolyStyle><fill>0</fill></PolyStyle></Style>
      <Polygon><outerBoundaryIs><LinearRing><coordinates>27.192798542,-27.635680927 27.1928944560001,-27.6357672529999 27.192304795,-27.6362963809999 27.1920658830001,-27.6365089899999 27.1918554640001,-27.6366580369999 27.19170861,-27.6367018749999 27.1913184590001,-27.6367259849999 27.190549117,-27.6367873569999 27.1898379580001,-27.6368373519999 27.189766396,-27.6358821469999 27.1897580080001,-27.6357701719999 27.1897045370001,-27.6350564399999 27.189580902,-27.6346564749999 27.189908212,-27.6345943739999 27.1905575490001,-27.6344776569999 27.1908518050001,-27.6344266969999 27.1912072420001,-27.634379915 27.1913433000001,-27.6343697999999 27.1914017490001,-27.6344194819999 27.191652532,-27.6346652919999 27.192177583,-27.635127161 27.1924293050001,-27.6353485929999 27.192798542,-27.635680927</coordinates></LinearRing></outerBoundaryIs></Polygon>
  </Placemark>
  <Placemark>
	<name>5992494</name>
	<Style><LineStyle><color>ff0000ff</color></LineStyle><PolyStyle><fill>0</fill></PolyStyle></Style>
      <Polygon><outerBoundaryIs><LinearRing><coordinates>30.9824845900001,-29.7086359609999 30.9825771530001,-29.7095063519999 30.9826014070001,-29.709804673 30.9826652620001,-29.7104471059999 30.982020235,-29.7104987079999 30.982033136,-29.7106767359999 30.9814880160001,-29.7107197719999 30.9803663860001,-29.7108083219999 30.9803354250001,-29.7106664159999 30.980117384,-29.7104642549999 30.9794362220001,-29.709758259 30.979356399,-29.7096766609999 30.979351824,-29.7096398869999 30.979331614,-29.7095944149999 30.979289931,-29.7095470479999 30.9792766680001,-29.709509786 30.9792808280001,-29.7094972819999 30.9793439750001,-29.7094864569999 30.9794666590001,-29.7094611979999 30.9795117630001,-29.709363773 30.9795911470001,-29.7092771719999 30.9796560970001,-29.7092104179999 30.9797282650001,-29.7091959839999 30.9798798160001,-29.7091418589999 30.980094513,-29.7090805169999 30.9802298260001,-29.709037216 30.98035251,-29.7090191749999 30.9803976150001,-29.7090155659999 30.980525711,-29.7090606709999 30.9805329280001,-29.709001133 30.9804769990001,-29.7087467439999 30.980484215,-29.7084544669999 30.980484215,-29.7083462159999 30.980500453,-29.7080755889999 30.9804607610001,-29.7079853799999 30.9804391110001,-29.7078428499999 30.980448132,-29.7074838189999 30.9804661730001,-29.7073773719999 30.9804769990001,-29.7071338079999 30.980567207,-29.707000299 30.980547362,-29.7068902439999 30.980520299,-29.7066250299999 30.98059427,-29.7066430719999 30.980646591,-29.7066304419999 30.9807349960001,-29.7065979669999 30.9808721140001,-29.7066033799999 30.9810380980001,-29.706621422 30.9811409360001,-29.706641267 30.9812329490001,-29.7066322469999 30.981326767,-29.7066322469999 30.9814909470001,-29.7067350849999 30.9815540930001,-29.7067603429999 30.981848174,-29.7067603429999 30.982120605,-29.7067585389999 30.9822974940001,-29.7067513919999 30.9823083300001,-29.7068631949999 30.9823290300001,-29.7070767829999 30.9824595570001,-29.7083749059999 30.9824845900001,-29.7086359609999</coordinates></LinearRing></outerBoundaryIs></Polygon>
  </Placemark>
  <Placemark>
	<name>5240073</name>
	<Style><LineStyle><color>ff0000ff</color></LineStyle><PolyStyle><fill>0</fill></PolyStyle></Style>
      <Polygon><outerBoundaryIs><LinearRing><coordinates>29.929952949,-27.7814354409999 29.9296771020001,-27.7811517869999 29.9295368150001,-27.7810186039999 29.9292739990001,-27.7809067289999 29.9291443660001,-27.780904952 29.9290058560001,-27.7809262629999 29.9289010850001,-27.7809120559999 29.9287164040001,-27.7808197159999 29.9284962070001,-27.780780649 29.9284624670001,-27.7807025129999 29.9284269510001,-27.7806492409999 29.9280877770001,-27.780528488 29.9279545940001,-27.7805551249999 29.9277290690001,-27.7806243799999 29.9274911150001,-27.7806741019999 29.9273597060001,-27.7806758759999 29.927207679,-27.7807423129999 29.927106543,-27.7807361329999 29.9270868770001,-27.7807035439999 29.9270711450001,-27.7805922939999 29.9270565360001,-27.7805321739999 29.9269964160001,-27.7804675589999 29.9269424770001,-27.7804360949999 29.9268694340001,-27.7804096869999 29.926776165,-27.78038047 29.9266826460001,-27.7803327139999 29.9268935790001,-27.7798200489999 29.927132714,-27.7792952809999 29.9273054220001,-27.7789432209999 29.927478131,-27.7785911619999 29.9277585740001,-27.7780575719999 29.9278631960001,-27.7778539339999 29.927947267,-27.7778838259999 29.92801826,-27.7779118489999 29.928096726,-27.7779548189999 29.928180797,-27.7780033939999 29.928277946,-27.778051967 29.9283545430001,-27.7780874649999 29.9284031160001,-27.7781117499999 29.9284834520001,-27.778149116 29.9285451030001,-27.7781509839999 29.9286329110001,-27.7781379059999 29.9287396910001,-27.7781207429999 29.928886171,-27.7781139289999 29.928961115,-27.7781139289999 29.9290088060001,-27.7781309629999 29.9290564970001,-27.7781445889999 29.9291621,-27.7781752479999 29.9292779210001,-27.7782093129999 29.9293630830001,-27.7782331589999 29.9294448400001,-27.7782638169999 29.9295674740001,-27.7783046949999 29.9298161500001,-27.7784068909999 29.9300954830001,-27.7784988669999 29.9302760300001,-27.7785806229999 29.93056899,-27.7786828189999 29.9307938200001,-27.778774794 29.930930081,-27.778832705 29.9310331230001,-27.7788634549999 29.929952949,-27.7814354409999</coordinates></LinearRing></outerBoundaryIs></Polygon>
  </Placemark>
  <Placemark>
	<name>5991989</name>
	<Style><LineStyle><color>ff0000ff</color></LineStyle><PolyStyle><fill>0</fill></PolyStyle></Style>
      <Polygon><outerBoundaryIs><LinearRing><coordinates>30.8451476990001,-29.7515051439999 30.8444715580001,-29.7521064449999 30.8430963540001,-29.7515739469999 30.843090686,-29.751576891 30.8428010040001,-29.752323627 30.8426179780001,-29.7528019099999 30.8426352450001,-29.7528105439999 30.842386607,-29.753325087 30.8419877490001,-29.7541435209999 30.8419566700001,-29.7542125869999 30.8416406920001,-29.754901522 30.841407593,-29.7553987989999 30.8413882740001,-29.7554353819999 30.8413687340001,-29.755519928 30.8408255530001,-29.7569186429999 30.8395798640001,-29.7565913919999 30.8383643330001,-29.755979958 30.8374110540001,-29.7549995209999 30.8368631000001,-29.7532973269999 30.836571172,-29.7526385799999 30.8365025640001,-29.7523362519999 30.8364384240001,-29.7519428619999 30.8364502910001,-29.7515365979999 30.8364210000001,-29.7514109999999 30.837744,-29.7502249999999 30.8377548620001,-29.7502154649999 30.8396735640001,-29.7485311209999 30.8397275520001,-29.748483727 30.84002,-29.7482269999999 30.8402215130001,-29.7480546989999 30.840716,-29.747609 30.840916,-29.7474309999999 30.841908,-29.7465549999999 30.8426700000001,-29.7458789999999 30.8439779640001,-29.7447197659999 30.8451108770001,-29.7437170109999 30.8452102270001,-29.7436290759999 30.8452250000001,-29.7436159999999 30.8457998750001,-29.7431063339999 30.8459801450001,-29.7429702539999 30.8460407220001,-29.742912557 30.847289,-29.743961 30.8490329730001,-29.7454187289999 30.8504193690001,-29.7465774349999 30.8505696890001,-29.7467116749999 30.849310674,-29.747844084 30.8488867570001,-29.7482168909999 30.8473271990001,-29.7495884169999 30.8453929600001,-29.7512870309999 30.8451476990001,-29.7515051439999</coordinates></LinearRing></outerBoundaryIs></Polygon>
  </Placemark>
  <Placemark>
	<name>1990574</name>
	<Style><LineStyle><color>ff0000ff</color></LineStyle><PolyStyle><fill>0</fill></PolyStyle></Style>
      <Polygon><outerBoundaryIs><LinearRing><coordinates>18.538301575,-33.811530897 18.5383026250001,-33.8115311109999 18.5386812660001,-33.8116093419999 18.5386434660001,-33.8116511079999 18.538657942,-33.8116576899999 18.5386811060001,-33.8117027009999 18.5386842650001,-33.8117192849999 18.5386929520001,-33.8117516629999 18.538687344,-33.8117695449999 18.538614598,-33.8118359659999 18.5387031590001,-33.8119150379999 18.538529199,-33.8120953229999 18.538779069,-33.8122977499999 18.5389213990001,-33.8124400809999 18.5394021610001,-33.8128639089999 18.539477386,-33.8129486689999 18.5389458610001,-33.8135196689999 18.5387014360001,-33.8132427699999 18.5385249760001,-33.8130996129999 18.5385447890001,-33.8130133469999 18.538539384,-33.8128673909999 18.5379165500001,-33.8124002659999 18.5378535550001,-33.812339758 18.5381685580001,-33.8120609939999 18.5383409300001,-33.8119492709999 18.5381238680001,-33.811738595 18.5380153390001,-33.8116332569999 18.5379929960001,-33.8115885679999 18.5381142930001,-33.8114928059999 18.538301575,-33.811530897</coordinates></LinearRing></outerBoundaryIs></Polygon>
  </Placemark>
  <Placemark>
	<name>3840031</name>
	<Style><LineStyle><color>ff0000ff</color></LineStyle><PolyStyle><fill>0</fill></PolyStyle></Style>
      <Polygon><outerBoundaryIs><LinearRing><coordinates>24.3141888790001,-28.4123435289999 24.3141174820001,-28.4124536869999 24.3138114900001,-28.4129330739999 24.313395341,-28.4135940159999 24.3128833150001,-28.4144161149999 24.3127343990001,-28.4146282689999 24.312718079,-28.4146711079999 24.31270584,-28.4147241459999 24.3126936,-28.4147710639999 24.3126528020001,-28.4148751029999 24.312587523,-28.415054617 24.3125202040001,-28.4151953739999 24.312403928,-28.415442207 24.312242772,-28.4157665589999 24.3121758620001,-28.4158897709999 24.3128347640001,-28.4162157539999 24.313593262,-28.416606827 24.3135929060001,-28.4166074269999 24.31362906,-28.4166252839999 24.3153211000001,-28.4174178709999 24.3164834890001,-28.4179541459999 24.3160850020001,-28.4186180849999 24.3154647530001,-28.4195359269999 24.3152570890001,-28.4198135349999 24.3150042680001,-28.4200434029999 24.3140289940001,-28.420885542 24.3138159790001,-28.4210985559999 24.3133231230001,-28.4207226479999 24.313247941,-28.4208563039999 24.3131602290001,-28.4210400819999 24.3129931590001,-28.4213157469999 24.3121285710001,-28.4227609049999 24.3120353300001,-28.4229342549999 24.3120113070001,-28.4229789149999 24.3118320200001,-28.4233122379999 24.311761016,-28.423433363 24.3115145870001,-28.4238009169999 24.3113066810001,-28.424147214 24.3109706600001,-28.4247069059999 24.3108637330001,-28.42455595 24.310712777,-28.4244175739999 24.3106310100001,-28.424316937 24.3104989230001,-28.4241848509999 24.310310229,-28.424008737 24.3101844320001,-28.4239269689999 24.3098588750001,-28.4237042189999 24.3098259130001,-28.4236816659999 24.308718905,-28.4232791169999 24.3084506210001,-28.423180483 24.3082911980001,-28.423121873 24.3079263880001,-28.4229331769999 24.3075112600001,-28.42282625 24.3074998220001,-28.4228159549999 24.3074248660001,-28.4227484959999 24.3074247440001,-28.4227487019999 24.3069503580001,-28.423096218 24.3068621,-28.4232286049999 24.3068027390001,-28.4234531449999 24.3067352290001,-28.423708507 24.306597325,-28.4238408939999 24.3065145840001,-28.4238133129999 24.3060007210001,-28.4243150379999 24.3058140370001,-28.4244973119999 24.305367231,-28.4245414399999 24.3053286190001,-28.4246738279999 24.3051998710001,-28.4249729799999 24.305141071,-28.4251096009999 24.3050840430001,-28.425179581 24.3048555810001,-28.4252446499999 24.304655907,-28.425301519 24.3042277700001,-28.425325906 24.303986604,-28.4252554539999 24.303585565,-28.4253150679999 24.302601935,-28.4255291359999 24.3023303250001,-28.4256258219999 24.302236866,-28.425642476 24.3019219710001,-28.4254270199999 24.3017065170001,-28.425311006 24.3011098740001,-28.4249132429999 24.3006955380001,-28.4244326149999 24.3003640700001,-28.4240182799999 24.2997674270001,-28.4234382099999 24.299054771,-28.42290786 24.2984481600001,-28.422115952 24.2980829050001,-28.4218010769999 24.2976042940001,-28.4213728469999 24.2969367600001,-28.4209698069999 24.296795676,-28.4208925009999 24.296017324,-28.4204660059999 24.2953875740001,-28.4199244209999 24.2946696580001,-28.4194206209999 24.2939643380001,-28.4189797949999 24.293296802,-28.4186523249999 24.2928181920001,-28.4182996659999 24.2923899620001,-28.4181233349999 24.2916216660001,-28.4180855509999 24.2912312210001,-28.4180477649999 24.290840775,-28.418072955 24.2907328700001,-28.418094536 24.2905956990001,-28.41812197 24.2903369750001,-28.4181737149999 24.2901228600001,-28.4182240949999 24.2896954590001,-28.4182686159999 24.2904773560001,-28.4168027399999 24.290509467,-28.4167425389999 24.290840157,-28.4161225699999 24.2931639160001,-28.4117660599999 24.2967597990001,-28.4133854059999 24.2982595280001,-28.4108858579999 24.299994509,-28.4116798319999 24.300935515,-28.409915446 24.3025234630001,-28.4106506049999 24.303102676,-28.4095272839999 24.3057362810001,-28.4107275169999 24.3069698360001,-28.4113326569999 24.307418102,-28.4115396959999 24.3079375130001,-28.4117795949999 24.3084830750001,-28.4120346959999 24.309134375,-28.4123567389999 24.3092507480001,-28.4122403669999 24.310775236,-28.4097267079999 24.3119273290001,-28.4078414639999 24.3133703550001,-28.4054790909999 24.3144293510001,-28.4037218569999 24.3150688590001,-28.4026884269999 24.3154945620001,-28.4020044369999 24.315646761,-28.4021439539999 24.3160018950001,-28.402636066 24.3164813230001,-28.4032981349999 24.3169734360001,-28.4039779599999 24.3172600790001,-28.4043609959999 24.3174274980001,-28.4045994419999 24.3174351070001,-28.404645103 24.317440182,-28.404716129 24.3174283150001,-28.4048038879999 24.3173242770001,-28.4050956009999 24.31721208,-28.405421992 24.3170448050001,-28.4058850599999 24.3169285280001,-28.4062257309999 24.3167408530001,-28.406711238 24.3166816940001,-28.4068519929999 24.3166021370001,-28.4070274299999 24.3165246190001,-28.4071865449999 24.3164450610001,-28.4073109809999 24.3162941050001,-28.4075476159999 24.3158371570001,-28.4082656769999 24.315459767,-28.4088633809999 24.3153332900001,-28.4090612559999 24.3153047310001,-28.4091285739999 24.3152537320001,-28.4092856489999 24.3151558150001,-28.409561042 24.3148947020001,-28.4103382619999 24.3146478670001,-28.4110624429999 24.314335756,-28.411970219 24.3142521190001,-28.412225212 24.3142255990001,-28.4122823319999 24.3141888790001,-28.4123435289999</coordinates></LinearRing></outerBoundaryIs></Polygon>
  </Placemark>
  <Placemark>
	<name>6620061</name>
	<Style><LineStyle><color>ff0000ff</color></LineStyle><PolyStyle><fill>0</fill></PolyStyle></Style>
      <Polygon><outerBoundaryIs><LinearRing><coordinates>27.3327201750001,-25.6532132259999 27.3315794170001,-25.6527569229999 27.3314996230001,-25.6527294929999 27.3314148410001,-25.6527070519999 27.331272706,-25.6526746349999 27.3311530140001,-25.6526496979999 27.331055764,-25.6526172829999 27.3309186170001,-25.6525574369999 27.3308851290001,-25.652543083 27.3308487960001,-25.6525275129999 27.3307764820001,-25.6525025779999 27.330599438,-25.6524527059999 27.330504681,-25.6524227829999 27.3302852470001,-25.6523454819999 27.3301904900001,-25.6523130649999 27.3301032140001,-25.6522781559999 27.3300109510001,-25.652228282 27.3298962460001,-25.6521559689999 27.3297566050001,-25.652056226 27.3297067330001,-25.652023809 27.3296693300001,-25.6520088459999 27.3296169640001,-25.6520013669999 27.3294573750001,-25.6519938849999 27.329407502,-25.651991392 27.3293576310001,-25.6519814179999 27.3288564200001,-25.6518342959999 27.328689351,-25.6517844239999 27.3286095540001,-25.6517619819999 27.3284574460001,-25.6517320589999 27.3282779080001,-25.6516946549999 27.3281208120001,-25.6516547579999 27.3280460030001,-25.6516348099999 27.3278539980001,-25.6515998989999 27.32777171,-25.6515799499999 27.327711864,-25.6515600019999 27.3275173650001,-25.651480208 27.3274226070001,-25.651440309 27.327317877,-25.6514078929999 27.3271907040001,-25.651382957 27.327108416,-25.6513704899999 27.3270061780001,-25.6513605149999 27.326677025,-25.6513355789999 27.326583746,-25.6513258619999 27.326557333,-25.6513231119999 27.3264301600001,-25.6513006679999 27.3263354030001,-25.6512732389999 27.326223192,-25.651233342 27.3259813130001,-25.6511186359999 27.3260845840001,-25.650953737 27.3261087320001,-25.650956279 27.32616161,-25.6509540759999 27.3263136360001,-25.6509210269999 27.3267498860001,-25.6507557809999 27.3268908960001,-25.6506852759999 27.3270649550001,-25.6505927379999 27.3271971520001,-25.6505134199999 27.3277700040001,-25.6501608949999 27.3278206800001,-25.65012344 27.327860339,-25.6501036099999 27.3279066060001,-25.6500903909999 27.3279806990001,-25.650081665 27.329429496,-25.6500433719999 27.3315292920001,-25.6499795469999 27.3326897060001,-25.6499923119999 27.3333534720001,-25.6499976869999 27.3332117420001,-25.6507207859999 27.3330845190001,-25.6513569029999 27.3330118200001,-25.6517385729999 27.3329148880001,-25.6522272729999 27.3328139170001,-25.6527523209999 27.3327201750001,-25.6532132259999</coordinates></LinearRing></outerBoundaryIs></Polygon>
  </Placemark>
  <Placemark>
	<name>7993138</name>
	<Style><LineStyle><color>ff0000ff</color></LineStyle><PolyStyle><fill>0</fill></PolyStyle></Style>
      <Polygon><outerBoundaryIs><LinearRing><coordinates>28.077444084,-25.5648250919999 28.0767033440001,-25.5657328039999 28.0762451680001,-25.5654214399999 28.0758432530001,-25.5658635459999 28.0756101420001,-25.5660564649999 28.075047462,-25.5661529249999 28.0735041090001,-25.566329767 28.072451093,-25.5664664179999 28.071437614,-25.5665862499999 28.0713744340001,-25.5662058999999 28.0713134790001,-25.5658389529999 28.071343271,-25.5657048859999 28.0714698900001,-25.5655435099999 28.071653611,-25.565334962 28.0717256090001,-25.5651810329999 28.071675955,-25.5647440749999 28.0716118870001,-25.5642845719999 28.0715537340001,-25.5638858069999 28.071545739,-25.5637725869999 28.0714206700001,-25.5634174349999 28.071739257,-25.5633472879999 28.0720065250001,-25.5635082929999 28.0751209270001,-25.5641384119999 28.077444084,-25.5648250919999</coordinates></LinearRing></outerBoundaryIs></Polygon>
  </Placemark>
  <Placemark>
	<name>7970353</name>
	<Style><LineStyle><color>ff0000ff</color></LineStyle><PolyStyle><fill>0</fill></PolyStyle></Style>
      <Polygon><outerBoundaryIs><LinearRing><coordinates>28.2694480110001,-26.115786613 28.268558312,-26.1163467349999 28.2682929440001,-26.1165138009999 28.266970685,-26.1173691639999 28.2663527330001,-26.1166135409999 28.2659902720001,-26.1161703299999 28.2646233840001,-26.114392419 28.2645994890001,-26.1141343359999 28.264421794,-26.1140005029999 28.264161345,-26.1138043409999 28.2636252820001,-26.1131255959999 28.2634851480001,-26.1129720959999 28.262367542,-26.1118880529999 28.2627849960001,-26.1115605659999 28.2646542460001,-26.1128259479999 28.265445205,-26.1133377449999 28.268438394,-26.115196722 28.2694480110001,-26.115786613</coordinates></LinearRing></outerBoundaryIs></Polygon>
  </Placemark>
  <Placemark>
	<name>9770100</name>
	<Style><LineStyle><color>ff0000ff</color></LineStyle><PolyStyle><fill>0</fill></PolyStyle></Style>
      <Polygon><outerBoundaryIs><LinearRing><coordinates>27.4199465230001,-24.5932256159999 27.4176997660001,-24.5936083309999 27.4162907020001,-24.5937569449999 27.4147220170001,-24.5938725309999 27.4134820980001,-24.593933826 27.411833206,-24.5940749979999 27.412166373,-24.5934594869999 27.412239781,-24.5932166709999 27.412205901,-24.5928891499999 27.412120927,-24.5926660949999 27.4121155510001,-24.5926519819999 27.4113842570001,-24.5903139869999 27.4130925520001,-24.5898904429999 27.4137857430001,-24.5897185769999 27.4172560280001,-24.5888116559999 27.419109199,-24.5882993249999 27.4195532420001,-24.589922424 27.4199014120001,-24.5913316849999 27.4199456250001,-24.5931775419999 27.4199465230001,-24.5932256159999</coordinates></LinearRing></outerBoundaryIs></Polygon>
  </Placemark>
  <Placemark>
	<name>7600704</name>
	<Style><LineStyle><color>ff0000ff</color></LineStyle><PolyStyle><fill>0</fill></PolyStyle></Style>
      <Polygon><outerBoundaryIs><LinearRing><coordinates>27.8604668570001,-26.6865177779999 27.8602159340001,-26.6865192259999 27.8602133240001,-26.6865012439999 27.8601276670001,-26.6858658849999 27.8600449580001,-26.6853578199999 27.8599425040001,-26.6847284549999 27.8597661580001,-26.6834852189999 27.8596162650001,-26.6821009059999 27.8595903610001,-26.6817109859999 27.859448737,-26.6795791629999 27.8593693810001,-26.6784417329999 27.8593574650001,-26.6780180109999 27.8593555640001,-26.6780018599999 27.8593305360001,-26.6777891879999 27.8593105240001,-26.6774756699999 27.8592549350001,-26.6764928669999 27.859250488,-26.6762571719999 27.8592749480001,-26.6757235239999 27.8592838420001,-26.6754900519999 27.8593349830001,-26.6751253929999 27.859368336,-26.6748874759999 27.8593733810001,-26.6748558609999 27.8600852800001,-26.6751028699999 27.8611758960001,-26.6754729589999 27.8617097410001,-26.6756563659999 27.862399956,-26.6758712189999 27.862395549,-26.676003099 27.862318632,-26.6761868139999 27.8623486060001,-26.6762631269999 27.8622787830001,-26.6764923339999 27.8624828150001,-26.6766306849999 27.8618082820001,-26.6771915319999 27.8613589830001,-26.6775898819999 27.8615998450001,-26.6778539029999 27.8616701330001,-26.678031593 27.8617645150001,-26.6782701939999 27.8618356640001,-26.6783742829999 27.8620043710001,-26.6786210949999 27.8620927910001,-26.6787504479999 27.8623217720001,-26.6790442739999 27.862344819,-26.6790983149999 27.862380537,-26.6791820679999 27.862583176,-26.6797413509999 27.86286234,-26.6799459559999 27.8623445210001,-26.6804592909999 27.862094056,-26.6806527749999 27.8621373080001,-26.6808393509999 27.8622488810001,-26.6809499259999 27.8623127470001,-26.6810750149999 27.8623788880001,-26.6815663549999 27.8623694380001,-26.6818876149999 27.862322195,-26.6821474579999 27.8622607780001,-26.682308088 27.8622466040001,-26.6824214729999 27.862213533,-26.6825159619999 27.8620812500001,-26.6826151749999 27.8619536900001,-26.6827521829999 27.861830856,-26.6828702939999 27.861641879,-26.6830025769999 27.861542666,-26.6831112389999 27.8615095950001,-26.6832529709999 27.8614954220001,-26.6834136009999 27.8615001460001,-26.6835836799999 27.8614859730001,-26.683843523 27.8614954220001,-26.6840088779999 27.8615209360001,-26.6842083459999 27.861547391,-26.6844151779999 27.861631091,-26.6850322749999 27.8617741630001,-26.686512267 27.861596729,-26.686512267 27.8613431960001,-26.686512267 27.8609628980001,-26.6865177779999 27.8604668570001,-26.6865177779999</coordinates></LinearRing></outerBoundaryIs></Polygon>
  </Placemark>
  <Placemark>
	<name>7981590</name>
	<Style><LineStyle><color>ff0000ff</color></LineStyle><PolyStyle><fill>0</fill></PolyStyle></Style>
      <Polygon><outerBoundaryIs><LinearRing><coordinates>27.9102459410001,-26.1391267769999 27.909662155,-26.1400097019999 27.9090722050001,-26.1409142929999 27.9086480030001,-26.1415387849999 27.9085089580001,-26.1417266529999 27.9083316480001,-26.1418064939999 27.9083482390001,-26.1419900239999 27.908093287,-26.1423712299999 27.908200289,-26.1424089969999 27.9082527400001,-26.1424299769999 27.90830729,-26.1424583009999 27.9085617220001,-26.1425871009999 27.908606906,-26.1426121259999 27.9086340170001,-26.1426315909999 27.908651395,-26.142650359 27.9086659920001,-26.1426753849999 27.9086743350001,-26.1427031899999 27.9086764200001,-26.1427393369999 27.908670859,-26.1427740949999 27.9086590420001,-26.1428185839999 27.908566588,-26.1430243469999 27.908407739,-26.1433760009999 27.9082198170001,-26.143779203 27.9081547580001,-26.143881447 27.9080908170001,-26.1439655809999 27.908058285,-26.1440059639999 27.9078956270001,-26.14389603 27.9078103720001,-26.143844429 27.9077116560001,-26.1437939489999 27.9069403780001,-26.1435064159999 27.906487955,-26.1433506129999 27.9063686010001,-26.1433133149999 27.9062537240001,-26.143283477 27.9054011440001,-26.1430640379999 27.9052698020001,-26.143035042 27.905143577,-26.1430128659999 27.9049388880001,-26.1429821629999 27.9037459680001,-26.1428358109999 27.9031073570001,-26.1427644009999 27.9028746830001,-26.1427436669999 27.902593632,-26.1427229349999 27.902160537,-26.1426929859999 27.9017228340001,-26.1426676449999 27.9017115220001,-26.1426153549999 27.9017053000001,-26.1425795789999 27.9016749670001,-26.1423073649999 27.9015224130001,-26.1410412349999 27.9015108940001,-26.1409536939999 27.9015039830001,-26.140852332 27.9015039830001,-26.1407302359999 27.90150063,-26.1405466489999 27.9014949210001,-26.1402257279999 27.90149475,-26.1402161319999 27.9015745060001,-26.1402159769999 27.901642876,-26.1402187489999 27.9016826040001,-26.1402194419999 27.9017865860001,-26.140223138 27.9018210660001,-26.1402246219999 27.9023133110001,-26.1402235689999 27.903331875,-26.140212124 27.9037054280001,-26.14020045 27.903791814,-26.1401981159999 27.903850182,-26.1401911119999 27.903903879,-26.1401794379999 27.9039972690001,-26.1401560909999 27.9052977060001,-26.1396821439999 27.9056105590001,-26.1395677419999 27.9056627620001,-26.1395487589999 27.905687604,-26.1395397269999 27.9058883900001,-26.1394696839999 27.9060004570001,-26.139429994 27.9060798360001,-26.139404312 27.9061475430001,-26.1393832999999 27.906236263,-26.1393622879999 27.906612152,-26.1392735679999 27.9073242410001,-26.1391334849999 27.9080573430001,-26.138977059 27.9084168880001,-26.1388883399999 27.9086573650001,-26.1388276369999 27.9087881090001,-26.138790281 27.9089211880001,-26.1387435859999 27.9090472620001,-26.1386898889999 27.9092083580001,-26.138603503 27.9092828480001,-26.1385588099999 27.909435461,-26.1386253919999 27.9096262720001,-26.1387365829999 27.909714991,-26.1387926159999 27.9097943730001,-26.138848649 27.9098807560001,-26.1389093519999 27.909927451,-26.1389373689999 27.9102459410001,-26.1391267769999</coordinates></LinearRing></outerBoundaryIs></Polygon>
  </Placemark>
  <Placemark>
	<name>8660064</name>
	<Style><LineStyle><color>ff0000ff</color></LineStyle><PolyStyle><fill>0</fill></PolyStyle></Style>
      <Polygon><outerBoundaryIs><LinearRing><coordinates>29.0738552270001,-26.5704520059999 29.0743830750001,-26.5716367939999 29.0703291630001,-26.5711171409999 29.070253145,-26.5711046249999 29.0703830160001,-26.5706407959999 29.0703510800001,-26.5705024079999 29.0703155960001,-26.5704349879999 29.0702774900001,-26.5703726319999 29.0708838930001,-26.5701858109999 29.071343363,-26.5700510789999 29.0714063290001,-26.5700326149999 29.0722401870001,-26.5697881009999 29.0733882280001,-26.5693959689999 29.07344585,-26.5695331299999 29.0738552270001,-26.5704520059999</coordinates></LinearRing></outerBoundaryIs></Polygon>
  </Placemark>
  <Placemark>
	<name>7600195</name>
	<Style><LineStyle><color>ff0000ff</color></LineStyle><PolyStyle><fill>0</fill></PolyStyle></Style>
      <Polygon><outerBoundaryIs><LinearRing><coordinates>27.8190271480001,-26.544313971 27.818837316,-26.5444711119999 27.8187032980001,-26.544582052 27.8178851270001,-26.54514875 27.8171165420001,-26.5455914839999 27.8161317650001,-26.5462784609999 27.8120375230001,-26.5443441739999 27.8130679240001,-26.5441868049999 27.813909084,-26.5441214869999 27.8142227050001,-26.5440589369999 27.8146070370001,-26.5439916249999 27.8171110930001,-26.543662927 27.8178400790001,-26.5435477059999 27.8179258390001,-26.5436227719999 27.8184015880001,-26.543960012 27.8185276560001,-26.5440493759999 27.818847609,-26.5442283979999 27.8188552270001,-26.5442398249999 27.8190271480001,-26.544313971</coordinates></LinearRing></outerBoundaryIs></Polygon>
  </Placemark>
  <Placemark>
	<name>1720039</name>
	<Style><LineStyle><color>ff0000ff</color></LineStyle><PolyStyle><fill>0</fill></PolyStyle></Style>
      <Polygon><outerBoundaryIs><LinearRing><coordinates>19.2388487300001,-34.4147736049999 19.238814344,-34.4167106269999 19.2376722920001,-34.4167106269999 19.237207502,-34.4166575089999 19.23731374,-34.4179854789999 19.2371675350001,-34.4193547199999 19.2361832180001,-34.4192669309999 19.2351890050001,-34.4192213949999 19.2341917570001,-34.4191546079999 19.233158077,-34.419090857 19.2327048490001,-34.4190653499999 19.2329446000001,-34.41654625 19.2331103720001,-34.4147367129999 19.2331685830001,-34.4147032859999 19.2363405070001,-34.4148790149999 19.2363523550001,-34.4148796699999 19.2363644010001,-34.4148796789999 19.2369132250001,-34.4148949369999 19.2371500990001,-34.4148625349999 19.2376219480001,-34.4148233219999 19.2378786510001,-34.4147972789999 19.2384420010001,-34.4148026569999 19.2388487300001,-34.4147736049999</coordinates></LinearRing></outerBoundaryIs></Polygon>
  </Placemark>
  <Placemark>
	<name>7972496</name>
	<Style><LineStyle><color>ff0000ff</color></LineStyle><PolyStyle><fill>0</fill></PolyStyle></Style>
      <Polygon><outerBoundaryIs><LinearRing><coordinates>28.2088538570001,-26.3472683009999 28.207264218,-26.3475997879999 28.2070827360001,-26.3471820589999 28.2066969140001,-26.3462307459999 28.2065457150001,-26.3458686799999 28.208342062,-26.3455039059999 28.2085681980001,-26.3464461379999 28.2086875480001,-26.3466377249999 28.2088037560001,-26.3471214039999 28.2088538570001,-26.3472683009999</coordinates></LinearRing></outerBoundaryIs></Polygon>
  </Placemark>
  <Placemark>
	<name>4990886</name>
	<Style><LineStyle><color>ff0000ff</color></LineStyle><PolyStyle><fill>0</fill></PolyStyle></Style>
      <Polygon><outerBoundaryIs><LinearRing><coordinates>26.8244458630001,-29.2360047899999 26.8245128820001,-29.2364425679999 26.824568259,-29.2370869489999 26.8245732930001,-29.2374796189999 26.824553156,-29.2377262979999 26.8245028140001,-29.23786222 26.824475195,-29.237997806 26.824411587,-29.2380194089999 26.8243405850001,-29.2380549079999 26.8242957420001,-29.238082936 26.8242565050001,-29.2381146999999 26.8242415560001,-29.2381445949999 26.824232216,-29.2381819649999 26.8241798970001,-29.2382529659999 26.8241369230001,-29.2382865979999 26.82408087,-29.2383052829999 26.8240453690001,-29.238316493 26.824017343,-29.238320229 26.8239519460001,-29.2383295729999 26.8238865500001,-29.2383351779999 26.8238622600001,-29.2383538639999 26.8237912590001,-29.2383856259999 26.823720258,-29.2383931009999 26.8236585970001,-29.2384005739999 26.8236249660001,-29.2384080479999 26.82355957,-29.2384117849999 26.8235520960001,-29.238467839 26.8235390170001,-29.2385743409999 26.823525938,-29.2386490799999 26.8235371480001,-29.2386939219999 26.8235539650001,-29.238731292 26.8236137550001,-29.2387798709999 26.823641782,-29.2388153719999 26.8236679410001,-29.2388676879999 26.823671678,-29.2388994519999 26.8236511250001,-29.238946165 26.8236062820001,-29.2389984799999 26.82358386,-29.2390171659999 26.8235707810001,-29.2390339809999 26.82355957,-29.239047061 26.82353528,-29.2390694819999 26.8235147270001,-29.2391031139999 26.8234904370001,-29.23916851 26.8234586730001,-29.2392226949999 26.8234512000001,-29.2392488539999 26.8234493310001,-29.2392824869999 26.8234119620001,-29.2393086439999 26.8233820670001,-29.2393366709999 26.8233648390001,-29.2393627989999 26.823330995,-29.2394427949999 26.8233371480001,-29.2395104829999 26.823340225,-29.23958125 26.8232909970001,-29.2396520169999 26.8232448450001,-29.2396858609999 26.8232110000001,-29.2397412409999 26.8231494650001,-29.2398089319999 26.8231648490001,-29.2398335459999 26.82319254,-29.239919696 26.8232079240001,-29.2399627699999 26.823161772,-29.2400981489999 26.8231433110001,-29.2401535309999 26.8231279270001,-29.2402119889999 26.8231063900001,-29.240288909 26.8230848540001,-29.2403627509999 26.823066392,-29.2404458249999 26.8230633150001,-29.2404858229999 26.823066392,-29.2405442819999 26.8230571620001,-29.2405935099999 26.8230387010001,-29.2406335079999 26.8230263940001,-29.2406888899999 26.8230005620001,-29.240795095 26.8218238540001,-29.240592224 26.8210158310001,-29.2404592219999 26.8203668070001,-29.2403512229999 26.819413119,-29.2403834089999 26.8192239540001,-29.240469393 26.817418209,-29.2372258089999 26.8163906730001,-29.2353316769999 26.8162624080001,-29.2350168439999 26.8163463820001,-29.2350204959999 26.8164732710001,-29.2350277469999 26.816603785,-29.235064001 26.8167343010001,-29.2351002549999 26.816879316,-29.2351401339999 26.8170605860001,-29.2351473849999 26.8172454820001,-29.2351763889999 26.8173723710001,-29.2352090169999 26.817415876,-29.2352561469999 26.8174883840001,-29.2352597729999 26.8176152730001,-29.2352670239999 26.8176841550001,-29.2352670239999 26.8179053050001,-29.2352670239999 26.8180249430001,-29.2352525219999 26.8181772090001,-29.2352561469999 26.8183911080001,-29.2352561469999 26.8186303850001,-29.2352597729999 26.8188877890001,-29.2352561469999 26.8189560850001,-29.2358138019999 26.8196400850001,-29.2358404519999 26.8204173610001,-29.2358671019999 26.8211146880001,-29.2358804269999 26.821678766,-29.2358981929999 26.8220118840001,-29.2359070759999 26.8222561690001,-29.235915959 26.8224071830001,-29.235915959 26.822531547,-29.2359203999999 26.82290908,-29.2359470499999 26.8232111070001,-29.2359603749999 26.8235753150001,-29.235969258 26.8239706150001,-29.2360003489999 26.8243348230001,-29.2360047899999 26.8244458630001,-29.2360047899999</coordinates></LinearRing></outerBoundaryIs></Polygon>
  </Placemark>
  <Placemark>
	<name>5991148</name>
	<Style><LineStyle><color>ff0000ff</color></LineStyle><PolyStyle><fill>0</fill></PolyStyle></Style>
      <Polygon><outerBoundaryIs><LinearRing><coordinates>31.0566492520001,-29.7567306469999 31.0569947000001,-29.7568757349999 31.0573338380001,-29.7570124019999 31.0579260630001,-29.7572781439999 31.0590269940001,-29.7577412939999 31.0595508850001,-29.7579513569999 31.0596698360001,-29.7580095669999 31.0598950840001,-29.758118394 31.0599426960001,-29.7581362859999 31.0602924310001,-29.7582677159999 31.060327864,-29.7582879629999 31.0603379870001,-29.7583082099999 31.0604189750001,-29.7583436419999 31.06043163,-29.7583233949999 31.061006138,-29.7585714209999 31.0614667580001,-29.7587789529999 31.0618337350001,-29.7589181509999 31.0620868220001,-29.7590269789999 31.0622614530001,-29.7590978429999 31.0625525030001,-29.7592319799999 31.0632510250001,-29.7595407469999 31.063972504,-29.7598449239999 31.063899168,-29.7599396209999 31.0636360430001,-29.7602969079999 31.0630323950001,-29.7611539889999 31.0628795980001,-29.7613767689999 31.0626893960001,-29.7612907139999 31.0626115410001,-29.7612549429999 31.0625294770001,-29.7612275879999 31.062451621,-29.76120865 31.0623863910001,-29.76120865 31.0623127440001,-29.7612149629999 31.0622264710001,-29.7612507339999 31.061950821,-29.7614232789999 31.0618435060001,-29.7614990299999 31.0618035260001,-29.7615158639999 31.0617404000001,-29.7615158639999 31.0617130460001,-29.7615095509999 31.0615489180001,-29.761757847 31.0611143020001,-29.7623891349999 31.0609640060001,-29.7623080659999 31.06093523,-29.7622925449999 31.0605972150001,-29.7621027819999 31.0604815780001,-29.7620167949999 31.0602414090001,-29.7618448219999 31.0598796740001,-29.7615631429999 31.0592006780001,-29.7610323999999 31.0588537670001,-29.7607596149999 31.058721699,-29.7606333489999 31.0584071310001,-29.7600536049999 31.0581596440001,-29.759572009 31.0578451220001,-29.7589536359999 31.0574930960001,-29.7582797189999 31.0573341190001,-29.7579559489999 31.0572391210001,-29.7577698299999 31.0571770810001,-29.7576728929999 31.0571247350001,-29.7576244249999 31.0570103490001,-29.7575216709999 31.0569328000001,-29.7574460599999 31.0568513730001,-29.757384021 31.0567718840001,-29.7573452459999 31.0565276030001,-29.7572502479999 31.0563841360001,-29.7571901469999 31.0565198480001,-29.7569419879999 31.0566353710001,-29.7567248169999 31.0566492520001,-29.7567306469999</coordinates></LinearRing></outerBoundaryIs></Polygon>
  </Placemark>
  <Placemark>
	<name>2991185</name>
	<Style><LineStyle><color>ff0000ff</color></LineStyle><PolyStyle><fill>0</fill></PolyStyle></Style>
      <Polygon><outerBoundaryIs><LinearRing><coordinates>25.5578536020001,-33.8551111079999 25.5581849550001,-33.8551189369999 25.558534572,-33.8551345909999 25.558792871,-33.8551685099999 25.5589963790001,-33.8552180819999 25.559113788,-33.855283309 25.5591972780001,-33.8552285179999 25.5592938130001,-33.8552024269999 25.559437314,-33.8551502449999 25.5595442860001,-33.855129373 25.55961827,-33.8551284479999 25.5597319490001,-33.8552252859999 25.5600014120001,-33.8553094929999 25.5603592910001,-33.8554442239999 25.5609341350001,-33.8556096109999 25.5609569060001,-33.8556116519999 25.560929414,-33.8556925959999 25.5608956790001,-33.8557690619999 25.560913671,-33.8558117939999 25.5609429080001,-33.8558545239999 25.5609676460001,-33.8559197449999 25.5608934300001,-33.8559489819999 25.5607922250001,-33.8559984589999 25.560744996,-33.8559984589999 25.5607292530001,-33.8560479379999 25.5607135110001,-33.8561154079999 25.5606910210001,-33.8562188609999 25.5607899760001,-33.8562953269999 25.560929414,-33.8565022349999 25.561059856,-33.8567338809999 25.5609878880001,-33.856844082 25.56090441,-33.8569151899999 25.560812162,-33.8569011719999 25.5599408940001,-33.8567700719999 25.5593600000001,-33.85676 25.5578358700001,-33.8566753259999 25.557895767,-33.8565949409999 25.5579568960001,-33.8564995759999 25.5580082450001,-33.856404214 25.558032697,-33.8563210769999 25.558037588,-33.8562452759999 25.5580180260001,-33.8561132339999 25.5579691220001,-33.8560325419999 25.557915327,-33.855932289 25.5577466080001,-33.8556975479999 25.5575363200001,-33.8555117109999 25.5574189490001,-33.855399233 25.5573553740001,-33.8553332119999 25.557321141,-33.8552671909999 25.5572966890001,-33.8551058069999 25.5578536020001,-33.8551111079999</coordinates></LinearRing></outerBoundaryIs></Polygon>
  </Placemark>
  <Placemark>
	<name>4990198</name>
	<Style><LineStyle><color>ff0000ff</color></LineStyle><PolyStyle><fill>0</fill></PolyStyle></Style>
      <Polygon><outerBoundaryIs><LinearRing><coordinates>26.6871774800001,-29.273471023 26.6869173650001,-29.2736146139999 26.6868989660001,-29.2736750629999 26.68686217,-29.273764426 26.6868253740001,-29.2738301319999 26.6869735060001,-29.2740347179999 26.6862264820001,-29.274580027 26.6861028160001,-29.2746255359999 26.6857926790001,-29.2748930589999 26.685390118,-29.2751824439999 26.6853151930001,-29.275111196 26.685200652,-29.2749950279999 26.6850907790001,-29.274874435 26.6849857440001,-29.274749605 26.684885711,-29.2746207329999 26.6847908340001,-29.2744880179999 26.6847012620001,-29.2743516669999 26.6846171330001,-29.2742118919999 26.684538579,-29.2740689099999 26.684465721,-29.2739229429999 26.684398672,-29.2737742179999 26.6842153960001,-29.2732507069999 26.6841981260001,-29.2731862329999 26.68404689,-29.2727674269999 26.6839680400001,-29.2724586989999 26.6846908400001,-29.272322534 26.6848918410001,-29.2722835389999 26.6849143520001,-29.2722772959999 26.684925417,-29.2722241849999 26.6852883480001,-29.272157794 26.6857088170001,-29.272073701 26.6863129650001,-29.2719696899999 26.686555378,-29.2719130679999 26.6868041880001,-29.272789874 26.6868467550001,-29.2729088319999 26.6868954590001,-29.2730254109999 26.6869501690001,-29.2731392949999 26.687010736,-29.2732501749999 26.6870769960001,-29.2733577499999 26.6871774800001,-29.273471023</coordinates></LinearRing></outerBoundaryIs></Polygon>
  </Placemark>
  <Placemark>
	<name>1994280</name>
	<Style><LineStyle><color>ff0000ff</color></LineStyle><PolyStyle><fill>0</fill></PolyStyle></Style>
      <Polygon><outerBoundaryIs><LinearRing><coordinates>18.6210073540001,-34.0353978339999 18.6205523240001,-34.0355517289999 18.6184551000001,-34.0362608809999 18.6184382480001,-34.0357491999999 18.618292909,-34.0356094509999 18.6182668950001,-34.0355413079999 18.6182345660001,-34.0354759239999 18.6181962130001,-34.035413881 18.6181521770001,-34.0353557349999 18.6181028500001,-34.0353020029999 18.6178289420001,-34.035173433 18.617786493,-34.0351461789999 18.6177473720001,-34.035114334 18.6177120730001,-34.0350782979999 18.6176810420001,-34.0350385279999 18.6176546710001,-34.0349955259999 18.617633293,-34.0349498349999 18.6175644790001,-34.034532043 18.617991051,-34.0344914579999 18.620092878,-34.0342846279999 18.6204256620001,-34.034234071 18.6210073540001,-34.0353978339999</coordinates></LinearRing></outerBoundaryIs></Polygon>
  </Placemark>
  <Placemark>
	<name>7993607</name>
	<Style><LineStyle><color>ff0000ff</color></LineStyle><PolyStyle><fill>0</fill></PolyStyle></Style>
      <Polygon><outerBoundaryIs><LinearRing><coordinates>28.3223209380001,-25.6989440919999 28.3224754060001,-25.6997638949999 28.3208127700001,-25.7000809229999 28.3196274790001,-25.700321851 28.3191137810001,-25.7002468979999 28.3190653890001,-25.700251223 28.3190322620001,-25.700009146 28.3188004350001,-25.6990286239999 28.3186975710001,-25.6985935659999 28.318652076,-25.6984011489999 28.3185648030001,-25.69827613 28.3183572070001,-25.6981403939999 28.3184076790001,-25.6981275069999 28.318573438,-25.6980476979999 28.3187384700001,-25.6978351319999 28.3196723450001,-25.6976609309999 28.3215158240001,-25.697317058 28.3216879240001,-25.6972644709999 28.3219055910001,-25.6971979609999 28.3219089510001,-25.6972122189999 28.3220653530001,-25.6979465479999 28.3223209380001,-25.6989440919999</coordinates></LinearRing></outerBoundaryIs></Polygon>
  </Placemark>
  <Placemark>
	<name>4780098</name>
	<Style><LineStyle><color>ff0000ff</color></LineStyle><PolyStyle><fill>0</fill></PolyStyle></Style>
      <Polygon><outerBoundaryIs><LinearRing><coordinates>28.2202332370001,-26.9841283609999 28.2181118510001,-26.9861026249999 28.2181118070001,-26.9861027489999 28.2181117590001,-26.9861027919999 28.2180972940001,-26.986115621 28.2180944470001,-26.9861136149999 28.2180943040001,-26.9861135049999 28.21808229,-26.9861053019999 28.2146011650001,-26.98372896 28.2120110930001,-26.9817144599999 28.2119656190001,-26.9816790919999 28.211828514,-26.9814828309999 28.2117137980001,-26.9813151679999 28.2115814320001,-26.981209276 28.2115211380001,-26.981138342 28.2120576140001,-26.9799409269999 28.2120531950001,-26.9798834549999 28.212340548,-26.9792468549999 28.212207935,-26.978784716 28.2135758040001,-26.978429956 28.2137564750001,-26.9784217439999 28.21381504,-26.9784190819999 28.215831027,-26.9793041349999 28.2164496570001,-26.9795941169999 28.2169522950001,-26.980116086 28.2202332370001,-26.9841283609999</coordinates></LinearRing></outerBoundaryIs></Polygon>
  </Placemark>
  <Placemark>
	<name>7993253</name>
	<Style><LineStyle><color>ff0000ff</color></LineStyle><PolyStyle><fill>0</fill></PolyStyle></Style>
      <Polygon><outerBoundaryIs><LinearRing><coordinates>28.3289403810001,-25.7072015539999 28.32909584,-25.7078495029999 28.329278301,-25.7086319779999 28.3294442850001,-25.7093437939999 28.3294925700001,-25.7095508579999 28.3298091110001,-25.7108806979999 28.3298244480001,-25.7109451289999 28.3298413130001,-25.711024768 28.3293449220001,-25.711124417 28.3292969020001,-25.711141703 28.3285973210001,-25.7107427219999 28.3283574650001,-25.7105860599999 28.328258141,-25.7105395799999 28.3280981600001,-25.7105720129999 28.3276238490001,-25.7106681729999 28.3275482190001,-25.7106735739999 28.3274046550001,-25.7101262079999 28.327129476,-25.7101857629999 28.3264419590001,-25.7103177119999 28.326290262,-25.7103468269999 28.3261657150001,-25.710370731 28.325880381,-25.7104315059999 28.3258152010001,-25.7101535799999 28.325791978,-25.7100606839999 28.3256244670001,-25.7093906399999 28.325337968,-25.70816171 28.3253568260001,-25.7081556489999 28.3256954080001,-25.7080903959999 28.3257101830001,-25.7080534579999 28.3258948650001,-25.708005441 28.326277771,-25.707926643 28.3269705430001,-25.7083610999999 28.3273229060001,-25.7079409409999 28.3269229250001,-25.707665092 28.3268341660001,-25.7076048629999 28.3268024670001,-25.7075573129999 28.3267675960001,-25.7074812349999 28.3267469930001,-25.7074146659999 28.326979984,-25.707370286 28.3270401780001,-25.7073883469999 28.3274395500001,-25.7073105039999 28.3274462730001,-25.7073389699999 28.3276799720001,-25.7072935639999 28.3277228270001,-25.70728228 28.3277049930001,-25.707157498 28.3282858780001,-25.7070444239999 28.3283361210001,-25.7070346439999 28.3288751600001,-25.7069297169999 28.3289403810001,-25.7072015539999</coordinates></LinearRing></outerBoundaryIs></Polygon>
  </Placemark>
  <Placemark>
	<name>1993314</name>
	<Style><LineStyle><color>ff0000ff</color></LineStyle><PolyStyle><fill>0</fill></PolyStyle></Style>
      <Polygon><outerBoundaryIs><LinearRing><coordinates>18.6436291080001,-33.9692356809999 18.6431227080001,-33.9701319289999 18.6428815660001,-33.9705587129999 18.642697646,-33.9709206189999 18.642537458,-33.9712825239999 18.642454398,-33.9716147639999 18.642375116,-33.9719771969999 18.6419183980001,-33.9720263819999 18.6419004030001,-33.9721478479999 18.641814927,-33.9722648139999 18.641684464,-33.9723187989999 18.6414505310001,-33.9723187989999 18.6410726380001,-33.972359288 18.6411401180001,-33.9730116019999 18.6398939730001,-33.9730430929999 18.6399429300001,-33.9726301449999 18.639922072,-33.9722046479999 18.6399193240001,-33.9721485969999 18.6396876970001,-33.9709672989999 18.6394649270001,-33.9698311689999 18.6395052510001,-33.9698374579999 18.6397346750001,-33.9698648139999 18.6398752510001,-33.9698553179999 18.6400161110001,-33.9698521359999 18.6401569720001,-33.9698552759999 18.6402975500001,-33.9698647319999 18.6404375630001,-33.9698804839999 18.640576728,-33.9699025009999 18.6407147660001,-33.9699307389999 18.6410865890001,-33.9699828189999 18.6411018140001,-33.9692029709999 18.6421401490001,-33.9691999369999 18.6421451260001,-33.9687917709999 18.642246921,-33.968791532 18.6423723790001,-33.9687781849999 18.64244712,-33.9687408149999 18.642723801,-33.9684183839999 18.6427997600001,-33.9684811829999 18.6428790750001,-33.9685396859999 18.6429615040001,-33.9685937129999 18.6430467950001,-33.9686430979999 18.643134687,-33.968687691 18.6432249100001,-33.9687273549999 18.6433171890001,-33.9687619679999 18.643793121,-33.9689267929999 18.643718102,-33.9690339619999 18.6436291080001,-33.9692356809999</coordinates></LinearRing></outerBoundaryIs></Polygon>
  </Placemark>
  <Placemark>
	<name>1993871</name>
	<Style><LineStyle><color>ff0000ff</color></LineStyle><PolyStyle><fill>0</fill></PolyStyle></Style>
      <Polygon><outerBoundaryIs><LinearRing><coordinates>18.452397944,-33.9271247789999 18.4523907860001,-33.9271934999999 18.452386436,-33.927235262 18.45232429,-33.9275736159999 18.4521355470001,-33.9279580039999 18.4518017970001,-33.928533436 18.451224063,-33.9296405659999 18.4511012720001,-33.9298878779999 18.4510566390001,-33.9298735159999 18.4508754860001,-33.9298152249999 18.4504771360001,-33.9297081409999 18.4501901530001,-33.9296524569999 18.4498175040001,-33.9295710739999 18.4491334560001,-33.9294161689999 18.448148007,-33.9292122529999 18.447484988,-33.9290708519999 18.4475139690001,-33.9289858539999 18.4477977320001,-33.9283274339999 18.4478952760001,-33.9281146119999 18.448176823,-33.9274850119999 18.4483142700001,-33.9271812979999 18.4484738870001,-33.926804424 18.4484849710001,-33.9267157479999 18.4484888650001,-33.9266612349999 18.4487166380001,-33.9266817089999 18.451586938,-33.927038529 18.452397944,-33.9271247789999</coordinates></LinearRing></outerBoundaryIs></Polygon>
  </Placemark>
  <Placemark>
	<name>1993913</name>
	<Style><LineStyle><color>ff0000ff</color></LineStyle><PolyStyle><fill>0</fill></PolyStyle></Style>
      <Polygon><outerBoundaryIs><LinearRing><coordinates>18.5794870830001,-33.9905108089999 18.5795058400001,-33.9905181489999 18.5803286170001,-33.990835779 18.5809701250001,-33.9910899619999 18.5811399130001,-33.9911572359999 18.5817483850001,-33.9913868479999 18.5819397280001,-33.9914633859999 18.5820583610001,-33.9915437499999 18.582134899,-33.9916815169999 18.5821686870001,-33.9918938989999 18.5822394300001,-33.9922835209999 18.582196378,-33.9922867959999 18.5820873060001,-33.9922950949999 18.581653755,-33.9923254439999 18.581493342,-33.9923167719999 18.5813762830001,-33.9923037659999 18.5812071980001,-33.9922517399999 18.5809817530001,-33.9921606949999 18.5804875050001,-33.9919742679999 18.5800409480001,-33.9918008479999 18.5795616030001,-33.9916171169999 18.5786513720001,-33.9912823209999 18.5786101620001,-33.9912671619999 18.5777298070001,-33.9909336109999 18.5779196110001,-33.9905892609999 18.578241855,-33.9900318009999 18.57906575,-33.9903459399999 18.5794870830001,-33.9905108089999</coordinates></LinearRing></outerBoundaryIs></Polygon>
  </Placemark>
  <Placemark>
	<name>1994444</name>
	<Style><LineStyle><color>ff0000ff</color></LineStyle><PolyStyle><fill>0</fill></PolyStyle></Style>
      <Polygon><outerBoundaryIs><LinearRing><coordinates>18.7017521120001,-34.0517358419999 18.701705319,-34.0517824069999 18.7017208980001,-34.0520410489999 18.701724019,-34.052063002 18.7017850770001,-34.052066818 18.701853767,-34.0520693619999 18.7018613990001,-34.0522449039999 18.7020772920001,-34.0522520869999 18.7020893530001,-34.0527435659999 18.7013663060001,-34.0527570559999 18.7013757320001,-34.0527825089999 18.701377203,-34.052864821 18.701363975,-34.052922146 18.7013658980001,-34.0530395189999 18.7008974380001,-34.0530420519999 18.700600136,-34.0530436579999 18.6997431920001,-34.0530482909999 18.6986205580001,-34.0530739999999 18.6986206510001,-34.0530729749999 18.6986207890001,-34.0530710599999 18.6986953430001,-34.0520347609999 18.698724504,-34.0516855409999 18.6990245870001,-34.0517072199999 18.699087992,-34.0516811959999 18.6994419570001,-34.0516934859999 18.699442892,-34.0519067359999 18.6994359830001,-34.0519608559999 18.6999334310001,-34.0519712189999 18.7001729420001,-34.0519884919999 18.7001717910001,-34.0519620069999 18.7002397290001,-34.0519574009999 18.700273123,-34.0519735219999 18.700403242,-34.0519712189999 18.7004003110001,-34.0517162479999 18.7011874870001,-34.0517376589999 18.7017521120001,-34.0517358419999</coordinates></LinearRing></outerBoundaryIs></Polygon>
  </Placemark>
  <Placemark>
	<name>6620510</name>
	<Style><LineStyle><color>ff0000ff</color></LineStyle><PolyStyle><fill>0</fill></PolyStyle></Style>
      <Polygon><outerBoundaryIs><LinearRing><coordinates>27.2413395130001,-25.6526332099999 27.2413433570001,-25.6526752049999 27.2413635840001,-25.6528961889999 27.2413655070001,-25.6529297089999 27.2413631160001,-25.6529703429999 27.2413487760001,-25.653010977 27.2413224830001,-25.6530516109999 27.2412794590001,-25.6531089759999 27.2412459960001,-25.6531543899999 27.241217313,-25.6532045849999 27.2411958010001,-25.6532667309999 27.2411695090001,-25.6534101439999 27.2411599480001,-25.6534675099999 27.241133656,-25.6536945809999 27.2411236560001,-25.6537937849999 27.241106034,-25.6539796199999 27.2411012270001,-25.654061323 27.2410964210001,-25.6541366169999 27.2410948190001,-25.6542055069999 27.2410884110001,-25.6542647809999 27.2410772520001,-25.6543182319999 27.2410691870001,-25.6544089619999 27.2410691870001,-25.6544426049999 27.241070789,-25.6544650339999 27.2410755940001,-25.654485861 27.2410836050001,-25.6545146969999 27.2410852080001,-25.6545387269999 27.2410804,-25.654559553 27.2410691870001,-25.6545803799999 27.241041952,-25.6546156239999 27.2409458310001,-25.6547149499999 27.2409078920001,-25.654646575 27.2408773060001,-25.6546027619999 27.2408607730001,-25.6545820969999 27.2408509420001,-25.6545725319999 27.2408301870001,-25.6545523379999 27.2408004280001,-25.6545316719999 27.240763229,-25.6545134849999 27.2407260300001,-25.6545010859999 27.240690483,-25.6544919929999 27.2406565910001,-25.6544886869999 27.2406226990001,-25.6544886869999 27.2405896330001,-25.6544928189999 27.2405565670001,-25.6545019119999 27.2405309410001,-25.654515139 27.240504489,-25.6545333249999 27.240476383,-25.6545564709999 27.2404292640001,-25.6546027619999 27.2395795500001,-25.6554663219999 27.239231772,-25.6558197659999 27.238408243,-25.6566543569999 27.2378620210001,-25.6562126749999 27.2355956650001,-25.654383751 27.2346633500001,-25.6536218379999 27.235365791,-25.6529094809999 27.2358351970001,-25.652435168 27.236746311,-25.6515148119999 27.2378923650001,-25.650364716 27.238182565,-25.6500663499999 27.2387906320001,-25.6505608479999 27.2398628000001,-25.6514270209999 27.2399844120001,-25.6515238129999 27.2400464140001,-25.6515757339999 27.240289681,-25.6517794459999 27.240480786,-25.6519382859999 27.2408381750001,-25.6522261829999 27.2412720080001,-25.6525784049999 27.2413395130001,-25.6526332099999</coordinates></LinearRing></outerBoundaryIs></Polygon>
  </Placemark>
  <Placemark>
	<name>2991678</name>
	<Style><LineStyle><color>ff0000ff</color></LineStyle><PolyStyle><fill>0</fill></PolyStyle></Style>
      <Polygon><outerBoundaryIs><LinearRing><coordinates>25.399778472,-33.8293180729999 25.3993896090001,-33.8298000429999 25.398935022,-33.8303641689999 25.398288741,-33.8311802339999 25.398063854,-33.8314554169999 25.397898146,-33.8313474799999 25.3977499460001,-33.8312328019999 25.3975735170001,-33.8309999149999 25.397478246,-33.830864065 25.3970830440001,-33.8303047859999 25.397016002,-33.8301971659999 25.3970018880001,-33.8301548219999 25.3969965950001,-33.8300983639999 25.3970001250001,-33.830041907 25.397030117,-33.829967806 25.3972012520001,-33.8296996359999 25.3975594030001,-33.8291474149999 25.3977375960001,-33.8288845349999 25.3978469820001,-33.8287963199999 25.397502069,-33.8285337479999 25.397938894,-33.8283670209999 25.3981433980001,-33.8282550309999 25.3982359120001,-33.828138173 25.398294342,-33.8278606299999 25.3984083440001,-33.8278674939999 25.3986369340001,-33.82786067 25.3988518770001,-33.827828258 25.3991760000001,-33.8277259049999 25.3993005310001,-33.8279664359999 25.3996365940001,-33.828525973 25.399670712,-33.8285925019999 25.3997083260001,-33.8286680369999 25.3997792710001,-33.8288601789999 25.3997970070001,-33.8290523239999 25.399778472,-33.8293180729999</coordinates></LinearRing></outerBoundaryIs></Polygon>
  </Placemark>
  <Placemark>
	<name>2601235</name>
	<Style><LineStyle><color>ff0000ff</color></LineStyle><PolyStyle><fill>0</fill></PolyStyle></Style>
      <Polygon><outerBoundaryIs><LinearRing><coordinates>27.8379442400001,-32.9921946889999 27.838286226,-32.9927311679999 27.8382635340001,-32.9927457539999 27.8380268990001,-32.992852727 27.837519811,-32.993094121 27.8379496060001,-32.9937636849999 27.837828232,-32.993818975 27.837644561,-32.993902278 27.837469421,-32.9939851749999 27.8373307400001,-32.9940407279999 27.8373305320001,-32.9940408109999 27.837330448,-32.9940408439999 27.837330524,-32.9940409519999 27.837448291,-32.9942070429999 27.8374901450001,-32.9942586499999 27.8376291170001,-32.9944309439999 27.837768091,-32.9946268049999 27.8379046260001,-32.9948096659999 27.8379936870001,-32.9949386209999 27.8379931090001,-32.9949388549999 27.8380751030001,-32.995060603 27.838347174,-32.9953935489999 27.8388962850001,-32.9961563419999 27.8393389880001,-32.9967531709999 27.8393994300001,-32.9968346559999 27.8398292790001,-32.9974110969999 27.8400243240001,-32.9976632919999 27.8404454750001,-32.9982459459999 27.8405461040001,-32.9984012379999 27.8408877470001,-32.998857175 27.841364802,-32.99947213 27.8416381150001,-32.9998572529999 27.841810507,-33.0000919559999 27.8416349980001,-33.0002044919999 27.8414396110001,-33.0003130409999 27.8414246130001,-33.0003240919999 27.841351752,-33.0001752509999 27.8410953170001,-32.9997730829999 27.8410949840001,-32.999773209 27.8410949500001,-32.999773085 27.8410802800001,-32.9997524949999 27.8410145480001,-32.9996652729999 27.8408830830001,-32.9995123209999 27.840665663,-32.9992822599999 27.8404646750001,-32.9991040229999 27.840345852,-32.9990041629999 27.840133488,-32.9988436239999 27.839788394,-32.9986211469999 27.8392182960001,-32.9982634129999 27.8382689750001,-32.9976857309999 27.8374245720001,-32.9971636669999 27.8368709060001,-32.9968198379999 27.8366269380001,-32.9966719409999 27.835519945,-32.9959850899999 27.8352680570001,-32.9958288019999 27.8345032910001,-32.9953686789999 27.8340452500001,-32.9950720429999 27.8335741960001,-32.9947669779999 27.8334465230001,-32.9946898709999 27.8327803550001,-32.9942777809999 27.832355626,-32.9940186449999 27.8319679080001,-32.9937471399999 27.8323249100001,-32.9935494739999 27.832910826,-32.993240898 27.8336338590001,-32.9928580689999 27.8338861880001,-32.9927319059999 27.8343342460001,-32.992483047 27.8346937170001,-32.9922988749999 27.8348160340001,-32.9922362049999 27.834822021,-32.9922866939999 27.8348557930001,-32.9922834879999 27.8350055980001,-32.992244829 27.8353426560001,-32.9921324759999 27.8358138120001,-32.9919621349999 27.8360445580001,-32.9918509909999 27.8365990730001,-32.9915743369999 27.8373187000001,-32.9912303719999 27.8375722470001,-32.9916210029999 27.8377922070001,-32.9919741799999 27.8377921810001,-32.9919741909999 27.8377923340001,-32.991974249 27.837798369,-32.9919823659999 27.8379442400001,-32.9921946889999</coordinates></LinearRing></outerBoundaryIs></Polygon>
  </Placemark>
  <Placemark>
	<name>5660720</name>
	<Style><LineStyle><color>ff0000ff</color></LineStyle><PolyStyle><fill>0</fill></PolyStyle></Style>
      <Polygon><outerBoundaryIs><LinearRing><coordinates>30.3529972620001,-29.6545904429999 30.3526451150001,-29.6553698559999 30.352389869,-29.6558855579999 30.3522648510001,-29.6561147579999 30.3521953960001,-29.6562554039999 30.3521554600001,-29.6563873679999 30.352118997,-29.6566617139999 30.3516119760001,-29.6566860229999 30.3511796220001,-29.6567051249999 30.3508983290001,-29.6567520039999 30.350757683,-29.6567849959999 30.3505649460001,-29.6568492419999 30.35050184,-29.6568710569999 30.3502851200001,-29.6564031259999 30.3501640310001,-29.6561410419999 30.3500230370001,-29.6558474409999 30.3498671140001,-29.6554692459999 30.349772563,-29.6552668769999 30.3497244600001,-29.6551092939999 30.3496995790001,-29.6549765939999 30.349686309,-29.654906927 30.3496846500001,-29.6548223299999 30.349689626,-29.6546481599999 30.349702897,-29.6545701989999 30.349719484,-29.6544706729999 30.349744366,-29.6543910529999 30.3498886770001,-29.6540991129999 30.3500562120001,-29.6537640429999 30.3501629460001,-29.6535241459999 30.3503715200001,-29.6536050849999 30.35101281,-29.6538479029999 30.351554482,-29.6540564779999 30.3520945980001,-29.6542650519999 30.3526674000001,-29.6544845239999 30.3528713060001,-29.654563907 30.3529972620001,-29.6545904429999</coordinates></LinearRing></outerBoundaryIs></Polygon>
  </Placemark>
  <Placemark>
	<name>7990649</name>
	<Style><LineStyle><color>ff0000ff</color></LineStyle><PolyStyle><fill>0</fill></PolyStyle></Style>
      <Polygon><outerBoundaryIs><LinearRing><coordinates>28.3015454750001,-25.8277604989999 28.3012650570001,-25.8278749149999 28.3014002670001,-25.8288889859999 28.300569791,-25.8291810219999 28.3004823130001,-25.8291401099999 28.3004425020001,-25.8291663349999 28.298503806,-25.83015037 28.2981170450001,-25.8303266159999 28.2980827760001,-25.830365781 28.2973033370001,-25.8307339819999 28.2966706990001,-25.8299131539999 28.2965905330001,-25.8297428039999 28.2988856700001,-25.8288334269999 28.2986261980001,-25.8282753169999 28.300163448,-25.8276486679999 28.3002319890001,-25.8275997109999 28.300251571,-25.8275409619999 28.3003396940001,-25.8271199319999 28.300246675,-25.8268555639999 28.3001924100001,-25.8267221139999 28.3009152320001,-25.8265382559999 28.3016489090001,-25.8263550659999 28.3015737320001,-25.8273875039999 28.3015454750001,-25.8277604989999</coordinates></LinearRing></outerBoundaryIs></Polygon>
  </Placemark>
  <Placemark>
	<name>2940663</name>
	<Style><LineStyle><color>ff0000ff</color></LineStyle><PolyStyle><fill>0</fill></PolyStyle></Style>
      <Polygon><outerBoundaryIs><LinearRing><coordinates>28.7388951990001,-31.5666457359999 28.738901722,-31.5667533829999 28.7389212950001,-31.566890386 28.738908247,-31.5670926289999 28.7388658410001,-31.5673274939999 28.7388590890001,-31.5673499999999 28.7387581950001,-31.5676863129999 28.738673383,-31.568103849 28.7386603340001,-31.5682082319999 28.7386799070001,-31.5685670529999 28.7386538110001,-31.5688345359999 28.738588571,-31.5693010019999 28.7385559510001,-31.5696696079999 28.7385537110001,-31.5696819269999 28.738510283,-31.569920781 28.738272264,-31.5699004959999 28.738054622,-31.569874507 28.737843474,-31.569855017 28.737664812,-31.5698533939999 28.7374829000001,-31.5698533939999 28.737201913,-31.5698501439999 28.7369631560001,-31.5698355259999 28.736752009,-31.5698306539999 28.7364677730001,-31.5698257809999 28.7362257670001,-31.5698339029999 28.7359139180001,-31.5698257809999 28.7355192370001,-31.569819283 28.7352106380001,-31.569819283 28.7349827510001,-31.5698288609999 28.7349923140001,-31.5696157069999 28.735004647,-31.5693408849999 28.7350769260001,-31.5682807929999 28.7350962010001,-31.5678182079999 28.7351492050001,-31.5673508039999 28.7351590660001,-31.5671456929999 28.7351732980001,-31.5668496689999 28.7352404380001,-31.5665170239999 28.7355919490001,-31.5665921979999 28.7359389790001,-31.5666449629999 28.7364179200001,-31.5666855509999 28.7368461250001,-31.5667139619999 28.7370409500001,-31.5667241099999 28.737168802,-31.566711934 28.7372865080001,-31.5666733749999 28.7374265380001,-31.5665861099999 28.737552361,-31.5665637849999 28.7380434790001,-31.5665861099999 28.73855489,-31.5666084329999 28.7388951990001,-31.5666457359999</coordinates></LinearRing></outerBoundaryIs></Polygon>
  </Placemark>
  <Placemark>
	<name>7972345</name>
	<Style><LineStyle><color>ff0000ff</color></LineStyle><PolyStyle><fill>0</fill></PolyStyle></Style>
      <Polygon><outerBoundaryIs><LinearRing><coordinates>28.4195058980001,-26.3811484589999 28.4198393120001,-26.3811608759999 28.4198393120001,-26.3811883669999 28.4198393120001,-26.3815316629999 28.41968912,-26.3829350149999 28.4197003100001,-26.3835206009999 28.419432784,-26.3834891269999 28.4189602050001,-26.3834335299999 28.4188758590001,-26.3834236069999 28.4186504240001,-26.3835655619999 28.4184484660001,-26.3836927339999 28.4183421290001,-26.3837459019999 28.417806892,-26.383802526 28.4178384050001,-26.3836243239999 28.418017213,-26.3826132149999 28.4175291130001,-26.3825437069999 28.417617679,-26.3819726899999 28.4174015120001,-26.3816571369999 28.4173716970001,-26.3815801139999 28.4172035210001,-26.3813569759999 28.4175590190001,-26.3811404169999 28.4177918080001,-26.3810271679999 28.4178468490001,-26.3809989339999 28.4181798820001,-26.3810095069999 28.4190626810001,-26.381104659 28.419449607,-26.3811463639999 28.4195058980001,-26.3811484589999</coordinates></LinearRing></outerBoundaryIs></Polygon>
  </Placemark>
  <Placemark>
	<name>7971827</name>
	<Style><LineStyle><color>ff0000ff</color></LineStyle><PolyStyle><fill>0</fill></PolyStyle></Style>
      <Polygon><outerBoundaryIs><LinearRing><coordinates>28.2559994480001,-26.1904433849999 28.2560049150001,-26.1906785119999 28.2561080790001,-26.1906851669999 28.256095573,-26.1913292489999 28.2543011670001,-26.1913102939999 28.2538180940001,-26.1913230069999 28.2538180940001,-26.1913865689999 28.2538053810001,-26.1922700849999 28.2537860250001,-26.1937306229999 28.2532365090001,-26.1937388239999 28.2515393080001,-26.1937313149999 28.2504561250001,-26.1937265219999 28.2495054170001,-26.1937238399999 28.2475486150001,-26.1937183219999 28.246940942,-26.1937224819999 28.246936222,-26.193722513 28.2472144470001,-26.1907123139999 28.2473353670001,-26.1894040519999 28.2473743120001,-26.1890029189999 28.251405381,-26.1892528629999 28.2525442790001,-26.1893485689999 28.2526105140001,-26.1890545239999 28.253542311,-26.1890179169999 28.2544774350001,-26.1889779829999 28.2548434990001,-26.1889646719999 28.2561846190001,-26.1889080989999 28.2562678150001,-26.1889080989999 28.2561114060001,-26.1897666819999 28.2559982600001,-26.1903923169999 28.2559994480001,-26.1904433849999</coordinates></LinearRing></outerBoundaryIs></Polygon>
  </Placemark>
  <Placemark>
	<name>1994230</name>
	<Style><LineStyle><color>ff0000ff</color></LineStyle><PolyStyle><fill>0</fill></PolyStyle></Style>
      <Polygon><outerBoundaryIs><LinearRing><coordinates>18.7202419910001,-34.006980601 18.7202253660001,-34.0069922179999 18.7200791650001,-34.0070757619999 18.719382098,-34.0073864389999 18.7187503000001,-34.0076762299999 18.718400461,-34.0078302639999 18.7185101140001,-34.0080312919999 18.7184605090001,-34.0080469559999 18.7181367790001,-34.008221874 18.7179829900001,-34.0082898269999 18.717014163,-34.0087179129999 18.7170079940001,-34.0087209609999 18.7167870280001,-34.0088301759999 18.7162622710001,-34.0090599189999 18.7158684990001,-34.0090614109999 18.7158672890001,-34.009061416 18.715865336,-34.0090614229999 18.7158100280001,-34.0089679249999 18.7157477270001,-34.0088323299999 18.7157330680001,-34.0087626999999 18.715722074,-34.0086930699999 18.7157074150001,-34.0085446479999 18.7156780970001,-34.0082294819999 18.715663438,-34.0080609049999 18.7156377840001,-34.0079014889999 18.7156103,-34.0077933789999 18.7155644910001,-34.0076889339999 18.7154362260001,-34.0074947049999 18.7153509220001,-34.0073645029999 18.71596587,-34.0070709409999 18.71706069,-34.0065803369999 18.717458337,-34.0063995869999 18.717205289,-34.0060174339999 18.7171904240001,-34.0059937899999 18.717508196,-34.005861094 18.7176902050001,-34.0057828109999 18.7178729220001,-34.0060716219999 18.7180988590001,-34.0064263439999 18.7181395280001,-34.0064760499999 18.718173419,-34.0064986439999 18.7182118270001,-34.0065144589999 18.7182818690001,-34.0064963839999 18.7188150810001,-34.0062501119999 18.719231166,-34.0060502469999 18.7193388640001,-34.0062101619999 18.7194903770001,-34.0064478309999 18.719549794,-34.0064300049999 18.7197934050001,-34.0063260249999 18.7198468800001,-34.0063676169999 18.7200162190001,-34.0066260819999 18.7202419910001,-34.006980601</coordinates></LinearRing></outerBoundaryIs></Polygon>
  </Placemark>
  <Placemark>
	<name>7990477</name>
	<Style><LineStyle><color>ff0000ff</color></LineStyle><PolyStyle><fill>0</fill></PolyStyle></Style>
      <Polygon><outerBoundaryIs><LinearRing><coordinates>28.1374467050001,-25.8794096479999 28.137348735,-25.8795821619999 28.1372568210001,-25.879537227 28.1371746950001,-25.879497076 28.1360802980001,-25.8789616459999 28.1355272160001,-25.878693929 28.1354316050001,-25.8786490219999 28.1355519570001,-25.8784491519999 28.135634972,-25.8783091919999 28.1362014030001,-25.8773542179999 28.1362443420001,-25.8772146669999 28.1362711790001,-25.8770214429999 28.1362320100001,-25.8765710119999 28.136219645,-25.8764288009999 28.136213888,-25.8763626009999 28.1361960360001,-25.876157303 28.1361691990001,-25.8757332849999 28.136134756,-25.8755673299999 28.1361101590001,-25.8754488159999 28.1361039820001,-25.8754207819999 28.1386296750001,-25.8752781559999 28.1387242770001,-25.8761759959999 28.1371284690001,-25.876274893 28.1371974070001,-25.8772776209999 28.1372045590001,-25.877399216 28.1368969980001,-25.8779285069999 28.1366108940001,-25.8783862729999 28.1377387000001,-25.8789394229999 28.1374467050001,-25.8794096479999</coordinates></LinearRing></outerBoundaryIs></Polygon>
  </Placemark>
  <Placemark>
	<name>6750010</name>
	<Style><LineStyle><color>ff0000ff</color></LineStyle><PolyStyle><fill>0</fill></PolyStyle></Style>
      <Polygon><outerBoundaryIs><LinearRing><coordinates>26.8262526870001,-26.3084300089999 26.8258900480001,-26.3114692699999 26.8257598210001,-26.3125606989999 26.826229218,-26.3129596869999 26.8264180930001,-26.3132900059999 26.8263119460001,-26.313418629 26.8274298440001,-26.315019569 26.8274712480001,-26.3152265879999 26.827347036,-26.3153507979999 26.8267949880001,-26.3156268229999 26.8261949490001,-26.3159415819999 26.826174548,-26.3159533869999 26.8254190310001,-26.3163905409999 26.825318258,-26.3165239009999 26.8246834030001,-26.3168827329999 26.8231361080001,-26.3177128199999 26.822233409,-26.3163998009999 26.8222169570001,-26.3163728029999 26.8217704390001,-26.3156400589999 26.8218277110001,-26.315607617 26.8214823180001,-26.3150720859999 26.8205041560001,-26.3136572459999 26.8199670420001,-26.3128843239999 26.81905033,-26.3114883019999 26.8211944560001,-26.3103113109999 26.8240230530001,-26.308758586 26.8252904240001,-26.30826572 26.8262526870001,-26.3084300089999</coordinates></LinearRing></outerBoundaryIs></Polygon>
  </Placemark>
  <Placemark>
	<name>4790064</name>
	<Style><LineStyle><color>ff0000ff</color></LineStyle><PolyStyle><fill>0</fill></PolyStyle></Style>
      <Polygon><outerBoundaryIs><LinearRing><coordinates>28.5209419820001,-27.2545330769999 28.51967604,-27.2565132429999 28.5194423010001,-27.2564123109999 28.519011913,-27.2560848409999 28.518890281,-27.255991278 28.5187487890001,-27.2557430439999 28.518430503,-27.2554412219999 28.5178268590001,-27.2549528189999 28.5174701600001,-27.2548156269999 28.5171244360001,-27.2546070949999 28.517461014,-27.2544781349999 28.5177536900001,-27.2542878959999 28.5180683170001,-27.2538854659999 28.518309774,-27.2536001059999 28.5184908680001,-27.2533339539999 28.5187378130001,-27.2531363979999 28.51900671,-27.2528894519999 28.5191384140001,-27.2528181119999 28.5192975570001,-27.2526260419999 28.5193613530001,-27.2525367289999 28.5193798720001,-27.2525108019999 28.5198347390001,-27.2521050199999 28.5199685250001,-27.2519244069999 28.5201371700001,-27.252279406 28.520298143,-27.2528574409999 28.5203639950001,-27.2531867 28.5204517980001,-27.2534354759999 28.5204737490001,-27.2538013209999 28.520488383,-27.2540574129999 28.5208542290001,-27.2540208279999 28.5209040730001,-27.2540946829999 28.5209575790001,-27.2542675449999 28.5209419820001,-27.2545330769999</coordinates></LinearRing></outerBoundaryIs></Polygon>
  </Placemark>
  <Placemark>
	<name>7972951</name>
	<Style><LineStyle><color>ff0000ff</color></LineStyle><PolyStyle><fill>0</fill></PolyStyle></Style>
      <Polygon><outerBoundaryIs><LinearRing><coordinates>28.4684890520001,-26.116735048 28.4678342380001,-26.1167247749999 28.467081803,-26.1167623969999 28.466181776,-26.1168115949999 28.466147048,-26.1163543459999 28.465663754,-26.1163803919999 28.4653569920001,-26.1163890729999 28.4653077950001,-26.1163659219999 28.4652730660001,-26.116287784 28.465267279,-26.1161344039999 28.4652238680001,-26.1156250629999 28.465203612,-26.1153964399999 28.465167072,-26.1152504139999 28.4652709640001,-26.1152194679999 28.4656362300001,-26.1151958169999 28.4659647080001,-26.1151669099999 28.4665769890001,-26.1151248659999 28.467013207,-26.1151090989999 28.4670473690001,-26.1151064719999 28.467024333,-26.1147847739999 28.4673108410001,-26.1147572679999 28.4679380420001,-26.1147184409999 28.4686946040001,-26.1146876179999 28.4686671530001,-26.1150673739999 28.4684890520001,-26.116735048</coordinates></LinearRing></outerBoundaryIs></Polygon>
  </Placemark>
  <Placemark>
	<name>8740046</name>
	<Style><LineStyle><color>ff0000ff</color></LineStyle><PolyStyle><fill>0</fill></PolyStyle></Style>
      <Polygon><outerBoundaryIs><LinearRing><coordinates>31.0015026060001,-25.2795521639999 31.000388549,-25.2796645919999 30.999892119,-25.2802100519999 30.9998186270001,-25.2802100599999 30.999803392,-25.2803083279999 30.9997541260001,-25.280751725 30.999732899,-25.2808021179999 30.9997089990001,-25.2808328469999 30.9996612,-25.2808601609999 30.9995143870001,-25.2808840599999 30.9992480760001,-25.280914789 30.9990978490001,-25.2809250309999 30.9987769100001,-25.2809113749999 30.998565226,-25.2808943029999 30.9981555160001,-25.2808669889999 30.99805309,-25.280863575 30.9979950480001,-25.2808704029999 30.9979438330001,-25.2808874759999 30.9978994480001,-25.2809079599999 30.9978448210001,-25.2809523449999 30.9977833630001,-25.2810206299999 30.997735564,-25.2810991579999 30.9976945940001,-25.2811981709999 30.997667279,-25.2813040119999 30.9975614370001,-25.2819902769999 30.9975372140001,-25.2821686429999 30.9949220940001,-25.2837900789999 30.992383536,-25.2853161069999 30.9912480550001,-25.2859670189999 30.9913348440001,-25.2861984549999 30.9913565410001,-25.2863141719999 30.9921452990001,-25.2909774369999 30.991946011,-25.2908547609999 30.9918359750001,-25.2908364219999 30.9917076,-25.2908486469999 30.98962915,-25.29136826 30.9896413760001,-25.292107944 30.9895985840001,-25.2926214439999 30.9895619060001,-25.293685121 30.98954968,-25.293782931 30.9895619060001,-25.2938501749999 30.9895863570001,-25.2939663239999 30.989592471,-25.294039681 30.989568019,-25.2943147709999 30.9895619060001,-25.2944431449999 30.989568019,-25.2945226149999 30.9895863570001,-25.2946693289999 30.9896225570001,-25.2950975819999 30.9896266960001,-25.2952864839999 30.989559263,-25.2953138219999 30.9889490090001,-25.2952656449999 30.9883708740001,-25.2951371689999 30.9879051540001,-25.295024753 30.987230663,-25.2948802209999 30.986716765,-25.2946232709999 30.9860583340001,-25.2945108559999 30.9854159610001,-25.2942699669999 30.98520719,-25.2938684839999 30.9848538860001,-25.2935633569999 30.984404225,-25.2932742899999 30.9840830400001,-25.2929370429999 30.9838421480001,-25.292583739 30.9835049040001,-25.2921822569999 30.983264014,-25.291716537 30.98287859,-25.2910581049999 30.9827501160001,-25.2903193769999 30.9825895230001,-25.2900784879999 30.9825252860001,-25.2897251819999 30.982621641,-25.289387937 30.9826698190001,-25.2890988679999 30.9826698190001,-25.2889222169999 30.9885957060001,-25.2872841669999 30.989045365,-25.2871235739999 30.9893344340001,-25.2868826839999 30.9859780370001,-25.2794793419999 30.9845005810001,-25.2762996 30.9839702340001,-25.2749536339999 30.984116149,-25.2748873099999 30.9842885940001,-25.2748607789999 30.9849651070001,-25.2748607789999 30.985084493,-25.2748607789999 30.985217144,-25.2748342489999 30.9853497920001,-25.2747679239999 30.986039572,-25.2742107949999 30.9862916060001,-25.2740118199999 30.9864242570001,-25.2739720249999 30.9865967000001,-25.2739587599999 30.9872334200001,-25.2739985549999 30.9875839690001,-25.2740031179999 30.989093542,-25.2733446859999 30.9898483310001,-25.2730395589999 30.9911009570001,-25.2722687119999 30.9917112110001,-25.2719154079999 30.99219299,-25.2712409169999 30.992835363,-25.2706627809999 30.9941361670001,-25.269859816 30.996721715,-25.2688962569999 30.9970910800001,-25.2686874869999 30.9974765030001,-25.2685590119999 30.997877986,-25.2682699439999 30.9983276460001,-25.2681093509999 30.9988897220001,-25.2677560459999 31.0008810770001,-25.2679326989999 31.0018125170001,-25.2679166389999 31.0027278970001,-25.2681093509999 31.0030972610001,-25.2683984189999 31.003402388,-25.2691371469999 31.0034505660001,-25.2700846459999 31.0034345070001,-25.2709518489999 31.0033702700001,-25.2716584589999 31.00290455,-25.272766552 31.002203293,-25.2739421519999 31.001556162,-25.2750841469999 31.001556162,-25.2761880759999 31.001556162,-25.2771397389999 31.001518096,-25.2782817329999 31.001518096,-25.278606179 31.0015026060001,-25.2795521639999</coordinates></LinearRing></outerBoundaryIs></Polygon>
  </Placemark>
  <Placemark>
	<name>4991238</name>
	<Style><LineStyle><color>ff0000ff</color></LineStyle><PolyStyle><fill>0</fill></PolyStyle></Style>
      <Polygon><outerBoundaryIs><LinearRing><coordinates>26.2899797200001,-29.175920146 26.289633516,-29.1763778449999 26.2893747240001,-29.1767759859999 26.2890203780001,-29.1773134769999 26.28876955,-29.1776996749999 26.2885346450001,-29.1780580019999 26.2883793700001,-29.1782570729999 26.2882980730001,-29.1783849829999 26.288176412,-29.17859863 26.2879686990001,-29.17893097 26.2878351700001,-29.1791327489999 26.287734281,-29.1792811159999 26.2875473390001,-29.1795659789999 26.2874792490001,-29.1796837569999 26.2874375480001,-29.1797558869999 26.2873307240001,-29.1799279929999 26.287197194,-29.1801446079999 26.2871200430001,-29.1802722049999 26.2870013500001,-29.1804650809999 26.286823311,-29.180758845 26.2866245000001,-29.1810585459999 26.2863542920001,-29.1814302949999 26.286142059,-29.1813340189999 26.2857777140001,-29.181157917 26.2851674350001,-29.1808573329999 26.2848794860001,-29.1807082169999 26.2849676600001,-29.1805670169999 26.285229755,-29.180095955 26.2853962190001,-29.1797842719999 26.285612272,-29.1794477999999 26.2857149850001,-29.1793132099999 26.2858637410001,-29.1791113259999 26.2859274940001,-29.1789873629999 26.285955829,-29.1789200679999 26.2860904170001,-29.178796104 26.2863808480001,-29.1785977619999 26.2865083540001,-29.1784844229999 26.2867598230001,-29.1783073319999 26.2868519100001,-29.1782471219999 26.2867491980001,-29.1781302399999 26.2866571110001,-29.1780239859999 26.286565023,-29.1779106479999 26.2864835610001,-29.1778221019999 26.2862639690001,-29.177563549 26.286118752,-29.1774218759999 26.2859806230001,-29.1772624939999 26.2858283230001,-29.1771031119999 26.2857397770001,-29.1769968569999 26.285661857,-29.1768941439999 26.2855910210001,-29.1767949729999 26.2855550610001,-29.1767363009999 26.2855965910001,-29.1767243819999 26.285793503,-29.1766678689999 26.286562142,-29.1764466499999 26.2873532780001,-29.176217935 26.2879231950001,-29.1760492089999 26.2882233370001,-29.1759631599999 26.2884497420001,-29.1758876929999 26.288534644,-29.1758546749999 26.288605396,-29.175812225 26.2886572790001,-29.1757603409999 26.288704447,-29.1757226059999 26.2887468980001,-29.1756565719999 26.2887893480001,-29.1755763869999 26.2889016770001,-29.175399034 26.2896356190001,-29.1757392719999 26.2899797200001,-29.175920146</coordinates></LinearRing></outerBoundaryIs></Polygon>
  </Placemark>
  <Placemark>
	<name>1830064</name>
	<Style><LineStyle><color>ff0000ff</color></LineStyle><PolyStyle><fill>0</fill></PolyStyle></Style>
      <Polygon><outerBoundaryIs><LinearRing><coordinates>22.606878195,-32.3487033569999 22.6076838200001,-32.3494898 22.6079523610001,-32.3499117939999 22.6081058130001,-32.3509667789999 22.608158867,-32.3517035059999 22.6085706860001,-32.3516429439999 22.6085643740001,-32.3518245409999 22.6089745030001,-32.353244221 22.608558815,-32.3536252689999 22.6055450760001,-32.3543527229999 22.6036744790001,-32.355010896 22.603547651,-32.3550132619999 22.6030176400001,-32.355307712 22.6026741140001,-32.355268453 22.6021290260001,-32.3554564139999 22.6008669170001,-32.3542678249999 22.600705684,-32.3533205769999 22.6006029320001,-32.3524320839999 22.6005840600001,-32.3524339209999 22.599600223,-32.3525359109999 22.5995513440001,-32.3522100549999 22.599182264,-32.351186696 22.59948424,-32.349592937 22.5994865340001,-32.3495857539999 22.599002924,-32.3495095869999 22.599151335,-32.3488772199999 22.5992217600001,-32.348889363 22.6007017380001,-32.3491445319999 22.6010278250001,-32.3491445319999 22.6029329140001,-32.3490395279999 22.6058999370001,-32.34887599 22.6063602930001,-32.3488376269999 22.606532927,-32.3486649929999 22.606878195,-32.3487033569999</coordinates></LinearRing></outerBoundaryIs></Polygon>
  </Placemark>
  <Placemark>
	<name>2600515</name>
	<Style><LineStyle><color>ff0000ff</color></LineStyle><PolyStyle><fill>0</fill></PolyStyle></Style>
      <Polygon><outerBoundaryIs><LinearRing><coordinates>27.9452000000001,-32.947429999 27.9454200000001,-32.9474599999999 27.9455400000001,-32.947429999 27.9456700000001,-32.9473699999999 27.9457400000001,-32.9473099999999 27.9458500000001,-32.9471999989999 27.9459300000001,-32.9471699999999 27.945930349,-32.9471698249999 27.94597,-32.9471499999999 27.9461100000001,-32.947179999 27.94633,-32.947249999 27.94658,-32.9472799999999 27.9468400000001,-32.9473099999999 27.9471300000001,-32.9473099999999 27.9474400000001,-32.947339999 27.9478000000001,-32.947339999 27.94818,-32.9473499999999 27.9488000000001,-32.9473799989999 27.94926,-32.9474199999999 27.9495100000001,-32.9474899999999 27.94989,-32.9476899999999 27.95016,-32.94783 27.9503300000001,-32.9481 27.95016,-32.9482499989999 27.9500200000001,-32.9485199989999 27.95007,-32.9492999989999 27.9501300000001,-32.9501499989999 27.9501000000001,-32.9505999989999 27.9501000000001,-32.9509499989999 27.9502200000001,-32.951279999 27.950350481,-32.9513605899999 27.9500666580001,-32.9517057189999 27.9497275720001,-32.9521382279999 27.9494857120001,-32.9523921129999 27.9485828150001,-32.9519201449999 27.9482885080001,-32.9517678279999 27.9474940520001,-32.951356663 27.9459277600001,-32.9505830659999 27.945030009,-32.9513280099999 27.943820374,-32.952213109 27.9434637160001,-32.9524740769999 27.9442086600001,-32.9531426159999 27.9439603450001,-32.9533145259999 27.943903042,-32.9535055379999 27.944675573,-32.9541690059999 27.944651116,-32.95418373 27.9437184700001,-32.9547776119999 27.9429039450001,-32.9553038699999 27.9429032850001,-32.9553033559999 27.942560411,-32.954871335 27.941531791,-32.9555502249999 27.9406677490001,-32.954843906 27.9399545720001,-32.9552622109999 27.939693988,-32.9554405069999 27.9395785820001,-32.9543000219999 27.9395774110001,-32.9542884499999 27.9395789320001,-32.9542881159999 27.9395114070001,-32.953671954 27.9392743590001,-32.9533430769999 27.9382958350001,-32.9519854789999 27.938090968,-32.9517144039999 27.937142205,-32.9521822159999 27.9370421980001,-32.9520427339999 27.936671345,-32.9515266739999 27.9365767830001,-32.9514041939999 27.9363939620001,-32.951111501 27.9362201480001,-32.9510403549999 27.9362192760001,-32.9510403639999 27.9362204930001,-32.9510387899999 27.935724453,-32.9504368159999 27.935532762,-32.9501845919999 27.9351897380001,-32.9497255439999 27.9350857060001,-32.9495745759999 27.9351100000001,-32.9495599999999 27.9365100000001,-32.9488299989999 27.938,-32.9480299999999 27.9380131760001,-32.9480229939999 27.93926,-32.947359999 27.9398,-32.9470399999999 27.9403800000001,-32.9465799989999 27.9408700000001,-32.9461299989999 27.94131,-32.9455899989999 27.9414800000001,-32.9452299989999 27.9416771450001,-32.9449870539999 27.9420473060001,-32.9452899149999 27.9426978910001,-32.9461311869999 27.9429518190001,-32.946602487 27.94318,-32.946729999 27.94334,-32.946819999 27.9434900000001,-32.946909999 27.9436700000001,-32.9470299989999 27.9437276230001,-32.9470754909999 27.9443019190001,-32.9473426209999 27.9450400000001,-32.9473799989999 27.9450900000001,-32.9473899989999 27.9452000000001,-32.947429999</coordinates></LinearRing></outerBoundaryIs></Polygon>
  </Placemark>
  <Placemark>
	<name>7992927</name>
	<Style><LineStyle><color>ff0000ff</color></LineStyle><PolyStyle><fill>0</fill></PolyStyle></Style>
      <Polygon><outerBoundaryIs><LinearRing><coordinates>28.0701061300001,-25.5929618679999 28.069999796,-25.593065544 28.0698955140001,-25.5928416739999 28.069844161,-25.5926191439999 28.069818485,-25.5922511139999 28.069792808,-25.5920371439999 28.0697842500001,-25.5918659669999 28.0698099260001,-25.591694791 28.0697756910001,-25.5915578489999 28.0697585730001,-25.591429467 28.0697671330001,-25.5912240549999 28.0697671330001,-25.5908645849999 28.0697671330001,-25.5905479079999 28.0697500130001,-25.5903253779999 28.0694011180001,-25.5899814249999 28.069118475,-25.5897521109999 28.0690942480001,-25.5897238009999 28.0686438480001,-25.5891974899999 28.0683718700001,-25.5888455189999 28.0677479220001,-25.5881682419999 28.0674172830001,-25.5877576089999 28.0671346390001,-25.587437635 28.0671318210001,-25.587429535 28.0671363100001,-25.5874012179999 28.067182894,-25.5873655039999 28.067226481,-25.5873321729999 28.0672649400001,-25.5872680749999 28.067305962,-25.5872321799999 28.0673495500001,-25.5871834659999 28.0673956990001,-25.587129623 28.0674495420001,-25.5870578329999 28.0674905650001,-25.5870193739999 28.0675418430001,-25.5869834789999 28.0675649190001,-25.5869527119999 28.0675341520001,-25.5869322009999 28.0674367220001,-25.5868681029999 28.0672931430001,-25.5867834919999 28.0671521260001,-25.5867091389999 28.067073323,-25.586641078 28.0670170230001,-25.586533373 28.0669117660001,-25.586437906 28.066836337,-25.5864096079999 28.0669422640001,-25.58631149 28.0681552890001,-25.5851879129999 28.0689640050001,-25.58446312 28.0696887980001,-25.5837917329999 28.07008934,-25.5832214359999 28.0704402920001,-25.5827713009999 28.0705585490001,-25.5826549519999 28.070680618,-25.5827579499999 28.072008134,-25.5839443209999 28.0722113200001,-25.5841859949999 28.0728740690001,-25.5849742899999 28.0732288350001,-25.5856151569999 28.0736446370001,-25.587238312 28.0735003650001,-25.5872919339999 28.0733181160001,-25.5873433369999 28.0729582920001,-25.5874087599999 28.0724349120001,-25.5875956819999 28.0720190110001,-25.5876891429999 28.0734104380001,-25.5890570039999 28.073527653,-25.5892328259999 28.0734495060001,-25.5895370699999 28.073276708,-25.5901582099999 28.0730805580001,-25.5908307249999 28.0730198450001,-25.5910222049999 28.0730198450001,-25.5910829169999 28.073048068,-25.5911148619999 28.0729923250001,-25.5911464689999 28.072838075,-25.5912756639999 28.072682086,-25.591356216 28.0724082740001,-25.5915210339999 28.0719430620001,-25.5918001639999 28.0715629140001,-25.5920500489999 28.0713741700001,-25.592180309 28.0712518860001,-25.5922760099999 28.071121626,-25.5923770279999 28.0709940230001,-25.5924567789999 28.0709249070001,-25.592486021 28.0708079390001,-25.5925232389999 28.0707202120001,-25.592560455 28.0706005860001,-25.5926428639999 28.0704623510001,-25.5927252729999 28.0703719670001,-25.5927757819999 28.0701061300001,-25.5929618679999</coordinates></LinearRing></outerBoundaryIs></Polygon>
  </Placemark>
  <Placemark>
	<name>7985655</name>
	<Style><LineStyle><color>ff0000ff</color></LineStyle><PolyStyle><fill>0</fill></PolyStyle></Style>
      <Polygon><outerBoundaryIs><LinearRing><coordinates>27.8956175110001,-26.2894847509999 27.8955317480001,-26.2904013329999 27.8955042900001,-26.2906948019999 27.895424834,-26.2915938679999 27.8942541860001,-26.2915122459999 27.8919583700001,-26.2913479659999 27.8915151350001,-26.2913183179999 27.8915840980001,-26.2904395129999 27.8916336120001,-26.2899066459999 27.891692408,-26.2892119229999 27.8933059130001,-26.289321996 27.894308391,-26.2893974759999 27.8956175110001,-26.2894847509999</coordinates></LinearRing></outerBoundaryIs></Polygon>
  </Placemark>
  <Placemark>
	<name>7970781</name>
	<Style><LineStyle><color>ff0000ff</color></LineStyle><PolyStyle><fill>0</fill></PolyStyle></Style>
      <Polygon><outerBoundaryIs><LinearRing><coordinates>28.3358648380001,-26.2042199519999 28.335896173,-26.2044263959999 28.336113448,-26.2057662629999 28.3361043960001,-26.206816429 28.3295187400001,-26.2070857499999 28.3295502810001,-26.2066809639999 28.3295397680001,-26.2061868099999 28.3295239970001,-26.205834594 28.3295134830001,-26.2053562109999 28.329460913,-26.2048568009999 28.3293925730001,-26.2038054099999 28.3309013200001,-26.203716041 28.331200966,-26.2036529579999 28.3313217660001,-26.203632491 28.3313484380001,-26.2026438759999 28.3313404570001,-26.202133058 28.3313404570001,-26.2020751919999 28.3313524280001,-26.2019973719999 28.3314241080001,-26.2016788749999 28.331298684,-26.2016766739999 28.3313327760001,-26.2015708369999 28.331379526,-26.2014257019999 28.3315947710001,-26.201083304 28.331819689,-26.2007320869999 28.3320384880001,-26.2003204199999 28.3326997240001,-26.2007004999999 28.3330967650001,-26.200944138 28.3329450830001,-26.2011996779999 28.332928059,-26.2012933109999 28.3331366030001,-26.2024679689999 28.3334302690001,-26.2041788849999 28.3335239,-26.2046896059999 28.333634556,-26.2053322629999 28.3341963490001,-26.2052343749999 28.3344385950001,-26.2051768739999 28.3348849270001,-26.2051052929999 28.3350575630001,-26.2050505539999 28.335108092,-26.2049873939999 28.3351249350001,-26.2048779169999 28.3350870390001,-26.2043094759999 28.3358648380001,-26.2042199519999</coordinates></LinearRing></outerBoundaryIs></Polygon>
  </Placemark>
  <Placemark>
	<name>7972781</name>
	<Style><LineStyle><color>ff0000ff</color></LineStyle><PolyStyle><fill>0</fill></PolyStyle></Style>
      <Polygon><outerBoundaryIs><LinearRing><coordinates>28.3761773320001,-26.1170050849999 28.375506208,-26.1174520169999 28.375455253,-26.117460509 28.37505186,-26.1176973379999 28.3745784230001,-26.1176961759999 28.3728501930001,-26.1176919289999 28.371986086,-26.1176898059999 28.3714531840001,-26.1176770669999 28.3708830940001,-26.1171617549999 28.3698752500001,-26.1180374239999 28.3682615820001,-26.1194817719999 28.3682596630001,-26.1194801979999 28.366940377,-26.1183975839999 28.3691361690001,-26.116473492 28.3709357820001,-26.1148706229999 28.372017864,-26.1139158439999 28.372897417,-26.1131520209999 28.3755443370001,-26.116261478 28.3761773320001,-26.1170050849999</coordinates></LinearRing></outerBoundaryIs></Polygon>
  </Placemark>
  <Placemark>
	<name>4670147</name>
	<Style><LineStyle><color>ff0000ff</color></LineStyle><PolyStyle><fill>0</fill></PolyStyle></Style>
      <Polygon><outerBoundaryIs><LinearRing><coordinates>26.7442574290001,-27.999138409 26.7441726260001,-27.9992444129999 26.7426289890001,-27.9977303089999 26.7433271390001,-27.9971771039999 26.7434226620001,-27.9971014139999 26.7446009390001,-27.9961629609999 26.7455185350001,-27.9954434839999 26.7461314290001,-27.9948665449999 26.7487946850001,-27.9926860939999 26.7499876860001,-27.9946309859999 26.7499910120001,-27.9946364069999 26.7496534160001,-27.9949014879999 26.7475330930001,-27.996566362 26.7448259660001,-27.9986919949999 26.7442574290001,-27.999138409</coordinates></LinearRing></outerBoundaryIs></Polygon>
  </Placemark>
  <Placemark>
	<name>7993479</name>
	<Style><LineStyle><color>ff0000ff</color></LineStyle><PolyStyle><fill>0</fill></PolyStyle></Style>
      <Polygon><outerBoundaryIs><LinearRing><coordinates>28.0937127010001,-25.9160779719999 28.0934999410001,-25.9160031559999 28.0930797570001,-25.9158951069999 28.0926835820001,-25.9158230759999 28.0921493470001,-25.9157870609999 28.0921338510001,-25.915787238 28.0916271170001,-25.9157930629999 28.0913611610001,-25.9157874649999 28.091318464,-25.9152016749999 28.0913325390001,-25.914802903 28.0913442180001,-25.9144720239999 28.091316454,-25.9140555769999 28.09177028,-25.9140524769999 28.0929046040001,-25.9140491389999 28.093457679,-25.9140507889999 28.0934681770001,-25.9144602359999 28.0934891750001,-25.9145284769999 28.0942923220001,-25.9145337259999 28.094313319,-25.9150376609999 28.0937358940001,-25.9150534079999 28.0937358940001,-25.9155940889999 28.0937306450001,-25.91589855 28.0937127010001,-25.9160779719999</coordinates></LinearRing></outerBoundaryIs></Polygon>
  </Placemark>
  <Placemark>
	<name>1992061</name>
	<Style><LineStyle><color>ff0000ff</color></LineStyle><PolyStyle><fill>0</fill></PolyStyle></Style>
      <Polygon><outerBoundaryIs><LinearRing><coordinates>18.432342792,-34.1353773429999 18.43219629,-34.1355775629999 18.4321030660001,-34.1357568139999 18.4320627470001,-34.1358818159999 18.431922769,-34.1358422 18.431848818,-34.1358422 18.431748456,-34.1358554059999 18.431669222,-34.1358659699999 18.4314922710001,-34.1358870999999 18.4311288310001,-34.1359429679999 18.4301500110001,-34.1360801259999 18.4283170620001,-34.1363357419999 18.428303396,-34.1364215659999 18.4279696400001,-34.1372321149999 18.4278448030001,-34.1374817879999 18.4277715950001,-34.1374756879999 18.4276936890001,-34.1374756879999 18.426682692,-34.137597098 18.4265818360001,-34.1376051679999 18.4264729130001,-34.1375809629999 18.4263599540001,-34.1375204489999 18.4262429610001,-34.1374276619999 18.426073525,-34.1372582249999 18.425592312,-34.1367329089999 18.4260285930001,-34.1356137559999 18.4261094590001,-34.1356206039999 18.4272519570001,-34.1354471889999 18.4273641670001,-34.1354471889999 18.4274355730001,-34.1354573899999 18.4281088310001,-34.1339374599999 18.4284250590001,-34.1332131979999 18.42936703,-34.1330715939999 18.4311648720001,-34.1328196809999 18.4312348180001,-34.1328257059999 18.4313782120001,-34.1329441629999 18.4321575270001,-34.1337297119999 18.4331021980001,-34.1346851869999 18.4328848490001,-34.1348401679999 18.432528361,-34.1351331729999 18.432342792,-34.1353773429999</coordinates></LinearRing></outerBoundaryIs></Polygon>
  </Placemark>
  <Placemark>
	<name>4670083</name>
	<Style><LineStyle><color>ff0000ff</color></LineStyle><PolyStyle><fill>0</fill></PolyStyle></Style>
      <Polygon><outerBoundaryIs><LinearRing><coordinates>26.6987235710001,-27.877312393 26.7000544370001,-27.8815957709999 26.700293134,-27.8823640159999 26.7006453640001,-27.8833394209999 26.700665685,-27.8834139319999 26.700681434,-27.8834716779999 26.7003655730001,-27.8832424379999 26.6984371550001,-27.8821404849999 26.6971864230001,-27.8814765619999 26.6940740750001,-27.8797477869999 26.6917054720001,-27.878472385 26.692390613,-27.8750057739999 26.693158597,-27.8750706739999 26.693555985,-27.8752031369999 26.6975780290001,-27.8773586629999 26.6976310890001,-27.8775682699999 26.6977665630001,-27.8777308369999 26.6986810050001,-27.8771753979999 26.6987235710001,-27.877312393</coordinates></LinearRing></outerBoundaryIs></Polygon>
  </Placemark>
  <Placemark>
	<name>3820023</name>
	<Style><LineStyle><color>ff0000ff</color></LineStyle><PolyStyle><fill>0</fill></PolyStyle></Style>
      <Polygon><outerBoundaryIs><LinearRing><coordinates>23.5580570980001,-28.1998678099999 23.5573842400001,-28.2010453109999 23.5568888240001,-28.2008044209999 23.5565843030001,-28.2004112699999 23.5560252560001,-28.2002271939999 23.5548880940001,-28.199826636 23.5535413090001,-28.1993754279999 23.5530960010001,-28.1992243919999 23.5532668230001,-28.198742986 23.5537490090001,-28.198902964 23.5540296830001,-28.1982863309999 23.554247692,-28.1981425419999 23.5544464110001,-28.1980516979999 23.5548041060001,-28.1979949209999 23.5551334120001,-28.197909755 23.5556955040001,-28.1976088369999 23.556161074,-28.1974668949999 23.555973711,-28.1969331919999 23.5565228830001,-28.1967741529999 23.557599214,-28.1997131009999 23.5580570980001,-28.1998678099999</coordinates></LinearRing></outerBoundaryIs></Polygon>
  </Placemark>
  <Placemark>
	<name>7971510</name>
	<Style><LineStyle><color>ff0000ff</color></LineStyle><PolyStyle><fill>0</fill></PolyStyle></Style>
      <Polygon><outerBoundaryIs><LinearRing><coordinates>28.3166863500001,-26.1898696399999 28.3173609310001,-26.1911017529999 28.317511003,-26.1913677889999 28.316904316,-26.191644042 28.3161430200001,-26.1919907959999 28.3156163710001,-26.1922228339999 28.314589143,-26.1926921259999 28.31380699,-26.1930414889999 28.3137021480001,-26.1930905629999 28.3133170310001,-26.1923839549999 28.3132769170001,-26.1923103549999 28.313028107,-26.1918671609999 28.3128621150001,-26.1915644709999 28.312796791,-26.1914453499999 28.3125460360001,-26.1909885489999 28.3121961470001,-26.1903762409999 28.3120849160001,-26.1901651889999 28.312070991,-26.1901388289999 28.3128608040001,-26.1897833019999 28.313588376,-26.1894576269999 28.3139627080001,-26.1892776209999 28.3139778450001,-26.189302515 28.3147684780001,-26.1907383019999 28.3166863500001,-26.1898696399999</coordinates></LinearRing></outerBoundaryIs></Polygon>
  </Placemark>
  <Placemark>
	<name>4780080</name>
	<Style><LineStyle><color>ff0000ff</color></LineStyle><PolyStyle><fill>0</fill></PolyStyle></Style>
      <Polygon><outerBoundaryIs><LinearRing><coordinates>27.8675755940001,-26.869986212 27.8675836780001,-26.8702448639999 27.869491241,-26.869986212 27.869846888,-26.8701317049999 27.8703786610001,-26.8703807619999 27.8695330030001,-26.87183046 27.8696766990001,-26.8728650709999 27.869635454,-26.8728856929999 27.8692036830001,-26.8740325519999 27.8692036830001,-26.874121166 27.87026719,-26.8753266379999 27.8701913240001,-26.8753204199999 27.868643514,-26.8764789029999 27.8685836230001,-26.8765075829999 27.8683211800001,-26.8766975759999 27.8682203610001,-26.8767708999999 27.8677289400001,-26.8762165519999 27.867293369,-26.8757537569999 27.8661567980001,-26.8744946809999 27.8659594300001,-26.8744266239999 27.8657416440001,-26.8744198179999 27.8655374690001,-26.8744742649999 27.865483022,-26.874542323 27.865483022,-26.8747056619999 27.8655102470001,-26.8749370609999 27.8647479960001,-26.874957477 27.8647110970001,-26.8738510139999 27.8658195390001,-26.873222386 27.8672987320001,-26.873240317 27.8667877380001,-26.8717880179999 27.8667418430001,-26.8716493459999 27.866715281,-26.8715464179999 27.8666853990001,-26.8714866539999 27.866658837,-26.8714401709999 27.8666256340001,-26.8713306029999 27.866668798,-26.8712210349999 27.866683805,-26.870978524 27.8651830360001,-26.870228138 27.8648065140001,-26.8700488429999 27.8647539,-26.8700134459999 27.8656359720001,-26.8685683699999 27.8658112780001,-26.8682811689999 27.866338145,-26.8685424959999 27.8673587650001,-26.8690487229999 27.8676074780001,-26.8691720849999 27.8678413010001,-26.8691907909999 27.8676564250001,-26.8695982319999 27.867647827,-26.869655544 27.867632175,-26.8697598909999 27.8675755940001,-26.869986212</coordinates></LinearRing></outerBoundaryIs></Polygon>
  </Placemark>
  <Placemark>
	<name>2760261</name>
	<Style><LineStyle><color>ff0000ff</color></LineStyle><PolyStyle><fill>0</fill></PolyStyle></Style>
      <Polygon><outerBoundaryIs><LinearRing><coordinates>26.932365959,-32.635907867 26.9325297510001,-32.6359204679999 26.932693541,-32.6359204679999 26.9331219150001,-32.6359960629999 26.9335754880001,-32.6361724519999 26.9337770760001,-32.6362984449999 26.934166083,-32.6366877339999 26.9345626260001,-32.6371107129999 26.9347388670001,-32.6373662629999 26.9350272890001,-32.6377768159999 26.9353391240001,-32.6382174519999 26.9355289360001,-32.638475055 26.9356374000001,-32.638712321 26.9357458640001,-32.6390173749999 26.9358746660001,-32.6393427689999 26.9359615700001,-32.6395924509999 26.9359826830001,-32.6396975619999 26.9359484590001,-32.639727982 26.9355821340001,-32.6401174929999 26.9350256900001,-32.6406924869999 26.9336468400001,-32.6421532819999 26.9303452120001,-32.6420175989999 26.929830752,-32.6418311069999 26.929953604,-32.6415961119999 26.930029989,-32.6415079739999 26.9284410970001,-32.6408872409999 26.9263590690001,-32.6401360409999 26.926335883,-32.6402380549999 26.9260715710001,-32.6401406769999 26.9230824400001,-32.6390696109999 26.923032806,-32.638457366 26.9230172670001,-32.6381061689999 26.9229182780001,-32.636796381 26.922898418,-32.6365336129999 26.9228542160001,-32.6359663569999 26.922822947,-32.6354807069999 26.9228141300001,-32.6353044169999 26.9230347810001,-32.6349647739999 26.92318778,-32.6345456969999 26.9232470210001,-32.634406328 26.9241764540001,-32.6339675849999 26.9249072090001,-32.6336526039999 26.9256883630001,-32.6335140119999 26.926091538,-32.6334888129999 26.9262301290001,-32.6335014139999 26.9269104900001,-32.6337156009999 26.9276538440001,-32.6339801839999 26.9284979930001,-32.6342573679999 26.9292287490001,-32.6345597489999 26.9298461120001,-32.6348117329999 26.9306146660001,-32.6352023109999 26.9310556380001,-32.6354038989999 26.9312698250001,-32.6355046919999 26.9319627840001,-32.635769277 26.932365959,-32.635907867</coordinates></LinearRing></outerBoundaryIs></Polygon>
  </Placemark>
  <Placemark>
	<name>7990580</name>
	<Style><LineStyle><color>ff0000ff</color></LineStyle><PolyStyle><fill>0</fill></PolyStyle></Style>
      <Polygon><outerBoundaryIs><LinearRing><coordinates>28.2552079260001,-25.8655481709999 28.2574739070001,-25.8665176379999 28.2594356540001,-25.8674392699999 28.2595500950001,-25.8674812319999 28.2597827910001,-25.8675670619999 28.2600231160001,-25.8676433559999 28.2601528170001,-25.8676795959999 28.2601642610001,-25.8676853189999 28.260160446,-25.8678092959999 28.2602291110001,-25.868114471 28.2602443700001,-25.8682270039999 28.2602596280001,-25.8684024799999 28.2603206630001,-25.8684253689999 28.2603969570001,-25.8689098359999 28.2604656230001,-25.8693485249999 28.2605037700001,-25.8695449829999 28.2606296550001,-25.8702411649999 28.2609119420001,-25.8714752199999 28.2609691630001,-25.8718490599999 28.261110306,-25.8725528719999 28.2611522670001,-25.872652054 28.2611675260001,-25.872690201 28.2612056730001,-25.8731632229999 28.2612247470001,-25.8733615879999 28.261445999,-25.8742218019999 28.261461259,-25.8743190769999 28.2616176610001,-25.8750991819999 28.261651993,-25.8752307889999 28.2618007670001,-25.8759880069999 28.262022018,-25.8771495829999 28.2606716160001,-25.8783493039999 28.260572433,-25.8785591129999 28.260442734,-25.878688812 28.2602291110001,-25.8788394929999 28.260019302,-25.8789901729999 28.2598705290001,-25.8791294099999 28.2597026820001,-25.879268646 28.2595195760001,-25.8794002529999 28.2593021390001,-25.8794403079999 28.2590999600001,-25.8795204159999 28.258890153,-25.87953949 28.2586307530001,-25.879499435 28.2583293910001,-25.87940979 28.2581119540001,-25.8792591089999 28.2579212190001,-25.8790397639999 28.2577495570001,-25.87887001 28.2575702670001,-25.8787002559999 28.2573795320001,-25.8785896299999 28.2571201320001,-25.8785400389999 28.25676918,-25.8784694669999 28.2564411160001,-25.8784103389999 28.2560915230001,-25.8783023749999 28.255922318,-25.8782501219999 28.2557315830001,-25.8781585689999 28.2548618320001,-25.8778686519999 28.2547287410001,-25.8778383149999 28.2546024320001,-25.8778095249999 28.2545598930001,-25.877803824 28.2542324070001,-25.8777599329999 28.2538318630001,-25.8777599329999 28.2537716770001,-25.8775104349999 28.252048787,-25.8768226969999 28.251141256,-25.876631265 28.250907284,-25.8758726259999 28.250744211,-25.87531251 28.2506662210001,-25.8747736649999 28.2507016710001,-25.872483568 28.250730032,-25.8701083899999 28.2500848340001,-25.8692504909999 28.248390305,-25.8670029349999 28.2469013880001,-25.8669887549999 28.245164318,-25.8664995389999 28.243739211,-25.8661024939999 28.241626367,-25.8663931879999 28.240307612,-25.8651595139999 28.2390030370001,-25.8639400199999 28.2393952840001,-25.8636124609999 28.239763333,-25.8633824299999 28.240085374,-25.863183073 28.2403460740001,-25.8630603889999 28.2406527800001,-25.8629377079999 28.241082168,-25.8627690189999 28.2415882340001,-25.8626156669999 28.2423243270001,-25.8624623129999 28.2431524350001,-25.8624009719999 28.2437045060001,-25.8624009719999 28.244196129,-25.8623732099999 28.244978646,-25.8626561209999 28.2467194750001,-25.863143889 28.2478379790001,-25.8634634609999 28.2521017460001,-25.8645903739999 28.2535482320001,-25.8649688149999 28.2537506230001,-25.8650394639999 28.2552079260001,-25.8655481709999</coordinates></LinearRing></outerBoundaryIs></Polygon>
  </Placemark>
  <Placemark>
	<name>7974056</name>
	<Style><LineStyle><color>ff0000ff</color></LineStyle><PolyStyle><fill>0</fill></PolyStyle></Style>
      <Polygon><outerBoundaryIs><LinearRing><coordinates>28.161859904,-26.3470349319999 28.1613645830001,-26.3470349319999 28.161216031,-26.3470611469999 28.1611461240001,-26.3470873619999 28.1611636010001,-26.3459076859999 28.159085255,-26.3459331339999 28.15909,-26.34422 28.1591159480001,-26.344219747 28.1594302340001,-26.3442166809999 28.16114,-26.3441999999999 28.16184,-26.3441899999999 28.16184,-26.3449099999999 28.1618500000001,-26.3465099999999 28.161859904,-26.3470349319999</coordinates></LinearRing></outerBoundaryIs></Polygon>
  </Placemark>
  <Placemark>
	<name>2840374</name>
	<Style><LineStyle><color>ff0000ff</color></LineStyle><PolyStyle><fill>0</fill></PolyStyle></Style>
      <Polygon><outerBoundaryIs><LinearRing><coordinates>28.0107245250001,-31.6788207359999 28.0107380630001,-31.6788388889999 28.0110130290001,-31.6791367679999 28.0111937930001,-31.6793429929999 28.0112566390001,-31.6794600839999 28.0113354980001,-31.6797873129999 28.0113235950001,-31.6803309029999 28.0112561430001,-31.6805769069999 28.011085526,-31.680862589 28.0108672970001,-31.6810490759999 28.010645099,-31.6810927219999 28.0103594170001,-31.6810490759999 28.01013722,-31.6810054309999 28.0097483740001,-31.680862589 28.0092603340001,-31.6806522959999 28.0090579750001,-31.6805531009999 28.008919102,-31.6805332599999 28.0087048400001,-31.6805610359999 28.0084032870001,-31.680632456 28.0082347780001,-31.6806674769999 28.0073181910001,-31.680857972 28.0070859740001,-31.680906235 28.0061756100001,-31.6810768619999 28.005456215,-31.681168129 28.004586498,-31.6812916059999 28.0039664220001,-31.681423138 28.0034510340001,-31.6815331949999 28.0028578020001,-31.6816539889999 28.0023254900001,-31.6817631129999 28.0023209390001,-31.6817640449999 28.0022350420001,-31.6813613989999 28.0022645690001,-31.6811922879999 28.0023910670001,-31.6809577469999 28.0023689210001,-31.6808450049999 28.0023487890001,-31.6806758939999 28.0023669080001,-31.6805953639999 28.0024172390001,-31.680466517 28.002397107,-31.6804061209999 28.0024353580001,-31.6803235769999 28.002527946,-31.6801580789999 28.0026240050001,-31.6801783019999 28.0027527650001,-31.6801147579999 28.002856443,-31.6800294749999 28.003001925,-31.6799475369999 28.0030671420001,-31.6799007149999 28.0032209860001,-31.6797635929999 28.0034818510001,-31.6795963709999 28.0037025830001,-31.6794926939999 28.0037761610001,-31.6794926939999 28.0039032500001,-31.6794709549999 28.0040470610001,-31.679434167 28.0041072600001,-31.6794241329999 28.004117292,-31.679467611 28.0042778250001,-31.6794425279999 28.0044667860001,-31.6793522279999 28.004620629,-31.6792268119999 28.0047126010001,-31.6791783179999 28.004792867,-31.6791900229999 28.0049015610001,-31.6791749729999 28.0050353390001,-31.6791632679999 28.0051306560001,-31.679181663 28.0052092490001,-31.6791883509999 28.0052560710001,-31.6791331679999 28.0052573610001,-31.6790911189999 28.0052111150001,-31.6790911189999 28.0051903040001,-31.6790564359999 28.00520649,-31.679019438 28.0053036070001,-31.67897088 28.0053221040001,-31.6788876369999 28.0053776000001,-31.6788622019999 28.0054400320001,-31.6789015109999 28.0055741460001,-31.678885325 28.0056250160001,-31.6788783869999 28.005703634,-31.6788922619999 28.0058053740001,-31.6788691389999 28.0059533610001,-31.6788020829999 28.0060666640001,-31.6787419629999 28.00619384,-31.6787188399999 28.0062747710001,-31.6787234639999 28.0063325770001,-31.6787789589999 28.0063672620001,-31.6787974579999 28.0064181320001,-31.678774335 28.0064690030001,-31.6787604609999 28.0065776810001,-31.6787928329999 28.0066169900001,-31.6787673969999 28.006658611,-31.6787835839999 28.006693295,-31.67873965 28.0067395410001,-31.6787049659999 28.0067834750001,-31.6787350259999 28.0068759660001,-31.6786980289999 28.0069360860001,-31.6786818429999 28.0069892690001,-31.6786934049999 28.00706095,-31.6786910929999 28.0071141330001,-31.678665657 28.0071511290001,-31.678665657 28.0071788770001,-31.6786795309999 28.0072505580001,-31.6787026539999 28.0073222390001,-31.6786934049999 28.0073823580001,-31.6786749059999 28.0074193550001,-31.6787026539999 28.0075372810001,-31.6787026539999 28.0075673430001,-31.6787257779999 28.0075789040001,-31.6787627729999 28.0075765910001,-31.6787951449999 28.0075419070001,-31.6787997709999 28.0075049100001,-31.6788090189999 28.0074956600001,-31.6788321419999 28.0075095350001,-31.6788645139999 28.0075280330001,-31.6788968859999 28.0075395950001,-31.6789315709999 28.0076043400001,-31.6789546939999 28.007717642,-31.6789570059999 28.007768512,-31.6789546939999 28.0078008840001,-31.6789523819999 28.0078471300001,-31.6789824409999 28.0079118740001,-31.6790009389999 28.0079419340001,-31.6790101889999 28.0079904920001,-31.6790263749999 28.0080344260001,-31.6790379359999 28.0080783590001,-31.6790494979999 28.008113043,-31.6790541219999 28.0081962850001,-31.6790425609999 28.0082309700001,-31.6790286869999 28.008309587,-31.6790425609999 28.008378958,-31.6790379359999 28.0084252030001,-31.6790309989999 28.0084830100001,-31.6790333119999 28.0086009380001,-31.6790171259999 28.0086772420001,-31.6789824409999 28.0087281140001,-31.6789408199999 28.0087786430001,-31.6789103309999 28.008816133,-31.6788905989999 28.0088477050001,-31.678902439 28.0089108480001,-31.6788669199999 28.0089858310001,-31.6788452149999 28.00907068,-31.6788471869999 28.009177234,-31.6788412679999 28.009271949,-31.6788254829999 28.009417968,-31.6788254829999 28.0095580660001,-31.6788195629999 28.0096587020001,-31.6787998319999 28.0097692020001,-31.6787919379999 28.0098757570001,-31.6787800979999 28.009929034,-31.6787544459999 28.0099704720001,-31.6787682589999 28.0099980970001,-31.6787702319999 28.0100651860001,-31.678776152 28.0101204370001,-31.678778125 28.010221071,-31.678815616 28.0102704020001,-31.6788432419999 28.0103394650001,-31.6788590279999 28.0104282600001,-31.6789083579999 28.010530868,-31.6788827059999 28.0107245250001,-31.6788207359999</coordinates></LinearRing></outerBoundaryIs></Polygon>
  </Placemark>
  <Placemark>
	<name>7994483</name>
	<Style><LineStyle><color>ff0000ff</color></LineStyle><PolyStyle><fill>0</fill></PolyStyle></Style>
      <Polygon><outerBoundaryIs><LinearRing><coordinates>28.325337968,-25.70816171 28.3256244670001,-25.7093906399999 28.325791978,-25.7100606839999 28.3249149320001,-25.7101898189999 28.3248930710001,-25.7101935949999 28.324705125,-25.7102260599999 28.324522018,-25.7103004459999 28.323293687,-25.7104778299999 28.3223171230001,-25.7106304169999 28.322031021,-25.7093963619999 28.3208514620001,-25.7096376349999 28.3207271850001,-25.7090659549999 28.32135722,-25.7089289899999 28.3231275520001,-25.7085843849999 28.3231160000001,-25.7085509999999 28.323064,-25.7083279999999 28.3230120000001,-25.7081059999999 28.3229904680001,-25.708041825 28.3239099240001,-25.7078685139999 28.3240392690001,-25.7077984109999 28.323982545,-25.7075771869999 28.3243711060001,-25.707506281 28.3244012810001,-25.707434615 28.3244391750001,-25.7073446169999 28.3251125990001,-25.707208997 28.32533455,-25.7081470499999 28.325337968,-25.70816171</coordinates></LinearRing></outerBoundaryIs></Polygon>
  </Placemark>
  <Placemark>
	<name>2991016</name>
	<Style><LineStyle><color>ff0000ff</color></LineStyle><PolyStyle><fill>0</fill></PolyStyle></Style>
      <Polygon><outerBoundaryIs><LinearRing><coordinates>25.5810123840001,-33.782788556 25.5810153020001,-33.7829431469999 25.5809569640001,-33.7830481519999 25.5808898780001,-33.7831473239999 25.5808203340001,-33.7833150199999 25.5802861070001,-33.7832746869999 25.5802206880001,-33.7832828649999 25.5801416410001,-33.7832896799999 25.5800707710001,-33.7833155749999 25.579998538,-33.7833237519999 25.5799412960001,-33.7833155749999 25.5798867810001,-33.7833060339999 25.5798363540001,-33.7832855909999 25.5797845640001,-33.7832746869999 25.5797559440001,-33.7832678739999 25.5797041530001,-33.7832487929999 25.5796550890001,-33.7832528819999 25.5796107180001,-33.7829229719999 25.5788565670001,-33.7829801389999 25.5788412950001,-33.7826794269999 25.578524852,-33.7826815949999 25.5782929390001,-33.7826880979999 25.5782864370001,-33.7825428809999 25.5779678280001,-33.7825190409999 25.5779064260001,-33.7825167219999 25.5778948020001,-33.781673973 25.577891444,-33.7809487819999 25.5780947170001,-33.7809284579999 25.5788288960001,-33.7808545939999 25.5796461240001,-33.7807723719999 25.5798877010001,-33.7807480659999 25.5802113870001,-33.7807154999999 25.5802578130001,-33.7810332289999 25.580448947,-33.7810163149999 25.5804541380001,-33.7810614779999 25.5806769490001,-33.7825377099999 25.5806944510001,-33.7828118899999 25.5810123840001,-33.782788556</coordinates></LinearRing></outerBoundaryIs></Polygon>
  </Placemark>
  <Placemark>
	<name>9770121</name>
	<Style><LineStyle><color>ff0000ff</color></LineStyle><PolyStyle><fill>0</fill></PolyStyle></Style>
      <Polygon><outerBoundaryIs><LinearRing><coordinates>27.290054448,-24.7864931959999 27.2886746360001,-24.7874348689999 27.2877199270001,-24.788084216 27.286873132,-24.787273141 27.28626705,-24.786970101 27.2854455830001,-24.7867146449999 27.2845339580001,-24.786489242 27.2837124910001,-24.7864065949999 27.283730022,-24.786226273 27.2838878040001,-24.7851994399999 27.2854030080001,-24.7852470249999 27.2856470460001,-24.7851231319999 27.2862547610001,-24.785203383 27.28710713,-24.785247281 27.2874253960001,-24.7852728889999 27.2878863340001,-24.785444825 27.2882375240001,-24.7856057889999 27.28863993,-24.7859057629999 27.2890350200001,-24.7859972189999 27.289503273,-24.7861545229999 27.290054448,-24.7864931959999</coordinates></LinearRing></outerBoundaryIs></Polygon>
  </Placemark>
  <Placemark>
	<name>2940746</name>
	<Style><LineStyle><color>ff0000ff</color></LineStyle><PolyStyle><fill>0</fill></PolyStyle></Style>
      <Polygon><outerBoundaryIs><LinearRing><coordinates>28.796028687,-31.6127634139999 28.7962240450001,-31.6135519579999 28.7964943100001,-31.6146626319999 28.7952773910001,-31.6148567419999 28.794406591,-31.6150067679999 28.793548833,-31.6151763619999 28.7931248470001,-31.6153035579999 28.7924432080001,-31.6153296499999 28.7922726940001,-31.6151034069999 28.7921334630001,-31.6149641759999 28.7918785990001,-31.6147989859999 28.7916945300001,-31.6146857129999 28.791538781,-31.6146054789999 28.7915138920001,-31.6146004239999 28.7911954160001,-31.6132532279999 28.791285299,-31.613205477 28.7959340120001,-31.612381281 28.796028687,-31.6127634139999</coordinates></LinearRing></outerBoundaryIs></Polygon>
  </Placemark>
  <Placemark>
	<name>7974549</name>
	<Style><LineStyle><color>ff0000ff</color></LineStyle><PolyStyle><fill>0</fill></PolyStyle></Style>
      <Polygon><outerBoundaryIs><LinearRing><coordinates>28.1798750660001,-26.0387122269999 28.17979568,-26.038714125 28.178786115,-26.038733083 28.1776442600001,-26.0387651589999 28.176825916,-26.0387741519999 28.1768101070001,-26.0383236 28.1767768620001,-26.0379274109999 28.176777573,-26.0375200489999 28.1767696370001,-26.0369699079999 28.176930977,-26.036771541 28.176994456,-26.0367107069999 28.1770314840001,-26.0366948379999 28.177076447,-26.0366948379999 28.1786574600001,-26.0366477199999 28.1793270690001,-26.036645732 28.179376624,-26.038172502 28.1793818400001,-26.0382611759999 28.1798408500001,-26.038245527 28.179865481,-26.0384905349999 28.1798750660001,-26.0387122269999</coordinates></LinearRing></outerBoundaryIs></Polygon>
  </Placemark>
  <Placemark>
	<name>7981634</name>
	<Style><LineStyle><color>ff0000ff</color></LineStyle><PolyStyle><fill>0</fill></PolyStyle></Style>
      <Polygon><outerBoundaryIs><LinearRing><coordinates>28.0011070500001,-25.9386684839999 28.0007375090001,-25.9389605419999 28.000677909,-25.9390124999999 28.0005877450001,-25.9390950229999 28.000551068,-25.9391301709999 28.000526617,-25.9391485099999 28.000468546,-25.939191299 28.000404362,-25.9392386729999 28.0003524040001,-25.9392784059999 28.0001965270001,-25.9394174719999 27.9999526110001,-25.9396297299999 27.9999459840001,-25.9396230539999 27.9998931160001,-25.9395761939999 27.9998522640001,-25.9395341409999 27.9997885850001,-25.9394632509999 27.9997056800001,-25.9393767419999 27.9995692610001,-25.93923223 27.9994221200001,-25.9390763609999 27.9993925260001,-25.9390438789999 27.9993728580001,-25.9390222919999 27.9993043710001,-25.9389646199999 27.9992406910001,-25.9389057449999 27.999190233,-25.9388545449999 27.9996451750001,-25.938484006 27.9998524690001,-25.9383177369999 28.0000122610001,-25.9381881759999 28.000110094,-25.9381062259999 28.0001811210001,-25.9380457779999 28.0002309910001,-25.9380004409999 28.0002597050001,-25.9379717289999 28.000322225,-25.9378989759999 28.0004865540001,-25.9380618899999 28.0005260900001,-25.9381005269999 28.000537529,-25.9381117069999 28.0005757600001,-25.9381453029999 28.001071605,-25.93863304 28.0011070500001,-25.9386684839999</coordinates></LinearRing></outerBoundaryIs></Polygon>
  </Placemark>
  <Placemark>
	<name>7990487</name>
	<Style><LineStyle><color>ff0000ff</color></LineStyle><PolyStyle><fill>0</fill></PolyStyle></Style>
      <Polygon><outerBoundaryIs><LinearRing><coordinates>28.35617533,-25.8084858699999 28.356528751,-25.8090772489999 28.3570684170001,-25.8103834859999 28.3566759330001,-25.8106165229999 28.3569825610001,-25.8108311629999 28.3573014550001,-25.8110335379999 28.3573934440001,-25.8111500559999 28.3577859270001,-25.8115241429999 28.358431683,-25.8121638069999 28.3556332840001,-25.8134304499999 28.3582682040001,-25.8183598689999 28.360145865,-25.8218629199999 28.3602089390001,-25.8219942249999 28.3606827980001,-25.8229003769999 28.3609820760001,-25.8232744759999 28.3615889490001,-25.8239312279999 28.3630853450001,-25.8256687109999 28.3648874950001,-25.8270083649999 28.367644569,-25.8290553689999 28.3696083610001,-25.8305587229999 28.3696582890001,-25.8306252929999 28.3696693840001,-25.8307695259999 28.369647194,-25.8312410579999 28.3696582890001,-25.8316460209999 28.3696915720001,-25.8320676249999 28.3696971200001,-25.8326168209999 28.3697193100001,-25.8329219299999 28.3697525940001,-25.8335765269999 28.3697525940001,-25.8337595919999 28.3697747840001,-25.8339204679999 28.369819163,-25.8341312699999 28.369819163,-25.8342033869999 28.3697858790001,-25.8343143359999 28.3697692360001,-25.8344030939999 28.369813616,-25.8347414879999 28.369824711,-25.835085428 28.369830258,-25.8352740419999 28.3698413530001,-25.8367052799999 28.3698589360001,-25.8372536569999 28.3698795970001,-25.8373982889999 28.3699157540001,-25.8374964319999 28.373321451,-25.8424287379999 28.3757877720001,-25.845924689 28.37593144,-25.846044413 28.3759302230001,-25.8461520279999 28.3758347440001,-25.8464584589999 28.375023448,-25.8483555789999 28.3747898940001,-25.8489333189999 28.3742916360001,-25.8505722669999 28.3741381560001,-25.8509406209999 28.3739970340001,-25.8513110359999 28.3739166890001,-25.8515279699999 28.373868481,-25.8516324189999 28.3738443770001,-25.8517288339999 28.373747961,-25.851873457 28.3736861190001,-25.8520447159999 28.3738944760001,-25.8521501209999 28.3740782530001,-25.8521918879999 28.374270385,-25.8522503629999 28.3751809180001,-25.8525510899999 28.3756737740001,-25.8526931009999 28.3761165120001,-25.8528434629999 28.3766010160001,-25.8529854719999 28.3766594910001,-25.8531191279999 28.3767179650001,-25.853236078 28.3766866700001,-25.8533246809999 28.3766832060001,-25.8534182299999 28.3767074580001,-25.8535083129999 28.3767906130001,-25.8535845389999 28.3768564430001,-25.8536642269999 28.3769153440001,-25.8537369869999 28.3769257390001,-25.8538236059999 28.3769742440001,-25.8539414069999 28.3770643270001,-25.8540384199999 28.37710244,-25.8540973209999 28.3771093700001,-25.8541527579999 28.3771336230001,-25.854194333 28.3771405520001,-25.8542393749999 28.3771509470001,-25.8542913459999 28.3771821290001,-25.8543329239999 28.377206383,-25.854384895 28.3772237060001,-25.8544472599999 28.3772687480001,-25.8544957669999 28.3773241850001,-25.854547738 28.3773900130001,-25.854599709 28.377421198,-25.854675933 28.3774246620001,-25.8547798749999 28.377480098,-25.8548942129999 28.3776325460001,-25.8550674499999 28.3777330240001,-25.855209504 28.377764207,-25.8553654169999 28.3777538130001,-25.8555663749999 28.3777575620001,-25.8555864779999 28.377764631,-25.855605668 28.3777748190001,-25.8556234 28.3777878380001,-25.8556391699999 28.3778033190001,-25.8556525319999 28.377820823,-25.8556631069999 28.3778398530001,-25.8556705949999 28.3778598700001,-25.8556747839999 28.3778803060001,-25.855675554 28.3779005810001,-25.8556728849999 28.377920121,-25.8556668509999 28.3780725700001,-25.8556252729999 28.378110942,-25.8556339329999 28.3781473650001,-25.8556487949999 28.3781808430001,-25.8556694509999 28.3782104620001,-25.85569534 28.3782354130001,-25.855725752 28.3783116370001,-25.8557742589999 28.3784225090001,-25.8559994669999 28.3784401710001,-25.8560440079999 28.37846368,-25.8560857589999 28.3784926070001,-25.856123958 28.378526422,-25.8561579059999 28.3785645070001,-25.856186981 28.378606167,-25.8562106539999 28.3786506380001,-25.8562284899999 28.3786971100001,-25.8562401649999 28.378744731,-25.8562454639999 28.3787524350001,-25.856235722 28.3787616640001,-25.8562274099999 28.3787721560001,-25.8562207649999 28.3787836150001,-25.8562159749999 28.3787957160001,-25.8562131749999 28.378808114,-25.8562124459999 28.3788204590001,-25.8562138079999 28.3788324010001,-25.856217221 28.3788436,-25.8562225909999 28.3788537390001,-25.8562297629999 28.3788625320001,-25.8562385349999 28.3788729880001,-25.8562453369999 28.3788844360001,-25.856250288 28.3788965540001,-25.8562532469999 28.3789089960001,-25.856254131 28.3789214100001,-25.8562529149999 28.378933444,-25.8562496329999 28.3789447560001,-25.8562443789999 28.3789550270001,-25.8562372999999 28.378963964,-25.8562285979999 28.3789713140001,-25.8562185209999 28.378976869,-25.856207352 28.3790808110001,-25.8562004219999 28.3790938010001,-25.8562017399999 28.379106386,-25.856205218 28.3791182080001,-25.8562107589999 28.3791289340001,-25.8562182049999 28.3791382580001,-25.8562273449999 28.3791459160001,-25.85623792 28.3791516900001,-25.8562496299999 28.379155418,-25.8562621439999 28.3791569940001,-25.856275105 28.3791563720001,-25.8562881469999 28.3791535710001,-25.8563009 28.3791882180001,-25.8564187019999 28.379285231,-25.8565018549999 28.3793926380001,-25.8564672079999 28.3794757920001,-25.8564914609999 28.379468864,-25.8566543039999 28.3794515390001,-25.8567686409999 28.3794861870001,-25.8568310069999 28.3795069750001,-25.8569314839999 28.379506743,-25.856939994 28.3795079420001,-25.8569484229999 28.3795105380001,-25.8569565299999 28.3795144580001,-25.8569640869999 28.3795195900001,-25.8569708789999 28.3795257900001,-25.8569767139999 28.3795328800001,-25.8569814259999 28.3795406610001,-25.8569848809999 28.3795489110001,-25.8569869809999 28.3795573960001,-25.8569876669999 28.3795658760001,-25.8569869199999 28.3796123860001,-25.8570040369999 28.3796561570001,-25.8570272779999 28.37969639,-25.8570562169999 28.379732345,-25.857090324 28.3797633650001,-25.8571289749999 28.379888097,-25.8572294529999 28.380068264,-25.8575274209999 28.3801029130001,-25.8576937289999 28.380154883,-25.8578392479999 28.380231107,-25.8579258669999 28.3804355270001,-25.8582862009999 28.380460568,-25.8583602319999 28.3804915850001,-25.8584319639999 28.3805283710001,-25.8585009149999 28.3805706790001,-25.8585666239999 28.380618224,-25.8586286479999 28.3806706880001,-25.8586865709999 28.380727719,-25.8587400039999 28.3807889320001,-25.8587885889999 28.3808263180001,-25.8588075789999 28.380860828,-25.8588313989999 28.380891842,-25.858859622 28.3809188020001,-25.8588917399999 28.3809412240001,-25.8589271749999 28.3809587040001,-25.8589652909999 28.3810037460001,-25.859266724 28.3811665890001,-25.8595924109999 28.3814229810001,-25.8598973079999 28.381675907,-25.8602749659999 28.3818144970001,-25.8604759199999 28.3820431700001,-25.8607669599999 28.3822579850001,-25.8609505919999 28.3826495010001,-25.8612520249999 28.3829197520001,-25.8615257399999 28.3831588200001,-25.8618167789999 28.3833043400001,-25.8619830869999 28.3833632390001,-25.8621078169999 28.3833978870001,-25.8621840419999 28.3834048160001,-25.8622602659999 28.3834775760001,-25.8623399559999 28.3835815190001,-25.8623919269999 28.383747826,-25.8624542919999 28.3838379100001,-25.8624854749999 28.3839383870001,-25.8625201219999 28.384021541,-25.8625582349999 28.3840804420001,-25.8626309939999 28.3841462720001,-25.862707219 28.384222498,-25.862818091 28.3842987210001,-25.8628735269999 28.3843645510001,-25.862956681 28.3844650290001,-25.8631853539999 28.3846694490001,-25.8637431769999 28.3848426870001,-25.8640168929999 28.3849397000001,-25.8641866659999 28.3850263180001,-25.8643599039999 28.3851097730001,-25.8645426009999 28.3844829270001,-25.864826455 28.3841728340001,-25.8649298209999 28.3837962920001,-25.8650405659999 28.383331151,-25.8652029969999 28.3832130200001,-25.8652989789999 28.382961992,-25.8654097269999 28.3825706840001,-25.8655795399999 28.3821350760001,-25.8657567359999 28.3817585340001,-25.8658527169999 28.381337692,-25.8660151459999 28.381079281,-25.8661332779999 28.3809242330001,-25.86622926 28.38063629,-25.8663695399999 28.3803188130001,-25.8664359889999 28.3800013370001,-25.86662795 28.3797798410001,-25.8667682319999 28.3795804960001,-25.8668715949999 28.3792851680001,-25.8669749609999 28.3786723650001,-25.867203839 28.3775648860001,-25.867683746 28.3772178780001,-25.8678461759999 28.376915167,-25.8679938399999 28.376464792,-25.8681858019999 28.3759110550001,-25.8683925309999 28.3750841390001,-25.8686730919999 28.3740283440001,-25.8690791669999 28.373430306,-25.8694483259999 28.372802736,-25.8696329059999 28.3717395580001,-25.8700758969999 28.3710381560001,-25.8703786069999 28.3705190430001,-25.8705966109999 28.3704112440001,-25.8704357649999 28.3696539320001,-25.8693165909999 28.3690695700001,-25.8683159719999 28.3683251090001,-25.867043184 28.3673324950001,-25.8653621439999 28.3669085970001,-25.8646210439999 28.3661557670001,-25.8633048689999 28.3649149980001,-25.8613196399999 28.3638183190001,-25.8594384749999 28.3616249600001,-25.8557401859999 28.3592955180001,-25.8517377079999 28.3573903380001,-25.8484316599999 28.3562376250001,-25.8464224159999 28.355269025,-25.8448054139999 28.3537457340001,-25.8422275369999 28.3530836720001,-25.8411071239999 28.3516828040001,-25.8386816239999 28.3493608370001,-25.8347002549999 28.3479188090001,-25.8322321639999 28.347216534,-25.8310301969999 28.3466598410001,-25.8300611359999 28.3439610110001,-25.8254650099999 28.343917606,-25.825391093 28.3411856810001,-25.820700428 28.340773315,-25.8199994059999 28.339582443,-25.8179397579999 28.3385601040001,-25.8162002559999 28.3366632400001,-25.814597826 28.3364793690001,-25.8144424959999 28.339484186,-25.8130776449999 28.340885551,-25.8124736079999 28.3438759620001,-25.8111846369999 28.3470399120001,-25.8097623109999 28.347177366,-25.8097005199999 28.349024941,-25.8088978849999 28.3515270760001,-25.8078139539999 28.3519031370001,-25.808134982 28.3529517590001,-25.8090800349999 28.35323657,-25.8092742249999 28.3536129240001,-25.809613328 28.35617533,-25.8084858699999</coordinates></LinearRing></outerBoundaryIs></Polygon>
  </Placemark>
  <Placemark>
	<name>8610209</name>
	<Style><LineStyle><color>ff0000ff</color></LineStyle><PolyStyle><fill>0</fill></PolyStyle></Style>
      <Polygon><outerBoundaryIs><LinearRing><coordinates>29.996241049,-26.5169912439999 29.9937780180001,-26.5175715389999 29.9937871120001,-26.5176040759999 29.993835947,-26.5177788089999 29.9938740440001,-26.5179151199999 29.9942737810001,-26.5193453699999 29.994279088,-26.5193643579999 29.992579645,-26.5197470759999 29.9925641410001,-26.5197505679999 29.9920673670001,-26.5181339469999 29.9916510420001,-26.5165682029999 29.9911623130001,-26.5149662589999 29.9907246420001,-26.5133762949999 29.9908510310001,-26.5133492589999 29.9918911230001,-26.513078999 29.992456212,-26.512915205 29.99331613,-26.5126940829999 29.9939221670001,-26.5125712379999 29.9948738460001,-26.512345363 29.9953379520001,-26.513922438 29.995776993,-26.5154143439999 29.996241049,-26.5169912439999</coordinates></LinearRing></outerBoundaryIs></Polygon>
  </Placemark>
  <Placemark>
	<name>7600640</name>
	<Style><LineStyle><color>ff0000ff</color></LineStyle><PolyStyle><fill>0</fill></PolyStyle></Style>
      <Polygon><outerBoundaryIs><LinearRing><coordinates>27.783800822,-26.6943769449999 27.7837907700001,-26.6944863279999 27.7837801920001,-26.6946767179999 27.7837643270001,-26.6948671069999 27.7838013460001,-26.6952267309999 27.7839124070001,-26.6956762609999 27.7841375900001,-26.6965238609999 27.7841562300001,-26.6966023859999 27.7844125590001,-26.6976822349999 27.784046216,-26.6977522059999 27.7838535820001,-26.6977365189999 27.7836255430001,-26.6977833179999 27.7835103690001,-26.697363036 27.7828258370001,-26.6974999409999 27.7818500660001,-26.6977050699999 27.7817667790001,-26.697720096 27.7814596750001,-26.6968550889999 27.7813774300001,-26.6965685399999 27.781595156,-26.6964959659999 27.7817738020001,-26.6964289729999 27.7817738020001,-26.6960716809999 27.7815216690001,-26.6952457209999 27.7816331260001,-26.6952039649999 27.781701227,-26.6951784509999 27.781807299,-26.6951337899999 27.7818742910001,-26.6950277189999 27.781885457,-26.6948825699999 27.781885457,-26.6947485839999 27.7826188640001,-26.6947671149999 27.7833482560001,-26.6947855459999 27.783364868,-26.6943577949999 27.7835145320001,-26.6943637069999 27.783800822,-26.6943769449999</coordinates></LinearRing></outerBoundaryIs></Polygon>
  </Placemark>
  <Placemark>
	<name>5740050</name>
	<Style><LineStyle><color>ff0000ff</color></LineStyle><PolyStyle><fill>0</fill></PolyStyle></Style>
      <Polygon><outerBoundaryIs><LinearRing><coordinates>30.1847547130001,-28.1651404319999 30.1853489030001,-28.1690275219999 30.1853523130001,-28.169050157 30.1854831950001,-28.169918746 30.1855962710001,-28.1707147409999 30.1869295120001,-28.1801000379999 30.1869695510001,-28.1809901159999 30.186917968,-28.18103701 30.1868687290001,-28.1810956289999 30.1867355240001,-28.181271803 30.184590986,-28.1799295149999 30.184569733,-28.1799593199999 30.1845305130001,-28.1800475629999 30.1844716850001,-28.1801456119999 30.1844128560001,-28.1802093429999 30.1843638320001,-28.1802436599999 30.1843099050001,-28.1802436599999 30.1841922470001,-28.1802191479999 30.1841040040001,-28.1802142459999 30.1840157610001,-28.180253466 30.1837902500001,-28.1804005369999 30.1835745430001,-28.1805427079999 30.1833049110001,-28.1807339009999 30.1829666460001,-28.1810280459999 30.1802714280001,-28.1804669819999 30.177768358,-28.1799534439999 30.1726386460001,-28.1789176949999 30.1702124220001,-28.1784285379999 30.1712729280001,-28.1777215339999 30.1705918710001,-28.1768909769999 30.1700520080001,-28.1765421439999 30.1695204500001,-28.1763428089999 30.1690553380001,-28.1760853359999 30.1684905590001,-28.1756119169999 30.1716965140001,-28.1728461579999 30.1725387490001,-28.172361963 30.1733561730001,-28.1718417829999 30.1738391970001,-28.1725328779999 30.1739655260001,-28.1726740699999 30.1740992860001,-28.1727483809999 30.1742479090001,-28.1727483809999 30.175499835,-28.1719417469999 30.1747690440001,-28.1709851859999 30.1735556310001,-28.1693634119999 30.1724977840001,-28.167955542 30.1711072670001,-28.1689222939999 30.17023355,-28.1677880509999 30.17071868,-28.1674615199999 30.1694498770001,-28.1657542329999 30.1693937260001,-28.1656847909999 30.1694201290001,-28.1655879759999 30.170124237,-28.1648134569999 30.1695169450001,-28.1643293819999 30.1702724560001,-28.1637021259999 30.171551219,-28.1630493679999 30.172027411,-28.1628942049999 30.1722759230001,-28.1623008399999 30.172809601,-28.1621990199999 30.173400879,-28.1621303549999 30.180660248,-28.1616992939999 30.182870865,-28.1615695949999 30.1841907510001,-28.1614894859999 30.1847547130001,-28.1651404319999</coordinates></LinearRing></outerBoundaryIs></Polygon>
  </Placemark>
  <Placemark>
	<name>7980868</name>
	<Style><LineStyle><color>ff0000ff</color></LineStyle><PolyStyle><fill>0</fill></PolyStyle></Style>
      <Polygon><outerBoundaryIs><LinearRing><coordinates>27.9496157130001,-26.1355757649999 27.949531805,-26.1356905829999 27.949484,-26.135756 27.9504841560001,-26.136856506 27.950285099,-26.136966942 27.949954802,-26.1371580109999 27.9497237410001,-26.1372987209999 27.949608212,-26.1373712979999 27.9495223050001,-26.1374305429999 27.9494541710001,-26.1374838649999 27.9493564150001,-26.1375682909999 27.949258752,-26.1376551699999 27.949004641,-26.1379076139999 27.9489154940001,-26.138007592 27.948823846,-26.1381117359999 27.9487671940001,-26.1381808869999 27.948716371,-26.1382433729999 27.9485505740001,-26.1384699899999 27.9484939200001,-26.1385491389999 27.948458094,-26.138610792 27.948441432,-26.1386432849999 27.948428101,-26.1386774439999 27.948416437,-26.1387249339999 27.9484003530001,-26.1388006039999 27.948350684,-26.1390373649999 27.947959945,-26.1389810719999 27.9478208680001,-26.1389595479999 27.947660269,-26.1389264359999 27.9475034440001,-26.1388840419999 27.947440778,-26.1388655629999 27.9473870350001,-26.1388476429999 27.9472856710001,-26.1388151289999 27.9471001560001,-26.1387405409999 27.9470702360001,-26.138726522 27.947030586,-26.1387055959999 27.9469810250001,-26.1386747569999 27.9469259560001,-26.1386384119999 27.9468653810001,-26.1385932559999 27.9463246110001,-26.1381560139999 27.94618804,-26.1380557889999 27.9461450520001,-26.1380217489999 27.9461215730001,-26.1380010529999 27.94610048,-26.1379803589999 27.9460742140001,-26.1379592679999 27.9460122660001,-26.1379179199999 27.945687825,-26.1377070319999 27.9450659810001,-26.13729968 27.9449542290001,-26.1372275819999 27.944887538,-26.1371843229999 27.944806428,-26.1371338549999 27.9446739580001,-26.1370621809999 27.9446312480001,-26.1370384549999 27.944358412,-26.1368935109999 27.943886428,-26.1366402509999 27.9459005510001,-26.1335498829999 27.9459276590001,-26.133565131 27.9472237740001,-26.134278418 27.9485605510001,-26.135006953 27.9496157130001,-26.1355757649999</coordinates></LinearRing></outerBoundaryIs></Polygon>
  </Placemark>
  <Placemark>
	<name>7972913</name>
	<Style><LineStyle><color>ff0000ff</color></LineStyle><PolyStyle><fill>0</fill></PolyStyle></Style>
      <Polygon><outerBoundaryIs><LinearRing><coordinates>28.4050741710001,-26.3188001279999 28.4050736290001,-26.3192427989999 28.404651028,-26.319242281 28.4046495640001,-26.3204394669999 28.4040548130001,-26.320438738 28.4038094490001,-26.320438437 28.4037179460001,-26.3204383259999 28.4036796830001,-26.3204077119999 28.4036655360001,-26.3203963919999 28.4034786010001,-26.320609347 28.403383922,-26.3207172049999 28.4028732690001,-26.3203269339999 28.40278692,-26.3202637409999 28.40202959,-26.3196964109999 28.401404578,-26.3192196719999 28.4027318660001,-26.3178621039999 28.4027571330001,-26.3178524339999 28.403015016,-26.3181409159999 28.4031609940001,-26.3181852289999 28.4034563420001,-26.318274889 28.4035520090001,-26.3182842869999 28.4038205050001,-26.3183729169999 28.4041541710001,-26.318435479 28.4045269380001,-26.3184537259999 28.4046442420001,-26.3185058619999 28.40496748,-26.3187717499999 28.4050502890001,-26.3187889179999 28.4050741710001,-26.3188001279999</coordinates></LinearRing></outerBoundaryIs></Polygon>
  </Placemark>
  <Placemark>
	<name>5991681</name>
	<Style><LineStyle><color>ff0000ff</color></LineStyle><PolyStyle><fill>0</fill></PolyStyle></Style>
      <Polygon><outerBoundaryIs><LinearRing><coordinates>30.8289948550001,-29.7582088889999 30.8290725900001,-29.7582310989999 30.829216955,-29.7582283219999 30.8293640960001,-29.7581672449999 30.8294612650001,-29.758153364 30.8296389450001,-29.7586780749999 30.8297805340001,-29.7591028419999 30.8297764430001,-29.7593642219999 30.8299412430001,-29.7593720689999 30.8301819040001,-29.7594270029999 30.8303440890001,-29.7594583929999 30.8305350480001,-29.759557797 30.830969284,-29.7596676639999 30.8312020970001,-29.7597749149999 30.831317196,-29.759897861 30.8315186190001,-29.7599972649999 30.8317390000001,-29.7601449999999 30.8316663320001,-29.7606141699999 30.8320556410001,-29.7607653749999 30.8324959300001,-29.7609600289999 30.8328110850001,-29.7612381069999 30.8330196430001,-29.7614883769999 30.833195759,-29.7618452429999 30.833571164,-29.762229917 30.8340253570001,-29.7627443609999 30.834571,-29.7635459999999 30.835562,-29.763729 30.8358020000001,-29.7644339999999 30.834256,-29.7651739999999 30.8330069570001,-29.7657051669999 30.8329175120001,-29.765810664 30.8328331930001,-29.7659101159999 30.8327170250001,-29.7661014519999 30.8327921920001,-29.7662654539999 30.8329356940001,-29.7663474549999 30.833202197,-29.7663583459999 30.8333751680001,-29.76642369 30.833532764,-29.7664505969999 30.8337364850001,-29.7664890349999 30.83386333,-29.7665659109999 30.8338710180001,-29.7667081309999 30.8338479550001,-29.7668618829999 30.8337364850001,-29.7669848849999 30.8335596700001,-29.7670579169999 30.8333597930001,-29.7671886059999 30.8332214160001,-29.7673577329999 30.8331214780001,-29.7674884219999 30.8330830400001,-29.7676575489999 30.8331330090001,-29.767803613 30.8332444790001,-29.7678382079999 30.8333840640001,-29.7678867579999 30.8335945090001,-29.7677308459999 30.8354510180001,-29.7679248089999 30.8359867280001,-29.7683034999999 30.8350538550001,-29.768816119 30.835072327,-29.7688484459999 30.8350815640001,-29.768913101 30.8350815640001,-29.7689823729999 30.8350630910001,-29.7690562639999 30.83504,-29.7691255369999 30.8350122910001,-29.7691948099999 30.8349014550001,-29.7693703009999 30.8342456730001,-29.770321646 30.8340701820001,-29.7705895009999 30.833982436,-29.7707326639999 30.8338946910001,-29.7708943009999 30.8337792360001,-29.7711252099999 30.8336961090001,-29.771286846 30.8336268360001,-29.7713930649999 30.8335437090001,-29.7715362279999 30.8334698180001,-29.7716332099999 30.8333728360001,-29.7717579009999 30.8331373090001,-29.7720627009999 30.8326662540001,-29.7726261189999 30.8323891630001,-29.7729401559999 30.8330558790001,-29.7731543929999 30.8308660000001,-29.7746319999999 30.8295460000001,-29.7725879999999 30.8295336420001,-29.7725633999999 30.8294067160001,-29.7723734979999 30.8293574780001,-29.7723693949999 30.8293246530001,-29.7723468269999 30.829263106,-29.7722873319999 30.8292015590001,-29.7722504029999 30.8291707850001,-29.7721868039999 30.8291502690001,-29.77212936 30.8291502690001,-29.7720431939999 30.8291318050001,-29.7719980589999 30.8291194960001,-29.771909842 30.8291215470001,-29.7718626549999 30.8291215470001,-29.7717430609999 30.8291180000001,-29.7717359999999 30.8289030000001,-29.771383 30.8292325880001,-29.7715033249999 30.829582374,-29.7715417629999 30.8299975040001,-29.7715917319999 30.8303319140001,-29.7715609819999 30.830561581,-29.7715230249999 30.8308873430001,-29.7714797819999 30.8313226530001,-29.7713990619999 30.8316945400001,-29.7712433879999 30.831933817,-29.771064652 30.8321788590001,-29.770868618 30.8324440810001,-29.7705774499999 30.832634349,-29.7703583539999 30.8327957880001,-29.7700758349999 30.832925517,-29.7698855669999 30.8330148850001,-29.7697356589999 30.8330668830001,-29.7695460849999 30.8329233810001,-29.7694162499999 30.832568043,-29.769245414 30.832308373,-29.769095079 30.8320213700001,-29.7686782409999 30.8320008700001,-29.7683980699999 30.8319120350001,-29.7680290659999 30.8318710350001,-29.7676463939999 30.8317548670001,-29.7673867249999 30.8315088640001,-29.7670313869999 30.8312901940001,-29.7668605509999 30.8309963570001,-29.766826384 30.83068202,-29.7668537179999 30.8302378480001,-29.7669425519999 30.8299235110001,-29.7670313869999 30.829568173,-29.767147555 30.829165001,-29.76731839 30.8290048950001,-29.7674343289999 30.8290865200001,-29.7668022359999 30.8291071620001,-29.765971416 30.8291123220001,-29.7657908029999 30.8284827560001,-29.7656772739999 30.8277345020001,-29.7655843879999 30.8274352000001,-29.7654708589999 30.8271926620001,-29.7653263689999 30.8262999180001,-29.7646297179999 30.8256497100001,-29.764046596 30.8253504090001,-29.7638040579999 30.8252110780001,-29.7636956899999 30.8245557110001,-29.763437672 30.8238539000001,-29.7631486909999 30.823394626,-29.7629835589999 30.8232398150001,-29.7628493889999 30.823110806,-29.7626326529999 30.8230850040001,-29.7624262379999 30.8230334,-29.7620134079999 30.8230901640001,-29.7617037859999 30.8230964750001,-29.7616656399999 30.8227503370001,-29.7614925709999 30.8226714950001,-29.7614310349999 30.822465735,-29.761611796 30.8223272800001,-29.7614387269999 30.8222868970001,-29.761386807 30.8222580520001,-29.7613310399999 30.8221984400001,-29.7612560439999 30.8221734410001,-29.7612329679999 30.8221542110001,-29.7612271989999 30.8220426780001,-29.7610925899999 30.821483088,-29.760421467 30.8208985000001,-29.7597349599999 30.82046562,-29.759194314 30.8206899900001,-29.7590311879999 30.8206930000001,-29.7590289999999 30.8207013690001,-29.7590229259999 30.82608,-29.7551189999999 30.8265949020001,-29.7547446149999 30.8278749060001,-29.7557295529999 30.8282843740001,-29.756606986 30.8284979060001,-29.7569595749999 30.8286283900001,-29.7572732919999 30.828878252,-29.757945145 30.8289421060001,-29.758158916 30.8289948550001,-29.7582088889999</coordinates></LinearRing></outerBoundaryIs></Polygon>
  </Placemark>
  <Placemark>
	<name>7985743</name>
	<Style><LineStyle><color>ff0000ff</color></LineStyle><PolyStyle><fill>0</fill></PolyStyle></Style>
      <Polygon><outerBoundaryIs><LinearRing><coordinates>28.093087472,-26.1020209189999 28.093024186,-26.1020399049999 28.0921110500001,-26.1023134659999 28.0911084950001,-26.0995682419999 28.0920839440001,-26.0992741939999 28.0921935550001,-26.0995726529999 28.0924348120001,-26.1002270339999 28.0926589890001,-26.1008493909999 28.0928906380001,-26.1014685459999 28.093087472,-26.1020209189999</coordinates></LinearRing></outerBoundaryIs></Polygon>
  </Placemark>
  <Placemark>
	<name>5610027</name>
	<Style><LineStyle><color>ff0000ff</color></LineStyle><PolyStyle><fill>0</fill></PolyStyle></Style>
      <Polygon><outerBoundaryIs><LinearRing><coordinates>30.7461651840001,-30.2990429519999 30.7461935910001,-30.2990525849999 30.7459170910001,-30.2996113439999 30.7455637350001,-30.3003492349999 30.74522834,-30.3010299499999 30.7456531070001,-30.3011978219999 30.7461985100001,-30.3014023469999 30.7459095760001,-30.3020029389999 30.7454193630001,-30.3030353079999 30.7450330360001,-30.3038923689999 30.746149813,-30.3042364919999 30.745905173,-30.3048205699999 30.745889698,-30.304815033 30.744760897,-30.3044739899999 30.7437684750001,-30.304146472 30.743654211,-30.3041087629999 30.7425758480001,-30.3037528809999 30.7423447830001,-30.3036766249999 30.7403897950001,-30.303071396 30.7403724950001,-30.3030656949999 30.7404755000001,-30.3025665119999 30.7405708130001,-30.3018993249999 30.7406191310001,-30.3014676899999 30.741865836,-30.301552323 30.7428019480001,-30.301647983 30.7433793310001,-30.301692397 30.7435364890001,-30.301692397 30.743638983,-30.301668483 30.7437243950001,-30.3015659889999 30.7438576370001,-30.3013917489999 30.7439703800001,-30.3011150149999 30.7441275370001,-30.3007699519999 30.7441377870001,-30.3006913729999 30.7441104550001,-30.3005922959999 30.7440592080001,-30.3004488039999 30.7439464650001,-30.3001857359999 30.7438678860001,-30.3000149129999 30.7438747190001,-30.299973915 30.743966964,-30.2998919199999 30.744633175,-30.2993691999999 30.7450465670001,-30.2990685509999 30.7452173900001,-30.2989489749999 30.7453540490001,-30.298767902 30.7461651840001,-30.2990429519999</coordinates></LinearRing></outerBoundaryIs></Polygon>
  </Placemark>
  <Placemark>
	<name>5660785</name>
	<Style><LineStyle><color>ff0000ff</color></LineStyle><PolyStyle><fill>0</fill></PolyStyle></Style>
      <Polygon><outerBoundaryIs><LinearRing><coordinates>30.3300034810001,-29.6332314249999 30.3299841470001,-29.6332590089999 30.3299779430001,-29.6333272509999 30.330030676,-29.6333985949999 30.3300554910001,-29.6334451249999 30.330095815,-29.6334978559999 30.3301299380001,-29.6335071629999 30.3301733650001,-29.6335164689999 30.3302012820001,-29.6335443859999 30.330247811,-29.633556794 30.330250913,-29.6336126279999 30.3302664220001,-29.6337273999999 30.3302633200001,-29.6337739279999 30.3302416060001,-29.6338266609999 30.330219893,-29.633879395 30.3302323010001,-29.6339197189999 30.3302912380001,-29.6339538399999 30.330322257,-29.633981757 30.3303346660001,-29.6340034699999 30.3303067470001,-29.6340251839999 30.3303129500001,-29.6340686109999 30.3303656840001,-29.6341027329999 30.330477354,-29.6341585669999 30.33056731,-29.6342050959999 30.3305828190001,-29.6342268099999 30.3305859200001,-29.6342888479999 30.330542494,-29.6343074599999 30.3305114730001,-29.6343167649999 30.3304897610001,-29.6343229689999 30.3304432320001,-29.6343229689999 30.3304308240001,-29.6343167649999 30.3304029060001,-29.634369498 30.3304029060001,-29.6344067209999 30.3304525380001,-29.6344408419999 30.3304649460001,-29.6344842689999 30.3304866590001,-29.6344935749999 30.3305083720001,-29.634527697 30.330542494,-29.6345711229999 30.3305859200001,-29.6346176529999 30.3306603670001,-29.6346703849999 30.330768934,-29.6347603409999 30.330936438,-29.6348471949999 30.3311101460001,-29.6349154369999 30.331221815,-29.6349557619999 30.3312776500001,-29.6349960859999 30.3313148730001,-29.6350581259999 30.3313272810001,-29.6351077559999 30.3313707080001,-29.6351884059999 30.3313924210001,-29.6352659549999 30.331451357,-29.6353093819999 30.331547518,-29.6353093819999 30.3316684920001,-29.6353310949999 30.3319104430001,-29.6353869299999 30.3320376220001,-29.6354582739999 30.33213068,-29.6355544339999 30.3322268400001,-29.6356505929999 30.3323292030001,-29.6357715689999 30.3324408720001,-29.635858422 30.3324008480001,-29.6358973 30.3323211670001,-29.6359474689999 30.3321854150001,-29.6359917369999 30.3320112980001,-29.6360655149999 30.3319257150001,-29.6361304389999 30.331875546,-29.6362101209999 30.331816523,-29.6364609669999 30.3316571610001,-29.6373876249999 30.3316276500001,-29.637561741 30.3316221910001,-29.6376973229999 30.3311983140001,-29.6377090969999 30.3308521470001,-29.6377161619999 30.330715565,-29.6377255809999 30.330614305,-29.6377632589999 30.3303646890001,-29.6378857129999 30.3301362660001,-29.6380175849999 30.3300679750001,-29.6380646829999 30.3300147990001,-29.6381192709999 30.3296636360001,-29.6380126219999 30.3292292360001,-29.637885164 30.328227773,-29.6375886249999 30.3284696850001,-29.6369591349999 30.3284970080001,-29.6368818379999 30.328542955,-29.636761309 30.328777141,-29.636125853 30.3288654360001,-29.6358950459999 30.3288726760001,-29.6358407399999 30.328856386,-29.6357936759999 30.3288274210001,-29.6357375589999 30.3287749260001,-29.6356597199999 30.3283730620001,-29.635103989 30.3283860160001,-29.635055533 30.3284412990001,-29.6350215139999 30.3286241600001,-29.6350427769999 30.3287177160001,-29.6347068239999 30.3287177160001,-29.6346005099999 30.3286666850001,-29.6344984479999 30.3284200350001,-29.6341582429999 30.328291849,-29.6339732679999 30.3282741830001,-29.6339480309999 30.328177021,-29.633809229 30.3281227620001,-29.6337638019999 30.32808743,-29.6337272089999 30.32803191,-29.6336868299999 30.32798396,-29.6336666409999 30.3279511520001,-29.6336704259999 30.32791582,-29.6336855679999 30.327895631,-29.6337007099999 30.3278703940001,-29.6336906159999 30.3278388480001,-29.6337019709999 30.3278098250001,-29.633709543 30.3277820650001,-29.6336956629999 30.3277580900001,-29.6336880919999 30.3277315920001,-29.6336754739999 30.327712664,-29.6336552839999 30.3277038310001,-29.6336338329999 30.3276874270001,-29.6336224759999 30.3276722850001,-29.6336022879999 30.3276733540001,-29.6335795909999 30.327752343,-29.633530908 30.3280586150001,-29.6335107869999 30.3282173410001,-29.6335018439999 30.3284587830001,-29.6335130219999 30.3286644560001,-29.6334929029999 30.3291048650001,-29.6334303059999 30.3292278200001,-29.633421364 30.329312772,-29.633419128 30.329498324,-29.6333587679999 30.3295116980001,-29.63334707 30.3295954480001,-29.6332738169999 30.3296749350001,-29.6332102269999 30.3300034810001,-29.6332314249999</coordinates></LinearRing></outerBoundaryIs></Polygon>
  </Placemark>
  <Placemark>
	<name>7972079</name>
	<Style><LineStyle><color>ff0000ff</color></LineStyle><PolyStyle><fill>0</fill></PolyStyle></Style>
      <Polygon><outerBoundaryIs><LinearRing><coordinates>28.3978779100001,-26.2918285819999 28.3978741350001,-26.2918282319999 28.3970628050001,-26.2918910689999 28.3969850440001,-26.2918970919999 28.3961498290001,-26.292268088 28.3963606560001,-26.2926914399999 28.395313097,-26.2931575149999 28.3952683110001,-26.2931951289999 28.3950619600001,-26.2935279849999 28.394869794,-26.2938762329999 28.393977749,-26.293452838 28.3945357250001,-26.2925112519999 28.395461073,-26.2920822449999 28.395983921,-26.2918500199999 28.3968803130001,-26.2914518809999 28.3978380990001,-26.2913701749999 28.3978779100001,-26.2918285819999</coordinates></LinearRing></outerBoundaryIs></Polygon>
  </Placemark>
  <Placemark>
	<name>1640065</name>
	<Style><LineStyle><color>ff0000ff</color></LineStyle><PolyStyle><fill>0</fill></PolyStyle></Style>
      <Polygon><outerBoundaryIs><LinearRing><coordinates>18.6759903430001,-33.1411324979999 18.6759961100001,-33.1411702799999 18.676077595,-33.1417040869999 18.676111602,-33.1419233739999 18.6761805150001,-33.1423677429999 18.676249199,-33.1427991959999 18.6762121440001,-33.1428024429999 18.6762100830001,-33.1428006559999 18.6761926610001,-33.1427855409999 18.6760889060001,-33.1426955329999 18.675964401,-33.1425875229999 18.6758851100001,-33.142546486 18.6758152400001,-33.1422707359999 18.6758008410001,-33.1421984699999 18.6747999190001,-33.1422985629999 18.6742994590001,-33.1423607819999 18.6743251250001,-33.1425441999999 18.6743380240001,-33.142740193 18.674289946,-33.1427606699999 18.673930177,-33.1427964689999 18.673871068,-33.1428020579999 18.6738633940001,-33.1427428829999 18.6738450330001,-33.1426013149999 18.6738134970001,-33.1423581579999 18.67371969,-33.1420298329999 18.6736795830001,-33.1419787929999 18.6734366410001,-33.1416696249999 18.6734002030001,-33.1416232539999 18.673287008,-33.1414565779999 18.6736531270001,-33.1412340369999 18.6738864690001,-33.1411983229999 18.6746555600001,-33.141118311 18.6755220040001,-33.1410055769999 18.6756508440001,-33.1409765879999 18.6757152090001,-33.1410164719999 18.6758396850001,-33.1410793619999 18.6759903430001,-33.1411324979999</coordinates></LinearRing></outerBoundaryIs></Polygon>
  </Placemark>
  <Placemark>
	<name>7981321</name>
	<Style><LineStyle><color>ff0000ff</color></LineStyle><PolyStyle><fill>0</fill></PolyStyle></Style>
      <Polygon><outerBoundaryIs><LinearRing><coordinates>28.0578373600001,-26.2078727929999 28.0557991490001,-26.2081265119999 28.0548933220001,-26.2082140639999 28.054853156,-26.2080959339999 28.05478084,-26.2078307749999 28.0546924540001,-26.2073044749999 28.0543911380001,-26.2051189249999 28.054363015,-26.2048818879999 28.0543348930001,-26.204604678 28.0543589970001,-26.2042350629999 28.0543824010001,-26.2040712369999 28.054411255,-26.204067629 28.0546453960001,-26.2033317579999 28.0550969540001,-26.2033317579999 28.055682307,-26.2034488279999 28.056446705,-26.2032580739999 28.0568346620001,-26.2031169999999 28.0569122050001,-26.2032104829999 28.0571084790001,-26.2035220949999 28.0572157210001,-26.203770979 28.057260237,-26.2039490419999 28.057316895,-26.2042222079999 28.0574828170001,-26.2054018769999 28.0576467160001,-26.206591666 28.0578373600001,-26.2078727929999</coordinates></LinearRing></outerBoundaryIs></Polygon>
  </Placemark>
  <Placemark>
	<name>5991520</name>
	<Style><LineStyle><color>ff0000ff</color></LineStyle><PolyStyle><fill>0</fill></PolyStyle></Style>
      <Polygon><outerBoundaryIs><LinearRing><coordinates>31.0224142330001,-29.8250572509999 31.0222427340001,-29.825664248 31.0220505400001,-29.8263262419999 31.0220043420001,-29.8264853659999 31.0218647360001,-29.8269801169999 31.0218570490001,-29.8270073599999 31.0216207920001,-29.8278081949999 31.021595458,-29.8278914619999 31.0215353280001,-29.8281144249999 31.0212711080001,-29.8277811599999 31.020945392,-29.8273703279999 31.0207244790001,-29.8270916869999 31.020025176,-29.8262220439999 31.0192877370001,-29.825318019 31.0194983750001,-29.8251876239999 31.020364176,-29.8246552939999 31.0208172840001,-29.8243744709999 31.02116879,-29.8241566169999 31.0217898420001,-29.8237711369999 31.0222059150001,-29.8234101309999 31.0225465220001,-29.8230995149999 31.0225276240001,-29.8234527849999 31.022473909,-29.8242714159999 31.0224142330001,-29.8250572509999</coordinates></LinearRing></outerBoundaryIs></Polygon>
  </Placemark>
  <Placemark>
	<name>7983595</name>
	<Style><LineStyle><color>ff0000ff</color></LineStyle><PolyStyle><fill>0</fill></PolyStyle></Style>
      <Polygon><outerBoundaryIs><LinearRing><coordinates>27.9314140710001,-26.288909342 27.9314558830001,-26.2889455769999 27.9322549440001,-26.2900365119999 27.9329409890001,-26.2909731489999 27.9324192300001,-26.2913628189999 27.9318044410001,-26.2920943399999 27.9317679440001,-26.2921579929999 27.9317461150001,-26.2921960639999 27.93162886,-26.2921125199999 27.9312990440001,-26.2920054749999 27.9308072140001,-26.2918810709999 27.9304937300001,-26.2918276939999 27.9305423910001,-26.2914975419999 27.930577966,-26.291230734 27.9306135400001,-26.291135869 27.9306283110001,-26.2911067299999 27.9306558090001,-26.2910715309999 27.9307517350001,-26.2909786019999 27.9306774760001,-26.2909168469999 27.9304888010001,-26.2907567589999 27.9304587840001,-26.2907253119999 27.930418762,-26.290678145 27.9303824680001,-26.2906487159999 27.9303658760001,-26.2906352619999 27.9304060110001,-26.2906093079999 27.9302316710001,-26.2903768539999 27.9303737260001,-26.290086287 27.9302381270001,-26.2900217179999 27.9304834960001,-26.2889950479999 27.9305738940001,-26.2888400779999 27.930870918,-26.288413912 27.9313099980001,-26.288846534 27.9314140710001,-26.288909342</coordinates></LinearRing></outerBoundaryIs></Polygon>
  </Placemark>
  <Placemark>
	<name>7973862</name>
	<Style><LineStyle><color>ff0000ff</color></LineStyle><PolyStyle><fill>0</fill></PolyStyle></Style>
      <Polygon><outerBoundaryIs><LinearRing><coordinates>28.4833046510001,-26.1169864969999 28.4832280790001,-26.1173628669999 28.483108793,-26.1179062669999 28.482970654,-26.1185624269999 28.4828886340001,-26.1186314969999 28.4822528970001,-26.1185127189999 28.4808866750001,-26.1182671039999 28.47984196,-26.118094417 28.4800151140001,-26.1173424289999 28.4802152450001,-26.1164482319999 28.4811920960001,-26.1166313599999 28.4818038380001,-26.1167363609999 28.4833046510001,-26.1169864969999</coordinates></LinearRing></outerBoundaryIs></Polygon>
  </Placemark>
  <Placemark>
	<name>4740048</name>
	<Style><LineStyle><color>ff0000ff</color></LineStyle><PolyStyle><fill>0</fill></PolyStyle></Style>
      <Polygon><outerBoundaryIs><LinearRing><coordinates>27.0277738170001,-29.2061379609999 27.0278950100001,-29.2061730439999 27.028208744,-29.2061971779999 27.0285155830001,-29.2062006259999 27.028705201,-29.2062109689999 27.0288155260001,-29.2062488919999 27.0290154900001,-29.2063454259999 27.0294085180001,-29.2065695209999 27.0295636610001,-29.2063454259999 27.0297050130001,-29.2061627009999 27.0298032030001,-29.2060275309999 27.030191013,-29.2057727399999 27.030465485,-29.206135549 27.0305474130001,-29.2062505329999 27.0288592810001,-29.2088974299999 27.02691343,-29.211619836 27.026879034,-29.211414095 27.0272389400001,-29.2067975939999 27.0272450680001,-29.20671899 27.0273047530001,-29.2062164859999 27.027642917,-29.2062310829999 27.0276494820001,-29.2061325899999 27.0277738170001,-29.2061379609999</coordinates></LinearRing></outerBoundaryIs></Polygon>
  </Placemark>
  <Placemark>
	<name>4740044</name>
	<Style><LineStyle><color>ff0000ff</color></LineStyle><PolyStyle><fill>0</fill></PolyStyle></Style>
      <Polygon><outerBoundaryIs><LinearRing><coordinates>27.1535652100001,-29.5113617829999 27.1533171220001,-29.5119058079999 27.1533651060001,-29.5123976549999 27.1533651060001,-29.513490385 27.1533651060001,-29.5139451749999 27.1532579480001,-29.5143057999999 27.1532926840001,-29.515399827 27.1530393120001,-29.5151490649999 27.1511663590001,-29.514480154 27.150940602,-29.5143798169999 27.150783978,-29.5143197399999 27.1501368620001,-29.5140626659999 27.1499684340001,-29.5139740199999 27.1499329750001,-29.511607168 27.149921411,-29.5111330549999 27.1499123140001,-29.5107600599999 27.1511315430001,-29.5107600599999 27.1511621590001,-29.5114132239999 27.1511704690001,-29.511412736 27.1535652100001,-29.5113617829999</coordinates></LinearRing></outerBoundaryIs></Polygon>
  </Placemark>
  <Placemark>
	<name>6770107</name>
	<Style><LineStyle><color>ff0000ff</color></LineStyle><PolyStyle><fill>0</fill></PolyStyle></Style>
      <Polygon><outerBoundaryIs><LinearRing><coordinates>26.6001842200001,-26.8966924389999 26.6000971810001,-26.8988530579999 26.600725879,-26.8988264179999 26.6007065970001,-26.8992891809999 26.6020525370001,-26.8992260139999 26.602060356,-26.8993103019999 26.6026645530001,-26.899269478 26.602668248,-26.8995826569999 26.6026633330001,-26.8995830089999 26.6024323000001,-26.899599512 26.602089246,-26.8996216439999 26.6013873910001,-26.8996669249999 26.6006886430001,-26.8997200919999 26.5998368800001,-26.8997848989999 26.5979988590001,-26.8998865279999 26.5979844430001,-26.8994972839999 26.597939119,-26.8989732209999 26.5978691110001,-26.8981637599999 26.5978695100001,-26.898077913 26.597876188,-26.89664217 26.600153187,-26.8966916709999 26.6001842200001,-26.8966924389999</coordinates></LinearRing></outerBoundaryIs></Polygon>
  </Placemark>
  <Placemark>
	<name>2991328</name>
	<Style><LineStyle><color>ff0000ff</color></LineStyle><PolyStyle><fill>0</fill></PolyStyle></Style>
      <Polygon><outerBoundaryIs><LinearRing><coordinates>25.5901131970001,-33.815647769 25.5904485440001,-33.8158189339999 25.5910517360001,-33.8161243309999 25.590932507,-33.8162983409999 25.5907971670001,-33.8164884619999 25.590590933,-33.816701141 25.590369261,-33.8170255619999 25.5903962850001,-33.8174498469999 25.590431418,-33.8179443969999 25.59045574,-33.8183119309999 25.5904773600001,-33.818414624 25.5905032030001,-33.8184604989999 25.5902726730001,-33.8185326649999 25.590178457,-33.8185466969999 25.590001241,-33.818561664 25.589771038,-33.8185596079999 25.589201926,-33.8185726249999 25.589147778,-33.8178634799999 25.5891104150001,-33.8173529789999 25.5883812700001,-33.8173653059999 25.5883407620001,-33.8171891849999 25.588302017,-33.8171240199999 25.5882826420001,-33.8170747059999 25.588265031,-33.8169901669999 25.5877930220001,-33.8170271529999 25.5877824560001,-33.8167893879999 25.587780695,-33.816683715 25.5878035910001,-33.8165956539999 25.5878564270001,-33.8165199219999 25.5879515330001,-33.816452996 25.5881241320001,-33.816363173 25.5889519060001,-33.8159704219999 25.589698662,-33.8156076099999 25.5898712620001,-33.8155794309999 25.5899188130001,-33.8155864759999 25.5901131970001,-33.815647769</coordinates></LinearRing></outerBoundaryIs></Polygon>
  </Placemark>
  <Placemark>
	<name>8740489</name>
	<Style><LineStyle><color>ff0000ff</color></LineStyle><PolyStyle><fill>0</fill></PolyStyle></Style>
      <Polygon><outerBoundaryIs><LinearRing><coordinates>31.0065364690001,-25.2810473239999 31.008874393,-25.282465945 31.0091812830001,-25.2826240409999 31.0098044710001,-25.2828537589999 31.0114959520001,-25.2831986229999 31.0121528380001,-25.283215046 31.01440267,-25.283346423 31.014670552,-25.2833577729999 31.0163488350001,-25.2834521979999 31.0164619590001,-25.2834585639999 31.016468811,-25.2836709879999 31.0164653850001,-25.2837326599999 31.0164448280001,-25.2838080359999 31.016410566,-25.2838936909999 31.0163763020001,-25.2839587889999 31.0162529600001,-25.2841506569999 31.0158358510001,-25.2847645499999 31.0150640690001,-25.2848975679999 31.014872202,-25.2851271239999 31.0148379390001,-25.285147681 31.0142554860001,-25.2855622509999 31.0144336470001,-25.285754117 31.0145809750001,-25.2859494119999 31.014665328,-25.2866211119999 31.0146161580001,-25.286680116 31.0142877150001,-25.287156357 31.0142384480001,-25.2875340669999 31.0143357260001,-25.2877610469999 31.01244153,-25.287998903 31.0123014000001,-25.2879407999999 31.0120732350001,-25.2878372119999 31.0114489320001,-25.2880438159999 31.0109593710001,-25.2885064289999 31.0102227830001,-25.2889331119999 31.009903894,-25.2889286209999 31.009814066,-25.2889376029999 31.0095266170001,-25.2889780259999 31.0094592460001,-25.2889735339999 31.0091673060001,-25.2889331119999 31.0090280730001,-25.2887175239999 31.0089157890001,-25.2884525329999 31.008884348,-25.2883402479999 31.008852909,-25.28812017 31.008825959,-25.2878686519999 31.0088113450001,-25.2878398539999 31.008742532,-25.2876648729999 31.008736635,-25.2876334159999 31.008736635,-25.2875901639999 31.0087739890001,-25.2873070499999 31.008779888,-25.2872854239999 31.0087975820001,-25.287259865 31.0088251070001,-25.2872126789999 31.0088270730001,-25.2871910519999 31.0088251070001,-25.2871595949999 31.008813311,-25.2871340359999 31.0086285010001,-25.286951191 31.0085832810001,-25.2869295649999 31.008524299,-25.2869138369999 31.0084451110001,-25.2868967269999 31.0083806970001,-25.2868828089999 31.0082780590001,-25.286859482 31.0082267400001,-25.2868478189999 31.0081544270001,-25.2868454869999 31.0081264360001,-25.2868478189999 31.00808678,-25.286873479 31.0080307960001,-25.2868828089999 31.007973801,-25.2868784479999 31.0079482420001,-25.2868804139999 31.0079285820001,-25.2868843459999 31.0078696,-25.2869295649999 31.0078509410001,-25.2869338719999 31.0078440410001,-25.286935464 31.007841768,-25.286935464 31.007792538,-25.2869355329999 31.007775381,-25.2869731559999 31.0074095150001,-25.2876789609999 31.006547288,-25.2893648069999 31.0055081120001,-25.2912308219999 31.004938656,-25.2922474769999 31.0048710930001,-25.2923826029999 31.004758489,-25.2925949409999 31.0042340750001,-25.2935569029999 31.0033108960001,-25.2952590119999 31.0028032710001,-25.296190109 31.0026281820001,-25.2965240009999 31.0027209850001,-25.2965666599999 31.0027354810001,-25.2965856869999 31.0027386520001,-25.2965952 31.002739105,-25.2966047129999 31.0027372920001,-25.2966210209999 31.0027318030001,-25.296637728 31.0027268740001,-25.2966482019999 31.0026969100001,-25.2966884579999 31.002578123,-25.2968139719999 31.002550291,-25.2967800239999 31.0020884050001,-25.2962667689999 31.0011872380001,-25.2951923999999 31.001096766,-25.295077122 31.0008661880001,-25.2948075239999 31.0007756520001,-25.2947017089999 31.0006980220001,-25.2946109779999 31.000396718,-25.2942837349999 31.0000215860001,-25.2938487409999 30.9997562,-25.2935374609999 30.999409003,-25.2931323969999 30.999219441,-25.2929069189999 30.9990019450001,-25.2926535059999 30.9988602720001,-25.2924878889999 30.998770134,-25.2923972199999 30.99876063,-25.292405367 30.997927141,-25.2914297809999 30.9983010350001,-25.2909859189999 30.9987448970001,-25.290867847 30.9986676000001,-25.2906077289999 30.9986618090001,-25.290566108 30.9984038010001,-25.2887622329999 30.999219371,-25.288569821 30.9992674740001,-25.2885523279999 30.9993155770001,-25.2885282759999 30.999511124,-25.2884195319999 31.0002200500001,-25.2897737929999 31.0006251510001,-25.2893969559999 31.0006699,-25.28934985 31.0007217150001,-25.2892909689999 31.0011550790001,-25.288713937 31.0011786320001,-25.288673898 31.0012045390001,-25.2886126609999 31.0014471280001,-25.2880591809999 31.0014494820001,-25.2880356289999 31.0015248510001,-25.2873478999999 31.0015224950001,-25.287329058 31.001357629,-25.286775577 31.0013458530001,-25.2867638009999 31.0010608690001,-25.2865306339999 30.9998031730001,-25.2854589999999 30.9997819760001,-25.2854354479999 30.999763134,-25.2854024759999 30.9995841360001,-25.2849408499999 30.999791396,-25.2837773619999 30.9998691200001,-25.2833793269999 30.999880896,-25.2833534199999 30.9999044480001,-25.283308669 30.9999915920001,-25.2831390929999 31.000064604,-25.283002489 31.0000905110001,-25.282934188 31.0001117090001,-25.28287295 31.0003519430001,-25.2817871869999 31.0003707850001,-25.281695333 31.000805142,-25.2816193699999 31.0011797810001,-25.281529626 31.0012302000001,-25.2815181669999 31.0019246090001,-25.281449414 31.0032332150001,-25.2813119069999 31.0051330990001,-25.2811423139999 31.00644858,-25.2810208509999 31.0064760820001,-25.2810185599999 31.0065012920001,-25.2810300179999 31.0065364690001,-25.2810473239999</coordinates></LinearRing></outerBoundaryIs></Polygon>
  </Placemark>
  <Placemark>
	<name>4680107</name>
	<Style><LineStyle><color>ff0000ff</color></LineStyle><PolyStyle><fill>0</fill></PolyStyle></Style>
      <Polygon><outerBoundaryIs><LinearRing><coordinates>26.6627462880001,-27.3860558779999 26.6634784280001,-27.3864299059999 26.6632392110001,-27.3868684679999 26.6626667080001,-27.3879180599999 26.6620300630001,-27.3885626609999 26.6605742290001,-27.3898185969999 26.6598251990001,-27.3891452269999 26.6588628800001,-27.3882788089999 26.6599469930001,-27.3873357169999 26.6599884730001,-27.387263818 26.6600852600001,-27.386973457 26.6601887460001,-27.38706601 26.6607084080001,-27.386647556 26.6614295300001,-27.3860154609999 26.6610993420001,-27.3856724889999 26.6614922910001,-27.3853265839999 26.661894777,-27.3856181859999 26.6627462880001,-27.3860558779999</coordinates></LinearRing></outerBoundaryIs></Polygon>
  </Placemark>
  <Placemark>
	<name>7991355</name>
	<Style><LineStyle><color>ff0000ff</color></LineStyle><PolyStyle><fill>0</fill></PolyStyle></Style>
      <Polygon><outerBoundaryIs><LinearRing><coordinates>28.2859349060001,-25.7829410419999 28.2856731410001,-25.7834663389999 28.284073688,-25.783326713 28.2830349800001,-25.7831599149999 28.282950579,-25.7831463599999 28.2819559800001,-25.782986643 28.281678361,-25.7829160209999 28.2806205530001,-25.782646929 28.2801938000001,-25.782538369 28.278153381,-25.7818118569999 28.2777807030001,-25.781660363 28.2779449180001,-25.7809529739999 28.2779778830001,-25.7806327359999 28.2779637550001,-25.7803690079999 28.278076781,-25.7802465639999 28.2782745750001,-25.7800911539999 28.278467661,-25.7799922569999 28.2798616420001,-25.7790174109999 28.2815381880001,-25.777797678 28.2817108610001,-25.7776781859999 28.281776569,-25.7777694929999 28.2822238050001,-25.7782484019999 28.282610021,-25.778692841 28.282908202,-25.7790319929999 28.2831878410001,-25.7794048459999 28.2834616540001,-25.7798650849999 28.2835490410001,-25.7800223819999 28.2842656160001,-25.7798417819999 28.284830721,-25.7797019619999 28.2850054960001,-25.7796611799999 28.2854551390001,-25.7797169229999 28.2855104080001,-25.779814197 28.285772147,-25.7804001349999 28.285914742,-25.78072678 28.2854590000001,-25.7808759999999 28.2851820000001,-25.781472 28.2851574150001,-25.7815350679999 28.285673746,-25.7816651679999 28.2851736760001,-25.7827181599999 28.2859349060001,-25.7829410419999</coordinates></LinearRing></outerBoundaryIs></Polygon>
  </Placemark>
  <Placemark>
	<name>7991715</name>
	<Style><LineStyle><color>ff0000ff</color></LineStyle><PolyStyle><fill>0</fill></PolyStyle></Style>
      <Polygon><outerBoundaryIs><LinearRing><coordinates>28.2534513620001,-25.8848100719999 28.2539529700001,-25.8848511869999 28.254684824,-25.8848429639999 28.2547540190001,-25.8876561939999 28.2547702470001,-25.8883159669999 28.2548186560001,-25.8922614319999 28.254785955,-25.8945309079999 28.2547581430001,-25.8964610529999 28.2548065540001,-25.8986153259999 28.2548186560001,-25.8993414859999 28.2549638880001,-25.9006364689999 28.254975991,-25.9010842679999 28.2551333250001,-25.9021614039999 28.2551938380001,-25.9027665369999 28.2553995840001,-25.9036984409999 28.255569021,-25.9043640869999 28.2559805110001,-25.9058648159999 28.256125743,-25.9066151809999 28.2566582600001,-25.9081885269999 28.2570213390001,-25.9091930459999 28.2572149820001,-25.909604537 28.2574812400001,-25.9102217719999 28.257638575,-25.9106574669999 28.257929038,-25.9112141889999 28.258352631,-25.9121824019999 28.258812532,-25.9129811769999 28.2592966380001,-25.914034108 28.2595144860001,-25.9146029329999 28.2598775660001,-25.9154743239999 28.2604342880001,-25.9170960799999 28.2605795200001,-25.917580186 28.2608699830001,-25.918499988 28.2611846520001,-25.9197586649999 28.2614388090001,-25.9207147729999 28.2616203480001,-25.9218524229999 28.2617292720001,-25.9226269929999 28.2619494080001,-25.9243951109999 28.2619194930001,-25.9243931649999 28.2615604410001,-25.924369812 28.2594371810001,-25.9242317889999 28.259437129,-25.924231786 28.2580394750001,-25.9241409299999 28.2576354720001,-25.9241125689999 28.256599426,-25.9240398399999 28.256107065,-25.9240076969999 28.2533920610001,-25.9238304529999 28.2531416590001,-25.923814106 28.251322213,-25.9236953259999 28.2513216,-25.9236952859999 28.245477253,-25.9233137479999 28.2446498880001,-25.9232597349999 28.2428493510001,-25.923135757 28.2384529920001,-25.9227421389999 28.2384510030001,-25.9227142329999 28.238431931,-25.9224395749999 28.238290787,-25.92224884 28.2381496440001,-25.9221286769999 28.238019943,-25.9220294949999 28.2378520970001,-25.9218997959999 28.2377414700001,-25.9218196869999 28.2376918790001,-25.9216995239999 28.237611771,-25.9215793619999 28.2375392910001,-25.9214687349999 28.2374401090001,-25.92124939 28.2373714450001,-25.9209594729999 28.2372722630001,-25.9205703739999 28.2371921550001,-25.9204196939999 28.2370014180001,-25.920040131 28.236890793,-25.9198894489999 28.2368221280001,-25.9197502139999 28.2366428380001,-25.9195404049999 28.2364711760001,-25.9194202419999 28.2362804410001,-25.9192886349999 28.2361011510001,-25.9192199709999 28.2359218600001,-25.9190998079999 28.235811234,-25.9189300539999 28.2357692720001,-25.9187202449999 28.2357006070001,-25.9185295099999 28.2357006070001,-25.9183197019999 28.2357006070001,-25.9181404109999 28.2356510160001,-25.917379379 28.2356624600001,-25.9170303339999 28.23567009,-25.9168491359999 28.2355327610001,-25.916250229 28.2353801730001,-25.9160900119999 28.2351017000001,-25.9158802029999 28.2348423000001,-25.915800095 28.2345790860001,-25.9156894679999 28.2342090610001,-25.9154090879999 28.2340221410001,-25.9152889249999 28.2339000700001,-25.9151592249999 28.2338924410001,-25.9148902889999 28.2339916240001,-25.914770126 28.2341213230001,-25.9146289829999 28.2340717320001,-25.9144096369999 28.2338428500001,-25.9141788479999 28.2335720060001,-25.9140701289999 28.233560562,-25.9139690409999 28.233560562,-25.9138889309999 28.233392715,-25.9137992859999 28.2331714620001,-25.9137496949999 28.233011246,-25.9136695859999 28.2327594760001,-25.9136104579999 28.2325305940001,-25.9135303499999 28.232351302,-25.9134597779999 28.232202531,-25.9133892069999 28.2319927220001,-25.9132785799999 28.2318592070001,-25.9132099149999 28.2316913600001,-25.913139343 28.2315502170001,-25.9130687709999 28.2313404080001,-25.9130687709999 28.231161118,-25.9130401609999 28.231092452,-25.9129104609999 28.2311000820001,-25.912809373 28.231210709,-25.9127387999999 28.2313022610001,-25.912689209 28.231401443,-25.9126243589999 28.231401443,-25.9125289919999 28.2313594820001,-25.9124393459999 28.2312717440001,-25.9123592379999 28.2311420430001,-25.9122791279999 28.2310504910001,-25.9121704099999 28.231031418,-25.912059784 28.2310810100001,-25.9118995669999 28.2311115260001,-25.911828995 28.2310810100001,-25.911748885 28.2309703830001,-25.9116687769999 28.2308521260001,-25.9115390779999 28.23082924,-25.9113903049999 28.2315509200001,-25.9115951789999 28.2318647200001,-25.9117695119999 28.2321785190001,-25.9118160009999 28.2324109620001,-25.9118741109999 28.2331780250001,-25.9120949329999 28.2347005300001,-25.9124319759999 28.2355838130001,-25.9125946859999 28.235776871,-25.9123977799999 28.2358661470001,-25.912296329 28.2359270190001,-25.9122313999999 28.2360244130001,-25.9121380639999 28.2360731090001,-25.912073135 28.2360731090001,-25.9120000899999 28.2361055740001,-25.9119108129999 28.236186735,-25.9117606649999 28.2362800710001,-25.9116348649999 28.2363652910001,-25.9115131229999 28.2364180440001,-25.9114360209999 28.236535728,-25.9112736979999 28.2367183410001,-25.9109977489999 28.236811677,-25.9109084719999 28.2369253020001,-25.9107907889999 28.23699429,-25.9106933939999 28.2370795090001,-25.9105797689999 28.2371160310001,-25.9105026649999 28.237185018,-25.9103890409999 28.2372458890001,-25.9103403429999 28.2373027010001,-25.9102957039999 28.237355457,-25.9102510659999 28.237400096,-25.9102267179999 28.2374528500001,-25.9101901949999 28.2374934310001,-25.9101252659999 28.2375258960001,-25.910068453 28.2376354630001,-25.9100400459999 28.2377247410001,-25.9100075819999 28.2378343080001,-25.9099913499999 28.2378992370001,-25.9099548269999 28.237960107,-25.9099061299999 28.2380656180001,-25.909873666 28.2380940230001,-25.9098330849999 28.2381386630001,-25.9098127949999 28.2382117080001,-25.9097722139999 28.2382766370001,-25.9097519239999 28.2383131600001,-25.9097194589999 28.2383415660001,-25.909646414 28.238382147,-25.9095855429999 28.2383902620001,-25.909480034 28.238386205,-25.9094191629999 28.238394321,-25.9093704659999 28.238394321,-25.9093014789999 28.238394321,-25.9092365499999 28.2384146110001,-25.9091594469999 28.2384592500001,-25.9091188659999 28.2384754820001,-25.909066111 28.2385079470001,-25.9089890079999 28.2385038890001,-25.9089159629999 28.2385160630001,-25.9088469759999 28.238548527,-25.9088063949999 28.2385404110001,-25.9087455249999 28.2385120040001,-25.9086724789999 28.238524178,-25.9086075499999 28.238524178,-25.9085304469999 28.2384917140001,-25.908457402 28.2385079470001,-25.9083762409999 28.2384917140001,-25.908286964 28.2385160630001,-25.9082179759999 28.2385160630001,-25.9081571059999 28.2385363530001,-25.9080475379999 28.238552585,-25.9079947829999 28.238548527,-25.9079339119999 28.238548527,-25.9078649259999 28.238548527,-25.9077797059999 28.238601282,-25.907657964 28.238601282,-25.9075889769999 28.238579874,-25.9075356339999 28.2385619540001,-25.9074585769999 28.2385529940001,-25.9073976489999 28.2385494100001,-25.9073331369999 28.238533282,-25.9071861909999 28.238529698,-25.9070983839999 28.2385279060001,-25.9070087829999 28.238533282,-25.9069406869999 28.238533282,-25.906856462 28.2384181730001,-25.9068533529999 28.2370982580001,-25.9069745039999 28.2368910250001,-25.9066588729999 28.2367826270001,-25.9064293229999 28.2366104640001,-25.9061264439999 28.236556265,-25.9057980599999 28.2365530770001,-25.9056896609999 28.236454242,-25.9056641559999 28.2363362790001,-25.9056673439999 28.236253386,-25.9056928489999 28.2361481760001,-25.9057757419999 28.2360015190001,-25.9059319639999 28.235861238,-25.9059797879999 28.2357337100001,-25.9059223989999 28.2356380640001,-25.905896895 28.2354977830001,-25.9058554469999 28.2353447500001,-25.9058299409999 28.2351917180001,-25.9058267539999 28.235166211,-25.9058458829999 28.2350354960001,-25.9058937059999 28.234837827,-25.9059829749999 28.234681605,-25.9060594919999 28.2345700180001,-25.9061168789999 28.23446162,-25.90613601 28.2343436560001,-25.9061105029999 28.234098165,-25.9060435509999 28.2337378990001,-25.905944717 28.2335019710001,-25.9051667969999 28.2324307390001,-25.9053485239999 28.2317484640001,-25.9054633 28.230451584,-25.9056396479999 28.230390549,-25.9054393769999 28.2302722920001,-25.9052295679999 28.229951859,-25.90501976 28.2295818330001,-25.9048404689999 28.2294292460001,-25.9047698969999 28.2290821080001,-25.9046401979999 28.2288494100001,-25.9046688089999 28.2286624910001,-25.9046192179999 28.2284908290001,-25.9044704439999 28.2285099040001,-25.9042892459999 28.2286624910001,-25.9041290279999 28.228731155,-25.9040489199999 28.2288417820001,-25.9038200379999 28.2288112630001,-25.9036998749999 28.2288227080001,-25.9033393859999 28.2288112630001,-25.903120042 28.2288494100001,-25.9029788959999 28.2289028170001,-25.9027595519999 28.2289028170001,-25.9026489259999 28.2288417820001,-25.9021892549999 28.2285823820001,-25.9021491999999 28.2284297940001,-25.902090073 28.2283916470001,-25.9017791749999 28.228292465,-25.9015903469999 28.2282314290001,-25.9014396669999 28.228139877,-25.9013385769999 28.2280521390001,-25.9012298579999 28.227830887,-25.9011096949999 28.227701187,-25.9010295869999 28.227510452,-25.9008998859999 28.2273807530001,-25.9008598329999 28.2273311610001,-25.900690079 28.2272624980001,-25.9005889889999 28.2271022800001,-25.900508881 28.227109908,-25.90032959 28.2271022800001,-25.90019989 28.2270412450001,-25.9001693729999 28.2269115450001,-25.9001693729999 28.2267971040001,-25.9001903529999 28.2267208110001,-25.9000854489999 28.2266902920001,-25.8999996189999 28.2266025540001,-25.8999385829999 28.226560593,-25.8997993469999 28.226560593,-25.8996295939999 28.226560593,-25.8995189669999 28.2264003750001,-25.8993797299999 28.22633934,-25.8992786409999 28.22633934,-25.8991394039999 28.226381302,-25.8990669249999 28.226419449,-25.8990001679999 28.226560593,-25.898839951 28.2266216280001,-25.8987293239999 28.2266521450001,-25.8985595699999 28.2266292570001,-25.898439407 28.2266292570001,-25.8983287809999 28.2266902920001,-25.8982391359999 28.2267818440001,-25.8981895449999 28.2268695830001,-25.8981399539999 28.226972581,-25.898118973 28.2270526890001,-25.8980903629999 28.2271327970001,-25.8979797359999 28.2272205350001,-25.8978385929999 28.2273120870001,-25.8977298739999 28.2274303440001,-25.8976593019999 28.2274913790001,-25.8975391389999 28.2275028230001,-25.8973197939999 28.2275409700001,-25.8972492219999 28.2276210780001,-25.8971691129999 28.2277126310001,-25.8971385959999 28.2277622220001,-25.8969993589999 28.2278003690001,-25.8969402309999 28.2278423320001,-25.8968887329999 28.2280025480001,-25.896780013 28.2280597690001,-25.8966999049999 28.228139877,-25.896589279 28.2281856540001,-25.8964843749999 28.228281021,-25.8963603969999 28.228410721,-25.8962993619999 28.2285099040001,-25.8962497709999 28.2286205290001,-25.8961696619999 28.2286090840001,-25.8959693909999 28.2286090840001,-25.8957996369999 28.2286319730001,-25.8956603999999 28.2286624910001,-25.8955898279999 28.228742599,-25.8955593119999 28.2288608540001,-25.8955593119999 28.2289295200001,-25.8953895569999 28.2288913730001,-25.89509964 28.228780746,-25.89496994 28.2285823820001,-25.8946990969999 28.2284526820001,-25.8945293429999 28.2283496860001,-25.8944492329999 28.228139877,-25.8943691249999 28.2280597690001,-25.8942298889999 28.2280521390001,-25.8941001889999 28.2280216220001,-25.893980026 28.2279491420001,-25.893930435 28.2278499600001,-25.8939189899999 28.22779274,-25.893838882 28.227781296,-25.8937587739999 28.22779274,-25.8936691279999 28.227781296,-25.893569946 28.2277202610001,-25.8934898379999 28.2276515950001,-25.8934097289999 28.2275295260001,-25.8933601379999 28.2274608610001,-25.8933296199999 28.2273006450001,-25.8931293489999 28.2272510530001,-25.8929595949999 28.2271595000001,-25.8928298949999 28.227071761,-25.8925399779999 28.227010728,-25.8921604159999 28.226972581,-25.8919696809999 28.2269802090001,-25.8918304439999 28.227109908,-25.891399384 28.2271823880001,-25.891220093 28.2271404270001,-25.891038895 28.2270412450001,-25.8908004759999 28.2269802090001,-25.8906192789999 28.226942062,-25.8905296329999 28.226921185,-25.8904205029999 28.2269001010001,-25.8903102869999 28.2268505100001,-25.8902492519999 28.2267627720001,-25.8901996609999 28.226560593,-25.8900985719999 28.2264003750001,-25.8900489809999 28.2262210850001,-25.8899288179999 28.2260112760001,-25.8897190089999 28.2259120940001,-25.8895187379999 28.2258510600001,-25.8893394469999 28.2256793980001,-25.888790131 28.225671768,-25.8885288239999 28.2256908420001,-25.888339996 28.2256908420001,-25.8882789609999 28.2257595060001,-25.888109207 28.2257518770001,-25.8879985819999 28.2257328030001,-25.887889862 28.2255496980001,-25.8877296449999 28.2254199980001,-25.8875694269999 28.2253208150001,-25.8874492649999 28.2252407070001,-25.8872394559999 28.2252407070001,-25.8870086669999 28.2252597810001,-25.8868598939999 28.2253627780001,-25.8867301939999 28.2254314420001,-25.886619568 28.2256603230001,-25.8865203859999 28.2259120940001,-25.8864288329999 28.2261295320001,-25.8863697049999 28.2263202670001,-25.8863201139999 28.226522446,-25.8862686159999 28.2267627720001,-25.8861999509999 28.2269001010001,-25.8861789699999 28.2269992830001,-25.886129379 28.2270526890001,-25.8859691629999 28.2271213530001,-25.8858146669999 28.2273120870001,-25.8856201169999 28.2273998250001,-25.8854389179999 28.227472305,-25.8852195739999 28.2276020040001,-25.8850097659999 28.2278118130001,-25.8849487299999 28.2280826570001,-25.884908676 28.228281021,-25.884908676 28.2284717570001,-25.884908676 28.2286510470001,-25.8849391939999 28.228780746,-25.885000229 28.2289028170001,-25.88509941 28.2290210720001,-25.8852291109999 28.2293491360001,-25.8853893269999 28.2297115330001,-25.8854694369999 28.2299594890001,-25.8854598999999 28.2300624850001,-25.8854389179999 28.230249406,-25.885398865 28.2304096220001,-25.8853893269999 28.2305698390001,-25.885398865 28.2306613920001,-25.885398865 28.23074913,-25.885398865 28.2311191560001,-25.8853797909999 28.2313022610001,-25.885540009 28.2315006260001,-25.8855991359999 28.2319202420001,-25.8857002259999 28.2320499410001,-25.8856391909999 28.2322902690001,-25.8854598999999 28.232351302,-25.8854503629999 28.2326221470001,-25.8855304719999 28.232789993,-25.8856391909999 28.2330799100001,-25.885728835 28.2333011630001,-25.885860443 28.2334613790001,-25.885990143 28.2336215970001,-25.8860988619999 28.2338008870001,-25.8861999509999 28.234079362,-25.8863697049999 28.2347011570001,-25.8864097599999 28.2353305820001,-25.8862991329999 28.2359714510001,-25.8860797879999 28.236349106,-25.8858699799999 28.2368602750001,-25.8854904169999 28.237279893,-25.8852100369999 28.238061906,-25.8848304749999 28.2383708950001,-25.884550095 28.2389516440001,-25.8845539939999 28.240141742,-25.8840705179999 28.242212017,-25.8850374719999 28.243712035,-25.8878019699999 28.24357567,-25.8884094169999 28.2444806400001,-25.8887937179999 28.2449393240001,-25.8884714 28.247029136,-25.8868740649999 28.2470784750001,-25.8857968409999 28.2471853750001,-25.8838150789999 28.2497263070001,-25.8842180099999 28.2517491850001,-25.8845304869999 28.2534513620001,-25.8848100719999</coordinates></LinearRing></outerBoundaryIs></Polygon>
  </Placemark>
  <Placemark>
	<name>5994156</name>
	<Style><LineStyle><color>ff0000ff</color></LineStyle><PolyStyle><fill>0</fill></PolyStyle></Style>
      <Polygon><outerBoundaryIs><LinearRing><coordinates>30.8846941620001,-29.9557857749999 30.8847761490001,-29.9558079799999 30.885066442,-29.9558890899999 30.8852713540001,-29.955933914 30.885559512,-29.9559595289999 30.885797245,-29.9559359229999 30.8855910090001,-29.9564063449999 30.885481246,-29.9566567139999 30.885364102,-29.956712357 30.8852381720001,-29.9567211419999 30.885150314,-29.956967146 30.885106384,-29.9570462179999 30.884971669,-29.9570872189999 30.8847578800001,-29.9572102199999 30.8846085220001,-29.9572863639999 30.8843742330001,-29.9574035079999 30.8842723260001,-29.9575957419999 30.8840123910001,-29.9575377509999 30.883637035,-29.9574681129999 30.8833447630001,-29.9574077749999 30.883110517,-29.9573594149999 30.882896513,-29.9573118579999 30.8828322960001,-29.9572987579999 30.8828746,-29.9571786139999 30.8829255580001,-29.9571121469999 30.882896756,-29.9570523269999 30.882863522,-29.9570346019999 30.882852444,-29.9569371179999 30.882941067,-29.9568130459999 30.882941067,-29.9567443639999 30.882803702,-29.9567000519999 30.8827460970001,-29.9566313689999 30.8827217260001,-29.956578196 30.8826530430001,-29.9565095139999 30.882586577,-29.9564075979999 30.8825334030001,-29.9563101129999 30.882506817,-29.9562059809999 30.8825733410001,-29.9560214299999 30.8826693940001,-29.955989412 30.8828529610001,-29.9559211079999 30.8829383410001,-29.9558890899999 30.883038663,-29.9558293249999 30.883207289,-29.9557140609999 30.883221344,-29.9557076579999 30.883399394,-29.955626547 30.883493312,-29.9556094709999 30.8835936340001,-29.9556116049999 30.8837537220001,-29.9556222779999 30.8839778450001,-29.9556521609999 30.8842595290001,-29.9556889019999 30.884272406,-29.9556905819999 30.8843684590001,-29.9557076579999 30.8845136050001,-29.9557439439999 30.8846736930001,-29.9557802299999 30.8846941620001,-29.9557857749999</coordinates></LinearRing></outerBoundaryIs></Polygon>
  </Placemark>
  <Placemark>
	<name>6610284</name>
	<Style><LineStyle><color>ff0000ff</color></LineStyle><PolyStyle><fill>0</fill></PolyStyle></Style>
      <Polygon><outerBoundaryIs><LinearRing><coordinates>27.841983698,-25.4924874799999 27.8419819600001,-25.4924867329999 27.841962992,-25.4925246689999 27.8418892290001,-25.4926700889999 27.8416568260001,-25.4929901399999 27.840903353,-25.4939265469999 27.8405707670001,-25.4943223969999 27.8404424070001,-25.4942346859999 27.8395484440001,-25.4936387109999 27.8385436770001,-25.4929599019999 27.8375980770001,-25.4923413349999 27.837318468,-25.4921563379999 27.8375774350001,-25.4918285819999 27.8377701750001,-25.491596613 27.8380430820001,-25.4912870319999 27.8385181090001,-25.4906951679999 27.838906534,-25.490202715 27.8394664470001,-25.490573927 27.8398823780001,-25.4908405509999 27.8399605870001,-25.4908654349999 27.8403285250001,-25.490890319 27.8413932390001,-25.4909436439999 27.8421344490001,-25.4909916359999 27.8421189490001,-25.4911942349999 27.8420657680001,-25.491971696 27.8420556380001,-25.4921388349999 27.8420315800001,-25.4923173739999 27.841983698,-25.4924874799999</coordinates></LinearRing></outerBoundaryIs></Polygon>
  </Placemark>
  <Placemark>
	<name>7980415</name>
	<Style><LineStyle><color>ff0000ff</color></LineStyle><PolyStyle><fill>0</fill></PolyStyle></Style>
      <Polygon><outerBoundaryIs><LinearRing><coordinates>27.9263180130001,-26.0864996749999 27.9263976030001,-26.0865506949999 27.927181019,-26.0865162889999 27.9271029430001,-26.0878088719999 27.9270083110001,-26.0894767819999 27.9270081530001,-26.089496697 27.9270107070001,-26.0895162809999 27.9270149650001,-26.0895324569999 27.9270217760001,-26.0895452279999 27.9270336960001,-26.0895571479999 27.927049873,-26.089566514 27.9270737130001,-26.0895733259999 27.927111176,-26.0895801369999 27.9271843990001,-26.089583542 27.9276033040001,-26.0895997199999 27.927872897,-26.0896140659999 27.9278732450001,-26.0896140909999 27.9278730940001,-26.0896145699999 27.9278338810001,-26.089740419 27.9277488640001,-26.0899940199999 27.9276203260001,-26.0903774319999 27.9275546170001,-26.0905727339999 27.9275144620001,-26.0907023269999 27.9274505770001,-26.0909268329999 27.927368442,-26.0912188729999 27.9272881310001,-26.091505438 27.927242499,-26.091682487 27.9271895670001,-26.0918996919999 27.9270672750001,-26.092430841 27.9269699660001,-26.0928720389999 27.9268868030001,-26.0932745059999 27.9268652430001,-26.0933997639999 27.9268570290001,-26.0934510989999 27.9268498430001,-26.0935044889999 27.9268436820001,-26.0935547959999 27.9268364950001,-26.0936122919999 27.926828281,-26.0936790279999 27.926819041,-26.0937632169999 27.9268108260001,-26.0938422739999 27.9268036400001,-26.0939459699999 27.9267943990001,-26.0940599349999 27.926787559,-26.094167448 27.9267800260001,-26.0942858109999 27.9267338240001,-26.0949973159999 27.9267122640001,-26.0953443419999 27.9267152470001,-26.0953636709999 27.9267272010001,-26.09544116 27.9267273550001,-26.095442159 27.9267416820001,-26.0955350289999 27.9267328130001,-26.0956481069999 27.9267266830001,-26.0957378959999 27.9267178760001,-26.0958671089999 27.9266825650001,-26.0963851949999 27.926659042,-26.0967255799999 27.9265769360001,-26.0967311289999 27.925909618,-26.0967735229999 27.9255608970001,-26.0967956769999 27.9244498910001,-26.096867061 27.9241478330001,-26.0968864689999 27.9239100890001,-26.0969017439999 27.9226799340001,-26.0969801609999 27.9223833350001,-26.0969990689999 27.9221623930001,-26.097019154 27.922057501,-26.0970325439999 27.9220022640001,-26.0970409129999 27.9219819570001,-26.0970441189999 27.9218890000001,-26.0970571619999 27.9217685550001,-26.0970740619999 27.921737174,-26.0970790559999 27.9216879610001,-26.0970883279999 27.921547021,-26.0971194779999 27.9214769200001,-26.0971349709999 27.9211776320001,-26.0972066489999 27.9210301460001,-26.0972443269999 27.9213143680001,-26.0964051619999 27.921528041,-26.09577429 27.9214481450001,-26.0956257909999 27.9213719320001,-26.095484139 27.921153362,-26.0950778959999 27.9212951790001,-26.0944288009999 27.9211219640001,-26.094069998 27.921026548,-26.0938723499999 27.9207988570001,-26.093400706 27.9204317210001,-26.0930664549999 27.9201439030001,-26.0926443199999 27.9197409550001,-26.0924908149999 27.919462524,-26.0921744189999 27.9193188200001,-26.0920111169999 27.9186712190001,-26.0912752089999 27.9183210450001,-26.0912627869999 27.9181867290001,-26.0908598389999 27.9174767740001,-26.0901882599999 27.9167860080001,-26.089305614 27.9167191110001,-26.0892201349999 27.9170362840001,-26.0887987629999 27.917055674,-26.0888099659999 27.917298514,-26.0889502729999 27.918001786,-26.0889697 27.9181119820001,-26.088870256 27.9182316200001,-26.088762292 27.9184757420001,-26.08868566 27.9188666470001,-26.0886585139999 27.9191435380001,-26.0885987939999 27.919290328,-26.0885671329999 27.9194095720001,-26.0885119259999 27.9196647450001,-26.0884847799999 27.919865626,-26.0884359169999 27.9202410710001,-26.0883445919999 27.9208591770001,-26.088115592 27.9210329130001,-26.0880124369999 27.9215649770001,-26.0878169839999 27.921923307,-26.0877192569999 27.9219775990001,-26.0875943849999 27.922964532,-26.0877897639999 27.9242693150001,-26.0870989979999 27.924859106,-26.0868046109999 27.924841169,-26.0863860719999 27.9248351430001,-26.0862454689999 27.9260848270001,-26.0863501969999 27.9263180130001,-26.0864996749999</coordinates></LinearRing></outerBoundaryIs></Polygon>
  </Placemark>
  <Placemark>
	<name>1992127</name>
	<Style><LineStyle><color>ff0000ff</color></LineStyle><PolyStyle><fill>0</fill></PolyStyle></Style>
      <Polygon><outerBoundaryIs><LinearRing><coordinates>18.489466758,-34.0869684119999 18.489577081,-34.088215068 18.4884407500001,-34.0887997809999 18.4881318440001,-34.089108688 18.489422629,-34.090785605 18.4914415480001,-34.0906863129999 18.4915298080001,-34.0918667759999 18.4927213020001,-34.0931796249999 18.4923682670001,-34.09343337 18.4944313160001,-34.0956619039999 18.4935926140001,-34.0958767109999 18.4935482060001,-34.0959729299999 18.4934371840001,-34.0960765499999 18.4931633300001,-34.0961209589999 18.4927118420001,-34.0964022139999 18.4921567330001,-34.0967796869999 18.492038311,-34.0969351179999 18.491919727,-34.0971285959999 18.4911684560001,-34.0964463199999 18.4911424910001,-34.096385735 18.4911030490001,-34.0962848379999 18.4907703310001,-34.0954336979999 18.4892297600001,-34.0954769709999 18.4891797720001,-34.0954789439999 18.4892190500001,-34.096820072 18.4890127290001,-34.0968333829999 18.4885934340001,-34.0968400389999 18.488220728,-34.0969065939999 18.4880277190001,-34.0969465269999 18.4878946080001,-34.0970130809999 18.4877149100001,-34.0970996029999 18.4875951110001,-34.0971794689999 18.4873821360001,-34.097319233 18.4871915430001,-34.0974817979999 18.4871558500001,-34.0975122419999 18.4865818010001,-34.098066807 18.4865641460001,-34.0980788939999 18.4865465220001,-34.0980909609999 18.4864990280001,-34.0981234799999 18.4865085380001,-34.09790126 18.486507277,-34.0978824629999 18.486439868,-34.0968764809999 18.4864173330001,-34.0960981429999 18.486391331,-34.0955902289999 18.4859527580001,-34.0955936959999 18.4854672860001,-34.0956066349999 18.4853115930001,-34.0956042199999 18.485239875,-34.0943132929999 18.4852304300001,-34.0941432819999 18.4850828610001,-34.09395882 18.4849131560001,-34.0939661989999 18.4848172360001,-34.0922248799999 18.4829119890001,-34.092286338 18.4825299080001,-34.092298663 18.4802720960001,-34.0923872049999 18.4797879380001,-34.092403326 18.4797445020001,-34.0913174179999 18.479630226,-34.089106011 18.4796199210001,-34.0889066029999 18.4795351340001,-34.0872658459999 18.4795331230001,-34.087226906 18.4815410790001,-34.0871683789999 18.481834313,-34.0871618619999 18.4819157670001,-34.0871618619999 18.48199722,-34.0871781529999 18.482134064,-34.0872139929999 18.482254615,-34.0872661229999 18.48235236,-34.0873182539999 18.4825366960001,-34.0874587869999 18.4826846920001,-34.0875723899999 18.4828584290001,-34.0874243239999 18.4831300010001,-34.0871590669999 18.4837426170001,-34.0871527509999 18.4847159770001,-34.0871231919999 18.4866541250001,-34.087064332 18.4879804080001,-34.0870138069999 18.489466758,-34.0869684119999</coordinates></LinearRing></outerBoundaryIs></Polygon>
  </Placemark>
  <Placemark>
	<name>1990713</name>
	<Style><LineStyle><color>ff0000ff</color></LineStyle><PolyStyle><fill>0</fill></PolyStyle></Style>
      <Polygon><outerBoundaryIs><LinearRing><coordinates>18.4759172800001,-34.037450024 18.4759156370001,-34.0376705509999 18.4761345320001,-34.0391336909999 18.4761633340001,-34.0391970559999 18.476370708,-34.0395023569999 18.4764571140001,-34.0397558149999 18.4765147180001,-34.039894064 18.4766587280001,-34.0404009799999 18.4766644890001,-34.040510427 18.476591682,-34.0413244099999 18.4764757410001,-34.0413223329999 18.4763858730001,-34.0413188759999 18.4763340250001,-34.0413188759999 18.4762683520001,-34.0413396149999 18.4761577450001,-34.0413810929999 18.4761058980001,-34.0413983749999 18.475780989,-34.041412201 18.4757533370001,-34.0414260269999 18.4752279520001,-34.0414709609999 18.4751830180001,-34.041467505 18.4750931950001,-34.0414262049999 18.474967291,-34.041403123 18.474744865,-34.041380042 18.4745518140001,-34.0413737449999 18.474526633,-34.0413947289999 18.4744972560001,-34.0414199099999 18.4744665220001,-34.0414291999999 18.473704624,-34.0413789219999 18.4737239610001,-34.0410269789999 18.4737549010001,-34.04062476 18.4737858410001,-34.04034243 18.4737897090001,-34.040172261 18.4737935750001,-34.0400485009999 18.4737897090001,-34.039959548 18.4737123580001,-34.0394954479999 18.473677551,-34.0392517939999 18.4735189830001,-34.0382810519999 18.4734919100001,-34.0381070139999 18.4734841760001,-34.0379909889999 18.4735035130001,-34.0378981689999 18.4735344530001,-34.0377976139999 18.4736582140001,-34.0375849009999 18.4740817110001,-34.0368707139999 18.474197598,-34.0369182089999 18.4745955020001,-34.037095845 18.4748086650001,-34.037191768 18.4753183240001,-34.0373560359999 18.4757364070001,-34.037427416 18.4759172800001,-34.037450024</coordinates></LinearRing></outerBoundaryIs></Polygon>
  </Placemark>
  <Placemark>
	<name>7991596</name>
	<Style><LineStyle><color>ff0000ff</color></LineStyle><PolyStyle><fill>0</fill></PolyStyle></Style>
      <Polygon><outerBoundaryIs><LinearRing><coordinates>28.0950110520001,-25.5897920609999 28.0938282010001,-25.5902156839999 28.093702083,-25.5898529569999 28.092950822,-25.5876922609999 28.0929280620001,-25.5876308539999 28.0940941650001,-25.5870164389999 28.094443798,-25.5867986349999 28.0945705710001,-25.5870827829999 28.0950021980001,-25.5881906269999 28.094721641,-25.5883129219999 28.0945633760001,-25.5883992469999 28.0944914400001,-25.5884567979999 28.0950110520001,-25.5897920609999</coordinates></LinearRing></outerBoundaryIs></Polygon>
  </Placemark>
  <Placemark>
	<name>6700053</name>
	<Style><LineStyle><color>ff0000ff</color></LineStyle><PolyStyle><fill>0</fill></PolyStyle></Style>
      <Polygon><outerBoundaryIs><LinearRing><coordinates>24.7476912920001,-26.9820422899999 24.7461736430001,-26.9828473489999 24.7461164580001,-26.982878319 24.7447151950001,-26.9836372239999 24.7436798900001,-26.98207873 24.7436782500001,-26.9820762619999 24.743705708,-26.9820629799999 24.7445787350001,-26.9816002249999 24.7451292810001,-26.9813084049999 24.7456360070001,-26.9820690519999 24.7471881750001,-26.9812581769999 24.7476912920001,-26.9820422899999</coordinates></LinearRing></outerBoundaryIs></Polygon>
  </Placemark>
  <Placemark>
	<name>4740045</name>
	<Style><LineStyle><color>ff0000ff</color></LineStyle><PolyStyle><fill>0</fill></PolyStyle></Style>
      <Polygon><outerBoundaryIs><LinearRing><coordinates>27.4609313160001,-29.1711239779999 27.4618268950001,-29.1716907929999 27.462346256,-29.1720237829999 27.4627759730001,-29.1716193429999 27.4634963830001,-29.172276559 27.4635455100001,-29.172436569 27.4641156820001,-29.1741723729999 27.4646413200001,-29.1759119819999 27.466159583,-29.176310123 27.4663654130001,-29.176763643 27.466106235,-29.17667725 27.465793062,-29.1766556519999 27.4655986800001,-29.1766556519999 27.4653826990001,-29.1766664509999 27.4651235220001,-29.1767096469999 27.4647131580001,-29.1767528429999 27.4641344650001,-29.1769243759999 27.4632952010001,-29.1767534159999 27.4619707850001,-29.1769189669999 27.4593771340001,-29.1749323409999 27.456993293,-29.174573134 27.457227404,-29.1740995729999 27.4577562190001,-29.1732782529999 27.4579844980001,-29.1730313239999 27.458019058,-29.1729995509999 27.4587508560001,-29.172384415 27.458769965,-29.1723683529999 27.4604704610001,-29.1708322999999 27.4609313160001,-29.1711239779999</coordinates></LinearRing></outerBoundaryIs></Polygon>
  </Placemark>
  <Placemark>
	<name>5920214</name>
	<Style><LineStyle><color>ff0000ff</color></LineStyle><PolyStyle><fill>0</fill></PolyStyle></Style>
      <Polygon><outerBoundaryIs><LinearRing><coordinates>31.2746186720001,-29.3554887369999 31.2738940520001,-29.3567907909999 31.2735573670001,-29.3574211779999 31.2734140970001,-29.3576289179999 31.2732636650001,-29.3578223329999 31.2731132310001,-29.357987094 31.272962797,-29.3581231989999 31.272812365,-29.3582593049999 31.272568805,-29.3584240659999 31.272270635,-29.3586252699999 31.272146993,-29.3584245849999 31.2721317420001,-29.3580483829999 31.2721419090001,-29.3577331839999 31.272146993,-29.357438322 31.272065652,-29.3571434589999 31.2719131370001,-29.3568943519999 31.271755538,-29.3567316689999 31.2716030220001,-29.3565842379999 31.271445424,-29.3564317219999 31.2712115690001,-29.3562741239999 31.2710844710001,-29.3561368619999 31.2708760350001,-29.3558928369999 31.2706316270001,-29.3557318549999 31.2706659790001,-29.3556758569999 31.2708175920001,-29.3553898609999 31.270784705,-29.3551506819999 31.2707796880001,-29.3551142019999 31.2707796880001,-29.3547627369999 31.2707796880001,-29.3544560669999 31.270683207,-29.3541252759999 31.2707142190001,-29.3538461709999 31.2706063700001,-29.3537941849999 31.2702444930001,-29.3536853279999 31.2699267460001,-29.353600007 31.2696188460001,-29.3534861269999 31.2694972,-29.3534411339999 31.2689411440001,-29.3532557819999 31.2683939140001,-29.3530645449999 31.2683497830001,-29.3529321509999 31.2682615200001,-29.3527791629999 31.2681820830001,-29.3525761569999 31.268143835,-29.3524231679999 31.2681467790001,-29.3522878319999 31.2681766250001,-29.3521907119999 31.269090195,-29.3523215949999 31.2701028060001,-29.3525221479999 31.2710477450001,-29.3526697959999 31.2715349790001,-29.3527362369999 31.2723248890001,-29.3528691189999 31.2734543870001,-29.3541462629999 31.2746060310001,-29.3554750839999 31.2746186720001,-29.3554887369999</coordinates></LinearRing></outerBoundaryIs></Polygon>
  </Placemark>
  <Placemark>
	<name>5992801</name>
	<Style><LineStyle><color>ff0000ff</color></LineStyle><PolyStyle><fill>0</fill></PolyStyle></Style>
      <Polygon><outerBoundaryIs><LinearRing><coordinates>31.0797250180001,-29.7318469539999 31.0798969510001,-29.7319068199999 31.0799386360001,-29.731891662 31.079976532,-29.7318651349999 31.0801868520001,-29.7319485049999 31.0804218040001,-29.7320489279999 31.0810906580001,-29.7322630379999 31.0815009,-29.732395821 31.0818629120001,-29.7325129939999 31.081875095,-29.732516937 31.082216154,-29.7326211499999 31.083082065,-29.7329015759999 31.08319119,-29.7329341719999 31.0833738600001,-29.7329887359999 31.0836315490001,-29.733072106 31.0837945000001,-29.7331100009999 31.0838921860001,-29.7331382789999 31.0839385020001,-29.7331516859999 31.0840010300001,-29.7331876869999 31.0841450330001,-29.7332767409999 31.084266298,-29.7332767409999 31.0843420890001,-29.733297584 31.084562094,-29.7333844189999 31.0849278410001,-29.7335287779999 31.0851659850001,-29.7335992259999 31.0851402280001,-29.73361969 31.084970475,-29.7339000699999 31.0848007200001,-29.7341308589999 31.0847492220001,-29.7341995239999 31.0847301490001,-29.734270094 31.0846900940001,-29.7343292239999 31.0846405030001,-29.7343997949999 31.0845394140001,-29.7345199569999 31.0845108030001,-29.7345600119999 31.0844497680001,-29.7346191409999 31.0842704770001,-29.7348308559999 31.08423996,-29.7348690029999 31.084199906,-29.7349300379999 31.0841808330001,-29.734979629 31.084150315,-29.7350292199999 31.0841407780001,-29.7350807189999 31.0841293330001,-29.735149384 31.0840396900001,-29.7352504709999 31.0839405070001,-29.7353897089999 31.0838508620001,-29.7355098719999 31.0838108070001,-29.7355689999999 31.0837192540001,-29.7357692709999 31.083700181,-29.7358207699999 31.083660126,-29.7358493799999 31.0836391460001,-29.7358894349999 31.083549501,-29.7359790799999 31.08352089,-29.7360401149999 31.0835094460001,-29.7360897059999 31.083480835,-29.7361698139999 31.083440781,-29.7362194059999 31.0834102640001,-29.7362594589999 31.0833702090001,-29.7362995139999 31.0833606740001,-29.736370087 31.0833606740001,-29.7364006039999 31.0833091740001,-29.736509323 31.0832195290001,-29.736650466 31.083209991,-29.736700057 31.0831298830001,-29.7368602749999 31.083070756,-29.7369499209999 31.0830097200001,-29.7370300289999 31.0829696660001,-29.7370700829999 31.082939148,-29.7371101379999 31.082889557,-29.7371501919999 31.0828399660001,-29.7371997829999 31.082799912,-29.7372493739999 31.0827293410001,-29.7374496459999 31.082630157,-29.7376403809999 31.0825500490001,-29.7378196719999 31.082450867,-29.7379302979999 31.0822696690001,-29.73818016 31.081989288,-29.7385902389999 31.0817298890001,-29.73897934 31.0814399720001,-29.739349365 31.0812397010001,-29.7396602619999 31.0809707640001,-29.740070343 31.0806999100001,-29.740540704 31.0799992990001,-29.7402671969999 31.0795968450001,-29.7401286439999 31.0794647480001,-29.7399941349999 31.0793884220001,-29.7398810309999 31.079270163,-29.7397979099999 31.0789917440001,-29.7397048669999 31.0790419070001,-29.7395683469999 31.0793273510001,-29.7388587799999 31.0793927290001,-29.7387214979999 31.079399702,-29.738706857 31.07922167,-29.738653397 31.0790593010001,-29.7385769879999 31.0789433230001,-29.7385060369999 31.0788519060001,-29.7384555529999 31.0787195550001,-29.7384037039999 31.078615857,-29.7383791439999 31.0785462700001,-29.7383736859999 31.078463039,-29.7383750499999 31.0782979410001,-29.7383968809999 31.0781642260001,-29.7384500949999 31.0777507990001,-29.7386438459999 31.077211198,-29.7389029439999 31.0771409020001,-29.738859971 31.0770875110001,-29.7388401399999 31.0770264940001,-29.738821835 31.076771744,-29.7387638679999 31.076489537,-29.7386784429999 31.0764819710001,-29.7386980879999 31.0764139180001,-29.7388263849999 31.076305979,-29.7387844119999 31.0758187050001,-29.7385908959999 31.0756492240001,-29.7385305199999 31.0758375300001,-29.7381791679999 31.0763206920001,-29.7372605449999 31.0767056920001,-29.7365285559999 31.0770402380001,-29.735864993 31.07727006,-29.7354252549999 31.0777425080001,-29.7345212779999 31.0779802850001,-29.734056785 31.0787959140001,-29.732458704 31.0791941990001,-29.7316484019999 31.0791968170001,-29.7316430749999 31.0792657410001,-29.731663243 31.079553117,-29.7317813429999 31.0797250180001,-29.7318469539999</coordinates></LinearRing></outerBoundaryIs></Polygon>
  </Placemark>
</Folder>
</Document></kml>
