<?xml version="1.0" encoding="utf-8" ?>
<kml xmlns="http://www.opengis.net/kml/2.2">
<Document id="root_doc">
<Folder><name>solar_panels_sample</name>
  <Placemark>
	<name>3</name>
	<Style><LineStyle><color>ff0000ff</color></LineStyle><PolyStyle><fill>0</fill></PolyStyle></Style>
      <Polygon><outerBoundaryIs><LinearRing><coordinates>29.4943191596683,-23.9016885070452 29.4943432995494,-23.9017792379758 29.4946370014365,-23.9017289681437 29.4946088382419,-23.9016345588941 29.4943191596683,-23.9016885070452</coordinates></LinearRing></outerBoundaryIs></Polygon>
  </Placemark>
  <Placemark>
	<name>72</name>
	<Style><LineStyle><color>ff0000ff</color></LineStyle><PolyStyle><fill>0</fill></PolyStyle></Style>
      <Polygon><outerBoundaryIs><LinearRing><coordinates>21.4078283836836,-34.3562012920616 21.4078283836836,-34.3562156849103 21.4078967800134,-34.3562167920524 21.4078940978044,-34.3562001849193 21.4078283836836,-34.3562012920616</coordinates></LinearRing></outerBoundaryIs></Polygon>
  </Placemark>
  <Placemark>
	<name>82</name>
	<Style><LineStyle><color>ff0000ff</color></LineStyle><PolyStyle><fill>0</fill></PolyStyle></Style>
      <Polygon><outerBoundaryIs><LinearRing><coordinates>21.4104869221901,-34.3541010655767 21.4104936277126,-34.3541420308584 21.4105164264893,-34.3541420308584 21.4105137442803,-34.3541043870868 21.4104869221901,-34.3541010655767</coordinates></LinearRing></outerBoundaryIs></Polygon>
  </Placemark>
  <Placemark>
	<name>85</name>
	<Style><LineStyle><color>ff0000ff</color></LineStyle><PolyStyle><fill>0</fill></PolyStyle></Style>
      <Polygon><outerBoundaryIs><LinearRing><coordinates>21.4057521740614,-34.3556443604089 21.4057508329569,-34.3556653962498 21.4058165470778,-34.3556642891004 21.4058178881823,-34.3556498961571 21.4057521740614,-34.3556443604089</coordinates></LinearRing></outerBoundaryIs></Polygon>
  </Placemark>
  <Placemark>
	<name>91</name>
	<Style><LineStyle><color>ff0000ff</color></LineStyle><PolyStyle><fill>0</fill></PolyStyle></Style>
      <Polygon><outerBoundaryIs><LinearRing><coordinates>18.8088772696092,-34.0643470329328 18.8088558119371,-34.0643748075057 18.8088987272813,-34.0644003601046 18.8089282315805,-34.0643692525918 18.8088772696092,-34.0643470329328</coordinates></LinearRing></outerBoundaryIs></Polygon>
  </Placemark>
  <Placemark>
	<name>103</name>
	<Style><LineStyle><color>ff0000ff</color></LineStyle><PolyStyle><fill>0</fill></PolyStyle></Style>
      <Polygon><outerBoundaryIs><LinearRing><coordinates>18.811251099601,-34.066481108532 18.81125378181,-34.0665066604958 18.8113020615722,-34.0665088824054 18.8113007204677,-34.066481108532 18.811251099601,-34.066481108532</coordinates></LinearRing></outerBoundaryIs></Polygon>
  </Placemark>
  <Placemark>
	<name>112</name>
	<Style><LineStyle><color>ff0000ff</color></LineStyle><PolyStyle><fill>0</fill></PolyStyle></Style>
      <Polygon><outerBoundaryIs><LinearRing><coordinates>18.8144338428235,-34.0674893015347 18.8144217728829,-34.0675048547198 18.8144700526452,-34.0675304063749 18.8144848047947,-34.0675192969606 18.8144338428235,-34.0674893015347</coordinates></LinearRing></outerBoundaryIs></Polygon>
  </Placemark>
  <Placemark>
	<name>121</name>
	<Style><LineStyle><color>ff0000ff</color></LineStyle><PolyStyle><fill>0</fill></PolyStyle></Style>
      <Polygon><outerBoundaryIs><LinearRing><coordinates>18.8145778384859,-34.065702407807 18.8145255354101,-34.0657690657003 18.8145443108732,-34.0657712876292 18.8145952728444,-34.0657090735987 18.8145778384859,-34.065702407807</coordinates></LinearRing></outerBoundaryIs></Polygon>
  </Placemark>
  <Placemark>
	<name>125</name>
	<Style><LineStyle><color>ff0000ff</color></LineStyle><PolyStyle><fill>0</fill></PolyStyle></Style>
      <Polygon><outerBoundaryIs><LinearRing><coordinates>18.8157942202741,-34.0656479704886 18.8157821503335,-34.0656657459434 18.8158143368417,-34.06568463236 18.8158357945138,-34.0656713007722 18.8157942202741,-34.0656479704886</coordinates></LinearRing></outerBoundaryIs></Polygon>
  </Placemark>
  <Placemark>
	<name>127</name>
	<Style><LineStyle><color>ff0000ff</color></LineStyle><PolyStyle><fill>0</fill></PolyStyle></Style>
      <Polygon><outerBoundaryIs><LinearRing><coordinates>18.8161509540731,-34.0658834949616 18.8160865810567,-34.0659468198261 18.8161174264604,-34.0659623732944 18.8161697295362,-34.0659034922923 18.8161509540731,-34.0658834949616</coordinates></LinearRing></outerBoundaryIs></Polygon>
  </Placemark>
  <Placemark>
	<name>133</name>
	<Style><LineStyle><color>ff0000ff</color></LineStyle><PolyStyle><fill>0</fill></PolyStyle></Style>
      <Polygon><outerBoundaryIs><LinearRing><coordinates>18.8176158049607,-34.066435847618 18.8175956883931,-34.0664558448184 18.8177043178582,-34.0665236130735 18.8177163877987,-34.0665036158891 18.8176158049607,-34.066435847618</coordinates></LinearRing></outerBoundaryIs></Polygon>
  </Placemark>
  <Placemark>
	<name>176</name>
	<Style><LineStyle><color>ff0000ff</color></LineStyle><PolyStyle><fill>0</fill></PolyStyle></Style>
      <Polygon><outerBoundaryIs><LinearRing><coordinates>18.8225918299766,-34.0702589402632 18.8225059992881,-34.0703811397889 18.8228815085502,-34.0705488861236 18.8229780680747,-34.0704311304532 18.8225918299766,-34.0702589402632</coordinates></LinearRing></outerBoundaryIs></Polygon>
  </Placemark>
  <Placemark>
	<name>183</name>
	<Style><LineStyle><color>ff0000ff</color></LineStyle><PolyStyle><fill>0</fill></PolyStyle></Style>
      <Polygon><outerBoundaryIs><LinearRing><coordinates>18.8173755913163,-34.067986944082 18.8173648624802,-34.0679969424998 18.8174386232281,-34.0680391580284 18.8174480109597,-34.068026937746 18.8173755913163,-34.067986944082</coordinates></LinearRing></outerBoundaryIs></Polygon>
  </Placemark>
  <Placemark>
	<name>184</name>
	<Style><LineStyle><color>ff0000ff</color></LineStyle><PolyStyle><fill>0</fill></PolyStyle></Style>
      <Polygon><outerBoundaryIs><LinearRing><coordinates>18.8137886568336,-34.0662927203296 18.8137792691021,-34.0663049408622 18.8138785108356,-34.0663516010612 18.8138852163582,-34.0663371586214 18.8137886568336,-34.0662927203296</coordinates></LinearRing></outerBoundaryIs></Polygon>
  </Placemark>
  <Placemark>
	<name>187</name>
	<Style><LineStyle><color>ff0000ff</color></LineStyle><PolyStyle><fill>0</fill></PolyStyle></Style>
      <Polygon><outerBoundaryIs><LinearRing><coordinates>18.7006566386775,-33.9275517790813 18.7006700497226,-33.9275929516872 18.7006928484992,-33.9275918389143 18.7006780963496,-33.9275495535345 18.7006566386775,-33.9275517790813</coordinates></LinearRing></outerBoundaryIs></Polygon>
  </Placemark>
  <Placemark>
	<name>189</name>
	<Style><LineStyle><color>ff0000ff</color></LineStyle><PolyStyle><fill>0</fill></PolyStyle></Style>
      <Polygon><outerBoundaryIs><LinearRing><coordinates>18.7005037527636,-33.9275551174015 18.7005010705546,-33.9275784856388 18.7006418865279,-33.9275506663079 18.7006378632144,-33.9275339747051 18.7005037527636,-33.9275551174015</coordinates></LinearRing></outerBoundaryIs></Polygon>
  </Placemark>
  <Placemark>
	<name>192</name>
	<Style><LineStyle><color>ff0000ff</color></LineStyle><PolyStyle><fill>0</fill></PolyStyle></Style>
      <Polygon><outerBoundaryIs><LinearRing><coordinates>18.7003589448083,-33.9291501583462 18.7003696736443,-33.9291891046755 18.7004487988103,-33.9291701878892 18.7004273411382,-33.9291323543041 18.7003589448083,-33.9291501583462</coordinates></LinearRing></outerBoundaryIs></Polygon>
  </Placemark>
  <Placemark>
	<name>196</name>
	<Style><LineStyle><color>ff0000ff</color></LineStyle><PolyStyle><fill>0</fill></PolyStyle></Style>
      <Polygon><outerBoundaryIs><LinearRing><coordinates>18.7001695811407,-33.9298052571312 18.7001695811407,-33.9298186100577 18.7002004265444,-33.9298263992639 18.7001977443354,-33.9298085953631 18.7001695811407,-33.9298052571312</coordinates></LinearRing></outerBoundaryIs></Polygon>
  </Placemark>
  <Placemark>
	<name>201</name>
	<Style><LineStyle><color>ff0000ff</color></LineStyle><PolyStyle><fill>0</fill></PolyStyle></Style>
      <Polygon><outerBoundaryIs><LinearRing><coordinates>18.6996623326907,-33.9307349843489 18.6996609915862,-33.9308228901167 18.6996904958853,-33.9308262283086 18.6996918369899,-33.9307405480078 18.6996623326907,-33.9307349843489</coordinates></LinearRing></outerBoundaryIs></Polygon>
  </Placemark>
  <Placemark>
	<name>216</name>
	<Style><LineStyle><color>ff0000ff</color></LineStyle><PolyStyle><fill>0</fill></PolyStyle></Style>
      <Polygon><outerBoundaryIs><LinearRing><coordinates>18.7004664650072,-33.9335063321779 18.7004034330954,-33.9335363749539 18.7004275729765,-33.9335541780754 18.7004798760523,-33.9335330368682 18.7004664650072,-33.9335063321779</coordinates></LinearRing></outerBoundaryIs></Polygon>
  </Placemark>
  <Placemark>
	<name>226</name>
	<Style><LineStyle><color>ff0000ff</color></LineStyle><PolyStyle><fill>0</fill></PolyStyle></Style>
      <Polygon><outerBoundaryIs><LinearRing><coordinates>18.6998475166726,-33.9333711660132 18.6998327645231,-33.9333822929862 18.6998756798673,-33.9334390405257 18.6998931142259,-33.9334312516499 18.6998475166726,-33.9333711660132</coordinates></LinearRing></outerBoundaryIs></Polygon>
  </Placemark>
  <Placemark>
	<name>236</name>
	<Style><LineStyle><color>ff0000ff</color></LineStyle><PolyStyle><fill>0</fill></PolyStyle></Style>
      <Polygon><outerBoundaryIs><LinearRing><coordinates>18.6998904320169,-33.9339664570247 18.699911889689,-33.9339742458515 18.6999722393918,-33.93394420323 18.6999548050332,-33.9339308509504 18.6998904320169,-33.9339664570247</coordinates></LinearRing></outerBoundaryIs></Polygon>
  </Placemark>
  <Placemark>
	<name>253</name>
	<Style><LineStyle><color>ff0000ff</color></LineStyle><PolyStyle><fill>0</fill></PolyStyle></Style>
      <Polygon><outerBoundaryIs><LinearRing><coordinates>18.702375029214,-33.9334373229438 18.7023589359599,-33.9334439991225 18.7023656414825,-33.9334606895672 18.7023803936321,-33.9334462245154 18.702375029214,-33.9334373229438</coordinates></LinearRing></outerBoundaryIs></Polygon>
  </Placemark>
  <Placemark>
	<name>263</name>
	<Style><LineStyle><color>ff0000ff</color></LineStyle><PolyStyle><fill>0</fill></PolyStyle></Style>
      <Polygon><outerBoundaryIs><LinearRing><coordinates>28.018047702589,-26.1351411138754 28.0180423381709,-26.1351543577288 28.0180651369476,-26.1351627856346 28.018058431425,-26.1351772334719 28.0180906179332,-26.1351820494173 28.0180906179332,-26.1351663975941 28.0181134167098,-26.1351663975941 28.0181147578143,-26.1351483377956 28.018047702589,-26.1351411138754</coordinates></LinearRing></outerBoundaryIs></Polygon>
  </Placemark>
  <Placemark>
	<name>271</name>
	<Style><LineStyle><color>ff0000ff</color></LineStyle><PolyStyle><fill>0</fill></PolyStyle></Style>
      <Polygon><outerBoundaryIs><LinearRing><coordinates>28.0173328938865,-26.135026619131 28.017323506155,-26.1350783906 28.0173449638271,-26.1350807985747 28.0173543515586,-26.1350326390704 28.0173328938865,-26.135026619131</coordinates></LinearRing></outerBoundaryIs></Polygon>
  </Placemark>
  <Placemark>
	<name>306</name>
	<Style><LineStyle><color>ff0000ff</color></LineStyle><PolyStyle><fill>0</fill></PolyStyle></Style>
      <Polygon><outerBoundaryIs><LinearRing><coordinates>28.0170241492664,-26.1328606389078 28.0170295136844,-26.1328233145842 28.0170134204303,-26.1328148865095 28.0170067149078,-26.1328534148461 28.0170241492664,-26.1328606389078</coordinates></LinearRing></outerBoundaryIs></Polygon>
  </Placemark>
  <Placemark>
	<name>313</name>
	<Style><LineStyle><color>ff0000ff</color></LineStyle><PolyStyle><fill>0</fill></PolyStyle></Style>
      <Polygon><outerBoundaryIs><LinearRing><coordinates>28.0177711223766,-26.1325959925952 28.0177912389443,-26.1326345210041 28.0178113555119,-26.1326345210041 28.0178475653336,-26.1326128487756 28.0177711223766,-26.1325959925952</coordinates></LinearRing></outerBoundaryIs></Polygon>
  </Placemark>
  <Placemark>
	<name>326</name>
	<Style><LineStyle><color>ff0000ff</color></LineStyle><PolyStyle><fill>0</fill></PolyStyle></Style>
      <Polygon><outerBoundaryIs><LinearRing><coordinates>28.0183115874931,-26.1328175307728 28.0182861065075,-26.1328981994614 28.0183156108067,-26.1328933834218 28.0183290218517,-26.1328259588474 28.0182995175526,-26.1328103067084 28.0183115874931,-26.1328175307728</coordinates></LinearRing></outerBoundaryIs></Polygon>
  </Placemark>
  <Placemark>
	<name>336</name>
	<Style><LineStyle><color>ff0000ff</color></LineStyle><PolyStyle><fill>0</fill></PolyStyle></Style>
      <Polygon><outerBoundaryIs><LinearRing><coordinates>28.0178412671167,-26.1321737489467 28.0178305382806,-26.1321906051881 28.0178600425798,-26.1321990333079 28.0178654069978,-26.1321845851021 28.0178412671167,-26.1321737489467</coordinates></LinearRing></outerBoundaryIs></Polygon>
  </Placemark>
  <Placemark>
	<name>346</name>
	<Style><LineStyle><color>ff0000ff</color></LineStyle><PolyStyle><fill>0</fill></PolyStyle></Style>
      <Polygon><outerBoundaryIs><LinearRing><coordinates>28.0181635658261,-26.1315542874388 28.0181622247216,-26.1315735518167 28.0182011167523,-26.1315795719341 28.0182091633794,-26.1315627156045 28.0181635658261,-26.1315542874388</coordinates></LinearRing></outerBoundaryIs></Polygon>
  </Placemark>
  <Placemark>
	<name>381</name>
	<Style><LineStyle><color>ff0000ff</color></LineStyle><PolyStyle><fill>0</fill></PolyStyle></Style>
      <Polygon><outerBoundaryIs><LinearRing><coordinates>30.5324811760859,-29.7265179682799 30.5324758116679,-29.7265377667837 30.5326340619998,-29.7265610591361 30.5326447908358,-29.7265412606369 30.5324811760859,-29.7265179682799</coordinates></LinearRing></outerBoundaryIs></Polygon>
  </Placemark>
  <Placemark>
	<name>404</name>
	<Style><LineStyle><color>ff0000ff</color></LineStyle><PolyStyle><fill>0</fill></PolyStyle></Style>
      <Polygon><outerBoundaryIs><LinearRing><coordinates>27.9490707770362,-26.1054709082427 27.9490734592452,-26.1054901769209 27.949133808948,-26.1054672953652 27.949125762321,-26.1054468223905 27.9490707770362,-26.1054709082427</coordinates></LinearRing></outerBoundaryIs></Polygon>
  </Placemark>
  <Placemark>
	<name>409</name>
	<Style><LineStyle><color>ff0000ff</color></LineStyle><PolyStyle><fill>0</fill></PolyStyle></Style>
      <Polygon><outerBoundaryIs><LinearRing><coordinates>27.9494422629847,-26.1055347357271 27.9494368985667,-26.1055467786448 27.9494824961199,-26.1055564129781 27.949490542747,-26.1055443700614 27.9494422629847,-26.1055347357271</coordinates></LinearRing></outerBoundaryIs></Polygon>
  </Placemark>
  <Placemark>
	<name>421</name>
	<Style><LineStyle><color>ff0000ff</color></LineStyle><PolyStyle><fill>0</fill></PolyStyle></Style>
      <Polygon><outerBoundaryIs><LinearRing><coordinates>27.9489645471564,-26.1065272162644 27.9489725937839,-26.106540463362 27.9490235557578,-26.1065139691653 27.9490168502349,-26.1065019263466 27.9489645471564,-26.1065272162644</coordinates></LinearRing></outerBoundaryIs></Polygon>
  </Placemark>
  <Placemark>
	<name>424</name>
	<Style><LineStyle><color>ff0000ff</color></LineStyle><PolyStyle><fill>0</fill></PolyStyle></Style>
      <Polygon><outerBoundaryIs><LinearRing><coordinates>27.9499238844067,-26.107051880661 27.9499064500481,-26.1070615148702 27.9499346132427,-26.1070880089415 27.9499560709148,-26.1070831918381 27.9499238844067,-26.107051880661</coordinates></LinearRing></outerBoundaryIs></Polygon>
  </Placemark>
  <Placemark>
	<name>429</name>
	<Style><LineStyle><color>ff0000ff</color></LineStyle><PolyStyle><fill>0</fill></PolyStyle></Style>
      <Polygon><outerBoundaryIs><LinearRing><coordinates>27.9504697139412,-26.1077202520436 27.9504335041195,-26.1077708313441 27.9504469151646,-26.1077840783001 27.9504858071953,-26.1077262733901 27.9504697139412,-26.1077202520436</coordinates></LinearRing></outerBoundaryIs></Polygon>
  </Placemark>
  <Placemark>
	<name>450</name>
	<Style><LineStyle><color>ff0000ff</color></LineStyle><PolyStyle><fill>0</fill></PolyStyle></Style>
      <Polygon><outerBoundaryIs><LinearRing><coordinates>27.950666395841,-26.1062046794161 27.9506637136319,-26.1062239479734 27.9506972412446,-26.1062215394039 27.9507026056627,-26.106205883701 27.950666395841,-26.1062046794161</coordinates></LinearRing></outerBoundaryIs></Polygon>
  </Placemark>
  <Placemark>
	<name>451</name>
	<Style><LineStyle><color>ff0000ff</color></LineStyle><PolyStyle><fill>0</fill></PolyStyle></Style>
      <Polygon><outerBoundaryIs><LinearRing><coordinates>27.9506315271238,-26.1062299693969 27.9506275038102,-26.1062408079584 27.9506865124086,-26.106244420812 27.9506959001401,-26.1062311736815 27.9506315271238,-26.1062299693969</coordinates></LinearRing></outerBoundaryIs></Polygon>
  </Placemark>
  <Placemark>
	<name>455</name>
	<Style><LineStyle><color>ff0000ff</color></LineStyle><PolyStyle><fill>0</fill></PolyStyle></Style>
      <Polygon><outerBoundaryIs><LinearRing><coordinates>27.9516789297441,-26.1064816646218 27.9516802708486,-26.1064973202878 27.9517419616559,-26.1064816646218 27.9517392794469,-26.106467213236 27.9516789297441,-26.1064816646218</coordinates></LinearRing></outerBoundaryIs></Polygon>
  </Placemark>
  <Placemark>
	<name>509</name>
	<Style><LineStyle><color>ff0000ff</color></LineStyle><PolyStyle><fill>0</fill></PolyStyle></Style>
      <Polygon><outerBoundaryIs><LinearRing><coordinates>28.1856580525977,-25.9039098221134 28.1856513470751,-25.9039267111664 28.1857237667185,-25.9039315366097 28.1857304722411,-25.9039146475574 28.1856580525977,-25.9039098221134</coordinates></LinearRing></outerBoundaryIs></Polygon>
  </Placemark>
  <Placemark>
	<name>510</name>
	<Style><LineStyle><color>ff0000ff</color></LineStyle><PolyStyle><fill>0</fill></PolyStyle></Style>
      <Polygon><outerBoundaryIs><LinearRing><coordinates>28.1854488402945,-25.9040956015634 28.18544749919,-25.904108871513 28.1854810268027,-25.9041173160255 28.1854863912207,-25.9040980142817 28.1854488402945,-25.9040956015634</coordinates></LinearRing></outerBoundaryIs></Polygon>
  </Placemark>
  <Placemark>
	<name>514</name>
	<Style><LineStyle><color>ff0000ff</color></LineStyle><PolyStyle><fill>0</fill></PolyStyle></Style>
      <Polygon><outerBoundaryIs><LinearRing><coordinates>28.1864091931502,-25.9046469784629 28.1864172397773,-25.9046626610571 28.1864668606441,-25.9046361212811 28.1864668606441,-25.9046204386834 28.1864091931502,-25.9046469784629</coordinates></LinearRing></outerBoundaryIs></Polygon>
  </Placemark>
  <Placemark>
	<name>542</name>
	<Style><LineStyle><color>ff0000ff</color></LineStyle><PolyStyle><fill>0</fill></PolyStyle></Style>
      <Polygon><outerBoundaryIs><LinearRing><coordinates>28.1872470863668,-25.9052890993943 28.1872417219488,-25.9053108136367 28.1873060949651,-25.9053180517166 28.1873168238012,-25.9053023692095 28.1872470863668,-25.9052890993943</coordinates></LinearRing></outerBoundaryIs></Polygon>
  </Placemark>
  <Placemark>
	<name>546</name>
	<Style><LineStyle><color>ff0000ff</color></LineStyle><PolyStyle><fill>0</fill></PolyStyle></Style>
      <Polygon><outerBoundaryIs><LinearRing><coordinates>28.1882891245691,-25.905483321087 28.1882958300916,-25.9055050352937 28.188365567526,-25.9054784957072 28.188357520899,-25.905459194186 28.1882891245691,-25.905483321087</coordinates></LinearRing></outerBoundaryIs></Polygon>
  </Placemark>
  <Placemark>
	<name>563</name>
	<Style><LineStyle><color>ff0000ff</color></LineStyle><PolyStyle><fill>0</fill></PolyStyle></Style>
      <Polygon><outerBoundaryIs><LinearRing><coordinates>28.1893572951217,-25.9059350791368 28.1893452251812,-25.9059519678998 28.1893894816299,-25.9059857454187 28.189408257093,-25.9059712693404 28.1893572951217,-25.9059350791368</coordinates></LinearRing></outerBoundaryIs></Polygon>
  </Placemark>
  <Placemark>
	<name>570</name>
	<Style><LineStyle><color>ff0000ff</color></LineStyle><PolyStyle><fill>0</fill></PolyStyle></Style>
      <Polygon><outerBoundaryIs><LinearRing><coordinates>28.1900841737648,-25.9062354574903 28.1900734449287,-25.9062535525474 28.1901324535271,-25.9062740602754 28.1901472056766,-25.9062571715584 28.1900841737648,-25.9062354574903</coordinates></LinearRing></outerBoundaryIs></Polygon>
  </Placemark>
  <Placemark>
	<name>574</name>
	<Style><LineStyle><color>ff0000ff</color></LineStyle><PolyStyle><fill>0</fill></PolyStyle></Style>
      <Polygon><outerBoundaryIs><LinearRing><coordinates>28.1910859788318,-25.9059676503205 28.1910806144138,-25.9059881580982 28.191120847549,-25.905989364438 28.1911221886535,-25.9059712693404 28.1910859788318,-25.9059676503205</coordinates></LinearRing></outerBoundaryIs></Polygon>
  </Placemark>
  <Placemark>
	<name>575</name>
	<Style><LineStyle><color>ff0000ff</color></LineStyle><PolyStyle><fill>0</fill></PolyStyle></Style>
      <Polygon><outerBoundaryIs><LinearRing><coordinates>28.1909733260532,-25.9059929834572 28.1909733260532,-25.9060074595329 28.1909827137848,-25.9060074595329 28.1909813726803,-25.9060243482856 28.191017582502,-25.9060315863217 28.191014900293,-25.9059966024763 28.1909733260532,-25.9059929834572</coordinates></LinearRing></outerBoundaryIs></Polygon>
  </Placemark>
  <Placemark>
	<name>595</name>
	<Style><LineStyle><color>ff0000ff</color></LineStyle><PolyStyle><fill>0</fill></PolyStyle></Style>
      <Polygon><outerBoundaryIs><LinearRing><coordinates>28.1896888357816,-25.9066920977912 28.1896727425275,-25.9067029547838 28.1896834713636,-25.9067246687659 28.1896995646177,-25.9067222561014 28.1896888357816,-25.9066920977912</coordinates></LinearRing></outerBoundaryIs></Polygon>
  </Placemark>
  <Placemark>
	<name>606</name>
	<Style><LineStyle><color>ff0000ff</color></LineStyle><PolyStyle><fill>0</fill></PolyStyle></Style>
      <Polygon><outerBoundaryIs><LinearRing><coordinates>28.1864227094119,-25.9058936139831 28.1864347793524,-25.9059213598166 28.1864924468463,-25.9058767252117 28.1864830591147,-25.9058513920501 28.1864227094119,-25.9058936139831</coordinates></LinearRing></outerBoundaryIs></Polygon>
  </Placemark>
  <Placemark>
	<name>616</name>
	<Style><LineStyle><color>ff0000ff</color></LineStyle><PolyStyle><fill>0</fill></PolyStyle></Style>
      <Polygon><outerBoundaryIs><LinearRing><coordinates>28.1860807277625,-25.9064979891401 28.1860807277625,-25.9065546868502 28.1861115731661,-25.9065691628569 28.1861129142707,-25.9064991954746 28.1860807277625,-25.9064979891401</coordinates></LinearRing></outerBoundaryIs></Polygon>
  </Placemark>
  <Placemark>
	<name>624</name>
	<Style><LineStyle><color>ff0000ff</color></LineStyle><PolyStyle><fill>0</fill></PolyStyle></Style>
      <Polygon><outerBoundaryIs><LinearRing><coordinates>28.1866171695655,-25.9071904231385 28.1866171695655,-25.9072121370309 28.1866359450286,-25.9072109307036 28.1866359450286,-25.9071880104835 28.1866171695655,-25.9071904231385</coordinates></LinearRing></outerBoundaryIs></Polygon>
  </Placemark>
  <Placemark>
	<name>633</name>
	<Style><LineStyle><color>ff0000ff</color></LineStyle><PolyStyle><fill>0</fill></PolyStyle></Style>
      <Polygon><outerBoundaryIs><LinearRing><coordinates>28.1864811756333,-25.9083935964852 28.1864583768567,-25.9084008343759 28.1865026333055,-25.9084683880015 28.1865240909776,-25.9084611501149 28.1864811756333,-25.9083935964852</coordinates></LinearRing></outerBoundaryIs></Polygon>
  </Placemark>
  <Placemark>
	<name>639</name>
	<Style><LineStyle><color>ff0000ff</color></LineStyle><PolyStyle><fill>0</fill></PolyStyle></Style>
      <Polygon><outerBoundaryIs><LinearRing><coordinates>28.1851752565937,-25.9086823603162 28.1851725743847,-25.908700454998 28.1851913498478,-25.90870166131 28.1851926909523,-25.908687185565 28.1851752565937,-25.9086823603162</coordinates></LinearRing></outerBoundaryIs></Polygon>
  </Placemark>
  <Placemark>
	<name>645</name>
	<Style><LineStyle><color>ff0000ff</color></LineStyle><PolyStyle><fill>0</fill></PolyStyle></Style>
      <Polygon><outerBoundaryIs><LinearRing><coordinates>28.1856003867226,-25.9080550762996 28.1855990456181,-25.9080792026696 28.1856661008435,-25.9080888532162 28.1856687830525,-25.9080671394852 28.1856003867226,-25.9080550762996</coordinates></LinearRing></outerBoundaryIs></Polygon>
  </Placemark>
  <Placemark>
	<name>650</name>
	<Style><LineStyle><color>ff0000ff</color></LineStyle><PolyStyle><fill>0</fill></PolyStyle></Style>
      <Polygon><outerBoundaryIs><LinearRing><coordinates>28.1856902407246,-25.9077595278663 28.1856593953209,-25.9077800353325 28.1856714652615,-25.9077945111889 28.1856969462471,-25.9077727974037 28.1856902407246,-25.9077595278663</coordinates></LinearRing></outerBoundaryIs></Polygon>
  </Placemark>
  <Placemark>
	<name>666</name>
	<Style><LineStyle><color>ff0000ff</color></LineStyle><PolyStyle><fill>0</fill></PolyStyle></Style>
      <Polygon><outerBoundaryIs><LinearRing><coordinates>28.1847989127068,-25.9069412799647 28.1847935482888,-25.9069545495941 28.1848471924691,-25.9069605812433 28.1848445102601,-25.9069424862947 28.1847989127068,-25.9069412799647</coordinates></LinearRing></outerBoundaryIs></Polygon>
  </Placemark>
  <Placemark>
	<name>673</name>
	<Style><LineStyle><color>ff0000ff</color></LineStyle><PolyStyle><fill>0</fill></PolyStyle></Style>
      <Polygon><outerBoundaryIs><LinearRing><coordinates>28.1855593189625,-25.9066252450054 28.1855620011716,-25.9066662603286 28.1855901643662,-25.9066674666614 28.1855861410527,-25.9066204196723 28.1855593189625,-25.9066252450054</coordinates></LinearRing></outerBoundaryIs></Polygon>
  </Placemark>
  <Placemark>
	<name>706</name>
	<Style><LineStyle><color>ff0000ff</color></LineStyle><PolyStyle><fill>0</fill></PolyStyle></Style>
      <Polygon><outerBoundaryIs><LinearRing><coordinates>18.6793710637049,-33.9501316387069 18.6793858158545,-33.9501416510113 18.6794180023627,-33.9500982643507 18.6793965446906,-33.9500893645201 18.6793710637049,-33.9501316387069</coordinates></LinearRing></outerBoundaryIs></Polygon>
  </Placemark>
  <Placemark>
	<name>719</name>
	<Style><LineStyle><color>ff0000ff</color></LineStyle><PolyStyle><fill>0</fill></PolyStyle></Style>
      <Polygon><outerBoundaryIs><LinearRing><coordinates>18.8606880748697,-33.9394288348849 18.8606961214967,-33.9394499746283 18.8607323313184,-33.9394399610663 18.8607242846914,-33.939421046557 18.8606880748697,-33.9394288348849</coordinates></LinearRing></outerBoundaryIs></Polygon>
  </Placemark>
  <Placemark>
	<name>751</name>
	<Style><LineStyle><color>ff0000ff</color></LineStyle><PolyStyle><fill>0</fill></PolyStyle></Style>
      <Polygon><outerBoundaryIs><LinearRing><coordinates>18.8622657606762,-33.9402378058945 18.8622764895123,-33.940262283259 18.8623489091557,-33.9402467067551 18.8623381803196,-33.9402244546018 18.8622657606762,-33.9402378058945</coordinates></LinearRing></outerBoundaryIs></Polygon>
  </Placemark>
  <Placemark>
	<name>756</name>
	<Style><LineStyle><color>ff0000ff</color></LineStyle><PolyStyle><fill>0</fill></PolyStyle></Style>
      <Polygon><outerBoundaryIs><LinearRing><coordinates>27.7938745033081,-26.0837023437274 27.7938798677261,-26.0837167979258 27.7939013253983,-26.0837155934093 27.7938932787712,-26.0836999346942 27.7938745033081,-26.0837023437274</coordinates></LinearRing></outerBoundaryIs></Polygon>
  </Placemark>
  <Placemark>
	<name>757</name>
	<Style><LineStyle><color>ff0000ff</color></LineStyle><PolyStyle><fill>0</fill></PolyStyle></Style>
      <Polygon><outerBoundaryIs><LinearRing><coordinates>27.7938409756954,-26.083726434057 27.793850363427,-26.0837408882525 27.7938892554577,-26.0837360701875 27.7938798677261,-26.0837192069587 27.7938409756954,-26.083726434057</coordinates></LinearRing></outerBoundaryIs></Polygon>
  </Placemark>
  <Placemark>
	<name>764</name>
	<Style><LineStyle><color>ff0000ff</color></LineStyle><PolyStyle><fill>0</fill></PolyStyle></Style>
      <Polygon><outerBoundaryIs><LinearRing><coordinates>27.7939898382958,-26.0840287672725 27.7940112959679,-26.0840239492194 27.7939952027138,-26.083987813815 27.7939764272507,-26.0839902228423 27.7939898382958,-26.0840287672725</coordinates></LinearRing></outerBoundaryIs></Polygon>
  </Placemark>
  <Placemark>
	<name>795</name>
	<Style><LineStyle><color>ff0000ff</color></LineStyle><PolyStyle><fill>0</fill></PolyStyle></Style>
      <Polygon><outerBoundaryIs><LinearRing><coordinates>27.7965168496715,-26.0851794510276 27.7965248962985,-26.0851975185473 27.7965704938518,-26.0851939050436 27.7965611061202,-26.0851613835051 27.7965356251346,-26.0851637925083 27.7965423306571,-26.0851758375233 27.7965168496715,-26.0851794510276</coordinates></LinearRing></outerBoundaryIs></Polygon>
  </Placemark>
  <Placemark>
	<name>796</name>
	<Style><LineStyle><color>ff0000ff</color></LineStyle><PolyStyle><fill>0</fill></PolyStyle></Style>
      <Polygon><outerBoundaryIs><LinearRing><coordinates>27.796595068729,-26.085634816907 27.7965937276245,-26.085664929321 27.7966406662822,-26.0856733607956 27.7966446895957,-26.0856468618735 27.796595068729,-26.085634816907</coordinates></LinearRing></outerBoundaryIs></Polygon>
  </Placemark>
  <Placemark>
	<name>828</name>
	<Style><LineStyle><color>ff0000ff</color></LineStyle><PolyStyle><fill>0</fill></PolyStyle></Style>
      <Polygon><outerBoundaryIs><LinearRing><coordinates>27.7983666963058,-26.0890798042743 27.798393518396,-26.0890773953518 27.7983747429329,-26.0890147633483 27.7983452386337,-26.0890195811959 27.7983666963058,-26.0890798042743</coordinates></LinearRing></outerBoundaryIs></Polygon>
  </Placemark>
  <Placemark>
	<name>840</name>
	<Style><LineStyle><color>ff0000ff</color></LineStyle><PolyStyle><fill>0</fill></PolyStyle></Style>
      <Polygon><outerBoundaryIs><LinearRing><coordinates>27.7964370407631,-26.0868299924854 27.7964531340172,-26.086838423876 27.7964880027344,-26.0868059027946 27.7964745916893,-26.0867938579473 27.7964370407631,-26.0868299924854</coordinates></LinearRing></outerBoundaryIs></Polygon>
  </Placemark>
  <Placemark>
	<name>842</name>
	<Style><LineStyle><color>ff0000ff</color></LineStyle><PolyStyle><fill>0</fill></PolyStyle></Style>
      <Polygon><outerBoundaryIs><LinearRing><coordinates>27.7963158738486,-26.0863774546017 27.7963292848937,-26.0864340655745 27.796385611283,-26.0864268386433 27.796382929074,-26.0864063623359 27.7964312088362,-26.0864027488695 27.7964271855227,-26.0863858860249 27.7963762235514,-26.0863894994918 27.7963708591334,-26.0863750456235 27.7963158738486,-26.0863774546017</coordinates></LinearRing></outerBoundaryIs></Polygon>
  </Placemark>
  <Placemark>
	<name>859</name>
	<Style><LineStyle><color>ff0000ff</color></LineStyle><PolyStyle><fill>0</fill></PolyStyle></Style>
      <Polygon><outerBoundaryIs><LinearRing><coordinates>27.766025159612,-26.0775346218681 27.766033206239,-26.0775478722482 27.7660855093148,-26.077533417288 27.7660761215832,-26.0775213714866 27.766025159612,-26.0775346218681</coordinates></LinearRing></outerBoundaryIs></Polygon>
  </Placemark>
  <Placemark>
	<name>877</name>
	<Style><LineStyle><color>ff0000ff</color></LineStyle><PolyStyle><fill>0</fill></PolyStyle></Style>
      <Polygon><outerBoundaryIs><LinearRing><coordinates>27.7671486008927,-26.0754053152381 27.7671633530423,-26.0754378394871 27.7672411371037,-26.0754173612573 27.7672210205361,-26.0753836324004 27.7671486008927,-26.0754053152381</coordinates></LinearRing></outerBoundaryIs></Polygon>
  </Placemark>
  <Placemark>
	<name>904</name>
	<Style><LineStyle><color>ff0000ff</color></LineStyle><PolyStyle><fill>0</fill></PolyStyle></Style>
      <Polygon><outerBoundaryIs><LinearRing><coordinates>27.998297600166,-26.2480419380152 27.9983271044651,-26.2480178816058 27.9982908946434,-26.2479805941613 27.9982627314488,-26.2480010421162 27.998297600166,-26.2480419380152</coordinates></LinearRing></outerBoundaryIs></Polygon>
  </Placemark>
  <Placemark>
	<name>907</name>
	<Style><LineStyle><color>ff0000ff</color></LineStyle><PolyStyle><fill>0</fill></PolyStyle></Style>
      <Polygon><outerBoundaryIs><LinearRing><coordinates>27.9994694801281,-26.2480728555172 27.9994869144867,-26.2480596244962 27.9994346114109,-26.2480030919347 27.9994144948433,-26.2480151201416 27.9994694801281,-26.2480728555172</coordinates></LinearRing></outerBoundaryIs></Polygon>
  </Placemark>
  <Placemark>
	<name>914</name>
	<Style><LineStyle><color>ff0000ff</color></LineStyle><PolyStyle><fill>0</fill></PolyStyle></Style>
      <Polygon><outerBoundaryIs><LinearRing><coordinates>27.9984107556786,-26.2485533392757 27.9984228256192,-26.2485725843149 27.9984456243958,-26.2485593533508 27.9984308722462,-26.2485425139397 27.9984107556786,-26.2485533392757</coordinates></LinearRing></outerBoundaryIs></Polygon>
  </Placemark>
  <Placemark>
	<name>936</name>
	<Style><LineStyle><color>ff0000ff</color></LineStyle><PolyStyle><fill>0</fill></PolyStyle></Style>
      <Polygon><outerBoundaryIs><LinearRing><coordinates>18.3796401624011,-33.3824137521984 18.3796884421634,-33.382436149091 18.3797098998355,-33.3823991942151 18.3796616200732,-33.3823801568486 18.3796401624011,-33.3824137521984</coordinates></LinearRing></outerBoundaryIs></Polygon>
  </Placemark>
  <Placemark>
	<name>950</name>
	<Style><LineStyle><color>ff0000ff</color></LineStyle><PolyStyle><fill>0</fill></PolyStyle></Style>
      <Polygon><outerBoundaryIs><LinearRing><coordinates>18.3780895361792,-33.3768715336142 18.3780747840297,-33.3769129705018 18.3781767079722,-33.3769532874547 18.3781914601218,-33.3769129705018 18.3780895361792,-33.3768715336142</coordinates></LinearRing></outerBoundaryIs></Polygon>
  </Placemark>
  <Placemark>
	<name>951</name>
	<Style><LineStyle><color>ff0000ff</color></LineStyle><PolyStyle><fill>0</fill></PolyStyle></Style>
      <Polygon><outerBoundaryIs><LinearRing><coordinates>18.3783789407306,-33.378673373347 18.3783735763126,-33.3786980109884 18.3784151505523,-33.3787114496989 18.3784191738659,-33.3786901717396 18.3783789407306,-33.378673373347</coordinates></LinearRing></outerBoundaryIs></Polygon>
  </Placemark>
  <Placemark>
	<name>965</name>
	<Style><LineStyle><color>ff0000ff</color></LineStyle><PolyStyle><fill>0</fill></PolyStyle></Style>
      <Polygon><outerBoundaryIs><LinearRing><coordinates>18.3745621930321,-33.3790395826817 18.3745809684952,-33.3790485417871 18.3746185194214,-33.3789835882521 18.3745970617493,-33.3789746291401 18.3745621930321,-33.3790395826817</coordinates></LinearRing></outerBoundaryIs></Polygon>
  </Placemark>
  <Placemark>
	<name>978</name>
	<Style><LineStyle><color>ff0000ff</color></LineStyle><PolyStyle><fill>0</fill></PolyStyle></Style>
      <Polygon><outerBoundaryIs><LinearRing><coordinates>18.3774345315754,-33.3765338225415 18.3774345315754,-33.376558460789 18.3774720825017,-33.3765607006293 18.3774694002926,-33.3765383022234 18.3774345315754,-33.3765338225415</coordinates></LinearRing></outerBoundaryIs></Polygon>
  </Placemark>
  <Placemark>
	<name>992</name>
	<Style><LineStyle><color>ff0000ff</color></LineStyle><PolyStyle><fill>0</fill></PolyStyle></Style>
      <Polygon><outerBoundaryIs><LinearRing><coordinates>22.0391633797424,-34.1963152732243 22.0391526509063,-34.196327474973 22.0391674030559,-34.1963363489709 22.0391781318919,-34.1963263657232 22.0391633797424,-34.1963152732243</coordinates></LinearRing></outerBoundaryIs></Polygon>
  </Placemark>
  <Placemark>
	<name>1011</name>
	<Style><LineStyle><color>ff0000ff</color></LineStyle><PolyStyle><fill>0</fill></PolyStyle></Style>
      <Polygon><outerBoundaryIs><LinearRing><coordinates>22.0398468855779,-34.1982333935189 22.0398589555185,-34.1982489226637 22.0399032119672,-34.1982278473951 22.0398857776086,-34.1982145366964 22.0398468855779,-34.1982333935189</coordinates></LinearRing></outerBoundaryIs></Polygon>
  </Placemark>
  <Placemark>
	<name>1013</name>
	<Style><LineStyle><color>ff0000ff</color></LineStyle><PolyStyle><fill>0</fill></PolyStyle></Style>
      <Polygon><outerBoundaryIs><LinearRing><coordinates>22.0418125053796,-34.1946104526307 22.0418272575292,-34.1946182175371 22.0418393274698,-34.1945993599061 22.0418259164247,-34.1945938135432 22.0418125053796,-34.1946104526307</coordinates></LinearRing></outerBoundaryIs></Polygon>
  </Placemark>
  <Placemark>
	<name>1017</name>
	<Style><LineStyle><color>ff0000ff</color></LineStyle><PolyStyle><fill>0</fill></PolyStyle></Style>
      <Polygon><outerBoundaryIs><LinearRing><coordinates>22.0402919828541,-34.198600591006 22.0403053938992,-34.1985939356864 22.0402933239586,-34.1985739697243 22.040278571809,-34.1985828434858 22.0402919828541,-34.198600591006</coordinates></LinearRing></outerBoundaryIs></Polygon>
  </Placemark>
  <Placemark>
	<name>1022</name>
	<Style><LineStyle><color>ff0000ff</color></LineStyle><PolyStyle><fill>0</fill></PolyStyle></Style>
      <Polygon><outerBoundaryIs><LinearRing><coordinates>22.0452761982346,-34.1973134450455 22.0452775393391,-34.1973289743597 22.0453097258473,-34.1973289743597 22.0453043614293,-34.1973145542823 22.0452761982346,-34.1973134450455</coordinates></LinearRing></outerBoundaryIs></Polygon>
  </Placemark>
  <Placemark>
	<name>1025</name>
	<Style><LineStyle><color>ff0000ff</color></LineStyle><PolyStyle><fill>0</fill></PolyStyle></Style>
      <Polygon><outerBoundaryIs><LinearRing><coordinates>22.0465809734641,-34.1974107126961 22.0465930434046,-34.1974107126961 22.0465917023001,-34.1973940741612 22.0465796323596,-34.197395183397 22.0465809734641,-34.1974107126961</coordinates></LinearRing></outerBoundaryIs></Polygon>
  </Placemark>
  <Placemark>
	<name>1036</name>
	<Style><LineStyle><color>ff0000ff</color></LineStyle><PolyStyle><fill>0</fill></PolyStyle></Style>
      <Polygon><outerBoundaryIs><LinearRing><coordinates>23.3648518942069,-34.0741481740173 23.3648465297889,-34.0742170469733 23.3649001739692,-34.0741892756268 23.3648518942069,-34.0741481740173</coordinates></LinearRing></outerBoundaryIs></Polygon>
  </Placemark>
  <Placemark>
	<name>1037</name>
	<Style><LineStyle><color>ff0000ff</color></LineStyle><PolyStyle><fill>0</fill></PolyStyle></Style>
      <Polygon><outerBoundaryIs><LinearRing><coordinates>23.364862623043,-34.0741426197442 23.3648881040286,-34.0741648368344 23.3649538181495,-34.0741692802517 23.3649645469855,-34.0741448414535 23.364862623043,-34.0741426197442</coordinates></LinearRing></outerBoundaryIs></Polygon>
  </Placemark>
  <Placemark>
	<name>1058</name>
	<Style><LineStyle><color>ff0000ff</color></LineStyle><PolyStyle><fill>0</fill></PolyStyle></Style>
      <Polygon><outerBoundaryIs><LinearRing><coordinates>23.3708077940276,-34.0714976837228 23.3708359572222,-34.0715310103963 23.3708600971034,-34.0715087926154 23.3708359572222,-34.0714810203811 23.3708077940276,-34.0714976837228</coordinates></LinearRing></outerBoundaryIs></Polygon>
  </Placemark>
  <Placemark>
	<name>1069</name>
	<Style><LineStyle><color>ff0000ff</color></LineStyle><PolyStyle><fill>0</fill></PolyStyle></Style>
      <Polygon><outerBoundaryIs><LinearRing><coordinates>23.3708587647656,-34.0743002242781 23.3708399893025,-34.0743324389969 23.3708909512738,-34.0743457692219 23.3709003390054,-34.0743157762128 23.3708587647656,-34.0743002242781</coordinates></LinearRing></outerBoundaryIs></Polygon>
  </Placemark>
  <Placemark>
	<name>1072</name>
	<Style><LineStyle><color>ff0000ff</color></LineStyle><PolyStyle><fill>0</fill></PolyStyle></Style>
      <Polygon><outerBoundaryIs><LinearRing><coordinates>23.3718829981422,-34.073679431823 23.3718628815745,-34.0737271988208 23.3719245723819,-34.073753859459 23.371948712263,-34.073702759895 23.3718829981422,-34.073679431823</coordinates></LinearRing></outerBoundaryIs></Polygon>
  </Placemark>
  <Placemark>
	<name>1086</name>
	<Style><LineStyle><color>ff0000ff</color></LineStyle><PolyStyle><fill>0</fill></PolyStyle></Style>
      <Polygon><outerBoundaryIs><LinearRing><coordinates>18.4961085245156,-33.8287685053737 18.4961433932328,-33.8288264365927 18.4961635098004,-33.8288175241001 18.4961286410832,-33.8287629350622 18.4961085245156,-33.8287685053737</coordinates></LinearRing></outerBoundaryIs></Polygon>
  </Placemark>
  <Placemark>
	<name>1093</name>
	<Style><LineStyle><color>ff0000ff</color></LineStyle><PolyStyle><fill>0</fill></PolyStyle></Style>
      <Polygon><outerBoundaryIs><LinearRing><coordinates>18.496186308577,-33.8280298788908 18.49617826195,-33.8280532743976 18.496262751534,-33.828076669898 18.496270798161,-33.8280543884692 18.496186308577,-33.8280298788908</coordinates></LinearRing></outerBoundaryIs></Polygon>
  </Placemark>
  <Placemark>
	<name>1128</name>
	<Style><LineStyle><color>ff0000ff</color></LineStyle><PolyStyle><fill>0</fill></PolyStyle></Style>
      <Polygon><outerBoundaryIs><LinearRing><coordinates>18.3531285528666,-34.1514639307333 18.3531446461207,-34.1514772488081 18.3531781737333,-34.1514506126564 18.3531580571657,-34.1514384044174 18.3531285528666,-34.1514639307333</coordinates></LinearRing></outerBoundaryIs></Polygon>
  </Placemark>
  <Placemark>
	<name>1137</name>
	<Style><LineStyle><color>ff0000ff</color></LineStyle><PolyStyle><fill>0</fill></PolyStyle></Style>
      <Polygon><outerBoundaryIs><LinearRing><coordinates>18.8665447812347,-33.3575323496156 18.8665944021015,-33.3575984393324 18.8666172008781,-33.3575861175246 18.8665675800114,-33.3575189076331 18.8665447812347,-33.3575323496156</coordinates></LinearRing></outerBoundaryIs></Polygon>
  </Placemark>
  <Placemark>
	<name>1157</name>
	<Style><LineStyle><color>ff0000ff</color></LineStyle><PolyStyle><fill>0</fill></PolyStyle></Style>
      <Polygon><outerBoundaryIs><LinearRing><coordinates>18.8685463961105,-33.3561306645972 18.8685571249466,-33.3561575489888 18.8686751421433,-33.3561015398302 18.8686590488892,-33.356076895789 18.8685463961105,-33.3561306645972</coordinates></LinearRing></outerBoundaryIs></Polygon>
  </Placemark>
  <Placemark>
	<name>1160</name>
	<Style><LineStyle><color>ff0000ff</color></LineStyle><PolyStyle><fill>0</fill></PolyStyle></Style>
      <Polygon><outerBoundaryIs><LinearRing><coordinates>18.8680260475617,-33.3554708742166 18.8680635984879,-33.3555201626353 18.868079691742,-33.3555134414889 18.8680448230248,-33.3554641530665 18.8680260475617,-33.3554708742166</coordinates></LinearRing></outerBoundaryIs></Polygon>
  </Placemark>
  <Placemark>
	<name>1164</name>
	<Style><LineStyle><color>ff0000ff</color></LineStyle><PolyStyle><fill>0</fill></PolyStyle></Style>
      <Polygon><outerBoundaryIs><LinearRing><coordinates>18.8666374563768,-33.3543166172751 18.8666508674219,-33.3543524638758 18.8667071938112,-33.3543255789266 18.866685736139,-33.3542930929353 18.8666374563768,-33.3543166172751</coordinates></LinearRing></outerBoundaryIs></Polygon>
  </Placemark>
  <Placemark>
	<name>1176</name>
	<Style><LineStyle><color>ff0000ff</color></LineStyle><PolyStyle><fill>0</fill></PolyStyle></Style>
      <Polygon><outerBoundaryIs><LinearRing><coordinates>18.8662408939753,-33.3502380509332 18.8662596694384,-33.3502279686017 18.8662328473482,-33.3501898797833 18.8662127307806,-33.3502033228976 18.8662408939753,-33.3502380509332</coordinates></LinearRing></outerBoundaryIs></Polygon>
  </Placemark>
  <Placemark>
	<name>1189</name>
	<Style><LineStyle><color>ff0000ff</color></LineStyle><PolyStyle><fill>0</fill></PolyStyle></Style>
      <Polygon><outerBoundaryIs><LinearRing><coordinates>18.8712515361155,-33.3547468552018 18.8712689704741,-33.3547692592183 18.8712756759967,-33.3547614178132 18.8712622649516,-33.3547423743979 18.8712515361155,-33.3547468552018</coordinates></LinearRing></outerBoundaryIs></Polygon>
  </Placemark>
  <Placemark>
	<name>1198</name>
	<Style><LineStyle><color>ff0000ff</color></LineStyle><PolyStyle><fill>0</fill></PolyStyle></Style>
      <Polygon><outerBoundaryIs><LinearRing><coordinates>29.8837977608004,-30.5763918116885 29.8837950785914,-30.5765199751125 29.8838956614295,-30.5765269028604 29.8838929792205,-30.5764022033238 29.8837977608004,-30.5763918116885</coordinates></LinearRing></outerBoundaryIs></Polygon>
  </Placemark>
  <Placemark>
	<name>1205</name>
	<Style><LineStyle><color>ff0000ff</color></LineStyle><PolyStyle><fill>0</fill></PolyStyle></Style>
      <Polygon><outerBoundaryIs><LinearRing><coordinates>28.2139344677081,-26.0008936432342 28.2139519020667,-26.0008791788224 28.2139116689315,-26.0008345802081 28.2138902112594,-26.0008478392573 28.2139344677081,-26.0008936432342</coordinates></LinearRing></outerBoundaryIs></Polygon>
  </Placemark>
  <Placemark>
	<name>1212</name>
	<Style><LineStyle><color>ff0000ff</color></LineStyle><PolyStyle><fill>0</fill></PolyStyle></Style>
      <Polygon><outerBoundaryIs><LinearRing><coordinates>30.9820347892622,-29.7079578739372 30.9820374714713,-29.7079916540984 30.9821179377417,-29.7079869947665 30.9821085500101,-29.7079543794372 30.9820347892622,-29.7079578739372</coordinates></LinearRing></outerBoundaryIs></Polygon>
  </Placemark>
  <Placemark>
	<name>1213</name>
	<Style><LineStyle><color>ff0000ff</color></LineStyle><PolyStyle><fill>0</fill></PolyStyle></Style>
      <Polygon><outerBoundaryIs><LinearRing><coordinates>24.3125534335107,-28.4076775440497 24.3125735500783,-28.4076858013556 24.3126271942586,-28.4075961505708 24.3126111010045,-28.4075855340255 24.3125534335107,-28.4076775440497</coordinates></LinearRing></outerBoundaryIs></Polygon>
  </Placemark>
  <Placemark>
	<name>1228</name>
	<Style><LineStyle><color>ff0000ff</color></LineStyle><PolyStyle><fill>0</fill></PolyStyle></Style>
      <Polygon><outerBoundaryIs><LinearRing><coordinates>28.2658313472919,-26.1150505268218 28.265850122755,-26.1150408932709 28.2658152540378,-26.1149927255048 28.2657978196792,-26.1150023590596 28.2658313472919,-26.1150505268218</coordinates></LinearRing></outerBoundaryIs></Polygon>
  </Placemark>
  <Placemark>
	<name>1235</name>
	<Style><LineStyle><color>ff0000ff</color></LineStyle><PolyStyle><fill>0</fill></PolyStyle></Style>
      <Polygon><outerBoundaryIs><LinearRing><coordinates>28.2670016210083,-26.116431161361 28.2670002799038,-26.1164528365914 28.2670230786805,-26.1164540407707 28.2670230786805,-26.116431161361 28.2670016210083,-26.116431161361</coordinates></LinearRing></outerBoundaryIs></Polygon>
  </Placemark>
  <Placemark>
	<name>1246</name>
	<Style><LineStyle><color>ff0000ff</color></LineStyle><PolyStyle><fill>0</fill></PolyStyle></Style>
      <Polygon><outerBoundaryIs><LinearRing><coordinates>27.4133874143329,-24.5929003078289 27.4133874143329,-24.5929283551714 27.4134102131095,-24.5929259162723 27.413406189796,-24.5928978689292 27.4133874143329,-24.5929003078289</coordinates></LinearRing></outerBoundaryIs></Polygon>
  </Placemark>
  <Placemark>
	<name>1271</name>
	<Style><LineStyle><color>ff0000ff</color></LineStyle><PolyStyle><fill>0</fill></PolyStyle></Style>
      <Polygon><outerBoundaryIs><LinearRing><coordinates>27.9024571848322,-26.1404430603891 27.9024571848322,-26.1404623233006 27.9024907124449,-26.1404623233006 27.9024907124449,-26.1404466721852 27.9024571848322,-26.1404430603891</coordinates></LinearRing></outerBoundaryIs></Polygon>
  </Placemark>
  <Placemark>
	<name>1274</name>
	<Style><LineStyle><color>ff0000ff</color></LineStyle><PolyStyle><fill>0</fill></PolyStyle></Style>
      <Polygon><outerBoundaryIs><LinearRing><coordinates>27.9025202167438,-26.1404695468915 27.9025161934302,-26.1404779744139 27.9025403333119,-26.1404791783456 27.9025416744164,-26.1404695468915 27.9025202167438,-26.1404695468915</coordinates></LinearRing></outerBoundaryIs></Polygon>
  </Placemark>
  <Placemark>
	<name>1284</name>
	<Style><LineStyle><color>ff0000ff</color></LineStyle><PolyStyle><fill>0</fill></PolyStyle></Style>
      <Polygon><outerBoundaryIs><LinearRing><coordinates>27.9056693639169,-26.1402344687565 27.9056666817078,-26.1402549356364 27.9057082559476,-26.1402609553063 27.9057149614701,-26.1402404884275 27.9056693639169,-26.1402344687565</coordinates></LinearRing></outerBoundaryIs></Polygon>
  </Placemark>
  <Placemark>
	<name>1288</name>
	<Style><LineStyle><color>ff0000ff</color></LineStyle><PolyStyle><fill>0</fill></PolyStyle></Style>
      <Polygon><outerBoundaryIs><LinearRing><coordinates>27.9034041727602,-26.1413026588719 27.9034028316557,-26.1413243294876 27.9034162427008,-26.1413243294876 27.9034081960737,-26.1413532236355 27.903464522463,-26.1413604471713 27.9034698868811,-26.1413110863341 27.9034041727602,-26.1413026588719</coordinates></LinearRing></outerBoundaryIs></Polygon>
  </Placemark>
  <Placemark>
	<name>1293</name>
	<Style><LineStyle><color>ff0000ff</color></LineStyle><PolyStyle><fill>0</fill></PolyStyle></Style>
      <Polygon><outerBoundaryIs><LinearRing><coordinates>27.9051368797838,-26.1414736158414 27.9051596785605,-26.1414748197629 27.9051569963514,-26.1414615766264 27.905166384083,-26.141462780548 27.905166384083,-26.1414411099581 27.9051569963514,-26.1414387021145 27.9051569963514,-26.1414278668178 27.9051355386793,-26.1414266628959 27.9051368797838,-26.1414736158414</coordinates></LinearRing></outerBoundaryIs></Polygon>
  </Placemark>
  <Placemark>
	<name>1318</name>
	<Style><LineStyle><color>ff0000ff</color></LineStyle><PolyStyle><fill>0</fill></PolyStyle></Style>
      <Polygon><outerBoundaryIs><LinearRing><coordinates>27.9047732077712,-26.1426582683368 27.9047678433532,-26.1426811426098 27.9048898838634,-26.1426992012431 27.9048952482814,-26.1426775308827 27.9047732077712,-26.1426582683368</coordinates></LinearRing></outerBoundaryIs></Polygon>
  </Placemark>
  <Placemark>
	<name>1323</name>
	<Style><LineStyle><color>ff0000ff</color></LineStyle><PolyStyle><fill>0</fill></PolyStyle></Style>
      <Polygon><outerBoundaryIs><LinearRing><coordinates>27.907428594696,-26.1429760999386 27.9074272535915,-26.1430074014889 27.9074728511447,-26.143000178055 27.9074715100402,-26.1429688765027 27.907428594696,-26.1429760999386</coordinates></LinearRing></outerBoundaryIs></Polygon>
  </Placemark>
  <Placemark>
	<name>1338</name>
	<Style><LineStyle><color>ff0000ff</color></LineStyle><PolyStyle><fill>0</fill></PolyStyle></Style>
      <Polygon><outerBoundaryIs><LinearRing><coordinates>27.9069811858184,-26.1404354413468 27.9069597281462,-26.1404763750325 27.9069999612815,-26.14049684187 27.9070214189536,-26.1404571121234 27.9069811858184,-26.1404354413468</coordinates></LinearRing></outerBoundaryIs></Polygon>
  </Placemark>
  <Placemark>
	<name>1345</name>
	<Style><LineStyle><color>ff0000ff</color></LineStyle><PolyStyle><fill>0</fill></PolyStyle></Style>
      <Polygon><outerBoundaryIs><LinearRing><coordinates>27.9072606607339,-26.1400682414651 27.9072633429429,-26.1400850965669 27.9073652668855,-26.1400730572087 27.9073625846765,-26.1400562021051 27.9072606607339,-26.1400682414651</coordinates></LinearRing></outerBoundaryIs></Polygon>
  </Placemark>
  <Placemark>
	<name>1366</name>
	<Style><LineStyle><color>ff0000ff</color></LineStyle><PolyStyle><fill>0</fill></PolyStyle></Style>
      <Polygon><outerBoundaryIs><LinearRing><coordinates>19.2370137391403,-34.4181367667543 19.2370164213493,-34.4181710627769 19.2370378790214,-34.4181699564538 19.237041902335,-34.4181389794013 19.2370137391403,-34.4181367667543</coordinates></LinearRing></outerBoundaryIs></Polygon>
  </Placemark>
  <Placemark>
	<name>1373</name>
	<Style><LineStyle><color>ff0000ff</color></LineStyle><PolyStyle><fill>0</fill></PolyStyle></Style>
      <Polygon><outerBoundaryIs><LinearRing><coordinates>19.2359090776201,-34.4167358707192 19.2359104187246,-34.4167546785323 19.2359265119787,-34.4167568912159 19.2359265119787,-34.4167369770613 19.2359090776201,-34.4167358707192</coordinates></LinearRing></outerBoundaryIs></Polygon>
  </Placemark>
  <Placemark>
	<name>1375</name>
	<Style><LineStyle><color>ff0000ff</color></LineStyle><PolyStyle><fill>0</fill></PolyStyle></Style>
      <Polygon><outerBoundaryIs><LinearRing><coordinates>19.2358205647226,-34.4167779117073 19.2358379990812,-34.4167812307318 19.2358554334398,-34.416761316583 19.2358312935587,-34.4167546785323 19.2358205647226,-34.4167779117073</coordinates></LinearRing></outerBoundaryIs></Polygon>
  </Placemark>
  <Placemark>
	<name>1397</name>
	<Style><LineStyle><color>ff0000ff</color></LineStyle><PolyStyle><fill>0</fill></PolyStyle></Style>
      <Polygon><outerBoundaryIs><LinearRing><coordinates>26.8219293180544,-29.2402829743484 26.8219252947408,-29.2403063787346 26.821952116831,-29.2403122298303 26.82195479904,-29.2402853147873 26.8219293180544,-29.2402829743484</coordinates></LinearRing></outerBoundaryIs></Polygon>
  </Placemark>
  <Placemark>
	<name>1400</name>
	<Style><LineStyle><color>ff0000ff</color></LineStyle><PolyStyle><fill>0</fill></PolyStyle></Style>
      <Polygon><outerBoundaryIs><LinearRing><coordinates>31.0569895994034,-29.7570471591398 31.0569681417312,-29.7570820870383 31.0569788705673,-29.7570890726165 31.0569721650448,-29.7571007152458 31.057015080389,-29.7571216719751 31.0570526313152,-29.7570739371964 31.0570083748665,-29.7570471591398 31.0570030104484,-29.7570564732473 31.0569895994034,-29.7570471591398</coordinates></LinearRing></outerBoundaryIs></Polygon>
  </Placemark>
  <Placemark>
	<name>1420</name>
	<Style><LineStyle><color>ff0000ff</color></LineStyle><PolyStyle><fill>0</fill></PolyStyle></Style>
      <Polygon><outerBoundaryIs><LinearRing><coordinates>28.3212832079515,-25.6997843557843 28.3212885723696,-25.699803690833 28.3213060067282,-25.6997988570711 28.3213006423101,-25.6997783135809 28.3212832079515,-25.6997843557843</coordinates></LinearRing></outerBoundaryIs></Polygon>
  </Placemark>
  <Placemark>
	<name>1423</name>
	<Style><LineStyle><color>ff0000ff</color></LineStyle><PolyStyle><fill>0</fill></PolyStyle></Style>
      <Polygon><outerBoundaryIs><LinearRing><coordinates>28.325973355294,-25.7085552536524 28.325978719712,-25.708579420682 28.3260323638923,-25.7085697538707 28.3260243172652,-25.7085480035426 28.325973355294,-25.7085552536524</coordinates></LinearRing></outerBoundaryIs></Polygon>
  </Placemark>
  <Placemark>
	<name>1426</name>
	<Style><LineStyle><color>ff0000ff</color></LineStyle><PolyStyle><fill>0</fill></PolyStyle></Style>
      <Polygon><outerBoundaryIs><LinearRing><coordinates>28.3280987024888,-25.7080482222519 28.3281040669068,-25.7080639308886 28.3281228423699,-25.7080603058188 28.3281161368473,-25.7080458055384 28.3280987024888,-25.7080482222519</coordinates></LinearRing></outerBoundaryIs></Polygon>
  </Placemark>
  <Placemark>
	<name>1441</name>
	<Style><LineStyle><color>ff0000ff</color></LineStyle><PolyStyle><fill>0</fill></PolyStyle></Style>
      <Polygon><outerBoundaryIs><LinearRing><coordinates>27.2384949303518,-25.6527889225265 27.2384949303518,-25.6528034295327 27.2385163880239,-25.6527985938642 27.2385110236059,-25.6527852957746 27.2384949303518,-25.6527889225265</coordinates></LinearRing></outerBoundaryIs></Polygon>
  </Placemark>
  <Placemark>
	<name>1446</name>
	<Style><LineStyle><color>ff0000ff</color></LineStyle><PolyStyle><fill>0</fill></PolyStyle></Style>
      <Polygon><outerBoundaryIs><LinearRing><coordinates>28.3001874440952,-25.8289581121425 28.3002035373492,-25.8289400052451 28.3001726919456,-25.8289170698377 28.3001539164825,-25.8289363838652 28.3001874440952,-25.8289581121425</coordinates></LinearRing></outerBoundaryIs></Polygon>
  </Placemark>
  <Placemark>
	<name>1464</name>
	<Style><LineStyle><color>ff0000ff</color></LineStyle><PolyStyle><fill>0</fill></PolyStyle></Style>
      <Polygon><outerBoundaryIs><LinearRing><coordinates>28.2972821831353,-25.8297750602878 28.2972875475534,-25.8297943741754 28.2973787426599,-25.829778681642 28.2973733782419,-25.8297581606336 28.2972821831353,-25.8297750602878</coordinates></LinearRing></outerBoundaryIs></Polygon>
  </Placemark>
  <Placemark>
	<name>1469</name>
	<Style><LineStyle><color>ff0000ff</color></LineStyle><PolyStyle><fill>0</fill></PolyStyle></Style>
      <Polygon><outerBoundaryIs><LinearRing><coordinates>28.2490629974995,-26.1896012646886 28.2490629974995,-26.1896217229065 28.2491139594708,-26.1896241297554 28.2491085950528,-26.1896048749626 28.2490629974995,-26.1896012646886</coordinates></LinearRing></outerBoundaryIs></Polygon>
  </Placemark>
  <Placemark>
	<name>1471</name>
	<Style><LineStyle><color>ff0000ff</color></LineStyle><PolyStyle><fill>0</fill></PolyStyle></Style>
      <Polygon><outerBoundaryIs><LinearRing><coordinates>28.2492789153252,-26.1897216070951 28.2492789153252,-26.1897384550221 28.2493620638047,-26.1897408618686 28.2493566993867,-26.1897252173654 28.2492789153252,-26.1897216070951</coordinates></LinearRing></outerBoundaryIs></Polygon>
  </Placemark>
  <Placemark>
	<name>1496</name>
	<Style><LineStyle><color>ff0000ff</color></LineStyle><PolyStyle><fill>0</fill></PolyStyle></Style>
      <Polygon><outerBoundaryIs><LinearRing><coordinates>28.2503805082239,-26.1902665001327 28.2503805082239,-26.1902965855741 28.2504167180456,-26.1902977889916 28.2504328112997,-26.1903062129138 28.2504301290907,-26.1902785343102 28.2504153769411,-26.1902689069683 28.2503805082239,-26.1902665001327</coordinates></LinearRing></outerBoundaryIs></Polygon>
  </Placemark>
  <Placemark>
	<name>1500</name>
	<Style><LineStyle><color>ff0000ff</color></LineStyle><PolyStyle><fill>0</fill></PolyStyle></Style>
      <Polygon><outerBoundaryIs><LinearRing><coordinates>28.2502356689371,-26.1902171599918 28.2502303045191,-26.1902388215196 28.2502705376543,-26.1902424317739 28.2502799253859,-26.1902195668285 28.2502356689371,-26.1902171599918</coordinates></LinearRing></outerBoundaryIs></Polygon>
  </Placemark>
  <Placemark>
	<name>1527</name>
	<Style><LineStyle><color>ff0000ff</color></LineStyle><PolyStyle><fill>0</fill></PolyStyle></Style>
      <Polygon><outerBoundaryIs><LinearRing><coordinates>30.8408969191723,-29.755011584775 30.8408996013813,-29.7550325419412 30.8409291056804,-29.7550337062281 30.8409277645759,-29.7550139133493 30.8408969191723,-29.755011584775</coordinates></LinearRing></outerBoundaryIs></Polygon>
  </Placemark>
  <Placemark>
	<name>1552</name>
	<Style><LineStyle><color>ff0000ff</color></LineStyle><PolyStyle><fill>0</fill></PolyStyle></Style>
      <Polygon><outerBoundaryIs><LinearRing><coordinates>30.8443771194538,-29.7475867544245 30.844411988171,-29.7476181925006 30.8444589268288,-29.747570453196 30.8444253992161,-29.7475413438527 30.8443771194538,-29.7475867544245</coordinates></LinearRing></outerBoundaryIs></Polygon>
  </Placemark>
  <Placemark>
	<name>1566</name>
	<Style><LineStyle><color>ff0000ff</color></LineStyle><PolyStyle><fill>0</fill></PolyStyle></Style>
      <Polygon><outerBoundaryIs><LinearRing><coordinates>28.1368175564726,-25.8791331750813 28.1368148742636,-25.8791452412233 28.1368269442042,-25.8791476544515 28.1368309675177,-25.8791380015383 28.1368175564726,-25.8791331750813</coordinates></LinearRing></outerBoundaryIs></Polygon>
  </Placemark>
  <Placemark>
	<name>1600</name>
	<Style><LineStyle><color>ff0000ff</color></LineStyle><PolyStyle><fill>0</fill></PolyStyle></Style>
      <Polygon><outerBoundaryIs><LinearRing><coordinates>28.1372880067261,-25.8756646912485 28.1373094643982,-25.8756622779491 28.1373054410847,-25.8756224585018 28.137282642308,-25.8756236651519 28.1372880067261,-25.8756646912485</coordinates></LinearRing></outerBoundaryIs></Polygon>
  </Placemark>
  <Placemark>
	<name>1611</name>
	<Style><LineStyle><color>ff0000ff</color></LineStyle><PolyStyle><fill>0</fill></PolyStyle></Style>
      <Polygon><outerBoundaryIs><LinearRing><coordinates>28.1377694632442,-25.8756996840843 28.1377748276623,-25.8757431234523 28.1378150607975,-25.8757358835587 28.137811037484,-25.8756972707856 28.1377694632442,-25.8756996840843</coordinates></LinearRing></outerBoundaryIs></Polygon>
  </Placemark>
  <Placemark>
	<name>1614</name>
	<Style><LineStyle><color>ff0000ff</color></LineStyle><PolyStyle><fill>0</fill></PolyStyle></Style>
      <Polygon><outerBoundaryIs><LinearRing><coordinates>28.137729230109,-25.8755391996141 28.1377359356316,-25.8755862589926 28.1377480055721,-25.8755838456916 28.1377453233631,-25.8755404062651 28.137729230109,-25.8755391996141</coordinates></LinearRing></outerBoundaryIs></Polygon>
  </Placemark>
  <Placemark>
	<name>1620</name>
	<Style><LineStyle><color>ff0000ff</color></LineStyle><PolyStyle><fill>0</fill></PolyStyle></Style>
      <Polygon><outerBoundaryIs><LinearRing><coordinates>28.1382938351067,-25.8755066200334 28.1382938351067,-25.8755476461706 28.1383461381824,-25.8755404062651 28.138350161496,-25.8755078266847 28.1382938351067,-25.8755066200334</coordinates></LinearRing></outerBoundaryIs></Polygon>
  </Placemark>
  <Placemark>
	<name>1625</name>
	<Style><LineStyle><color>ff0000ff</color></LineStyle><PolyStyle><fill>0</fill></PolyStyle></Style>
      <Polygon><outerBoundaryIs><LinearRing><coordinates>26.8231909239313,-26.3102710188095 26.8231909239313,-26.3102974666664 26.8232338392756,-26.3102974666664 26.823229815962,-26.3102686144585 26.8231909239313,-26.3102710188095</coordinates></LinearRing></outerBoundaryIs></Polygon>
  </Placemark>
  <Placemark>
	<name>1654</name>
	<Style><LineStyle><color>ff0000ff</color></LineStyle><PolyStyle><fill>0</fill></PolyStyle></Style>
      <Polygon><outerBoundaryIs><LinearRing><coordinates>30.9869339562432,-25.2891517951452 30.9869393206612,-25.2891808970059 30.9869527317063,-25.2891796844285 30.9869513906018,-25.2891505825675 30.9869339562432,-25.2891517951452</coordinates></LinearRing></outerBoundaryIs></Polygon>
  </Placemark>
  <Placemark>
	<name>1656</name>
	<Style><LineStyle><color>ff0000ff</color></LineStyle><PolyStyle><fill>0</fill></PolyStyle></Style>
      <Polygon><outerBoundaryIs><LinearRing><coordinates>30.9887327297245,-25.2892075150045 30.9887139542614,-25.2892257036599 30.9887488229786,-25.2892535929263 30.9887635751282,-25.2892366168519 30.9887327297245,-25.2892075150045</coordinates></LinearRing></outerBoundaryIs></Polygon>
  </Placemark>
  <Placemark>
	<name>1683</name>
	<Style><LineStyle><color>ff0000ff</color></LineStyle><PolyStyle><fill>0</fill></PolyStyle></Style>
      <Polygon><outerBoundaryIs><LinearRing><coordinates>22.6000281734132,-32.3493552273673 22.6000174445772,-32.3493994130588 22.6000871820115,-32.3494152745839 22.6001032752656,-32.3493665570338 22.6000281734132,-32.3493552273673</coordinates></LinearRing></outerBoundaryIs></Polygon>
  </Placemark>
  <Placemark>
	<name>1691</name>
	<Style><LineStyle><color>ff0000ff</color></LineStyle><PolyStyle><fill>0</fill></PolyStyle></Style>
      <Polygon><outerBoundaryIs><LinearRing><coordinates>22.6011363724808,-32.3531896391058 22.6011363724808,-32.3532258924969 22.601179287825,-32.3532213608238 22.6011806289295,-32.3531851074308 22.6011363724808,-32.3531896391058</coordinates></LinearRing></outerBoundaryIs></Polygon>
  </Placemark>
  <Placemark>
	<name>1702</name>
	<Style><LineStyle><color>ff0000ff</color></LineStyle><PolyStyle><fill>0</fill></PolyStyle></Style>
      <Polygon><outerBoundaryIs><LinearRing><coordinates>27.9390086038097,-32.9485269440647 27.9390179915413,-32.9485674584775 27.9390930933937,-32.9485517028747 27.9390837056621,-32.9485145646571 27.9390086038097,-32.9485269440647</coordinates></LinearRing></outerBoundaryIs></Polygon>
  </Placemark>
  <Placemark>
	<name>1703</name>
	<Style><LineStyle><color>ff0000ff</color></LineStyle><PolyStyle><fill>0</fill></PolyStyle></Style>
      <Polygon><outerBoundaryIs><LinearRing><coordinates>27.9386062724575,-32.9487801588401 27.9386143190845,-32.9487970397993 27.9387484295353,-32.9487666540704 27.9387430651173,-32.9487497731054 27.9386062724575,-32.9487801588401</coordinates></LinearRing></outerBoundaryIs></Polygon>
  </Placemark>
  <Placemark>
	<name>1709</name>
	<Style><LineStyle><color>ff0000ff</color></LineStyle><PolyStyle><fill>0</fill></PolyStyle></Style>
      <Polygon><outerBoundaryIs><LinearRing><coordinates>27.9391355455781,-32.9490329436332 27.9392280817891,-32.9490138119302 27.9392253995801,-32.9490036833799 27.9392683149243,-32.9489924294338 27.9392656327153,-32.9489800500913 27.9392857492829,-32.9489744231169 27.9392817259694,-32.948963169167 27.9391717553998,-32.9489890532496 27.9391435922051,-32.9488866422698 27.9390912891293,-32.9488967708335 27.9391355455781,-32.9490329436332</coordinates></LinearRing></outerBoundaryIs></Polygon>
  </Placemark>
  <Placemark>
	<name>1723</name>
	<Style><LineStyle><color>ff0000ff</color></LineStyle><PolyStyle><fill>0</fill></PolyStyle></Style>
      <Polygon><outerBoundaryIs><LinearRing><coordinates>27.9410775357084,-32.9534265607317 27.941089605649,-32.9534141820103 27.9410735123949,-32.9533973019328 27.9410601013498,-32.9534051793027 27.9410775357084,-32.9534265607317</coordinates></LinearRing></outerBoundaryIs></Polygon>
  </Placemark>
  <Placemark>
	<name>1744</name>
	<Style><LineStyle><color>ff0000ff</color></LineStyle><PolyStyle><fill>0</fill></PolyStyle></Style>
      <Polygon><outerBoundaryIs><LinearRing><coordinates>27.9402272045664,-32.9542813264326 27.940241956716,-32.9542745744682 27.9402231812529,-32.9542565692274 27.9402124524168,-32.9542644465207 27.9402272045664,-32.9542813264326</coordinates></LinearRing></outerBoundaryIs></Polygon>
  </Placemark>
  <Placemark>
	<name>1760</name>
	<Style><LineStyle><color>ff0000ff</color></LineStyle><PolyStyle><fill>0</fill></PolyStyle></Style>
      <Polygon><outerBoundaryIs><LinearRing><coordinates>27.9416001788816,-32.9549293584721 27.9416176132402,-32.9549203559188 27.9415974966726,-32.9549034761289 27.941582744523,-32.9549102280453 27.9416001788816,-32.9549293584721</coordinates></LinearRing></outerBoundaryIs></Polygon>
  </Placemark>
  <Placemark>
	<name>1769</name>
	<Style><LineStyle><color>ff0000ff</color></LineStyle><PolyStyle><fill>0</fill></PolyStyle></Style>
      <Polygon><outerBoundaryIs><LinearRing><coordinates>27.9423174766793,-32.9548009920357 27.9423282055154,-32.9547987413942 27.9423134533658,-32.9547715233898 27.9422987012162,-32.9547794006372 27.9423174766793,-32.9548009920357</coordinates></LinearRing></outerBoundaryIs></Polygon>
  </Placemark>
  <Placemark>
	<name>1788</name>
	<Style><LineStyle><color>ff0000ff</color></LineStyle><PolyStyle><fill>0</fill></PolyStyle></Style>
      <Polygon><outerBoundaryIs><LinearRing><coordinates>27.9417367400612,-32.9543437271098 27.9417501511063,-32.9543347244969 27.9417353989567,-32.9543144686145 27.9417206468071,-32.9543234712294 27.9417367400612,-32.9543437271098</coordinates></LinearRing></outerBoundaryIs></Polygon>
  </Placemark>
  <Placemark>
	<name>1802</name>
	<Style><LineStyle><color>ff0000ff</color></LineStyle><PolyStyle><fill>0</fill></PolyStyle></Style>
      <Polygon><outerBoundaryIs><LinearRing><coordinates>27.9404824247773,-32.9548938242369 27.9404931536133,-32.9548836963603 27.9404757192547,-32.9548668165635 27.9404623082097,-32.9548758191222 27.9404824247773,-32.9548938242369</coordinates></LinearRing></outerBoundaryIs></Polygon>
  </Placemark>
  <Placemark>
	<name>1810</name>
	<Style><LineStyle><color>ff0000ff</color></LineStyle><PolyStyle><fill>0</fill></PolyStyle></Style>
      <Polygon><outerBoundaryIs><LinearRing><coordinates>27.9407930955139,-32.9541099150636 27.940806506559,-32.9541301709929 27.9408225998131,-32.9541166670406 27.9408078476635,-32.9540975364379 27.9407930955139,-32.9541099150636</coordinates></LinearRing></outerBoundaryIs></Polygon>
  </Placemark>
  <Placemark>
	<name>1811</name>
	<Style><LineStyle><color>ff0000ff</color></LineStyle><PolyStyle><fill>0</fill></PolyStyle></Style>
      <Polygon><outerBoundaryIs><LinearRing><coordinates>27.9409124538151,-32.9540311419611 27.9409325703827,-32.9540468965873 27.9409486636368,-32.9540333926222 27.9409272059646,-32.9540176379937 27.9409124538151,-32.9540311419611</coordinates></LinearRing></outerBoundaryIs></Polygon>
  </Placemark>
  <Placemark>
	<name>1840</name>
	<Style><LineStyle><color>ff0000ff</color></LineStyle><PolyStyle><fill>0</fill></PolyStyle></Style>
      <Polygon><outerBoundaryIs><LinearRing><coordinates>28.0717760419332,-25.5849911636873 28.0717840885603,-25.5850008405143 28.0717974996054,-25.5849911636873 28.0717867707693,-25.5849826964631 28.0717760419332,-25.5849911636873</coordinates></LinearRing></outerBoundaryIs></Polygon>
  </Placemark>
  <Placemark>
	<name>1869</name>
	<Style><LineStyle><color>ff0000ff</color></LineStyle><PolyStyle><fill>0</fill></PolyStyle></Style>
      <Polygon><outerBoundaryIs><LinearRing><coordinates>28.3320498236133,-26.2039990652787 28.3320592113449,-26.204043586479 28.3320954211666,-26.2040363668261 28.3320873745396,-26.203990642347 28.3320498236133,-26.2039990652787</coordinates></LinearRing></outerBoundaryIs></Polygon>
  </Placemark>
  <Placemark>
	<name>1872</name>
	<Style><LineStyle><color>ff0000ff</color></LineStyle><PolyStyle><fill>0</fill></PolyStyle></Style>
      <Polygon><outerBoundaryIs><LinearRing><coordinates>28.3328205586258,-26.2027578072473 28.3328218997303,-26.2027794664427 28.3328393340889,-26.2027770598656 28.3328393340889,-26.2027927026156 28.3328728617016,-26.2027914993273 28.332871520597,-26.2027698401341 28.332855427343,-26.2027698401341 28.332855427343,-26.2027566039586 28.3328205586258,-26.2027578072473</coordinates></LinearRing></outerBoundaryIs></Polygon>
  </Placemark>
  <Placemark>
	<name>1907</name>
	<Style><LineStyle><color>ff0000ff</color></LineStyle><PolyStyle><fill>0</fill></PolyStyle></Style>
      <Polygon><outerBoundaryIs><LinearRing><coordinates>28.3753143881173,-26.1169363514025 28.3753023181767,-26.1169483931456 28.3753318224759,-26.1169833141936 28.3753438924165,-26.1169700682801 28.3753143881173,-26.1169363514025</coordinates></LinearRing></outerBoundaryIs></Polygon>
  </Placemark>
  <Placemark>
	<name>1927</name>
	<Style><LineStyle><color>ff0000ff</color></LineStyle><PolyStyle><fill>0</fill></PolyStyle></Style>
      <Polygon><outerBoundaryIs><LinearRing><coordinates>26.6926934590798,-27.8771674939919 26.6927082112294,-27.87717223588 26.6927015057069,-27.8772125419206 26.69272028117,-27.8772196547497 26.692731010006,-27.877169864936 26.6927444210511,-27.877174606824 26.6927551498872,-27.877098736591 26.6927082112294,-27.877090438281 26.6926934590798,-27.8771674939919</coordinates></LinearRing></outerBoundaryIs></Polygon>
  </Placemark>
  <Placemark>
	<name>1939</name>
	<Style><LineStyle><color>ff0000ff</color></LineStyle><PolyStyle><fill>0</fill></PolyStyle></Style>
      <Polygon><outerBoundaryIs><LinearRing><coordinates>26.6968815242695,-27.8778324202954 26.6968694543289,-27.8778466458717 26.6969070052551,-27.8778703551616 26.6969177340912,-27.8778502022656 26.6968815242695,-27.8778324202954</coordinates></LinearRing></outerBoundaryIs></Polygon>
  </Placemark>
  <Placemark>
	<name>1948</name>
	<Style><LineStyle><color>ff0000ff</color></LineStyle><PolyStyle><fill>0</fill></PolyStyle></Style>
      <Polygon><outerBoundaryIs><LinearRing><coordinates>26.6977710384739,-27.8781259331028 26.6977777439964,-27.8781354167949 26.6979091722382,-27.878102223869 26.6979051489246,-27.8780879983261 26.6977710384739,-27.8781259331028</coordinates></LinearRing></outerBoundaryIs></Polygon>
  </Placemark>
  <Placemark>
	<name>1949</name>
	<Style><LineStyle><color>ff0000ff</color></LineStyle><PolyStyle><fill>0</fill></PolyStyle></Style>
      <Polygon><outerBoundaryIs><LinearRing><coordinates>26.6979051489246,-27.8781081511779 26.6979118544472,-27.8781188203332 26.6979373354328,-27.8781105221014 26.6979346532238,-27.8780998529453 26.6979051489246,-27.8781081511779</coordinates></LinearRing></outerBoundaryIs></Polygon>
  </Placemark>
  <Placemark>
	<name>1950</name>
	<Style><LineStyle><color>ff0000ff</color></LineStyle><PolyStyle><fill>0</fill></PolyStyle></Style>
      <Polygon><outerBoundaryIs><LinearRing><coordinates>26.6971863169087,-27.8785396583983 26.6971822935951,-27.8785621820796 26.6972050923718,-27.8785669239067 26.6972104567898,-27.8785444002263 26.6971863169087,-27.8785396583983</coordinates></LinearRing></outerBoundaryIs></Polygon>
  </Placemark>
  <Placemark>
	<name>1953</name>
	<Style><LineStyle><color>ff0000ff</color></LineStyle><PolyStyle><fill>0</fill></PolyStyle></Style>
      <Polygon><outerBoundaryIs><LinearRing><coordinates>26.6970267254723,-27.8788554593473 26.6970159966362,-27.8788708702427 26.6971071917427,-27.8789218447273 26.6971179205788,-27.8789052483861 26.6970267254723,-27.8788554593473</coordinates></LinearRing></outerBoundaryIs></Polygon>
  </Placemark>
  <Placemark>
	<name>1954</name>
	<Style><LineStyle><color>ff0000ff</color></LineStyle><PolyStyle><fill>0</fill></PolyStyle></Style>
      <Polygon><outerBoundaryIs><LinearRing><coordinates>26.6969931978596,-27.8790380190445 26.6970159966362,-27.8790486881082 26.6970361132038,-27.8790226081729 26.6970159966362,-27.8790095682029 26.6969931978596,-27.8790380190445</coordinates></LinearRing></outerBoundaryIs></Polygon>
  </Placemark>
  <Placemark>
	<name>1979</name>
	<Style><LineStyle><color>ff0000ff</color></LineStyle><PolyStyle><fill>0</fill></PolyStyle></Style>
      <Polygon><outerBoundaryIs><LinearRing><coordinates>28.2607112803915,-25.8718153653887 28.2607193270186,-25.8718322590336 28.2607609012583,-25.8718201921446 28.2607515135267,-25.8718057118762 28.2607112803915,-25.8718153653887</coordinates></LinearRing></outerBoundaryIs></Polygon>
  </Placemark>
  <Placemark>
	<name>1988</name>
	<Style><LineStyle><color>ff0000ff</color></LineStyle><PolyStyle><fill>0</fill></PolyStyle></Style>
      <Polygon><outerBoundaryIs><LinearRing><coordinates>28.2587238002186,-25.874696025687 28.258717094696,-25.8747201588763 28.25880158428,-25.8747551519919 28.258806948698,-25.8747310188098 28.2587238002186,-25.874696025687</coordinates></LinearRing></outerBoundaryIs></Polygon>
  </Placemark>
  <Placemark>
	<name>1998</name>
	<Style><LineStyle><color>ff0000ff</color></LineStyle><PolyStyle><fill>0</fill></PolyStyle></Style>
      <Polygon><outerBoundaryIs><LinearRing><coordinates>28.2580294501197,-25.8767988545565 28.2580321323287,-25.8768181607646 28.2580817531954,-25.8768205740403 28.2580844354045,-25.8768000611946 28.2580294501197,-25.8767988545565</coordinates></LinearRing></outerBoundaryIs></Polygon>
  </Placemark>
  <Placemark>
	<name>2002</name>
	<Style><LineStyle><color>ff0000ff</color></LineStyle><PolyStyle><fill>0</fill></PolyStyle></Style>
      <Polygon><outerBoundaryIs><LinearRing><coordinates>28.2581608783614,-25.8771994577275 28.2582051348101,-25.8772006643615 28.2581930648696,-25.8771572255296 28.2581501495253,-25.8771548122607 28.2581608783614,-25.8771994577275</coordinates></LinearRing></outerBoundaryIs></Polygon>
  </Placemark>
  <Placemark>
	<name>2010</name>
	<Style><LineStyle><color>ff0000ff</color></LineStyle><PolyStyle><fill>0</fill></PolyStyle></Style>
      <Polygon><outerBoundaryIs><LinearRing><coordinates>28.2595409208351,-25.8780301902235 28.2595315331035,-25.8780422564782 28.2595731073433,-25.8780929347341 28.2595945650154,-25.878068802234 28.2595731073433,-25.8780434631035 28.2595610374027,-25.8780543227316 28.2595409208351,-25.8780301902235</coordinates></LinearRing></outerBoundaryIs></Polygon>
  </Placemark>
  <Placemark>
	<name>2023</name>
	<Style><LineStyle><color>ff0000ff</color></LineStyle><PolyStyle><fill>0</fill></PolyStyle></Style>
      <Polygon><outerBoundaryIs><LinearRing><coordinates>28.2603133615614,-25.8767632266276 28.260328113711,-25.8767692598198 28.2603495713831,-25.8767318540233 28.2603375014425,-25.8767246141904 28.2603133615614,-25.8767632266276</coordinates></LinearRing></outerBoundaryIs></Polygon>
  </Placemark>
  <Placemark>
	<name>2026</name>
	<Style><LineStyle><color>ff0000ff</color></LineStyle><PolyStyle><fill>0</fill></PolyStyle></Style>
      <Polygon><outerBoundaryIs><LinearRing><coordinates>28.2590884603028,-25.8771275356628 28.2590884603028,-25.8771492550862 28.259112600184,-25.8771516683552 28.259112600184,-25.8771733877742 28.2591528333192,-25.8771721811399 28.2591501511102,-25.8771528749897 28.2591729498868,-25.8771504617207 28.2591716087823,-25.8771275356628 28.2590884603028,-25.8771275356628</coordinates></LinearRing></outerBoundaryIs></Polygon>
  </Placemark>
  <Placemark>
	<name>2032</name>
	<Style><LineStyle><color>ff0000ff</color></LineStyle><PolyStyle><fill>0</fill></PolyStyle></Style>
      <Polygon><outerBoundaryIs><LinearRing><coordinates>28.260067045855,-25.8763654571681 28.260061681437,-25.8764028630806 28.2601314188713,-25.8764342357723 28.2601394654984,-25.8763944165853 28.260067045855,-25.8763654571681</coordinates></LinearRing></outerBoundaryIs></Polygon>
  </Placemark>
  <Placemark>
	<name>2045</name>
	<Style><LineStyle><color>ff0000ff</color></LineStyle><PolyStyle><fill>0</fill></PolyStyle></Style>
      <Polygon><outerBoundaryIs><LinearRing><coordinates>28.2603741587872,-25.8756740489743 28.2603728176827,-25.8756933553662 28.2604090275044,-25.8757054218596 28.2604076863999,-25.8756861154696 28.2603741587872,-25.8756740489743</coordinates></LinearRing></outerBoundaryIs></Polygon>
  </Placemark>
  <Placemark>
	<name>2046</name>
	<Style><LineStyle><color>ff0000ff</color></LineStyle><PolyStyle><fill>0</fill></PolyStyle></Style>
      <Polygon><outerBoundaryIs><LinearRing><coordinates>28.2604774238343,-25.875482191533 28.2604640127892,-25.8755413174444 28.2604894937748,-25.8755509706516 28.2605042459244,-25.8754882247907 28.2604774238343,-25.875482191533</coordinates></LinearRing></outerBoundaryIs></Polygon>
  </Placemark>
  <Placemark>
	<name>2065</name>
	<Style><LineStyle><color>ff0000ff</color></LineStyle><PolyStyle><fill>0</fill></PolyStyle></Style>
      <Polygon><outerBoundaryIs><LinearRing><coordinates>28.2592868679889,-25.8758913582627 28.2592815035709,-25.8759142845606 28.259300279034,-25.8759215244432 28.259305643452,-25.8758973914994 28.2592868679889,-25.8758913582627</coordinates></LinearRing></outerBoundaryIs></Polygon>
  </Placemark>
  <Placemark>
	<name>2077</name>
	<Style><LineStyle><color>ff0000ff</color></LineStyle><PolyStyle><fill>0</fill></PolyStyle></Style>
      <Polygon><outerBoundaryIs><LinearRing><coordinates>28.2591460520156,-25.8749682694148 28.2591447109111,-25.8749863692655 28.2591876262553,-25.8749996424875 28.2591916495689,-25.8749851626088 28.2591460520156,-25.8749682694148</coordinates></LinearRing></outerBoundaryIs></Polygon>
  </Placemark>
  <Placemark>
	<name>2080</name>
	<Style><LineStyle><color>ff0000ff</color></LineStyle><PolyStyle><fill>0</fill></PolyStyle></Style>
      <Polygon><outerBoundaryIs><LinearRing><coordinates>28.2596409195788,-25.874687118045 28.2596409195788,-25.8747148712143 28.2597052925952,-25.8747329711038 28.2597079748042,-25.8747136645549 28.2596409195788,-25.874687118045</coordinates></LinearRing></outerBoundaryIs></Polygon>
  </Placemark>
  <Placemark>
	<name>2090</name>
	<Style><LineStyle><color>ff0000ff</color></LineStyle><PolyStyle><fill>0</fill></PolyStyle></Style>
      <Polygon><outerBoundaryIs><LinearRing><coordinates>28.2595853501568,-25.8735433463861 28.2596108311424,-25.8735542064278 28.2596269243965,-25.8735035262246 28.2596054667244,-25.8734950795219 28.2595853501568,-25.8735433463861</coordinates></LinearRing></outerBoundaryIs></Polygon>
  </Placemark>
  <Placemark>
	<name>2091</name>
	<Style><LineStyle><color>ff0000ff</color></LineStyle><PolyStyle><fill>0</fill></PolyStyle></Style>
      <Polygon><outerBoundaryIs><LinearRing><coordinates>28.2596349710236,-25.8734854261467 28.2596296066055,-25.8735035262246 28.2596497231731,-25.8735119729266 28.2596537464867,-25.8734914595063 28.2596349710236,-25.8734854261467</coordinates></LinearRing></outerBoundaryIs></Polygon>
  </Placemark>
  <Placemark>
	<name>2092</name>
	<Style><LineStyle><color>ff0000ff</color></LineStyle><PolyStyle><fill>0</fill></PolyStyle></Style>
      <Polygon><outerBoundaryIs><LinearRing><coordinates>28.2596416765461,-25.8735361063577 28.2596389943371,-25.8735578264415 28.2596778863678,-25.873569893153 28.2596832507858,-25.873550586414 28.2596416765461,-25.8735361063577</coordinates></LinearRing></outerBoundaryIs></Polygon>
  </Placemark>
  <Placemark>
	<name>2109</name>
	<Style><LineStyle><color>ff0000ff</color></LineStyle><PolyStyle><fill>0</fill></PolyStyle></Style>
      <Polygon><outerBoundaryIs><LinearRing><coordinates>28.2608848804245,-25.8730101572297 28.2608741515884,-25.8730330840868 28.2609210902462,-25.873051184234 28.2609331601868,-25.8730222239972 28.2609117025146,-25.8730113639066 28.2609036558876,-25.8730222239972 28.2608848804245,-25.8730101572297</coordinates></LinearRing></outerBoundaryIs></Polygon>
  </Placemark>
  <Placemark>
	<name>2127</name>
	<Style><LineStyle><color>ff0000ff</color></LineStyle><PolyStyle><fill>0</fill></PolyStyle></Style>
      <Polygon><outerBoundaryIs><LinearRing><coordinates>28.3379028897557,-25.8146297381203 28.3379176419053,-25.814636981755 28.3379256885323,-25.8146007635771 28.3379122774873,-25.8145959344859 28.3379028897557,-25.8146297381203</coordinates></LinearRing></outerBoundaryIs></Polygon>
  </Placemark>
  <Placemark>
	<name>2132</name>
	<Style><LineStyle><color>ff0000ff</color></LineStyle><PolyStyle><fill>0</fill></PolyStyle></Style>
      <Polygon><outerBoundaryIs><LinearRing><coordinates>28.3402739625249,-25.8151283406073 28.3402820091519,-25.8151645586238 28.340300784615,-25.8151573150214 28.340295420197,-25.8151259260725 28.3402739625249,-25.8151283406073</coordinates></LinearRing></outerBoundaryIs></Polygon>
  </Placemark>
  <Placemark>
	<name>2136</name>
	<Style><LineStyle><color>ff0000ff</color></LineStyle><PolyStyle><fill>0</fill></PolyStyle></Style>
      <Polygon><outerBoundaryIs><LinearRing><coordinates>28.3392669657509,-25.8161110146129 28.3392642835419,-25.816133952501 28.339288423423,-25.8161351597582 28.339291105632,-25.8161158436424 28.3392669657509,-25.8161110146129</coordinates></LinearRing></outerBoundaryIs></Polygon>
  </Placemark>
  <Placemark>
	<name>2152</name>
	<Style><LineStyle><color>ff0000ff</color></LineStyle><PolyStyle><fill>0</fill></PolyStyle></Style>
      <Polygon><outerBoundaryIs><LinearRing><coordinates>28.3456508319909,-25.8158255306597 28.3456736307675,-25.8158339814815 28.3456789951855,-25.8158146653166 28.3456602197224,-25.8158062144934 28.3456508319909,-25.8158255306597</coordinates></LinearRing></outerBoundaryIs></Polygon>
  </Placemark>
  <Placemark>
	<name>2182</name>
	<Style><LineStyle><color>ff0000ff</color></LineStyle><PolyStyle><fill>0</fill></PolyStyle></Style>
      <Polygon><outerBoundaryIs><LinearRing><coordinates>28.3518370936567,-25.8190970791414 28.3518370936567,-25.8191139803175 28.3519390175992,-25.8191151875442 28.3519390175992,-25.8190862140984 28.3518518458063,-25.8190837996442 28.3518518458063,-25.8190982863683 28.3518370936567,-25.8190970791414</coordinates></LinearRing></outerBoundaryIs></Polygon>
  </Placemark>
  <Placemark>
	<name>2187</name>
	<Style><LineStyle><color>ff0000ff</color></LineStyle><PolyStyle><fill>0</fill></PolyStyle></Style>
      <Polygon><outerBoundaryIs><LinearRing><coordinates>28.3500832514472,-25.8180390865869 28.3500859336562,-25.8180620241016 28.3502736882872,-25.8180245997332 28.3502683238692,-25.8180052839255 28.3500832514472,-25.8180390865869</coordinates></LinearRing></outerBoundaryIs></Polygon>
  </Placemark>
  <Placemark>
	<name>2213</name>
	<Style><LineStyle><color>ff0000ff</color></LineStyle><PolyStyle><fill>0</fill></PolyStyle></Style>
      <Polygon><outerBoundaryIs><LinearRing><coordinates>28.3545854763482,-25.8189038802471 28.3545613364671,-25.8189654489059 28.3545921818708,-25.8189738995036 28.3545760886167,-25.8190161524832 28.3546042518113,-25.819025810305 28.3546069340203,-25.819011323572 28.354637779424,-25.8190221886219 28.3546552137826,-25.8189690705907 28.3546283916925,-25.8189606199926 28.3546391205285,-25.8189231959082 28.3545854763482,-25.8189038802471</coordinates></LinearRing></outerBoundaryIs></Polygon>
  </Placemark>
  <Placemark>
	<name>2222</name>
	<Style><LineStyle><color>ff0000ff</color></LineStyle><PolyStyle><fill>0</fill></PolyStyle></Style>
      <Polygon><outerBoundaryIs><LinearRing><coordinates>28.354040584669,-25.8180588169902 28.3540419257736,-25.8181517742436 28.3540580190276,-25.818150567007 28.3540580190276,-25.8180600242277 28.354040584669,-25.8180588169902</coordinates></LinearRing></outerBoundaryIs></Polygon>
  </Placemark>
  <Placemark>
	<name>2235</name>
	<Style><LineStyle><color>ff0000ff</color></LineStyle><PolyStyle><fill>0</fill></PolyStyle></Style>
      <Polygon><outerBoundaryIs><LinearRing><coordinates>28.3512036620116,-25.8158585311611 28.3512009798026,-25.8158790545786 28.3512237785792,-25.8158814690981 28.3512264607882,-25.8158645674607 28.3512036620116,-25.8158585311611</coordinates></LinearRing></outerBoundaryIs></Polygon>
  </Placemark>
  <Placemark>
	<name>2252</name>
	<Style><LineStyle><color>ff0000ff</color></LineStyle><PolyStyle><fill>0</fill></PolyStyle></Style>
      <Polygon><outerBoundaryIs><LinearRing><coordinates>28.3523306844177,-25.8152206325796 28.3523293433131,-25.8152399488414 28.3523494598808,-25.8152411561077 28.3523494598808,-25.8152218398461 28.3523306844177,-25.8152206325796</coordinates></LinearRing></outerBoundaryIs></Polygon>
  </Placemark>
  <Placemark>
	<name>2254</name>
	<Style><LineStyle><color>ff0000ff</color></LineStyle><PolyStyle><fill>0</fill></PolyStyle></Style>
      <Polygon><outerBoundaryIs><LinearRing><coordinates>28.3525325982533,-25.8161506395147 28.3525312571488,-25.8161784064221 28.3526532976589,-25.8161784064221 28.3526532976589,-25.8161530540287 28.3525325982533,-25.8161506395147</coordinates></LinearRing></outerBoundaryIs></Polygon>
  </Placemark>
  <Placemark>
	<name>2267</name>
	<Style><LineStyle><color>ff0000ff</color></LineStyle><PolyStyle><fill>0</fill></PolyStyle></Style>
      <Polygon><outerBoundaryIs><LinearRing><coordinates>28.3530670231528,-25.8165725121171 28.3530750697798,-25.8166075224397 28.3530925041384,-25.8166039006827 28.3531005507655,-25.8166244239711 28.3531153029151,-25.8166195949624 28.353099209661,-25.8165447453021 28.3530777519889,-25.816548367061 28.3530804341979,-25.8165664758535 28.3530670231528,-25.8165725121171</coordinates></LinearRing></outerBoundaryIs></Polygon>
  </Placemark>
  <Placemark>
	<name>2276</name>
	<Style><LineStyle><color>ff0000ff</color></LineStyle><PolyStyle><fill>0</fill></PolyStyle></Style>
      <Polygon><outerBoundaryIs><LinearRing><coordinates>28.3536611324496,-25.816542100725 28.3536812490172,-25.816544515231 28.3536839312262,-25.816514333903 28.3537053888983,-25.8165155411562 28.3537053888983,-25.8164974323559 28.3536852723307,-25.816495017849 28.3536839312262,-25.8164757017918 28.3536624735541,-25.8164744945382 28.3536611324496,-25.816542100725</coordinates></LinearRing></outerBoundaryIs></Polygon>
  </Placemark>
  <Placemark>
	<name>2293</name>
	<Style><LineStyle><color>ff0000ff</color></LineStyle><PolyStyle><fill>0</fill></PolyStyle></Style>
      <Polygon><outerBoundaryIs><LinearRing><coordinates>28.3536843103674,-25.8126165623584 28.3536843103674,-25.8126358790448 28.3537620944288,-25.8126431228015 28.3537647766378,-25.8126238061162 28.3537446600702,-25.8126213915303 28.3537406367567,-25.8126069040139 28.3537138146665,-25.8126020748414 28.353712473562,-25.8126201842373 28.3536843103674,-25.8126165623584</coordinates></LinearRing></outerBoundaryIs></Polygon>
  </Placemark>
  <Placemark>
	<name>2301</name>
	<Style><LineStyle><color>ff0000ff</color></LineStyle><PolyStyle><fill>0</fill></PolyStyle></Style>
      <Polygon><outerBoundaryIs><LinearRing><coordinates>28.3545037252214,-25.8124016640087 28.3545010430124,-25.8124161515501 28.3545171362665,-25.8124221880252 28.3545144540575,-25.8124064931893 28.3545037252214,-25.8124016640087</coordinates></LinearRing></outerBoundaryIs></Polygon>
  </Placemark>
  <Placemark>
	<name>2316</name>
	<Style><LineStyle><color>ff0000ff</color></LineStyle><PolyStyle><fill>0</fill></PolyStyle></Style>
      <Polygon><outerBoundaryIs><LinearRing><coordinates>28.3560252927058,-25.8152388983749 28.3560145638698,-25.8152582146337 28.3561406276935,-25.8153065052671 28.3561607442611,-25.8152751163577 28.3560708902591,-25.8152413129074 28.3560655258411,-25.8152570073677 28.3560252927058,-25.8152388983749</coordinates></LinearRing></outerBoundaryIs></Polygon>
  </Placemark>
  <Placemark>
	<name>2317</name>
	<Style><LineStyle><color>ff0000ff</color></LineStyle><PolyStyle><fill>0</fill></PolyStyle></Style>
      <Polygon><outerBoundaryIs><LinearRing><coordinates>28.3553601048702,-25.8152859817503 28.3553681514972,-25.8153040907359 28.3553909502738,-25.8152920180791 28.3553842447513,-25.8152787381553 28.3553601048702,-25.8152859817503</coordinates></LinearRing></outerBoundaryIs></Polygon>
  </Placemark>
  <Placemark>
	<name>2327</name>
	<Style><LineStyle><color>ff0000ff</color></LineStyle><PolyStyle><fill>0</fill></PolyStyle></Style>
      <Polygon><outerBoundaryIs><LinearRing><coordinates>28.356505421896,-25.8164498611653 28.3565228562546,-25.8164812497634 28.3565590660763,-25.8164655554654 28.3565443139267,-25.8164341668631 28.356505421896,-25.8164498611653</coordinates></LinearRing></outerBoundaryIs></Polygon>
  </Placemark>
  <Placemark>
	<name>2381</name>
	<Style><LineStyle><color>ff0000ff</color></LineStyle><PolyStyle><fill>0</fill></PolyStyle></Style>
      <Polygon><outerBoundaryIs><LinearRing><coordinates>28.3686958899596,-25.8332506477989 28.3686932077506,-25.833298931094 28.3687964727977,-25.8333049665045 28.3688004961112,-25.8332542690467 28.3686958899596,-25.8332506477989</coordinates></LinearRing></outerBoundaryIs></Polygon>
  </Placemark>
  <Placemark>
	<name>2393</name>
	<Style><LineStyle><color>ff0000ff</color></LineStyle><PolyStyle><fill>0</fill></PolyStyle></Style>
      <Polygon><outerBoundaryIs><LinearRing><coordinates>28.3635941885508,-25.8312594709533 28.3636022351778,-25.83133913972 28.363629057268,-25.83133913972 28.3636236928499,-25.8312618851591 28.3635941885508,-25.8312594709533</coordinates></LinearRing></outerBoundaryIs></Polygon>
  </Placemark>
  <Placemark>
	<name>2416</name>
	<Style><LineStyle><color>ff0000ff</color></LineStyle><PolyStyle><fill>0</fill></PolyStyle></Style>
      <Polygon><outerBoundaryIs><LinearRing><coordinates>28.3559062385582,-25.8259473686168 28.3559102618717,-25.8259678902858 28.3560095036053,-25.8259703045995 28.3560068213963,-25.825949782931 28.3559062385582,-25.8259473686168</coordinates></LinearRing></outerBoundaryIs></Polygon>
  </Placemark>
  <Placemark>
	<name>2433</name>
	<Style><LineStyle><color>ff0000ff</color></LineStyle><PolyStyle><fill>0</fill></PolyStyle></Style>
      <Polygon><outerBoundaryIs><LinearRing><coordinates>28.3594373258273,-25.828584520289 28.3594373258273,-25.8286062486308 28.359462806813,-25.8286110771507 28.3594668301265,-25.8285917630701 28.3594373258273,-25.828584520289</coordinates></LinearRing></outerBoundaryIs></Polygon>
  </Placemark>
  <Placemark>
	<name>2436</name>
	<Style><LineStyle><color>ff0000ff</color></LineStyle><PolyStyle><fill>0</fill></PolyStyle></Style>
      <Polygon><outerBoundaryIs><LinearRing><coordinates>28.353674066448,-25.8301681012707 28.3536834541796,-25.8301693083848 28.3536901597021,-25.8301548230153 28.353676748657,-25.8301475803299 28.353674066448,-25.8301681012707</coordinates></LinearRing></outerBoundaryIs></Polygon>
  </Placemark>
  <Placemark>
	<name>2443</name>
	<Style><LineStyle><color>ff0000ff</color></LineStyle><PolyStyle><fill>0</fill></PolyStyle></Style>
      <Polygon><outerBoundaryIs><LinearRing><coordinates>28.3520512721062,-25.8307297010449 28.3520660242557,-25.8307635000735 28.3521612426758,-25.8307200441778 28.3521438083172,-25.8306910735718 28.3520512721062,-25.8307297010449</coordinates></LinearRing></outerBoundaryIs></Polygon>
  </Placemark>
  <Placemark>
	<name>2451</name>
	<Style><LineStyle><color>ff0000ff</color></LineStyle><PolyStyle><fill>0</fill></PolyStyle></Style>
      <Polygon><outerBoundaryIs><LinearRing><coordinates>28.353423523247,-25.8330407595525 28.3534007244703,-25.8330697295833 28.3534503453371,-25.8330974925229 28.3534704619047,-25.8330721437523 28.353423523247,-25.8330407595525</coordinates></LinearRing></outerBoundaryIs></Polygon>
  </Placemark>
  <Placemark>
	<name>2462</name>
	<Style><LineStyle><color>ff0000ff</color></LineStyle><PolyStyle><fill>0</fill></PolyStyle></Style>
      <Polygon><outerBoundaryIs><LinearRing><coordinates>28.3518345918002,-25.8335355200495 28.3518412973228,-25.8335475908461 28.3518077697101,-25.8335656970387 28.3518158163371,-25.8335801819907 28.3519217635932,-25.8335331058901 28.3519056703391,-25.8335017218126 28.3518345918002,-25.8335355200495</coordinates></LinearRing></outerBoundaryIs></Polygon>
  </Placemark>
  <Placemark>
	<name>2464</name>
	<Style><LineStyle><color>ff0000ff</color></LineStyle><PolyStyle><fill>0</fill></PolyStyle></Style>
      <Polygon><outerBoundaryIs><LinearRing><coordinates>28.3517340089622,-25.8334920651717 28.3517420555892,-25.8335077572128 28.3517635132613,-25.8334993076524 28.3517541255298,-25.8334848226905 28.3517340089622,-25.8334920651717</coordinates></LinearRing></outerBoundaryIs></Polygon>
  </Placemark>
  <Placemark>
	<name>2469</name>
	<Style><LineStyle><color>ff0000ff</color></LineStyle><PolyStyle><fill>0</fill></PolyStyle></Style>
      <Polygon><outerBoundaryIs><LinearRing><coordinates>28.3516668846953,-25.8310155676291 28.3516735902178,-25.8310300528932 28.3516923656809,-25.8310264315774 28.351708458935,-25.8310228102614 28.3517178466665,-25.8310071178909 28.3517124822485,-25.8309938397295 28.3516668846953,-25.8310155676291</coordinates></LinearRing></outerBoundaryIs></Polygon>
  </Placemark>
  <Placemark>
	<name>2480</name>
	<Style><LineStyle><color>ff0000ff</color></LineStyle><PolyStyle><fill>0</fill></PolyStyle></Style>
      <Polygon><outerBoundaryIs><LinearRing><coordinates>28.3509997404637,-25.8332288519459 28.3510051048818,-25.8332433369392 28.3510225392404,-25.8332421298565 28.3510185159268,-25.8332264377802 28.3509997404637,-25.8332288519459</coordinates></LinearRing></outerBoundaryIs></Polygon>
  </Placemark>
  <Placemark>
	<name>2491</name>
	<Style><LineStyle><color>ff0000ff</color></LineStyle><PolyStyle><fill>0</fill></PolyStyle></Style>
      <Polygon><outerBoundaryIs><LinearRing><coordinates>28.3497624004378,-25.8333263207947 28.3497637415423,-25.8333347703674 28.3497878814234,-25.8333347703674 28.3497825170054,-25.833323906631 28.3497624004378,-25.8333263207947</coordinates></LinearRing></outerBoundaryIs></Polygon>
  </Placemark>
  <Placemark>
	<name>2500</name>
	<Style><LineStyle><color>ff0000ff</color></LineStyle><PolyStyle><fill>0</fill></PolyStyle></Style>
      <Polygon><outerBoundaryIs><LinearRing><coordinates>28.3495899733776,-25.8344206465415 28.3496248420948,-25.8344049546215 28.3495685157055,-25.8343059747704 28.3495309647793,-25.8343240808469 28.3495899733776,-25.8344206465415</coordinates></LinearRing></outerBoundaryIs></Polygon>
  </Placemark>
  <Placemark>
	<name>2503</name>
	<Style><LineStyle><color>ff0000ff</color></LineStyle><PolyStyle><fill>0</fill></PolyStyle></Style>
      <Polygon><outerBoundaryIs><LinearRing><coordinates>28.3500446078056,-25.834879332515 28.3500419255966,-25.8349083020957 28.3500848409409,-25.8349107162271 28.3500848409409,-25.834880539581 28.3500446078056,-25.834879332515</coordinates></LinearRing></outerBoundaryIs></Polygon>
  </Placemark>
  <Placemark>
	<name>2514</name>
	<Style><LineStyle><color>ff0000ff</color></LineStyle><PolyStyle><fill>0</fill></PolyStyle></Style>
      <Polygon><outerBoundaryIs><LinearRing><coordinates>28.3618025880617,-25.8355067932156 28.3617771070761,-25.8356057720624 28.3618267279429,-25.8356178426478 28.361853550033,-25.8355212779301 28.3618025880617,-25.8355067932156</coordinates></LinearRing></outerBoundaryIs></Polygon>
  </Placemark>
  <Placemark>
	<name>2545</name>
	<Style><LineStyle><color>ff0000ff</color></LineStyle><PolyStyle><fill>0</fill></PolyStyle></Style>
      <Polygon><outerBoundaryIs><LinearRing><coordinates>28.3621528095936,-25.8328197413215 28.3621528095936,-25.8328378476254 28.3621823138928,-25.8328378476254 28.3621849961018,-25.8328221554955 28.3621528095936,-25.8328197413215</coordinates></LinearRing></outerBoundaryIs></Polygon>
  </Placemark>
  <Placemark>
	<name>2551</name>
	<Style><LineStyle><color>ff0000ff</color></LineStyle><PolyStyle><fill>0</fill></PolyStyle></Style>
      <Polygon><outerBoundaryIs><LinearRing><coordinates>28.3614581174588,-25.8325469393407 28.3614715285038,-25.8325614244174 28.3615050561165,-25.8325421109814 28.361501032803,-25.8325312471722 28.3614581174588,-25.8325469393407</coordinates></LinearRing></outerBoundaryIs></Polygon>
  </Placemark>
  <Placemark>
	<name>2574</name>
	<Style><LineStyle><color>ff0000ff</color></LineStyle><PolyStyle><fill>0</fill></PolyStyle></Style>
      <Polygon><outerBoundaryIs><LinearRing><coordinates>28.3733094383849,-25.8513002198713 28.373325531639,-25.8513122888554 28.3734019745959,-25.8512410818317 28.3733858813418,-25.8512290128403 28.3733094383849,-25.8513002198713</coordinates></LinearRing></outerBoundaryIs></Polygon>
  </Placemark>
  <Placemark>
	<name>2575</name>
	<Style><LineStyle><color>ff0000ff</color></LineStyle><PolyStyle><fill>0</fill></PolyStyle></Style>
      <Polygon><outerBoundaryIs><LinearRing><coordinates>28.3734274555815,-25.8512000472561 28.3734395255221,-25.851210909351 28.3734515954627,-25.8512012541556 28.3734408666266,-25.8511891851602 28.3734274555815,-25.8512000472561</coordinates></LinearRing></outerBoundaryIs></Polygon>
  </Placemark>
  <Placemark>
	<name>2580</name>
	<Style><LineStyle><color>ff0000ff</color></LineStyle><PolyStyle><fill>0</fill></PolyStyle></Style>
      <Polygon><outerBoundaryIs><LinearRing><coordinates>28.3697253920073,-25.8524862090513 28.3697146631713,-25.8525163812065 28.3698112226958,-25.8525453464683 28.3698192693229,-25.8525187949786 28.3697253920073,-25.8524862090513</coordinates></LinearRing></outerBoundaryIs></Polygon>
  </Placemark>
  <Placemark>
	<name>2627</name>
	<Style><LineStyle><color>ff0000ff</color></LineStyle><PolyStyle><fill>0</fill></PolyStyle></Style>
      <Polygon><outerBoundaryIs><LinearRing><coordinates>27.7827183738545,-26.6962701427576 27.7827183738545,-26.6962833223366 27.7827331260041,-26.6962857186236 27.7827344671086,-26.6962713409012 27.7827183738545,-26.6962701427576</coordinates></LinearRing></outerBoundaryIs></Polygon>
  </Placemark>
  <Placemark>
	<name>2631</name>
	<Style><LineStyle><color>ff0000ff</color></LineStyle><PolyStyle><fill>0</fill></PolyStyle></Style>
      <Polygon><outerBoundaryIs><LinearRing><coordinates>30.1722339120875,-28.1671667126449 30.1722500053416,-28.1671596189467 30.1722164777289,-28.1671111453294 30.1722017255793,-28.1671206035979 30.1722339120875,-28.1671667126449</coordinates></LinearRing></outerBoundaryIs></Polygon>
  </Placemark>
  <Placemark>
	<name>2634</name>
	<Style><LineStyle><color>ff0000ff</color></LineStyle><PolyStyle><fill>0</fill></PolyStyle></Style>
      <Polygon><outerBoundaryIs><LinearRing><coordinates>27.9460829448057,-26.1340210974961 27.9461084257913,-26.1340319334801 27.9461500000311,-26.1339681215595 27.9461298834634,-26.1339548775716 27.9460829448057,-26.1340210974961</coordinates></LinearRing></outerBoundaryIs></Polygon>
  </Placemark>
  <Placemark>
	<name>2665</name>
	<Style><LineStyle><color>ff0000ff</color></LineStyle><PolyStyle><fill>0</fill></PolyStyle></Style>
      <Polygon><outerBoundaryIs><LinearRing><coordinates>27.9453714795159,-26.1358867132529 27.9454117126512,-26.1359083848738 27.9454465813683,-26.1358818973366 27.9454050071286,-26.1358578177522 27.9453714795159,-26.1358867132529</coordinates></LinearRing></outerBoundaryIs></Polygon>
  </Placemark>
  <Placemark>
	<name>2666</name>
	<Style><LineStyle><color>ff0000ff</color></LineStyle><PolyStyle><fill>0</fill></PolyStyle></Style>
      <Polygon><outerBoundaryIs><LinearRing><coordinates>27.9451823837804,-26.1358241063256 27.945205182557,-26.1358361461219 27.9452400512742,-26.1357783550882 27.9452185936021,-26.1357675192662 27.9451823837804,-26.1358241063256</coordinates></LinearRing></outerBoundaryIs></Polygon>
  </Placemark>
  <Placemark>
	<name>2668</name>
	<Style><LineStyle><color>ff0000ff</color></LineStyle><PolyStyle><fill>0</fill></PolyStyle></Style>
      <Polygon><outerBoundaryIs><LinearRing><coordinates>27.9442551968175,-26.1365248204055 27.9442753133851,-26.1365344521849 27.9442860422212,-26.1365127806802 27.9442699489671,-26.136503148899 27.9442551968175,-26.1365248204055</coordinates></LinearRing></outerBoundaryIs></Polygon>
  </Placemark>
  <Placemark>
	<name>2676</name>
	<Style><LineStyle><color>ff0000ff</color></LineStyle><PolyStyle><fill>0</fill></PolyStyle></Style>
      <Polygon><outerBoundaryIs><LinearRing><coordinates>27.9457514157716,-26.1374717933362 27.9457500746671,-26.1374946686253 27.9457916489068,-26.1374946686253 27.9457983544294,-26.1374705893734 27.9457514157716,-26.1374717933362</coordinates></LinearRing></outerBoundaryIs></Polygon>
  </Placemark>
  <Placemark>
	<name>2684</name>
	<Style><LineStyle><color>ff0000ff</color></LineStyle><PolyStyle><fill>0</fill></PolyStyle></Style>
      <Polygon><outerBoundaryIs><LinearRing><coordinates>27.9472288686601,-26.137133029327 27.9472141165105,-26.1371522927846 27.9472731251088,-26.137184799862 27.9472865361539,-26.1371667403757 27.9472288686601,-26.137133029327</coordinates></LinearRing></outerBoundaryIs></Polygon>
  </Placemark>
  <Placemark>
	<name>2711</name>
	<Style><LineStyle><color>ff0000ff</color></LineStyle><PolyStyle><fill>0</fill></PolyStyle></Style>
      <Polygon><outerBoundaryIs><LinearRing><coordinates>27.9490398867852,-26.1374399553951 27.9490331812626,-26.1374556069135 27.9490465923077,-26.1374628306905 27.9490532978302,-26.1374519950248 27.9490398867852,-26.1374399553951</coordinates></LinearRing></outerBoundaryIs></Polygon>
  </Placemark>
  <Placemark>
	<name>2740</name>
	<Style><LineStyle><color>ff0000ff</color></LineStyle><PolyStyle><fill>0</fill></PolyStyle></Style>
      <Polygon><outerBoundaryIs><LinearRing><coordinates>30.829036734855,-29.7613039859272 30.8290716035722,-29.7613412407692 30.8291198833345,-29.761313299639 30.8290876968263,-29.7612783732153 30.829036734855,-29.7613039859272</coordinates></LinearRing></outerBoundaryIs></Polygon>
  </Placemark>
  <Placemark>
	<name>2767</name>
	<Style><LineStyle><color>ff0000ff</color></LineStyle><PolyStyle><fill>0</fill></PolyStyle></Style>
      <Polygon><outerBoundaryIs><LinearRing><coordinates>30.824246966853,-29.7629679036606 30.8242509901665,-29.762984202385 30.8243086576603,-29.762981873996 30.8243032932423,-29.7629632468817 30.824246966853,-29.7629679036606</coordinates></LinearRing></outerBoundaryIs></Polygon>
  </Placemark>
  <Placemark>
	<name>2771</name>
	<Style><LineStyle><color>ff0000ff</color></LineStyle><PolyStyle><fill>0</fill></PolyStyle></Style>
      <Polygon><outerBoundaryIs><LinearRing><coordinates>30.8280181527279,-29.764635016593 30.8280127883099,-29.7646571359217 30.8280758202217,-29.7646711060215 30.8280811846398,-29.764650150871 30.8280181527279,-29.764635016593</coordinates></LinearRing></outerBoundaryIs></Polygon>
  </Placemark>
  <Placemark>
	<name>2789</name>
	<Style><LineStyle><color>ff0000ff</color></LineStyle><PolyStyle><fill>0</fill></PolyStyle></Style>
      <Polygon><outerBoundaryIs><LinearRing><coordinates>30.7446102628812,-30.3005111040288 30.7445861230001,-30.3005412093625 30.7446893880472,-30.3005921568293 30.7447108457193,-30.3005597357171 30.7446102628812,-30.3005111040288</coordinates></LinearRing></outerBoundaryIs></Polygon>
  </Placemark>
  <Placemark>
	<name>2794</name>
	<Style><LineStyle><color>ff0000ff</color></LineStyle><PolyStyle><fill>0</fill></PolyStyle></Style>
      <Polygon><outerBoundaryIs><LinearRing><coordinates>30.7438790611472,-30.3028822065297 30.7438683323111,-30.3028984167032 30.7439085654464,-30.3029146268739 30.7439581863131,-30.3028243130313 30.74393941085,-30.3028150500684 30.7439192942824,-30.3028034713635 30.7438911310878,-30.3028602070044 30.7439139298644,-30.3028683120933 30.7438978366103,-30.3028914694863 30.7438790611472,-30.3028822065297</coordinates></LinearRing></outerBoundaryIs></Polygon>
  </Placemark>
  <Placemark>
	<name>2797</name>
	<Style><LineStyle><color>ff0000ff</color></LineStyle><PolyStyle><fill>0</fill></PolyStyle></Style>
      <Polygon><outerBoundaryIs><LinearRing><coordinates>30.745181643017,-30.3016982570501 30.7451682319719,-30.3017167831861 30.7452098062117,-30.301731835669 30.7452232172567,-30.3017167831861 30.745181643017,-30.3016982570501</coordinates></LinearRing></outerBoundaryIs></Polygon>
  </Placemark>
  <Placemark>
	<name>2843</name>
	<Style><LineStyle><color>ff0000ff</color></LineStyle><PolyStyle><fill>0</fill></PolyStyle></Style>
      <Polygon><outerBoundaryIs><LinearRing><coordinates>31.0016496352198,-25.2828828002258 31.0016670695784,-25.2828925013483 31.0016898683551,-25.2828609726975 31.0016751162055,-25.2828512715726 31.0016496352198,-25.2828828002258</coordinates></LinearRing></outerBoundaryIs></Polygon>
  </Placemark>
  <Placemark>
	<name>2855</name>
	<Style><LineStyle><color>ff0000ff</color></LineStyle><PolyStyle><fill>0</fill></PolyStyle></Style>
      <Polygon><outerBoundaryIs><LinearRing><coordinates>31.0031922025269,-25.2840573696218 31.0031707448548,-25.2840791969348 31.0032029313629,-25.2841155757811 31.003213660199,-25.2841058747565 31.0032029313629,-25.2840961737311 31.0032150013035,-25.2840864727049 31.0031922025269,-25.2840573696218</coordinates></LinearRing></outerBoundaryIs></Polygon>
  </Placemark>
  <Placemark>
	<name>2881</name>
	<Style><LineStyle><color>ff0000ff</color></LineStyle><PolyStyle><fill>0</fill></PolyStyle></Style>
      <Polygon><outerBoundaryIs><LinearRing><coordinates>31.0020416473896,-25.2888043352614 31.0020309185536,-25.288795847193 31.0020228719265,-25.2888128233291 31.0020724927933,-25.2888419252712 31.0020805394204,-25.2888249491392 31.0020657872708,-25.2888152484912 31.0020711516888,-25.2888031226802 31.0020496940167,-25.2887934220305 31.0020416473896,-25.2888043352614</coordinates></LinearRing></outerBoundaryIs></Polygon>
  </Placemark>
  <Placemark>
	<name>2900</name>
	<Style><LineStyle><color>ff0000ff</color></LineStyle><PolyStyle><fill>0</fill></PolyStyle></Style>
      <Polygon><outerBoundaryIs><LinearRing><coordinates>30.9985474244688,-25.2888315966193 30.9985581533049,-25.288875249523 30.9986198441122,-25.2888691866207 30.9986091152762,-25.2888243211338 30.9985474244688,-25.2888315966193</coordinates></LinearRing></outerBoundaryIs></Polygon>
  </Placemark>
  <Placemark>
	<name>2907</name>
	<Style><LineStyle><color>ff0000ff</color></LineStyle><PolyStyle><fill>0</fill></PolyStyle></Style>
      <Polygon><outerBoundaryIs><LinearRing><coordinates>31.0046488692187,-25.288952934657 31.0046636213683,-25.2889723359301 31.0047306765937,-25.2889311082211 31.0047172655486,-25.2889117069415 31.0046488692187,-25.288952934657</coordinates></LinearRing></outerBoundaryIs></Polygon>
  </Placemark>
  <Placemark>
	<name>2933</name>
	<Style><LineStyle><color>ff0000ff</color></LineStyle><PolyStyle><fill>0</fill></PolyStyle></Style>
      <Polygon><outerBoundaryIs><LinearRing><coordinates>31.0038918539215,-25.2913065061469 31.003901241653,-25.2913234819315 31.0039280637432,-25.2913113563713 31.0039200171161,-25.291294380585 31.0038918539215,-25.2913065061469</coordinates></LinearRing></outerBoundaryIs></Polygon>
  </Placemark>
  <Placemark>
	<name>2938</name>
	<Style><LineStyle><color>ff0000ff</color></LineStyle><PolyStyle><fill>0</fill></PolyStyle></Style>
      <Polygon><outerBoundaryIs><LinearRing><coordinates>31.0018827441189,-25.2915610639006 31.0018974962685,-25.2916022907154 31.0019283416722,-25.2915901651831 31.0019135895226,-25.2915489383641 31.0018827441189,-25.2915610639006</coordinates></LinearRing></outerBoundaryIs></Polygon>
  </Placemark>
  <Placemark>
	<name>2944</name>
	<Style><LineStyle><color>ff0000ff</color></LineStyle><PolyStyle><fill>0</fill></PolyStyle></Style>
      <Polygon><outerBoundaryIs><LinearRing><coordinates>31.0016318081926,-25.2921431130632 31.0016411959242,-25.292167364016 31.0016546069692,-25.2921625138259 31.0016492425512,-25.2921406879676 31.0016318081926,-25.2921431130632</coordinates></LinearRing></outerBoundaryIs></Polygon>
  </Placemark>
  <Placemark>
	<name>2950</name>
	<Style><LineStyle><color>ff0000ff</color></LineStyle><PolyStyle><fill>0</fill></PolyStyle></Style>
      <Polygon><outerBoundaryIs><LinearRing><coordinates>31.0001016079496,-25.2925733994612 31.0001069723677,-25.2925903750684 31.000168663175,-25.2925782496349 31.0001619576525,-25.292561274026 31.0001016079496,-25.2925733994612</coordinates></LinearRing></outerBoundaryIs></Polygon>
  </Placemark>
  <Placemark>
	<name>2954</name>
	<Style><LineStyle><color>ff0000ff</color></LineStyle><PolyStyle><fill>0</fill></PolyStyle></Style>
      <Polygon><outerBoundaryIs><LinearRing><coordinates>31.0023321147763,-25.2933783658165 31.0023361380898,-25.2933977663815 31.0023589368664,-25.2933953413111 31.0023522313439,-25.2933747282102 31.0023321147763,-25.2933783658165</coordinates></LinearRing></outerBoundaryIs></Polygon>
  </Placemark>
  <Placemark>
	<name>2981</name>
	<Style><LineStyle><color>ff0000ff</color></LineStyle><PolyStyle><fill>0</fill></PolyStyle></Style>
      <Polygon><outerBoundaryIs><LinearRing><coordinates>28.2804528864373,-25.780720366516 28.2804555686463,-25.7807408960185 28.2804998250951,-25.7807481417245 28.2804984839906,-25.7807239893696 28.2804528864373,-25.780720366516</coordinates></LinearRing></outerBoundaryIs></Polygon>
  </Placemark>
  <Placemark>
	<name>2999</name>
	<Style><LineStyle><color>ff0000ff</color></LineStyle><PolyStyle><fill>0</fill></PolyStyle></Style>
      <Polygon><outerBoundaryIs><LinearRing><coordinates>28.2518799788463,-25.895862408584 28.2518866843688,-25.8958817116751 28.2519255763996,-25.8958792987889 28.251916188668,-25.8958599956974 28.2518799788463,-25.895862408584</coordinates></LinearRing></outerBoundaryIs></Polygon>
  </Placemark>
  <Placemark>
	<name>3004</name>
	<Style><LineStyle><color>ff0000ff</color></LineStyle><PolyStyle><fill>0</fill></PolyStyle></Style>
      <Polygon><outerBoundaryIs><LinearRing><coordinates>28.2499406070989,-25.8943229894534 28.2499312193673,-25.894349531549 28.2500197322648,-25.8943664219704 28.2500264377874,-25.8943374669608 28.2499406070989,-25.8943229894534</coordinates></LinearRing></outerBoundaryIs></Polygon>
  </Placemark>
  <Placemark>
	<name>3008</name>
	<Style><LineStyle><color>ff0000ff</color></LineStyle><PolyStyle><fill>0</fill></PolyStyle></Style>
      <Polygon><outerBoundaryIs><LinearRing><coordinates>28.2356857854348,-25.8907360324657 28.2356831032258,-25.8907565428907 28.2357300418835,-25.8907710208356 28.2357300418835,-25.8907505104131 28.2356857854348,-25.8907360324657</coordinates></LinearRing></outerBoundaryIs></Polygon>
  </Placemark>
  <Placemark>
	<name>3016</name>
	<Style><LineStyle><color>ff0000ff</color></LineStyle><PolyStyle><fill>0</fill></PolyStyle></Style>
      <Polygon><outerBoundaryIs><LinearRing><coordinates>28.2295575983279,-25.8899407501263 28.2295602805369,-25.8899564346749 28.229671592211,-25.8899564346749 28.2296675688975,-25.8899371306148 28.2295575983279,-25.8899407501263</coordinates></LinearRing></outerBoundaryIs></Polygon>
  </Placemark>
  <Placemark>
	<name>3021</name>
	<Style><LineStyle><color>ff0000ff</color></LineStyle><PolyStyle><fill>0</fill></PolyStyle></Style>
      <Polygon><outerBoundaryIs><LinearRing><coordinates>28.2293899602644,-25.8908210875055 28.2293926424735,-25.8908391849264 28.2294355578177,-25.8908403914211 28.2294355578177,-25.8908198810107 28.2293899602644,-25.8908210875055</coordinates></LinearRing></outerBoundaryIs></Polygon>
  </Placemark>
  <Placemark>
	<name>3049</name>
	<Style><LineStyle><color>ff0000ff</color></LineStyle><PolyStyle><fill>0</fill></PolyStyle></Style>
      <Polygon><outerBoundaryIs><LinearRing><coordinates>28.2293160775488,-25.893955882914 28.2293214419668,-25.8939969026414 28.2293656984156,-25.8939993155661 28.2293589928931,-25.8939510570628 28.2293160775488,-25.893955882914</coordinates></LinearRing></outerBoundaryIs></Polygon>
  </Placemark>
  <Placemark>
	<name>3071</name>
	<Style><LineStyle><color>ff0000ff</color></LineStyle><PolyStyle><fill>0</fill></PolyStyle></Style>
      <Polygon><outerBoundaryIs><LinearRing><coordinates>27.9247916710534,-26.0962313391869 27.9248091054119,-26.0962313391869 27.92481446983,-26.0962048426559 27.9247943532624,-26.0962012294921 27.9247916710534,-26.0962313391869</coordinates></LinearRing></outerBoundaryIs></Polygon>
  </Placemark>
  <Placemark>
	<name>3103</name>
	<Style><LineStyle><color>ff0000ff</color></LineStyle><PolyStyle><fill>0</fill></PolyStyle></Style>
      <Polygon><outerBoundaryIs><LinearRing><coordinates>27.922798845594,-26.0963210566925 27.9228001866985,-26.0963463488107 27.9228323732067,-26.0963475531972 27.9228337143112,-26.0963258742393 27.922798845594,-26.0963210566925</coordinates></LinearRing></outerBoundaryIs></Polygon>
  </Placemark>
  <Placemark>
	<name>3143</name>
	<Style><LineStyle><color>ff0000ff</color></LineStyle><PolyStyle><fill>0</fill></PolyStyle></Style>
      <Polygon><outerBoundaryIs><LinearRing><coordinates>27.9217563210594,-26.0951975732797 27.9217549799549,-26.0952120260581 27.9217992364036,-26.0952035952709 27.9217925308811,-26.0951951644831 27.9218046008216,-26.0951927556864 27.9218046008216,-26.0952023908727 27.9218300818073,-26.0951987776779 27.9218300818073,-26.0951855292963 27.9218180118667,-26.0951855292963 27.9218180118667,-26.0951734853116 27.9218072830306,-26.0951722809131 27.9217563210594,-26.0951975732797</coordinates></LinearRing></outerBoundaryIs></Polygon>
  </Placemark>
  <Placemark>
	<name>3146</name>
	<Style><LineStyle><color>ff0000ff</color></LineStyle><PolyStyle><fill>0</fill></PolyStyle></Style>
      <Polygon><outerBoundaryIs><LinearRing><coordinates>27.9224683881535,-26.0948507060612 27.9224858225121,-26.0948663632842 27.9225032568707,-26.0948531148649 27.9224858225121,-26.0948374576401 27.9224683881535,-26.0948507060612</coordinates></LinearRing></outerBoundaryIs></Polygon>
  </Placemark>
  <Placemark>
	<name>3147</name>
	<Style><LineStyle><color>ff0000ff</color></LineStyle><PolyStyle><fill>0</fill></PolyStyle></Style>
      <Polygon><outerBoundaryIs><LinearRing><coordinates>27.9223289132847,-26.0948868381111 27.9223128200306,-26.094901290928 27.9223329365982,-26.0949181525453 27.9223476887478,-26.0949024953293 27.9223289132847,-26.0948868381111</coordinates></LinearRing></outerBoundaryIs></Polygon>
  </Placemark>
  <Placemark>
	<name>3175</name>
	<Style><LineStyle><color>ff0000ff</color></LineStyle><PolyStyle><fill>0</fill></PolyStyle></Style>
      <Polygon><outerBoundaryIs><LinearRing><coordinates>27.9238880085527,-26.0949778254191 27.9239094662248,-26.0949718034163 27.9238853263437,-26.0948862909422 27.9238665508806,-26.094891108548 27.9238880085527,-26.0949778254191</coordinates></LinearRing></outerBoundaryIs></Polygon>
  </Placemark>
  <Placemark>
	<name>3176</name>
	<Style><LineStyle><color>ff0000ff</color></LineStyle><PolyStyle><fill>0</fill></PolyStyle></Style>
      <Polygon><outerBoundaryIs><LinearRing><coordinates>27.9238947140753,-26.0948886997451 27.9239134895384,-26.0949730078169 27.9239403116285,-26.0949742122174 27.9239215361654,-26.0948850865407 27.9238947140753,-26.0948886997451</coordinates></LinearRing></outerBoundaryIs></Polygon>
  </Placemark>
  <Placemark>
	<name>3191</name>
	<Style><LineStyle><color>ff0000ff</color></LineStyle><PolyStyle><fill>0</fill></PolyStyle></Style>
      <Polygon><outerBoundaryIs><LinearRing><coordinates>27.9257046942083,-26.0943266915429 27.9257261518804,-26.0943266915429 27.9257234696714,-26.0942821284663 27.9257020119993,-26.0942809240586 27.9257046942083,-26.0943266915429</coordinates></LinearRing></outerBoundaryIs></Polygon>
  </Placemark>
  <Placemark>
	<name>3203</name>
	<Style><LineStyle><color>ff0000ff</color></LineStyle><PolyStyle><fill>0</fill></PolyStyle></Style>
      <Polygon><outerBoundaryIs><LinearRing><coordinates>27.9255933357611,-26.0931826005075 27.9255919946566,-26.0932018712103 27.9256925774947,-26.0931946446972 27.9256898952857,-26.0931801916695 27.9255933357611,-26.0931826005075</coordinates></LinearRing></outerBoundaryIs></Polygon>
  </Placemark>
  <Placemark>
	<name>3206</name>
	<Style><LineStyle><color>ff0000ff</color></LineStyle><PolyStyle><fill>0</fill></PolyStyle></Style>
      <Polygon><outerBoundaryIs><LinearRing><coordinates>27.9256013823882,-26.093053727601 27.9256201578513,-26.0930513187603 27.9256040645972,-26.0930103684604 27.9255799247161,-26.0930139817227 27.9256013823882,-26.093053727601</coordinates></LinearRing></outerBoundaryIs></Polygon>
  </Placemark>
  <Placemark>
	<name>3213</name>
	<Style><LineStyle><color>ff0000ff</color></LineStyle><PolyStyle><fill>0</fill></PolyStyle></Style>
      <Polygon><outerBoundaryIs><LinearRing><coordinates>27.9256885541812,-26.0930463933829 27.9256939185992,-26.0930680729486 27.9257113529578,-26.0930668685284 27.9257033063307,-26.0930463933829 27.9256885541812,-26.0930463933829</coordinates></LinearRing></outerBoundaryIs></Polygon>
  </Placemark>
  <Placemark>
	<name>3229</name>
	<Style><LineStyle><color>ff0000ff</color></LineStyle><PolyStyle><fill>0</fill></PolyStyle></Style>
      <Polygon><outerBoundaryIs><LinearRing><coordinates>27.9255772683849,-26.0924980221072 27.9255786094894,-26.0925112707932 27.925604090475,-26.0925112707932 27.9256000671615,-26.0924980221072 27.9255772683849,-26.0924980221072</coordinates></LinearRing></outerBoundaryIs></Polygon>
  </Placemark>
  <Placemark>
	<name>3233</name>
	<Style><LineStyle><color>ff0000ff</color></LineStyle><PolyStyle><fill>0</fill></PolyStyle></Style>
      <Polygon><outerBoundaryIs><LinearRing><coordinates>27.9255258481922,-26.091894623506 27.9255285304013,-26.0919163032851 27.9255513291779,-26.0919150988531 27.9255486469689,-26.0918934190738 27.9255258481922,-26.091894623506</coordinates></LinearRing></outerBoundaryIs></Polygon>
  </Placemark>
  <Placemark>
	<name>3240</name>
	<Style><LineStyle><color>ff0000ff</color></LineStyle><PolyStyle><fill>0</fill></PolyStyle></Style>
      <Polygon><outerBoundaryIs><LinearRing><coordinates>27.9254687326241,-26.0908036853758 27.9254700737286,-26.0908277742436 27.925545175581,-26.0908205475837 27.925542493372,-26.0908012764887 27.9254687326241,-26.0908036853758</coordinates></LinearRing></outerBoundaryIs></Polygon>
  </Placemark>
  <Placemark>
	<name>3242</name>
	<Style><LineStyle><color>ff0000ff</color></LineStyle><PolyStyle><fill>0</fill></PolyStyle></Style>
      <Polygon><outerBoundaryIs><LinearRing><coordinates>27.9254848258782,-26.0907458720729 27.9254834847737,-26.0907627342892 27.9255317645359,-26.0907603254013 27.9255290823269,-26.0907458720729 27.9254848258782,-26.0907458720729</coordinates></LinearRing></outerBoundaryIs></Polygon>
  </Placemark>
  <Placemark>
	<name>3245</name>
	<Style><LineStyle><color>ff0000ff</color></LineStyle><PolyStyle><fill>0</fill></PolyStyle></Style>
      <Polygon><outerBoundaryIs><LinearRing><coordinates>27.9254620271015,-26.0906374720529 27.9254700737286,-26.0906615609549 27.9255089657593,-26.0906591520649 27.9255049424458,-26.0906350631624 27.9254620271015,-26.0906374720529</coordinates></LinearRing></outerBoundaryIs></Polygon>
  </Placemark>
  <Placemark>
	<name>3255</name>
	<Style><LineStyle><color>ff0000ff</color></LineStyle><PolyStyle><fill>0</fill></PolyStyle></Style>
      <Polygon><outerBoundaryIs><LinearRing><coordinates>27.9253127986535,-26.0891574226896 27.9253020698174,-26.089186329737 27.9255313986882,-26.0891911475776 27.9255313986882,-26.0891670583728 27.9253127986535,-26.0891574226896</coordinates></LinearRing></outerBoundaryIs></Polygon>
  </Placemark>
  <Placemark>
	<name>3259</name>
	<Style><LineStyle><color>ff0000ff</color></LineStyle><PolyStyle><fill>0</fill></PolyStyle></Style>
      <Polygon><outerBoundaryIs><LinearRing><coordinates>27.9254219156943,-26.0887707902432 27.9254272801123,-26.0887900616727 27.9254380089484,-26.0887900616727 27.9254339856349,-26.0887719947076 27.9254219156943,-26.0887707902432</coordinates></LinearRing></outerBoundaryIs></Polygon>
  </Placemark>
  <Placemark>
	<name>3266</name>
	<Style><LineStyle><color>ff0000ff</color></LineStyle><PolyStyle><fill>0</fill></PolyStyle></Style>
      <Polygon><outerBoundaryIs><LinearRing><coordinates>27.9251308960162,-26.0885515775099 27.9251443070613,-26.088643116943 27.9251711291514,-26.0886419124772 27.9251536947928,-26.0885491685765 27.9251308960162,-26.0885515775099</coordinates></LinearRing></outerBoundaryIs></Polygon>
  </Placemark>
  <Placemark>
	<name>3273</name>
	<Style><LineStyle><color>ff0000ff</color></LineStyle><PolyStyle><fill>0</fill></PolyStyle></Style>
      <Polygon><outerBoundaryIs><LinearRing><coordinates>27.9248948616229,-26.0880288377962 27.9248975438319,-26.0880697898397 27.9249230248175,-26.0880734032546 27.924919001504,-26.0880348601565 27.9248948616229,-26.0880288377962</coordinates></LinearRing></outerBoundaryIs></Polygon>
  </Placemark>
  <Placemark>
	<name>3274</name>
	<Style><LineStyle><color>ff0000ff</color></LineStyle><PolyStyle><fill>0</fill></PolyStyle></Style>
      <Polygon><outerBoundaryIs><LinearRing><coordinates>27.9248099234093,-26.0877096522606 27.9248340632905,-26.0877192880631 27.9248595442761,-26.0877024254082 27.9248689320077,-26.0876831537996 27.9248501565446,-26.0876711090427 27.9248099234093,-26.0877096522606</coordinates></LinearRing></outerBoundaryIs></Polygon>
  </Placemark>
  <Placemark>
	<name>3275</name>
	<Style><LineStyle><color>ff0000ff</color></LineStyle><PolyStyle><fill>0</fill></PolyStyle></Style>
      <Polygon><outerBoundaryIs><LinearRing><coordinates>27.9247857835282,-26.0875446390196 27.9247884657372,-26.0875916136156 27.9248166289319,-26.0875916136156 27.9248085823048,-26.0875446390196 27.9247857835282,-26.0875446390196</coordinates></LinearRing></outerBoundaryIs></Polygon>
  </Placemark>
  <Placemark>
	<name>3289</name>
	<Style><LineStyle><color>ff0000ff</color></LineStyle><PolyStyle><fill>0</fill></PolyStyle></Style>
      <Polygon><outerBoundaryIs><LinearRing><coordinates>27.9262959168153,-26.0935359281826 27.9263200566964,-26.0935407458441 27.9263307855325,-26.0934769118138 27.9263066456514,-26.0934708897337 27.9262959168153,-26.0935359281826</coordinates></LinearRing></outerBoundaryIs></Polygon>
  </Placemark>
  <Placemark>
	<name>3290</name>
	<Style><LineStyle><color>ff0000ff</color></LineStyle><PolyStyle><fill>0</fill></PolyStyle></Style>
      <Polygon><outerBoundaryIs><LinearRing><coordinates>27.9263066456514,-26.0935503811664 27.9263039634424,-26.0935672429785 27.9263334677415,-26.0935720606386 27.9263361499505,-26.0935588120727 27.9263066456514,-26.0935503811664</coordinates></LinearRing></outerBoundaryIs></Polygon>
  </Placemark>
  <Placemark>
	<name>3296</name>
	<Style><LineStyle><color>ff0000ff</color></LineStyle><PolyStyle><fill>0</fill></PolyStyle></Style>
      <Polygon><outerBoundaryIs><LinearRing><coordinates>27.9264635548787,-26.0919810175865 27.9264581904607,-26.0919978796248 27.9264796481328,-26.0920026973495 27.9264836714463,-26.0919870397433 27.9264635548787,-26.0919810175865</coordinates></LinearRing></outerBoundaryIs></Polygon>
  </Placemark>
  <Placemark>
	<name>3317</name>
	<Style><LineStyle><color>ff0000ff</color></LineStyle><PolyStyle><fill>0</fill></PolyStyle></Style>
      <Polygon><outerBoundaryIs><LinearRing><coordinates>27.9262856350508,-26.0904272529609 27.9262896583643,-26.0904561596947 27.9263285503951,-26.0904561596947 27.926325868186,-26.0904248440661 27.9262856350508,-26.0904272529609</coordinates></LinearRing></outerBoundaryIs></Polygon>
  </Placemark>
  <Placemark>
	<name>3331</name>
	<Style><LineStyle><color>ff0000ff</color></LineStyle><PolyStyle><fill>0</fill></PolyStyle></Style>
      <Polygon><outerBoundaryIs><LinearRing><coordinates>27.926014705362,-26.0897397379626 27.9260106820485,-26.0897662359579 27.9260549384972,-26.0897674404121 27.9260576207062,-26.0897445557804 27.926014705362,-26.0897397379626</coordinates></LinearRing></outerBoundaryIs></Polygon>
  </Placemark>
  <Placemark>
	<name>3341</name>
	<Style><LineStyle><color>ff0000ff</color></LineStyle><PolyStyle><fill>0</fill></PolyStyle></Style>
      <Polygon><outerBoundaryIs><LinearRing><coordinates>27.9261608857533,-26.0891965277377 27.9261528391262,-26.0892170035569 27.926205142202,-26.0892242303158 27.9262105066201,-26.0892049589578 27.9261608857533,-26.0891965277377</coordinates></LinearRing></outerBoundaryIs></Polygon>
  </Placemark>
  <Placemark>
	<name>3350</name>
	<Style><LineStyle><color>ff0000ff</color></LineStyle><PolyStyle><fill>0</fill></PolyStyle></Style>
      <Polygon><outerBoundaryIs><LinearRing><coordinates>27.926797010287,-26.0887640118301 27.9267929869735,-26.088780874332 27.9268104213321,-26.0887868966535 27.9268144446456,-26.0887676252236 27.926797010287,-26.0887640118301</coordinates></LinearRing></outerBoundaryIs></Polygon>
  </Placemark>
  <Placemark>
	<name>3368</name>
	<Style><LineStyle><color>ff0000ff</color></LineStyle><PolyStyle><fill>0</fill></PolyStyle></Style>
      <Polygon><outerBoundaryIs><LinearRing><coordinates>27.9258461671912,-26.0879449730974 27.9258676248633,-26.0880003788395 27.9258917647445,-26.0879955609499 27.9258743303859,-26.0879425641515 27.9258461671912,-26.0879449730974</coordinates></LinearRing></outerBoundaryIs></Polygon>
  </Placemark>
  <Placemark>
	<name>3371</name>
	<Style><LineStyle><color>ff0000ff</color></LineStyle><PolyStyle><fill>0</fill></PolyStyle></Style>
      <Polygon><outerBoundaryIs><LinearRing><coordinates>27.9260875660025,-26.0878727046987 27.9260875660025,-26.0878931807495 27.9261103647792,-26.0878955896964 27.9261130469882,-26.087875113646 27.9260875660025,-26.0878727046987</coordinates></LinearRing></outerBoundaryIs></Polygon>
  </Placemark>
  <Placemark>
	<name>3372</name>
	<Style><LineStyle><color>ff0000ff</color></LineStyle><PolyStyle><fill>0</fill></PolyStyle></Style>
      <Polygon><outerBoundaryIs><LinearRing><coordinates>27.9268131035411,-26.0876125380938 27.9268265145861,-26.0876354231424 27.9268667477214,-26.087620969428 27.9268560188853,-26.087599288853 27.9268131035411,-26.0876125380938</coordinates></LinearRing></outerBoundaryIs></Polygon>
  </Placemark>
  <Placemark>
	<name>3385</name>
	<Style><LineStyle><color>ff0000ff</color></LineStyle><PolyStyle><fill>0</fill></PolyStyle></Style>
      <Polygon><outerBoundaryIs><LinearRing><coordinates>27.9255871299137,-26.0871827847662 27.9255951765407,-26.0872056698989 27.925640774094,-26.0871912161314 27.925638091885,-26.0871743534004 27.9255871299137,-26.0871827847662</coordinates></LinearRing></outerBoundaryIs></Polygon>
  </Placemark>
  <Placemark>
	<name>3391</name>
	<Style><LineStyle><color>ff0000ff</color></LineStyle><PolyStyle><fill>0</fill></PolyStyle></Style>
      <Polygon><outerBoundaryIs><LinearRing><coordinates>27.9250332537521,-26.086866005891 27.9250466647972,-26.0868876866018 27.9250627580513,-26.0868756417629 27.9250520292152,-26.0868563700182 27.9250332537521,-26.086866005891</coordinates></LinearRing></outerBoundaryIs></Polygon>
  </Placemark>
  <Placemark>
	<name>3410</name>
	<Style><LineStyle><color>ff0000ff</color></LineStyle><PolyStyle><fill>0</fill></PolyStyle></Style>
      <Polygon><outerBoundaryIs><LinearRing><coordinates>27.9256973063103,-26.0869268297904 27.9257026707284,-26.0869521239394 27.9257750903718,-26.0869304432406 27.9257670437447,-26.0869147849556 27.9257482682816,-26.0869232163401 27.9257482682816,-26.0869111715049 27.9256973063103,-26.0869268297904</coordinates></LinearRing></outerBoundaryIs></Polygon>
  </Placemark>
  <Placemark>
	<name>3419</name>
	<Style><LineStyle><color>ff0000ff</color></LineStyle><PolyStyle><fill>0</fill></PolyStyle></Style>
      <Polygon><outerBoundaryIs><LinearRing><coordinates>18.4814745228164,-34.0886647806832 18.4814731817119,-34.0887025432567 18.481571082341,-34.088701432593 18.4815670590275,-34.0886592273622 18.4814745228164,-34.0886647806832</coordinates></LinearRing></outerBoundaryIs></Polygon>
  </Placemark>
  <Placemark>
	<name>3447</name>
	<Style><LineStyle><color>ff0000ff</color></LineStyle><PolyStyle><fill>0</fill></PolyStyle></Style>
      <Polygon><outerBoundaryIs><LinearRing><coordinates>18.4885987266203,-34.0945401325195 18.4885987266203,-34.0945778924722 18.4886899217268,-34.094575671299 18.4886979683538,-34.0945556807374 18.4886979683538,-34.094535690171 18.4885987266203,-34.0945401325195</coordinates></LinearRing></outerBoundaryIs></Polygon>
  </Placemark>
  <Placemark>
	<name>3485</name>
	<Style><LineStyle><color>ff0000ff</color></LineStyle><PolyStyle><fill>0</fill></PolyStyle></Style>
      <Polygon><outerBoundaryIs><LinearRing><coordinates>18.4832401954841,-34.0907818877292 18.4832428776931,-34.0907918834562 18.4832616531562,-34.0907918834562 18.4832562887382,-34.0907796664563 18.4832401954841,-34.0907818877292</coordinates></LinearRing></outerBoundaryIs></Polygon>
  </Placemark>
  <Placemark>
	<name>3499</name>
	<Style><LineStyle><color>ff0000ff</color></LineStyle><PolyStyle><fill>0</fill></PolyStyle></Style>
      <Polygon><outerBoundaryIs><LinearRing><coordinates>18.4832737230968,-34.0914260543899 18.4832750642013,-34.0914371606687 18.4832924985599,-34.0914393819243 18.4832911574554,-34.0914293862737 18.4832737230968,-34.0914260543899</coordinates></LinearRing></outerBoundaryIs></Polygon>
  </Placemark>
  <Placemark>
	<name>3511</name>
	<Style><LineStyle><color>ff0000ff</color></LineStyle><PolyStyle><fill>0</fill></PolyStyle></Style>
      <Polygon><outerBoundaryIs><LinearRing><coordinates>18.4834507488918,-34.0921592323499 18.4834534311008,-34.0921714491506 18.4834748887729,-34.0921703385325 18.4834681832504,-34.0921570111132 18.4834507488918,-34.0921592323499</coordinates></LinearRing></outerBoundaryIs></Polygon>
  </Placemark>
  <Placemark>
	<name>3525</name>
	<Style><LineStyle><color>ff0000ff</color></LineStyle><PolyStyle><fill>0</fill></PolyStyle></Style>
      <Polygon><outerBoundaryIs><LinearRing><coordinates>18.4847008217021,-34.0917388633497 18.4847048450157,-34.0917521908347 18.4847209382698,-34.091754412082 18.4847249615833,-34.0917399739735 18.4847008217021,-34.0917388633497</coordinates></LinearRing></outerBoundaryIs></Polygon>
  </Placemark>
  <Placemark>
	<name>3536</name>
	<Style><LineStyle><color>ff0000ff</color></LineStyle><PolyStyle><fill>0</fill></PolyStyle></Style>
      <Polygon><outerBoundaryIs><LinearRing><coordinates>18.484652350161,-34.0907369974468 18.48465503237,-34.090748103816 18.4846751489376,-34.0907503250897 18.4846738078331,-34.0907347761728 18.484652350161,-34.0907369974468</coordinates></LinearRing></outerBoundaryIs></Polygon>
  </Placemark>
  <Placemark>
	<name>3544</name>
	<Style><LineStyle><color>ff0000ff</color></LineStyle><PolyStyle><fill>0</fill></PolyStyle></Style>
      <Polygon><outerBoundaryIs><LinearRing><coordinates>18.4846170536578,-34.0900021142388 18.4846197358668,-34.0900154419973 18.4846398524344,-34.0900132207044 18.4846371702254,-34.0900021142388 18.4846170536578,-34.0900021142388</coordinates></LinearRing></outerBoundaryIs></Polygon>
  </Placemark>
  <Placemark>
	<name>3545</name>
	<Style><LineStyle><color>ff0000ff</color></LineStyle><PolyStyle><fill>0</fill></PolyStyle></Style>
      <Polygon><outerBoundaryIs><LinearRing><coordinates>18.4846023015082,-34.0899210369961 18.4846049837172,-34.0899354754148 18.4846277824939,-34.0899354754148 18.4846237591803,-34.0899199263484 18.4846023015082,-34.0899210369961</coordinates></LinearRing></outerBoundaryIs></Polygon>
  </Placemark>
  <Placemark>
	<name>3548</name>
	<Style><LineStyle><color>ff0000ff</color></LineStyle><PolyStyle><fill>0</fill></PolyStyle></Style>
      <Polygon><outerBoundaryIs><LinearRing><coordinates>18.4841150456068,-34.0907770208432 18.4841177278158,-34.090791459116 18.4841405265924,-34.090791459116 18.4841378443834,-34.0907781314796 18.4841150456068,-34.0907770208432</coordinates></LinearRing></outerBoundaryIs></Polygon>
  </Placemark>
  <Placemark>
	<name>3560</name>
	<Style><LineStyle><color>ff0000ff</color></LineStyle><PolyStyle><fill>0</fill></PolyStyle></Style>
      <Polygon><outerBoundaryIs><LinearRing><coordinates>18.4841311388609,-34.0913280190985 18.4841351621744,-34.0913457891643 18.4841539376375,-34.0913435679063 18.484155278742,-34.0913302403569 18.4841311388609,-34.0913280190985</coordinates></LinearRing></outerBoundaryIs></Polygon>
  </Placemark>
  <Placemark>
	<name>3582</name>
	<Style><LineStyle><color>ff0000ff</color></LineStyle><PolyStyle><fill>0</fill></PolyStyle></Style>
      <Polygon><outerBoundaryIs><LinearRing><coordinates>18.4836554857165,-34.0915468529185 18.4836621912391,-34.0915590698076 18.4836756022841,-34.09156129106 18.4836809667022,-34.0915512954239 18.4836554857165,-34.0915468529185</coordinates></LinearRing></outerBoundaryIs></Polygon>
  </Placemark>
  <Placemark>
	<name>3598</name>
	<Style><LineStyle><color>ff0000ff</color></LineStyle><PolyStyle><fill>0</fill></PolyStyle></Style>
      <Polygon><outerBoundaryIs><LinearRing><coordinates>18.4752970724541,-34.0397334275894 18.4753078012901,-34.0397667667537 18.4753319411713,-34.0397623215325 18.4753265767533,-34.0397334275894 18.4752970724541,-34.0397334275894</coordinates></LinearRing></outerBoundaryIs></Polygon>
  </Placemark>
  <Placemark>
	<name>3625</name>
	<Style><LineStyle><color>ff0000ff</color></LineStyle><PolyStyle><fill>0</fill></PolyStyle></Style>
      <Polygon><outerBoundaryIs><LinearRing><coordinates>18.4742962908806,-34.0396011704036 18.474294949776,-34.0396211739349 18.4743150663437,-34.0396211739349 18.4743110430301,-34.0396011704036 18.4742962908806,-34.0396011704036</coordinates></LinearRing></outerBoundaryIs></Polygon>
  </Placemark>
</Folder>
</Document></kml>
