system:index,PANELID,first,.geo
00000000000000000000,1,65,"{""type"":""MultiPoint"",""coordinates"":[]}"
00000000000000000001,2,13,"{""type"":""MultiPoint"",""coordinates"":[]}"
00000000000000000002,3,31,"{""type"":""MultiPoint"",""coordinates"":[]}"
00000000000000000003,4,31,"{""type"":""MultiPoint"",""coordinates"":[]}"
00000000000000000004,5,65,"{""type"":""MultiPoint"",""coordinates"":[]}"
00000000000000000e8c,3725,50,"{""type"":""MultiPoint"",""coordinates"":[]}"
00000000000000000e8d,3726,50,"{""type"":""MultiPoint"",""coordinates"":[]}"
00000000000000000e8e,3727,,"{""type"":""MultiPoint"",""coordinates"":[]}"
00000000000000000e8f,3728,,"{""type"":""MultiPoint"",""coordinates"":[]}"
00000000000000000e90,3729,50,"{""type"":""MultiPoint"",""coordinates"":[]}"
00000000000000000e91,3730,50,"{""type"":""MultiPoint"",""coordinates"":[]}"
00000000000000000e92,3731,50,"{""type"":""MultiPoint"",""coordinates"":[]}"
00000000000000000e93,3732,50,"{""type"":""MultiPoint"",""coordinates"":[]}"
00000000000000000e94,3733,,"{""type"":""MultiPoint"",""coordinates"":[]}"
00000000000000000e95,3734,50,"{""type"":""MultiPoint"",""coordinates"":[]}"
00000000000000000e96,3735,50,"{""type"":""MultiPoint"",""coordinates"":[]}"
00000000000000000e97,3736,50,"{""type"":""MultiPoint"",""coordinates"":[]}"
00000000000000000e98,3737,,"{""type"":""MultiPoint"",""coordinates"":[]}"
00000000000000000e99,3738,,"{""type"":""MultiPoint"",""coordinates"":[]}"
00000000000000000e9a,3739,50,"{""type"":""MultiPoint"",""coordinates"":[]}"
00000000000000000e9b,3740,,"{""type"":""MultiPoint"",""coordinates"":[]}"
00000000000000000005,6,50,"{""type"":""MultiPoint"",""coordinates"":[]}"
000000000000000004bc,1213,47,"{""type"":""MultiPoint"",""coordinates"":[]}"
000000000000000004bd,1214,48,"{""type"":""MultiPoint"",""coordinates"":[]}"
000000000000000004be,1215,49,"{""type"":""MultiPoint"",""coordinates"":[]}"
000000000000000004bf,1216,,"{""type"":""MultiPoint"",""coordinates"":[]}"
000000000000000004c0,1217,49,"{""type"":""MultiPoint"",""coordinates"":[]}"
000000000000000004c1,1218,3,"{""type"":""MultiPoint"",""coordinates"":[]}"
000000000000000004c2,1219,65,"{""type"":""MultiPoint"",""coordinates"":[]}"
000000000000000004c3,1220,65,"{""type"":""MultiPoint"",""coordinates"":[]}"
000000000000000004c4,1221,65,"{""type"":""MultiPoint"",""coordinates"":[]}"
000000000000000004c5,1222,48,"{""type"":""MultiPoint"",""coordinates"":[]}"
000000000000000004c6,1223,48,"{""type"":""MultiPoint"",""coordinates"":[]}"
00000000000000000e9c,3741,49,"{""type"":""MultiPoint"",""coordinates"":[]}"
00000000000000000006,7,50,"{""type"":""MultiPoint"",""coordinates"":[]}"
000000000000000004dc,1245,4,"{""type"":""MultiPoint"",""coordinates"":[]}"
000000000000000004dd,1246,50,"{""type"":""MultiPoint"",""coordinates"":[]}"
000000000000000004de,1247,,"{""type"":""MultiPoint"",""coordinates"":[]}"
000000000000000004df,1248,,"{""type"":""MultiPoint"",""coordinates"":[]}"
000000000000000004e0,1249,,"{""type"":""MultiPoint"",""coordinates"":[]}"
000000000000000004e1,1250,,"{""type"":""MultiPoint"",""coordinates"":[]}"
000000000000000004e2,1251,49,"{""type"":""MultiPoint"",""coordinates"":[]}"
000000000000000004e3,1252,48,"{""type"":""MultiPoint"",""coordinates"":[]}"
000000000000000004e4,1253,48,"{""type"":""MultiPoint"",""coordinates"":[]}"
000000000000000004e5,1254,48,"{""type"":""MultiPoint"",""coordinates"":[]}"
000000000000000004e6,1255,,"{""type"":""MultiPoint"",""coordinates"":[]}"
000000000000000004e7,1256,48,"{""type"":""MultiPoint"",""coordinates"":[]}"
000000000000000004e8,1257,47,"{""type"":""MultiPoint"",""coordinates"":[]}"
000000000000000004e9,1258,48,"{""type"":""MultiPoint"",""coordinates"":[]}"
000000000000000004ea,1259,4,"{""type"":""MultiPoint"",""coordinates"":[]}"
000000000000000004eb,1260,3,"{""type"":""MultiPoint"",""coordinates"":[]}"
000000000000000004ec,1261,,"{""type"":""MultiPoint"",""coordinates"":[]}"
000000000000000004ed,1262,,"{""type"":""MultiPoint"",""coordinates"":[]}"
00000000000000000e9d,3742,49,"{""type"":""MultiPoint"",""coordinates"":[]}"
00000000000000000e9e,3743,49,"{""type"":""MultiPoint"",""coordinates"":[]}"
00000000000000000e9f,3744,47,"{""type"":""MultiPoint"",""coordinates"":[]}"
00000000000000000ea0,3745,49,"{""type"":""MultiPoint"",""coordinates"":[]}"
00000000000000000ea1,3746,49,"{""type"":""MultiPoint"",""coordinates"":[]}"
00000000000000000ea2,3747,49,"{""type"":""MultiPoint"",""coordinates"":[]}"
00000000000000000ea3,3748,49,"{""type"":""MultiPoint"",""coordinates"":[]}"
00000000000000000ea4,3749,49,"{""type"":""MultiPoint"",""coordinates"":[]}"
00000000000000000ea5,3750,48,"{""type"":""MultiPoint"",""coordinates"":[]}"
00000000000000000ea6,3751,48,"{""type"":""MultiPoint"",""coordinates"":[]}"
00000000000000000ea7,3752,48,"{""type"":""MultiPoint"",""coordinates"":[]}"
00000000000000000ea8,3753,49,"{""type"":""MultiPoint"",""coordinates"":[]}"
00000000000000000ea9,3754,48,"{""type"":""MultiPoint"",""coordinates"":[]}"
00000000000000000eaa,3755,48,"{""type"":""MultiPoint"",""coordinates"":[]}"
00000000000000000eab,3756,48,"{""type"":""MultiPoint"",""coordinates"":[]}"
00000000000000000eac,3757,50,"{""type"":""MultiPoint"",""coordinates"":[]}"
00000000000000000ead,3758,48,"{""type"":""MultiPoint"",""coordinates"":[]}"
00000000000000000eae,3759,48,"{""type"":""MultiPoint"",""coordinates"":[]}"
00000000000000000eaf,3760,48,"{""type"":""MultiPoint"",""coordinates"":[]}"
00000000000000000eb0,3761,49,"{""type"":""MultiPoint"",""coordinates"":[]}"
00000000000000000eb1,3762,48,"{""type"":""MultiPoint"",""coordinates"":[]}"
00000000000000000eb2,3763,49,"{""type"":""MultiPoint"",""coordinates"":[]}"
00000000000000000eb3,3764,,"{""type"":""MultiPoint"",""coordinates"":[]}"
00000000000000000eb4,3765,,"{""type"":""MultiPoint"",""coordinates"":[]}"
00000000000000000eb5,3766,,"{""type"":""MultiPoint"",""coordinates"":[]}"
00000000000000000eb6,3767,48,"{""type"":""MultiPoint"",""coordinates"":[]}"
00000000000000000eb7,3768,49,"{""type"":""MultiPoint"",""coordinates"":[]}"
00000000000000000eb8,3769,,"{""type"":""MultiPoint"",""coordinates"":[]}"
00000000000000000eb9,3770,48,"{""type"":""MultiPoint"",""coordinates"":[]}"
00000000000000000eba,3771,48,"{""type"":""MultiPoint"",""coordinates"":[]}"
00000000000000000ebb,3772,48,"{""type"":""MultiPoint"",""coordinates"":[]}"
00000000000000000ebc,3773,48,"{""type"":""MultiPoint"",""coordinates"":[]}"
00000000000000000ebd,3774,,"{""type"":""MultiPoint"",""coordinates"":[]}"
00000000000000000ebe,3775,,"{""type"":""MultiPoint"",""coordinates"":[]}"
00000000000000000ebf,3776,49,"{""type"":""MultiPoint"",""coordinates"":[]}"
00000000000000000ec0,3777,49,"{""type"":""MultiPoint"",""coordinates"":[]}"
00000000000000000ec1,3778,,"{""type"":""MultiPoint"",""coordinates"":[]}"
00000000000000000ec2,3779,,"{""type"":""MultiPoint"",""coordinates"":[]}"
00000000000000000ec3,3780,48,"{""type"":""MultiPoint"",""coordinates"":[]}"
00000000000000000ec4,3781,48,"{""type"":""MultiPoint"",""coordinates"":[]}"
00000000000000000ec5,3782,,"{""type"":""MultiPoint"",""coordinates"":[]}"
00000000000000000ec6,3783,48,"{""type"":""MultiPoint"",""coordinates"":[]}"
00000000000000000ec7,3784,48,"{""type"":""MultiPoint"",""coordinates"":[]}"
00000000000000000ec8,3785,48,"{""type"":""MultiPoint"",""coordinates"":[]}"
00000000000000000007,8,66,"{""type"":""MultiPoint"",""coordinates"":[]}"
00000000000000000008,9,66,"{""type"":""MultiPoint"",""coordinates"":[]}"
00000000000000000009,10,66,"{""type"":""MultiPoint"",""coordinates"":[]}"
0000000000000000000a,11,66,"{""type"":""MultiPoint"",""coordinates"":[]}"
0000000000000000000b,12,10,"{""type"":""MultiPoint"",""coordinates"":[]}"
00000000000000000ec9,3786,49,"{""type"":""MultiPoint"",""coordinates"":[]}"
00000000000000000eca,3787,50,"{""type"":""MultiPoint"",""coordinates"":[]}"
00000000000000000ecb,3788,50,"{""type"":""MultiPoint"",""coordinates"":[]}"
00000000000000000ecc,3789,50,"{""type"":""MultiPoint"",""coordinates"":[]}"
00000000000000000ecd,3790,50,"{""type"":""MultiPoint"",""coordinates"":[]}"
00000000000000000ece,3791,50,"{""type"":""MultiPoint"",""coordinates"":[]}"
0000000000000000000c,13,49,"{""type"":""MultiPoint"",""coordinates"":[]}"
0000000000000000000d,14,50,"{""type"":""MultiPoint"",""coordinates"":[]}"
0000000000000000000e,15,49,"{""type"":""MultiPoint"",""coordinates"":[]}"
00000000000000000ecf,3792,,"{""type"":""MultiPoint"",""coordinates"":[]}"
00000000000000000ed0,3793,50,"{""type"":""MultiPoint"",""coordinates"":[]}"
00000000000000000ed1,3794,50,"{""type"":""MultiPoint"",""coordinates"":[]}"
0000000000000000000f,16,,"{""type"":""MultiPoint"",""coordinates"":[]}"
00000000000000000010,17,58,"{""type"":""MultiPoint"",""coordinates"":[]}"
00000000000000000011,18,58,"{""type"":""MultiPoint"",""coordinates"":[]}"
00000000000000000012,19,58,"{""type"":""MultiPoint"",""coordinates"":[]}"
00000000000000000013,20,58,"{""type"":""MultiPoint"",""coordinates"":[]}"
00000000000000000014,21,58,"{""type"":""MultiPoint"",""coordinates"":[]}"
00000000000000000015,22,58,"{""type"":""MultiPoint"",""coordinates"":[]}"
00000000000000000016,23,58,"{""type"":""MultiPoint"",""coordinates"":[]}"
00000000000000000017,24,58,"{""type"":""MultiPoint"",""coordinates"":[]}"
00000000000000000018,25,59,"{""type"":""MultiPoint"",""coordinates"":[]}"
00000000000000000019,26,59,"{""type"":""MultiPoint"",""coordinates"":[]}"
0000000000000000001a,27,59,"{""type"":""MultiPoint"",""coordinates"":[]}"
0000000000000000001b,28,59,"{""type"":""MultiPoint"",""coordinates"":[]}"
0000000000000000001c,29,59,"{""type"":""MultiPoint"",""coordinates"":[]}"
0000000000000000001d,30,59,"{""type"":""MultiPoint"",""coordinates"":[]}"
0000000000000000001e,31,59,"{""type"":""MultiPoint"",""coordinates"":[]}"
0000000000000000001f,32,59,"{""type"":""MultiPoint"",""coordinates"":[]}"
00000000000000000020,33,59,"{""type"":""MultiPoint"",""coordinates"":[]}"
00000000000000000021,34,49,"{""type"":""MultiPoint"",""coordinates"":[]}"
00000000000000000022,35,13,"{""type"":""MultiPoint"",""coordinates"":[]}"
00000000000000000023,36,55,"{""type"":""MultiPoint"",""coordinates"":[]}"
00000000000000000024,37,47,"{""type"":""MultiPoint"",""coordinates"":[]}"
00000000000000000025,38,,"{""type"":""MultiPoint"",""coordinates"":[]}"
00000000000000000026,39,47,"{""type"":""MultiPoint"",""coordinates"":[]}"
00000000000000000027,40,,"{""type"":""MultiPoint"",""coordinates"":[]}"
00000000000000000028,41,4,"{""type"":""MultiPoint"",""coordinates"":[]}"
00000000000000000029,42,55,"{""type"":""MultiPoint"",""coordinates"":[]}"
0000000000000000002a,43,3,"{""type"":""MultiPoint"",""coordinates"":[]}"
0000000000000000002b,44,13,"{""type"":""MultiPoint"",""coordinates"":[]}"
0000000000000000002c,45,49,"{""type"":""MultiPoint"",""coordinates"":[]}"
0000000000000000002d,46,49,"{""type"":""MultiPoint"",""coordinates"":[]}"
0000000000000000002e,47,40,"{""type"":""MultiPoint"",""coordinates"":[]}"
0000000000000000002f,48,,"{""type"":""MultiPoint"",""coordinates"":[]}"
00000000000000000030,49,63,"{""type"":""MultiPoint"",""coordinates"":[]}"
00000000000000000031,50,63,"{""type"":""MultiPoint"",""coordinates"":[]}"
00000000000000000032,51,,"{""type"":""MultiPoint"",""coordinates"":[]}"
00000000000000000033,52,47,"{""type"":""MultiPoint"",""coordinates"":[]}"
00000000000000000034,53,63,"{""type"":""MultiPoint"",""coordinates"":[]}"
00000000000000000035,54,48,"{""type"":""MultiPoint"",""coordinates"":[]}"
00000000000000000036,55,49,"{""type"":""MultiPoint"",""coordinates"":[]}"
00000000000000000037,56,49,"{""type"":""MultiPoint"",""coordinates"":[]}"
00000000000000000038,57,49,"{""type"":""MultiPoint"",""coordinates"":[]}"
00000000000000000039,58,49,"{""type"":""MultiPoint"",""coordinates"":[]}"
0000000000000000003a,59,49,"{""type"":""MultiPoint"",""coordinates"":[]}"
0000000000000000003b,60,50,"{""type"":""MultiPoint"",""coordinates"":[]}"
0000000000000000003c,61,49,"{""type"":""MultiPoint"",""coordinates"":[]}"
0000000000000000003d,62,49,"{""type"":""MultiPoint"",""coordinates"":[]}"
0000000000000000003e,63,49,"{""type"":""MultiPoint"",""coordinates"":[]}"
0000000000000000003f,64,49,"{""type"":""MultiPoint"",""coordinates"":[]}"
00000000000000000040,65,49,"{""type"":""MultiPoint"",""coordinates"":[]}"
00000000000000000041,66,49,"{""type"":""MultiPoint"",""coordinates"":[]}"
00000000000000000042,67,49,"{""type"":""MultiPoint"",""coordinates"":[]}"
00000000000000000043,68,50,"{""type"":""MultiPoint"",""coordinates"":[]}"
00000000000000000044,69,50,"{""type"":""MultiPoint"",""coordinates"":[]}"
00000000000000000045,70,49,"{""type"":""MultiPoint"",""coordinates"":[]}"
00000000000000000046,71,49,"{""type"":""MultiPoint"",""coordinates"":[]}"
00000000000000000047,72,,"{""type"":""MultiPoint"",""coordinates"":[]}"
00000000000000000048,73,50,"{""type"":""MultiPoint"",""coordinates"":[]}"
00000000000000000049,74,49,"{""type"":""MultiPoint"",""coordinates"":[]}"
0000000000000000004a,75,47,"{""type"":""MultiPoint"",""coordinates"":[]}"
0000000000000000004b,76,,"{""type"":""MultiPoint"",""coordinates"":[]}"
0000000000000000004c,77,49,"{""type"":""MultiPoint"",""coordinates"":[]}"
0000000000000000004d,78,,"{""type"":""MultiPoint"",""coordinates"":[]}"
0000000000000000004e,79,49,"{""type"":""MultiPoint"",""coordinates"":[]}"
0000000000000000004f,80,49,"{""type"":""MultiPoint"",""coordinates"":[]}"
00000000000000000050,81,49,"{""type"":""MultiPoint"",""coordinates"":[]}"
00000000000000000051,82,47,"{""type"":""MultiPoint"",""coordinates"":[]}"
00000000000000000052,83,,"{""type"":""MultiPoint"",""coordinates"":[]}"
00000000000000000053,84,49,"{""type"":""MultiPoint"",""coordinates"":[]}"
00000000000000000054,85,49,"{""type"":""MultiPoint"",""coordinates"":[]}"
00000000000000000055,86,,"{""type"":""MultiPoint"",""coordinates"":[]}"
00000000000000000056,87,49,"{""type"":""MultiPoint"",""coordinates"":[]}"
00000000000000000057,88,49,"{""type"":""MultiPoint"",""coordinates"":[]}"
00000000000000000058,89,49,"{""type"":""MultiPoint"",""coordinates"":[]}"
00000000000000000059,90,49,"{""type"":""MultiPoint"",""coordinates"":[]}"
0000000000000000005a,91,49,"{""type"":""MultiPoint"",""coordinates"":[]}"
0000000000000000005b,92,56,"{""type"":""MultiPoint"",""coordinates"":[]}"
0000000000000000005c,93,56,"{""type"":""MultiPoint"",""coordinates"":[]}"
0000000000000000005d,94,65,"{""type"":""MultiPoint"",""coordinates"":[]}"
0000000000000000005e,95,65,"{""type"":""MultiPoint"",""coordinates"":[]}"
0000000000000000005f,96,49,"{""type"":""MultiPoint"",""coordinates"":[]}"
00000000000000000060,97,49,"{""type"":""MultiPoint"",""coordinates"":[]}"
00000000000000000061,98,49,"{""type"":""MultiPoint"",""coordinates"":[]}"
00000000000000000062,99,,"{""type"":""MultiPoint"",""coordinates"":[]}"
00000000000000000063,100,49,"{""type"":""MultiPoint"",""coordinates"":[]}"
00000000000000000064,101,49,"{""type"":""MultiPoint"",""coordinates"":[]}"
00000000000000000065,102,49,"{""type"":""MultiPoint"",""coordinates"":[]}"
00000000000000000066,103,49,"{""type"":""MultiPoint"",""coordinates"":[]}"
00000000000000000067,104,49,"{""type"":""MultiPoint"",""coordinates"":[]}"
00000000000000000068,105,49,"{""type"":""MultiPoint"",""coordinates"":[]}"
00000000000000000069,106,49,"{""type"":""MultiPoint"",""coordinates"":[]}"
0000000000000000006a,107,46,"{""type"":""MultiPoint"",""coordinates"":[]}"
0000000000000000006b,108,50,"{""type"":""MultiPoint"",""coordinates"":[]}"
0000000000000000006c,109,49,"{""type"":""MultiPoint"",""coordinates"":[]}"
0000000000000000006d,110,,"{""type"":""MultiPoint"",""coordinates"":[]}"
0000000000000000006e,111,49,"{""type"":""MultiPoint"",""coordinates"":[]}"
0000000000000000006f,112,49,"{""type"":""MultiPoint"",""coordinates"":[]}"
00000000000000000070,113,49,"{""type"":""MultiPoint"",""coordinates"":[]}"
00000000000000000071,114,50,"{""type"":""MultiPoint"",""coordinates"":[]}"
00000000000000000072,115,,"{""type"":""MultiPoint"",""coordinates"":[]}"
00000000000000000073,116,50,"{""type"":""MultiPoint"",""coordinates"":[]}"
00000000000000000074,117,50,"{""type"":""MultiPoint"",""coordinates"":[]}"
00000000000000000075,118,50,"{""type"":""MultiPoint"",""coordinates"":[]}"
00000000000000000076,119,49,"{""type"":""MultiPoint"",""coordinates"":[]}"
00000000000000000077,120,49,"{""type"":""MultiPoint"",""coordinates"":[]}"
00000000000000000078,121,49,"{""type"":""MultiPoint"",""coordinates"":[]}"
00000000000000000079,122,49,"{""type"":""MultiPoint"",""coordinates"":[]}"
0000000000000000007a,123,49,"{""type"":""MultiPoint"",""coordinates"":[]}"
0000000000000000007b,124,49,"{""type"":""MultiPoint"",""coordinates"":[]}"
0000000000000000007c,125,49,"{""type"":""MultiPoint"",""coordinates"":[]}"
0000000000000000007d,126,49,"{""type"":""MultiPoint"",""coordinates"":[]}"
0000000000000000007e,127,49,"{""type"":""MultiPoint"",""coordinates"":[]}"
0000000000000000007f,128,49,"{""type"":""MultiPoint"",""coordinates"":[]}"
00000000000000000080,129,49,"{""type"":""MultiPoint"",""coordinates"":[]}"
00000000000000000081,130,49,"{""type"":""MultiPoint"",""coordinates"":[]}"
00000000000000000082,131,49,"{""type"":""MultiPoint"",""coordinates"":[]}"
00000000000000000083,132,49,"{""type"":""MultiPoint"",""coordinates"":[]}"
00000000000000000084,133,50,"{""type"":""MultiPoint"",""coordinates"":[]}"
00000000000000000085,134,49,"{""type"":""MultiPoint"",""coordinates"":[]}"
00000000000000000086,135,49,"{""type"":""MultiPoint"",""coordinates"":[]}"
00000000000000000087,136,50,"{""type"":""MultiPoint"",""coordinates"":[]}"
00000000000000000088,137,50,"{""type"":""MultiPoint"",""coordinates"":[]}"
00000000000000000089,138,50,"{""type"":""MultiPoint"",""coordinates"":[]}"
0000000000000000008a,139,50,"{""type"":""MultiPoint"",""coordinates"":[]}"
0000000000000000008b,140,49,"{""type"":""MultiPoint"",""coordinates"":[]}"
0000000000000000008c,141,50,"{""type"":""MultiPoint"",""coordinates"":[]}"
0000000000000000008d,142,49,"{""type"":""MultiPoint"",""coordinates"":[]}"
0000000000000000008e,143,49,"{""type"":""MultiPoint"",""coordinates"":[]}"
0000000000000000008f,144,50,"{""type"":""MultiPoint"",""coordinates"":[]}"
00000000000000000090,145,49,"{""type"":""MultiPoint"",""coordinates"":[]}"
00000000000000000091,146,49,"{""type"":""MultiPoint"",""coordinates"":[]}"
00000000000000000092,147,55,"{""type"":""MultiPoint"",""coordinates"":[]}"
00000000000000000093,148,,"{""type"":""MultiPoint"",""coordinates"":[]}"
00000000000000000094,149,65,"{""type"":""MultiPoint"",""coordinates"":[]}"
00000000000000000095,150,65,"{""type"":""MultiPoint"",""coordinates"":[]}"
00000000000000000096,151,65,"{""type"":""MultiPoint"",""coordinates"":[]}"
00000000000000000097,152,65,"{""type"":""MultiPoint"",""coordinates"":[]}"
00000000000000000098,153,49,"{""type"":""MultiPoint"",""coordinates"":[]}"
00000000000000000099,154,49,"{""type"":""MultiPoint"",""coordinates"":[]}"
0000000000000000009a,155,55,"{""type"":""MultiPoint"",""coordinates"":[]}"
0000000000000000009b,156,49,"{""type"":""MultiPoint"",""coordinates"":[]}"
0000000000000000009c,157,65,"{""type"":""MultiPoint"",""coordinates"":[]}"
0000000000000000009d,158,65,"{""type"":""MultiPoint"",""coordinates"":[]}"
0000000000000000009e,159,65,"{""type"":""MultiPoint"",""coordinates"":[]}"
0000000000000000009f,160,65,"{""type"":""MultiPoint"",""coordinates"":[]}"
000000000000000000a0,161,65,"{""type"":""MultiPoint"",""coordinates"":[]}"
000000000000000000a1,162,65,"{""type"":""MultiPoint"",""coordinates"":[]}"
000000000000000000a2,163,65,"{""type"":""MultiPoint"",""coordinates"":[]}"
000000000000000000a3,164,65,"{""type"":""MultiPoint"",""coordinates"":[]}"
000000000000000000a4,165,65,"{""type"":""MultiPoint"",""coordinates"":[]}"
000000000000000000a5,166,65,"{""type"":""MultiPoint"",""coordinates"":[]}"
000000000000000000a6,167,65,"{""type"":""MultiPoint"",""coordinates"":[]}"
000000000000000000a7,168,65,"{""type"":""MultiPoint"",""coordinates"":[]}"
000000000000000000a8,169,65,"{""type"":""MultiPoint"",""coordinates"":[]}"
000000000000000000a9,170,65,"{""type"":""MultiPoint"",""coordinates"":[]}"
000000000000000000aa,171,65,"{""type"":""MultiPoint"",""coordinates"":[]}"
000000000000000000ab,172,65,"{""type"":""MultiPoint"",""coordinates"":[]}"
000000000000000000ac,173,65,"{""type"":""MultiPoint"",""coordinates"":[]}"
000000000000000000ad,174,65,"{""type"":""MultiPoint"",""coordinates"":[]}"
000000000000000000ae,175,65,"{""type"":""MultiPoint"",""coordinates"":[]}"
000000000000000000af,176,65,"{""type"":""MultiPoint"",""coordinates"":[]}"
000000000000000000b0,177,65,"{""type"":""MultiPoint"",""coordinates"":[]}"
000000000000000000b1,178,65,"{""type"":""MultiPoint"",""coordinates"":[]}"
000000000000000000b2,179,65,"{""type"":""MultiPoint"",""coordinates"":[]}"
000000000000000000b3,180,65,"{""type"":""MultiPoint"",""coordinates"":[]}"
000000000000000000b4,181,65,"{""type"":""MultiPoint"",""coordinates"":[]}"
000000000000000000b5,182,65,"{""type"":""MultiPoint"",""coordinates"":[]}"
000000000000000000b6,183,49,"{""type"":""MultiPoint"",""coordinates"":[]}"
000000000000000000b7,184,49,"{""type"":""MultiPoint"",""coordinates"":[]}"
00000000000000000593,1428,,"{""type"":""MultiPoint"",""coordinates"":[]}"
00000000000000000594,1429,66,"{""type"":""MultiPoint"",""coordinates"":[]}"
00000000000000000595,1430,,"{""type"":""MultiPoint"",""coordinates"":[]}"
00000000000000000596,1431,66,"{""type"":""MultiPoint"",""coordinates"":[]}"
00000000000000000597,1432,66,"{""type"":""MultiPoint"",""coordinates"":[]}"
00000000000000000598,1433,65,"{""type"":""MultiPoint"",""coordinates"":[]}"
00000000000000000599,1434,,"{""type"":""MultiPoint"",""coordinates"":[]}"
0000000000000000059a,1435,66,"{""type"":""MultiPoint"",""coordinates"":[]}"
0000000000000000059b,1436,,"{""type"":""MultiPoint"",""coordinates"":[]}"
0000000000000000059c,1437,66,"{""type"":""MultiPoint"",""coordinates"":[]}"
0000000000000000059d,1438,66,"{""type"":""MultiPoint"",""coordinates"":[]}"
0000000000000000059e,1439,65,"{""type"":""MultiPoint"",""coordinates"":[]}"
000000000000000000b8,185,13,"{""type"":""MultiPoint"",""coordinates"":[]}"
00000000000000000ed8,3801,50,"{""type"":""MultiPoint"",""coordinates"":[]}"
00000000000000000ed9,3802,50,"{""type"":""MultiPoint"",""coordinates"":[]}"
00000000000000000eda,3803,50,"{""type"":""MultiPoint"",""coordinates"":[]}"
00000000000000000edb,3804,,"{""type"":""MultiPoint"",""coordinates"":[]}"
00000000000000000edc,3805,50,"{""type"":""MultiPoint"",""coordinates"":[]}"
00000000000000000edd,3806,50,"{""type"":""MultiPoint"",""coordinates"":[]}"
00000000000000000ede,3807,,"{""type"":""MultiPoint"",""coordinates"":[]}"
00000000000000000edf,3808,50,"{""type"":""MultiPoint"",""coordinates"":[]}"
00000000000000000ee0,3809,,"{""type"":""MultiPoint"",""coordinates"":[]}"
00000000000000000ee1,3810,49,"{""type"":""MultiPoint"",""coordinates"":[]}"
00000000000000000ee2,3811,50,"{""type"":""MultiPoint"",""coordinates"":[]}"
00000000000000000ee3,3812,50,"{""type"":""MultiPoint"",""coordinates"":[]}"
000000000000000000b9,186,36,"{""type"":""MultiPoint"",""coordinates"":[]}"
0000000000000000059f,1440,48,"{""type"":""MultiPoint"",""coordinates"":[]}"
000000000000000005a0,1441,48,"{""type"":""MultiPoint"",""coordinates"":[]}"
000000000000000005a1,1442,48,"{""type"":""MultiPoint"",""coordinates"":[]}"
000000000000000000ba,187,49,"{""type"":""MultiPoint"",""coordinates"":[]}"
000000000000000000bb,188,49,"{""type"":""MultiPoint"",""coordinates"":[]}"
000000000000000000bc,189,49,"{""type"":""MultiPoint"",""coordinates"":[]}"
000000000000000000bd,190,49,"{""type"":""MultiPoint"",""coordinates"":[]}"
000000000000000000be,191,49,"{""type"":""MultiPoint"",""coordinates"":[]}"
000000000000000000bf,192,49,"{""type"":""MultiPoint"",""coordinates"":[]}"
000000000000000000c0,193,49,"{""type"":""MultiPoint"",""coordinates"":[]}"
000000000000000000c1,194,49,"{""type"":""MultiPoint"",""coordinates"":[]}"
000000000000000000c2,195,49,"{""type"":""MultiPoint"",""coordinates"":[]}"
000000000000000000c3,196,,"{""type"":""MultiPoint"",""coordinates"":[]}"
000000000000000000c4,197,49,"{""type"":""MultiPoint"",""coordinates"":[]}"
000000000000000000c5,198,49,"{""type"":""MultiPoint"",""coordinates"":[]}"
000000000000000000c6,199,49,"{""type"":""MultiPoint"",""coordinates"":[]}"
000000000000000000c7,200,49,"{""type"":""MultiPoint"",""coordinates"":[]}"
000000000000000000c8,201,49,"{""type"":""MultiPoint"",""coordinates"":[]}"
000000000000000000c9,202,49,"{""type"":""MultiPoint"",""coordinates"":[]}"
000000000000000000ca,203,,"{""type"":""MultiPoint"",""coordinates"":[]}"
000000000000000000cb,204,49,"{""type"":""MultiPoint"",""coordinates"":[]}"
000000000000000000cc,205,59,"{""type"":""MultiPoint"",""coordinates"":[]}"
000000000000000000cd,206,59,"{""type"":""MultiPoint"",""coordinates"":[]}"
000000000000000000ce,207,59,"{""type"":""MultiPoint"",""coordinates"":[]}"
000000000000000000cf,208,60,"{""type"":""MultiPoint"",""coordinates"":[]}"
000000000000000000d0,209,57,"{""type"":""MultiPoint"",""coordinates"":[]}"
000000000000000000d1,210,59,"{""type"":""MultiPoint"",""coordinates"":[]}"
000000000000000000d2,211,57,"{""type"":""MultiPoint"",""coordinates"":[]}"
000000000000000000d3,212,57,"{""type"":""MultiPoint"",""coordinates"":[]}"
000000000000000000d4,213,59,"{""type"":""MultiPoint"",""coordinates"":[]}"
000000000000000000d5,214,59,"{""type"":""MultiPoint"",""coordinates"":[]}"
000000000000000000d6,215,59,"{""type"":""MultiPoint"",""coordinates"":[]}"
000000000000000000d7,216,59,"{""type"":""MultiPoint"",""coordinates"":[]}"
000000000000000000d8,217,59,"{""type"":""MultiPoint"",""coordinates"":[]}"
000000000000000000d9,218,59,"{""type"":""MultiPoint"",""coordinates"":[]}"
000000000000000000da,219,59,"{""type"":""MultiPoint"",""coordinates"":[]}"
000000000000000000db,220,59,"{""type"":""MultiPoint"",""coordinates"":[]}"
000000000000000000dc,221,,"{""type"":""MultiPoint"",""coordinates"":[]}"
000000000000000000dd,222,59,"{""type"":""MultiPoint"",""coordinates"":[]}"
000000000000000000de,223,59,"{""type"":""MultiPoint"",""coordinates"":[]}"
000000000000000000df,224,59,"{""type"":""MultiPoint"",""coordinates"":[]}"
000000000000000000e0,225,59,"{""type"":""MultiPoint"",""coordinates"":[]}"
000000000000000000e1,226,59,"{""type"":""MultiPoint"",""coordinates"":[]}"
000000000000000000e2,227,59,"{""type"":""MultiPoint"",""coordinates"":[]}"
000000000000000000e3,228,59,"{""type"":""MultiPoint"",""coordinates"":[]}"
000000000000000000e4,229,59,"{""type"":""MultiPoint"",""coordinates"":[]}"
000000000000000000e5,230,59,"{""type"":""MultiPoint"",""coordinates"":[]}"
000000000000000000e6,231,59,"{""type"":""MultiPoint"",""coordinates"":[]}"
000000000000000000e7,232,59,"{""type"":""MultiPoint"",""coordinates"":[]}"
000000000000000000e8,233,59,"{""type"":""MultiPoint"",""coordinates"":[]}"
000000000000000000e9,234,59,"{""type"":""MultiPoint"",""coordinates"":[]}"
000000000000000000ea,235,59,"{""type"":""MultiPoint"",""coordinates"":[]}"
000000000000000000eb,236,59,"{""type"":""MultiPoint"",""coordinates"":[]}"
000000000000000000ec,237,59,"{""type"":""MultiPoint"",""coordinates"":[]}"
000000000000000000ed,238,59,"{""type"":""MultiPoint"",""coordinates"":[]}"
000000000000000000ee,239,59,"{""type"":""MultiPoint"",""coordinates"":[]}"
000000000000000000ef,240,59,"{""type"":""MultiPoint"",""coordinates"":[]}"
000000000000000000f0,241,60,"{""type"":""MultiPoint"",""coordinates"":[]}"
000000000000000000f1,242,59,"{""type"":""MultiPoint"",""coordinates"":[]}"
000000000000000000f2,243,,"{""type"":""MultiPoint"",""coordinates"":[]}"
000000000000000000f3,244,59,"{""type"":""MultiPoint"",""coordinates"":[]}"
000000000000000000f4,245,59,"{""type"":""MultiPoint"",""coordinates"":[]}"
000000000000000000f5,246,59,"{""type"":""MultiPoint"",""coordinates"":[]}"
000000000000000000f6,247,59,"{""type"":""MultiPoint"",""coordinates"":[]}"
000000000000000000f7,248,60,"{""type"":""MultiPoint"",""coordinates"":[]}"
000000000000000000f8,249,60,"{""type"":""MultiPoint"",""coordinates"":[]}"
000000000000000000f9,250,59,"{""type"":""MultiPoint"",""coordinates"":[]}"
000000000000000000fa,251,,"{""type"":""MultiPoint"",""coordinates"":[]}"
000000000000000000fb,252,49,"{""type"":""MultiPoint"",""coordinates"":[]}"
000000000000000000fc,253,59,"{""type"":""MultiPoint"",""coordinates"":[]}"
000000000000000000fd,254,49,"{""type"":""MultiPoint"",""coordinates"":[]}"
000000000000000000fe,255,49,"{""type"":""MultiPoint"",""coordinates"":[]}"
000000000000000000ff,256,49,"{""type"":""MultiPoint"",""coordinates"":[]}"
00000000000000000100,257,49,"{""type"":""MultiPoint"",""coordinates"":[]}"
00000000000000000101,258,,"{""type"":""MultiPoint"",""coordinates"":[]}"
00000000000000000102,259,49,"{""type"":""MultiPoint"",""coordinates"":[]}"
00000000000000000f8d,3982,,"{""type"":""MultiPoint"",""coordinates"":[]}"
00000000000000000f8e,3983,49,"{""type"":""MultiPoint"",""coordinates"":[]}"
00000000000000000f8f,3984,49,"{""type"":""MultiPoint"",""coordinates"":[]}"
00000000000000000f90,3985,50,"{""type"":""MultiPoint"",""coordinates"":[]}"
00000000000000000f91,3986,50,"{""type"":""MultiPoint"",""coordinates"":[]}"
00000000000000000f92,3987,49,"{""type"":""MultiPoint"",""coordinates"":[]}"
00000000000000000f93,3988,,"{""type"":""MultiPoint"",""coordinates"":[]}"
00000000000000000f94,3989,50,"{""type"":""MultiPoint"",""coordinates"":[]}"
00000000000000000f95,3990,49,"{""type"":""MultiPoint"",""coordinates"":[]}"
00000000000000000f96,3991,50,"{""type"":""MultiPoint"",""coordinates"":[]}"
000000000000000005a2,1443,47,"{""type"":""MultiPoint"",""coordinates"":[]}"
000000000000000005a3,1444,47,"{""type"":""MultiPoint"",""coordinates"":[]}"
000000000000000005a4,1445,47,"{""type"":""MultiPoint"",""coordinates"":[]}"
000000000000000005a5,1446,47,"{""type"":""MultiPoint"",""coordinates"":[]}"
000000000000000005a6,1447,47,"{""type"":""MultiPoint"",""coordinates"":[]}"
000000000000000005a7,1448,47,"{""type"":""MultiPoint"",""coordinates"":[]}"
000000000000000005a8,1449,,"{""type"":""MultiPoint"",""coordinates"":[]}"
000000000000000005a9,1450,47,"{""type"":""MultiPoint"",""coordinates"":[]}"
000000000000000005aa,1451,47,"{""type"":""MultiPoint"",""coordinates"":[]}"
000000000000000005ab,1452,49,"{""type"":""MultiPoint"",""coordinates"":[]}"
000000000000000005ac,1453,47,"{""type"":""MultiPoint"",""coordinates"":[]}"
000000000000000005ad,1454,47,"{""type"":""MultiPoint"",""coordinates"":[]}"
000000000000000005ae,1455,47,"{""type"":""MultiPoint"",""coordinates"":[]}"
000000000000000005af,1456,47,"{""type"":""MultiPoint"",""coordinates"":[]}"
000000000000000005b0,1457,47,"{""type"":""MultiPoint"",""coordinates"":[]}"
000000000000000005b1,1458,47,"{""type"":""MultiPoint"",""coordinates"":[]}"
000000000000000005b2,1459,47,"{""type"":""MultiPoint"",""coordinates"":[]}"
000000000000000005b3,1460,47,"{""type"":""MultiPoint"",""coordinates"":[]}"
000000000000000005b4,1461,47,"{""type"":""MultiPoint"",""coordinates"":[]}"
000000000000000005b5,1462,47,"{""type"":""MultiPoint"",""coordinates"":[]}"
000000000000000005b6,1463,47,"{""type"":""MultiPoint"",""coordinates"":[]}"
000000000000000005b7,1464,49,"{""type"":""MultiPoint"",""coordinates"":[]}"
000000000000000005b8,1465,49,"{""type"":""MultiPoint"",""coordinates"":[]}"
000000000000000005b9,1466,49,"{""type"":""MultiPoint"",""coordinates"":[]}"
000000000000000005ba,1467,47,"{""type"":""MultiPoint"",""coordinates"":[]}"
000000000000000005bb,1468,47,"{""type"":""MultiPoint"",""coordinates"":[]}"
00000000000000000f97,3992,65,"{""type"":""MultiPoint"",""coordinates"":[]}"
00000000000000000f98,3993,,"{""type"":""MultiPoint"",""coordinates"":[]}"
00000000000000000f99,3994,,"{""type"":""MultiPoint"",""coordinates"":[]}"
00000000000000000103,260,48,"{""type"":""MultiPoint"",""coordinates"":[]}"
00000000000000000f9a,3995,49,"{""type"":""MultiPoint"",""coordinates"":[]}"
00000000000000000f9b,3996,49,"{""type"":""MultiPoint"",""coordinates"":[]}"
00000000000000000f9c,3997,50,"{""type"":""MultiPoint"",""coordinates"":[]}"
00000000000000000f9d,3998,50,"{""type"":""MultiPoint"",""coordinates"":[]}"
00000000000000000f9e,3999,50,"{""type"":""MultiPoint"",""coordinates"":[]}"
00000000000000000f9f,4000,49,"{""type"":""MultiPoint"",""coordinates"":[]}"
00000000000000000fa0,4001,49,"{""type"":""MultiPoint"",""coordinates"":[]}"
00000000000000000fa1,4002,,"{""type"":""MultiPoint"",""coordinates"":[]}"
00000000000000000fa2,4003,50,"{""type"":""MultiPoint"",""coordinates"":[]}"
00000000000000000fa3,4004,50,"{""type"":""MultiPoint"",""coordinates"":[]}"
00000000000000000fa4,4005,49,"{""type"":""MultiPoint"",""coordinates"":[]}"
00000000000000000fa5,4006,50,"{""type"":""MultiPoint"",""coordinates"":[]}"
00000000000000000fa6,4007,50,"{""type"":""MultiPoint"",""coordinates"":[]}"
00000000000000000fa7,4008,49,"{""type"":""MultiPoint"",""coordinates"":[]}"
00000000000000000fa8,4009,49,"{""type"":""MultiPoint"",""coordinates"":[]}"
00000000000000000fa9,4010,50,"{""type"":""MultiPoint"",""coordinates"":[]}"
00000000000000000faa,4011,49,"{""type"":""MultiPoint"",""coordinates"":[]}"
00000000000000000fab,4012,49,"{""type"":""MultiPoint"",""coordinates"":[]}"
00000000000000000fac,4013,49,"{""type"":""MultiPoint"",""coordinates"":[]}"
00000000000000000fad,4014,,"{""type"":""MultiPoint"",""coordinates"":[]}"
00000000000000000fae,4015,,"{""type"":""MultiPoint"",""coordinates"":[]}"
00000000000000000faf,4016,49,"{""type"":""MultiPoint"",""coordinates"":[]}"
00000000000000000fb0,4017,49,"{""type"":""MultiPoint"",""coordinates"":[]}"
00000000000000000fb1,4018,50,"{""type"":""MultiPoint"",""coordinates"":[]}"
00000000000000000fb2,4019,50,"{""type"":""MultiPoint"",""coordinates"":[]}"
00000000000000000fb3,4020,50,"{""type"":""MultiPoint"",""coordinates"":[]}"
00000000000000000fb4,4021,49,"{""type"":""MultiPoint"",""coordinates"":[]}"
00000000000000000fb5,4022,47,"{""type"":""MultiPoint"",""coordinates"":[]}"
00000000000000000fb6,4023,47,"{""type"":""MultiPoint"",""coordinates"":[]}"
00000000000000000fb7,4024,50,"{""type"":""MultiPoint"",""coordinates"":[]}"
00000000000000000fb8,4025,50,"{""type"":""MultiPoint"",""coordinates"":[]}"
00000000000000000fb9,4026,49,"{""type"":""MultiPoint"",""coordinates"":[]}"
00000000000000000fba,4027,,"{""type"":""MultiPoint"",""coordinates"":[]}"
00000000000000000fbb,4028,,"{""type"":""MultiPoint"",""coordinates"":[]}"
00000000000000000fbc,4029,,"{""type"":""MultiPoint"",""coordinates"":[]}"
00000000000000000fbd,4030,50,"{""type"":""MultiPoint"",""coordinates"":[]}"
00000000000000000fbe,4031,,"{""type"":""MultiPoint"",""coordinates"":[]}"
00000000000000000fbf,4032,50,"{""type"":""MultiPoint"",""coordinates"":[]}"
00000000000000000fc0,4033,,"{""type"":""MultiPoint"",""coordinates"":[]}"
00000000000000000fc1,4034,50,"{""type"":""MultiPoint"",""coordinates"":[]}"
00000000000000000fc2,4035,50,"{""type"":""MultiPoint"",""coordinates"":[]}"
00000000000000000fc3,4036,50,"{""type"":""MultiPoint"",""coordinates"":[]}"
00000000000000000fc4,4037,,"{""type"":""MultiPoint"",""coordinates"":[]}"
00000000000000000fc5,4038,50,"{""type"":""MultiPoint"",""coordinates"":[]}"
00000000000000000fc6,4039,49,"{""type"":""MultiPoint"",""coordinates"":[]}"
00000000000000000fc7,4040,50,"{""type"":""MultiPoint"",""coordinates"":[]}"
00000000000000000fc8,4041,50,"{""type"":""MultiPoint"",""coordinates"":[]}"
00000000000000000fc9,4042,50,"{""type"":""MultiPoint"",""coordinates"":[]}"
00000000000000000fca,4043,50,"{""type"":""MultiPoint"",""coordinates"":[]}"
00000000000000000fcb,4044,49,"{""type"":""MultiPoint"",""coordinates"":[]}"
00000000000000000fcc,4045,50,"{""type"":""MultiPoint"",""coordinates"":[]}"
00000000000000000fcd,4046,49,"{""type"":""MultiPoint"",""coordinates"":[]}"
00000000000000000fce,4047,50,"{""type"":""MultiPoint"",""coordinates"":[]}"
00000000000000000fcf,4048,,"{""type"":""MultiPoint"",""coordinates"":[]}"
00000000000000000fd0,4049,49,"{""type"":""MultiPoint"",""coordinates"":[]}"
00000000000000000fd1,4050,50,"{""type"":""MultiPoint"",""coordinates"":[]}"
00000000000000000fd2,4051,50,"{""type"":""MultiPoint"",""coordinates"":[]}"
00000000000000000fd3,4052,50,"{""type"":""MultiPoint"",""coordinates"":[]}"
00000000000000000fd4,4053,50,"{""type"":""MultiPoint"",""coordinates"":[]}"
00000000000000000fd5,4054,50,"{""type"":""MultiPoint"",""coordinates"":[]}"
00000000000000000fd6,4055,,"{""type"":""MultiPoint"",""coordinates"":[]}"
00000000000000000fd7,4056,50,"{""type"":""MultiPoint"",""coordinates"":[]}"
00000000000000000fd8,4057,50,"{""type"":""MultiPoint"",""coordinates"":[]}"
00000000000000000fd9,4058,50,"{""type"":""MultiPoint"",""coordinates"":[]}"
00000000000000000fda,4059,50,"{""type"":""MultiPoint"",""coordinates"":[]}"
00000000000000000fdb,4060,50,"{""type"":""MultiPoint"",""coordinates"":[]}"
00000000000000000fdc,4061,,"{""type"":""MultiPoint"",""coordinates"":[]}"
00000000000000000fdd,4062,50,"{""type"":""MultiPoint"",""coordinates"":[]}"
00000000000000000fde,4063,50,"{""type"":""MultiPoint"",""coordinates"":[]}"
00000000000000000fdf,4064,50,"{""type"":""MultiPoint"",""coordinates"":[]}"
00000000000000000fe0,4065,50,"{""type"":""MultiPoint"",""coordinates"":[]}"
00000000000000000fe1,4066,50,"{""type"":""MultiPoint"",""coordinates"":[]}"
00000000000000000fe2,4067,50,"{""type"":""MultiPoint"",""coordinates"":[]}"
00000000000000000fe3,4068,50,"{""type"":""MultiPoint"",""coordinates"":[]}"
00000000000000000fe4,4069,50,"{""type"":""MultiPoint"",""coordinates"":[]}"
00000000000000000fe5,4070,50,"{""type"":""MultiPoint"",""coordinates"":[]}"
00000000000000000fe6,4071,50,"{""type"":""MultiPoint"",""coordinates"":[]}"
00000000000000000fe7,4072,50,"{""type"":""MultiPoint"",""coordinates"":[]}"
00000000000000000fe8,4073,50,"{""type"":""MultiPoint"",""coordinates"":[]}"
00000000000000000fe9,4074,50,"{""type"":""MultiPoint"",""coordinates"":[]}"
00000000000000000fea,4075,50,"{""type"":""MultiPoint"",""coordinates"":[]}"
00000000000000000feb,4076,50,"{""type"":""MultiPoint"",""coordinates"":[]}"
00000000000000000fec,4077,,"{""type"":""MultiPoint"",""coordinates"":[]}"
00000000000000000fed,4078,,"{""type"":""MultiPoint"",""coordinates"":[]}"
00000000000000000fee,4079,,"{""type"":""MultiPoint"",""coordinates"":[]}"
00000000000000000fef,4080,50,"{""type"":""MultiPoint"",""coordinates"":[]}"
00000000000000000ff0,4081,,"{""type"":""MultiPoint"",""coordinates"":[]}"
00000000000000000ff1,4082,,"{""type"":""MultiPoint"",""coordinates"":[]}"
00000000000000000ff2,4083,50,"{""type"":""MultiPoint"",""coordinates"":[]}"
00000000000000000ff3,4084,50,"{""type"":""MultiPoint"",""coordinates"":[]}"
00000000000000000ff4,4085,,"{""type"":""MultiPoint"",""coordinates"":[]}"
00000000000000000ff5,4086,49,"{""type"":""MultiPoint"",""coordinates"":[]}"
00000000000000000ff6,4087,,"{""type"":""MultiPoint"",""coordinates"":[]}"
00000000000000000ff7,4088,49,"{""type"":""MultiPoint"",""coordinates"":[]}"
00000000000000000ff8,4089,50,"{""type"":""MultiPoint"",""coordinates"":[]}"
00000000000000000ff9,4090,50,"{""type"":""MultiPoint"",""coordinates"":[]}"
00000000000000000ffa,4091,49,"{""type"":""MultiPoint"",""coordinates"":[]}"
00000000000000000ffb,4092,49,"{""type"":""MultiPoint"",""coordinates"":[]}"
00000000000000000ffc,4093,50,"{""type"":""MultiPoint"",""coordinates"":[]}"
00000000000000000ffd,4094,,"{""type"":""MultiPoint"",""coordinates"":[]}"
00000000000000000ffe,4095,49,"{""type"":""MultiPoint"",""coordinates"":[]}"
00000000000000000fff,4096,49,"{""type"":""MultiPoint"",""coordinates"":[]}"
00000000000000001000,4097,49,"{""type"":""MultiPoint"",""coordinates"":[]}"
00000000000000001001,4098,47,"{""type"":""MultiPoint"",""coordinates"":[]}"
00000000000000001002,4099,50,"{""type"":""MultiPoint"",""coordinates"":[]}"
00000000000000001003,4100,65,"{""type"":""MultiPoint"",""coordinates"":[]}"
00000000000000001004,4101,65,"{""type"":""MultiPoint"",""coordinates"":[]}"
00000000000000001005,4102,65,"{""type"":""MultiPoint"",""coordinates"":[]}"
00000000000000001006,4103,65,"{""type"":""MultiPoint"",""coordinates"":[]}"
00000000000000001007,4104,65,"{""type"":""MultiPoint"",""coordinates"":[]}"
00000000000000001008,4105,65,"{""type"":""MultiPoint"",""coordinates"":[]}"
00000000000000001009,4106,65,"{""type"":""MultiPoint"",""coordinates"":[]}"
0000000000000000100a,4107,65,"{""type"":""MultiPoint"",""coordinates"":[]}"
0000000000000000100b,4108,65,"{""type"":""MultiPoint"",""coordinates"":[]}"
0000000000000000100c,4109,49,"{""type"":""MultiPoint"",""coordinates"":[]}"
0000000000000000100d,4110,49,"{""type"":""MultiPoint"",""coordinates"":[]}"
0000000000000000100e,4111,49,"{""type"":""MultiPoint"",""coordinates"":[]}"
0000000000000000100f,4112,49,"{""type"":""MultiPoint"",""coordinates"":[]}"
00000000000000001010,4113,49,"{""type"":""MultiPoint"",""coordinates"":[]}"
00000000000000001011,4114,49,"{""type"":""MultiPoint"",""coordinates"":[]}"
00000000000000001012,4115,49,"{""type"":""MultiPoint"",""coordinates"":[]}"
00000000000000001013,4116,49,"{""type"":""MultiPoint"",""coordinates"":[]}"
00000000000000001014,4117,49,"{""type"":""MultiPoint"",""coordinates"":[]}"
00000000000000001015,4118,49,"{""type"":""MultiPoint"",""coordinates"":[]}"
00000000000000001016,4119,49,"{""type"":""MultiPoint"",""coordinates"":[]}"
00000000000000001017,4120,49,"{""type"":""MultiPoint"",""coordinates"":[]}"
00000000000000001018,4121,,"{""type"":""MultiPoint"",""coordinates"":[]}"
00000000000000001019,4122,,"{""type"":""MultiPoint"",""coordinates"":[]}"
0000000000000000101a,4123,49,"{""type"":""MultiPoint"",""coordinates"":[]}"
0000000000000000101b,4124,49,"{""type"":""MultiPoint"",""coordinates"":[]}"
0000000000000000101c,4125,,"{""type"":""MultiPoint"",""coordinates"":[]}"
0000000000000000101d,4126,49,"{""type"":""MultiPoint"",""coordinates"":[]}"
0000000000000000101e,4127,49,"{""type"":""MultiPoint"",""coordinates"":[]}"
0000000000000000101f,4128,49,"{""type"":""MultiPoint"",""coordinates"":[]}"
00000000000000001020,4129,49,"{""type"":""MultiPoint"",""coordinates"":[]}"
00000000000000001021,4130,49,"{""type"":""MultiPoint"",""coordinates"":[]}"
000000000000000005bc,1469,65,"{""type"":""MultiPoint"",""coordinates"":[]}"
000000000000000005bd,1470,60,"{""type"":""MultiPoint"",""coordinates"":[]}"
000000000000000005be,1471,59,"{""type"":""MultiPoint"",""coordinates"":[]}"
000000000000000005bf,1472,13,"{""type"":""MultiPoint"",""coordinates"":[]}"
000000000000000005c0,1473,13,"{""type"":""MultiPoint"",""coordinates"":[]}"
000000000000000005c1,1474,13,"{""type"":""MultiPoint"",""coordinates"":[]}"
000000000000000005c2,1475,65,"{""type"":""MultiPoint"",""coordinates"":[]}"
000000000000000005c3,1476,65,"{""type"":""MultiPoint"",""coordinates"":[]}"
000000000000000005c4,1477,65,"{""type"":""MultiPoint"",""coordinates"":[]}"
000000000000000005c5,1478,65,"{""type"":""MultiPoint"",""coordinates"":[]}"
000000000000000005c6,1479,65,"{""type"":""MultiPoint"",""coordinates"":[]}"
000000000000000005c7,1480,65,"{""type"":""MultiPoint"",""coordinates"":[]}"
000000000000000005c8,1481,,"{""type"":""MultiPoint"",""coordinates"":[]}"
000000000000000005c9,1482,65,"{""type"":""MultiPoint"",""coordinates"":[]}"
000000000000000005ca,1483,65,"{""type"":""MultiPoint"",""coordinates"":[]}"
000000000000000005cb,1484,65,"{""type"":""MultiPoint"",""coordinates"":[]}"
000000000000000005cc,1485,49,"{""type"":""MultiPoint"",""coordinates"":[]}"
000000000000000005cd,1486,65,"{""type"":""MultiPoint"",""coordinates"":[]}"
000000000000000005ce,1487,50,"{""type"":""MultiPoint"",""coordinates"":[]}"
000000000000000005cf,1488,50,"{""type"":""MultiPoint"",""coordinates"":[]}"
000000000000000005d0,1489,,"{""type"":""MultiPoint"",""coordinates"":[]}"
000000000000000005d1,1490,65,"{""type"":""MultiPoint"",""coordinates"":[]}"
000000000000000005d2,1491,65,"{""type"":""MultiPoint"",""coordinates"":[]}"
000000000000000005d3,1492,65,"{""type"":""MultiPoint"",""coordinates"":[]}"
000000000000000005d4,1493,65,"{""type"":""MultiPoint"",""coordinates"":[]}"
000000000000000005d5,1494,65,"{""type"":""MultiPoint"",""coordinates"":[]}"
000000000000000005d6,1495,,"{""type"":""MultiPoint"",""coordinates"":[]}"
000000000000000005d7,1496,65,"{""type"":""MultiPoint"",""coordinates"":[]}"
000000000000000005d8,1497,50,"{""type"":""MultiPoint"",""coordinates"":[]}"
000000000000000005d9,1498,65,"{""type"":""MultiPoint"",""coordinates"":[]}"
000000000000000005da,1499,,"{""type"":""MultiPoint"",""coordinates"":[]}"
000000000000000005db,1500,65,"{""type"":""MultiPoint"",""coordinates"":[]}"
000000000000000005dc,1501,65,"{""type"":""MultiPoint"",""coordinates"":[]}"
000000000000000005dd,1502,,"{""type"":""MultiPoint"",""coordinates"":[]}"
000000000000000005de,1503,,"{""type"":""MultiPoint"",""coordinates"":[]}"
000000000000000005df,1504,49,"{""type"":""MultiPoint"",""coordinates"":[]}"
000000000000000005e0,1505,49,"{""type"":""MultiPoint"",""coordinates"":[]}"
000000000000000005e1,1506,49,"{""type"":""MultiPoint"",""coordinates"":[]}"
000000000000000005e2,1507,,"{""type"":""MultiPoint"",""coordinates"":[]}"
000000000000000005e3,1508,49,"{""type"":""MultiPoint"",""coordinates"":[]}"
000000000000000005e4,1509,49,"{""type"":""MultiPoint"",""coordinates"":[]}"
000000000000000005e5,1510,65,"{""type"":""MultiPoint"",""coordinates"":[]}"
000000000000000005e6,1511,50,"{""type"":""MultiPoint"",""coordinates"":[]}"
000000000000000005e7,1512,50,"{""type"":""MultiPoint"",""coordinates"":[]}"
000000000000000005e8,1513,50,"{""type"":""MultiPoint"",""coordinates"":[]}"
000000000000000005e9,1514,50,"{""type"":""MultiPoint"",""coordinates"":[]}"
000000000000000005ea,1515,13,"{""type"":""MultiPoint"",""coordinates"":[]}"
000000000000000005eb,1516,65,"{""type"":""MultiPoint"",""coordinates"":[]}"
000000000000000005ec,1517,65,"{""type"":""MultiPoint"",""coordinates"":[]}"
000000000000000005ed,1518,65,"{""type"":""MultiPoint"",""coordinates"":[]}"
000000000000000005ee,1519,65,"{""type"":""MultiPoint"",""coordinates"":[]}"
000000000000000005ef,1520,65,"{""type"":""MultiPoint"",""coordinates"":[]}"
00000000000000001022,4131,50,"{""type"":""MultiPoint"",""coordinates"":[]}"
00000000000000001023,4132,50,"{""type"":""MultiPoint"",""coordinates"":[]}"
00000000000000001024,4133,50,"{""type"":""MultiPoint"",""coordinates"":[]}"
00000000000000001025,4134,50,"{""type"":""MultiPoint"",""coordinates"":[]}"
00000000000000001026,4135,50,"{""type"":""MultiPoint"",""coordinates"":[]}"
00000000000000001027,4136,50,"{""type"":""MultiPoint"",""coordinates"":[]}"
00000000000000001028,4137,57,"{""type"":""MultiPoint"",""coordinates"":[]}"
00000000000000001029,4138,49,"{""type"":""MultiPoint"",""coordinates"":[]}"
0000000000000000102a,4139,49,"{""type"":""MultiPoint"",""coordinates"":[]}"
0000000000000000102b,4140,49,"{""type"":""MultiPoint"",""coordinates"":[]}"
0000000000000000102c,4141,49,"{""type"":""MultiPoint"",""coordinates"":[]}"
0000000000000000102d,4142,47,"{""type"":""MultiPoint"",""coordinates"":[]}"
0000000000000000102e,4143,50,"{""type"":""MultiPoint"",""coordinates"":[]}"
0000000000000000102f,4144,49,"{""type"":""MultiPoint"",""coordinates"":[]}"
00000000000000001030,4145,49,"{""type"":""MultiPoint"",""coordinates"":[]}"
00000000000000001031,4146,48,"{""type"":""MultiPoint"",""coordinates"":[]}"
00000000000000001032,4147,48,"{""type"":""MultiPoint"",""coordinates"":[]}"
00000000000000001033,4148,48,"{""type"":""MultiPoint"",""coordinates"":[]}"
00000000000000001034,4149,49,"{""type"":""MultiPoint"",""coordinates"":[]}"
00000000000000001035,4150,49,"{""type"":""MultiPoint"",""coordinates"":[]}"
00000000000000001036,4151,50,"{""type"":""MultiPoint"",""coordinates"":[]}"
00000000000000001037,4152,50,"{""type"":""MultiPoint"",""coordinates"":[]}"
00000000000000001038,4153,50,"{""type"":""MultiPoint"",""coordinates"":[]}"
00000000000000001039,4154,50,"{""type"":""MultiPoint"",""coordinates"":[]}"
0000000000000000103a,4155,50,"{""type"":""MultiPoint"",""coordinates"":[]}"
0000000000000000103b,4156,50,"{""type"":""MultiPoint"",""coordinates"":[]}"
0000000000000000103c,4157,50,"{""type"":""MultiPoint"",""coordinates"":[]}"
0000000000000000103d,4158,50,"{""type"":""MultiPoint"",""coordinates"":[]}"
0000000000000000103e,4159,50,"{""type"":""MultiPoint"",""coordinates"":[]}"
0000000000000000103f,4160,50,"{""type"":""MultiPoint"",""coordinates"":[]}"
00000000000000001040,4161,50,"{""type"":""MultiPoint"",""coordinates"":[]}"
00000000000000001041,4162,13,"{""type"":""MultiPoint"",""coordinates"":[]}"
00000000000000001042,4163,,"{""type"":""MultiPoint"",""coordinates"":[]}"
00000000000000001043,4164,49,"{""type"":""MultiPoint"",""coordinates"":[]}"
00000000000000001044,4165,49,"{""type"":""MultiPoint"",""coordinates"":[]}"
00000000000000001045,4166,50,"{""type"":""MultiPoint"",""coordinates"":[]}"
00000000000000001046,4167,50,"{""type"":""MultiPoint"",""coordinates"":[]}"
00000000000000001047,4168,60,"{""type"":""MultiPoint"",""coordinates"":[]}"
00000000000000001048,4169,60,"{""type"":""MultiPoint"",""coordinates"":[]}"
00000000000000001049,4170,60,"{""type"":""MultiPoint"",""coordinates"":[]}"
0000000000000000104a,4171,58,"{""type"":""MultiPoint"",""coordinates"":[]}"
0000000000000000104b,4172,50,"{""type"":""MultiPoint"",""coordinates"":[]}"
0000000000000000104c,4173,50,"{""type"":""MultiPoint"",""coordinates"":[]}"
0000000000000000104d,4174,50,"{""type"":""MultiPoint"",""coordinates"":[]}"
0000000000000000104e,4175,50,"{""type"":""MultiPoint"",""coordinates"":[]}"
0000000000000000104f,4176,50,"{""type"":""MultiPoint"",""coordinates"":[]}"
00000000000000001050,4177,49,"{""type"":""MultiPoint"",""coordinates"":[]}"
00000000000000001051,4178,50,"{""type"":""MultiPoint"",""coordinates"":[]}"
00000000000000001052,4179,50,"{""type"":""MultiPoint"",""coordinates"":[]}"
00000000000000001053,4180,,"{""type"":""MultiPoint"",""coordinates"":[]}"
00000000000000001054,4181,50,"{""type"":""MultiPoint"",""coordinates"":[]}"
00000000000000001055,4182,,"{""type"":""MultiPoint"",""coordinates"":[]}"
00000000000000001056,4183,50,"{""type"":""MultiPoint"",""coordinates"":[]}"
00000000000000001057,4184,50,"{""type"":""MultiPoint"",""coordinates"":[]}"
00000000000000001058,4185,50,"{""type"":""MultiPoint"",""coordinates"":[]}"
00000000000000001059,4186,50,"{""type"":""MultiPoint"",""coordinates"":[]}"
0000000000000000105a,4187,50,"{""type"":""MultiPoint"",""coordinates"":[]}"
0000000000000000105b,4188,50,"{""type"":""MultiPoint"",""coordinates"":[]}"
0000000000000000105c,4189,,"{""type"":""MultiPoint"",""coordinates"":[]}"
0000000000000000105d,4190,,"{""type"":""MultiPoint"",""coordinates"":[]}"
0000000000000000105e,4191,49,"{""type"":""MultiPoint"",""coordinates"":[]}"
0000000000000000105f,4192,49,"{""type"":""MultiPoint"",""coordinates"":[]}"
00000000000000001060,4193,49,"{""type"":""MultiPoint"",""coordinates"":[]}"
00000000000000001061,4194,,"{""type"":""MultiPoint"",""coordinates"":[]}"
00000000000000001062,4195,50,"{""type"":""MultiPoint"",""coordinates"":[]}"
00000000000000001063,4196,50,"{""type"":""MultiPoint"",""coordinates"":[]}"
00000000000000001064,4197,,"{""type"":""MultiPoint"",""coordinates"":[]}"
00000000000000001065,4198,49,"{""type"":""MultiPoint"",""coordinates"":[]}"
00000000000000001066,4199,,"{""type"":""MultiPoint"",""coordinates"":[]}"
00000000000000001067,4200,49,"{""type"":""MultiPoint"",""coordinates"":[]}"
00000000000000001068,4201,,"{""type"":""MultiPoint"",""coordinates"":[]}"
00000000000000001069,4202,,"{""type"":""MultiPoint"",""coordinates"":[]}"
0000000000000000106a,4203,,"{""type"":""MultiPoint"",""coordinates"":[]}"
0000000000000000106b,4204,,"{""type"":""MultiPoint"",""coordinates"":[]}"
0000000000000000106c,4205,,"{""type"":""MultiPoint"",""coordinates"":[]}"
0000000000000000106d,4206,50,"{""type"":""MultiPoint"",""coordinates"":[]}"
0000000000000000106e,4207,,"{""type"":""MultiPoint"",""coordinates"":[]}"
0000000000000000106f,4208,50,"{""type"":""MultiPoint"",""coordinates"":[]}"
00000000000000001070,4209,,"{""type"":""MultiPoint"",""coordinates"":[]}"
00000000000000001071,4210,50,"{""type"":""MultiPoint"",""coordinates"":[]}"
00000000000000001072,4211,50,"{""type"":""MultiPoint"",""coordinates"":[]}"
00000000000000001073,4212,49,"{""type"":""MultiPoint"",""coordinates"":[]}"
00000000000000001074,4213,50,"{""type"":""MultiPoint"",""coordinates"":[]}"
00000000000000001075,4214,50,"{""type"":""MultiPoint"",""coordinates"":[]}"
00000000000000001076,4215,50,"{""type"":""MultiPoint"",""coordinates"":[]}"
00000000000000001077,4216,50,"{""type"":""MultiPoint"",""coordinates"":[]}"
00000000000000001078,4217,50,"{""type"":""MultiPoint"",""coordinates"":[]}"
00000000000000001079,4218,50,"{""type"":""MultiPoint"",""coordinates"":[]}"
0000000000000000107a,4219,50,"{""type"":""MultiPoint"",""coordinates"":[]}"
0000000000000000107b,4220,65,"{""type"":""MultiPoint"",""coordinates"":[]}"
0000000000000000107c,4221,65,"{""type"":""MultiPoint"",""coordinates"":[]}"
0000000000000000107d,4222,65,"{""type"":""MultiPoint"",""coordinates"":[]}"
0000000000000000107e,4223,65,"{""type"":""MultiPoint"",""coordinates"":[]}"
0000000000000000107f,4224,65,"{""type"":""MultiPoint"",""coordinates"":[]}"
00000000000000001080,4225,65,"{""type"":""MultiPoint"",""coordinates"":[]}"
00000000000000001081,4226,65,"{""type"":""MultiPoint"",""coordinates"":[]}"
00000000000000001082,4227,,"{""type"":""MultiPoint"",""coordinates"":[]}"
00000000000000001083,4228,65,"{""type"":""MultiPoint"",""coordinates"":[]}"
00000000000000001084,4229,,"{""type"":""MultiPoint"",""coordinates"":[]}"
00000000000000001085,4230,48,"{""type"":""MultiPoint"",""coordinates"":[]}"
00000000000000001086,4231,,"{""type"":""MultiPoint"",""coordinates"":[]}"
00000000000000001087,4232,48,"{""type"":""MultiPoint"",""coordinates"":[]}"
00000000000000001088,4233,50,"{""type"":""MultiPoint"",""coordinates"":[]}"
00000000000000001089,4234,49,"{""type"":""MultiPoint"",""coordinates"":[]}"
0000000000000000108a,4235,50,"{""type"":""MultiPoint"",""coordinates"":[]}"
0000000000000000108b,4236,,"{""type"":""MultiPoint"",""coordinates"":[]}"
0000000000000000108c,4237,48,"{""type"":""MultiPoint"",""coordinates"":[]}"
0000000000000000108d,4238,48,"{""type"":""MultiPoint"",""coordinates"":[]}"
0000000000000000108e,4239,49,"{""type"":""MultiPoint"",""coordinates"":[]}"
0000000000000000108f,4240,49,"{""type"":""MultiPoint"",""coordinates"":[]}"
00000000000000001090,4241,48,"{""type"":""MultiPoint"",""coordinates"":[]}"
00000000000000001091,4242,48,"{""type"":""MultiPoint"",""coordinates"":[]}"
00000000000000001092,4243,48,"{""type"":""MultiPoint"",""coordinates"":[]}"
00000000000000001093,4244,49,"{""type"":""MultiPoint"",""coordinates"":[]}"
00000000000000001094,4245,49,"{""type"":""MultiPoint"",""coordinates"":[]}"
00000000000000001095,4246,48,"{""type"":""MultiPoint"",""coordinates"":[]}"
00000000000000001096,4247,49,"{""type"":""MultiPoint"",""coordinates"":[]}"
00000000000000001097,4248,48,"{""type"":""MultiPoint"",""coordinates"":[]}"
00000000000000001098,4249,48,"{""type"":""MultiPoint"",""coordinates"":[]}"
00000000000000001099,4250,49,"{""type"":""MultiPoint"",""coordinates"":[]}"
0000000000000000109a,4251,49,"{""type"":""MultiPoint"",""coordinates"":[]}"
0000000000000000109b,4252,48,"{""type"":""MultiPoint"",""coordinates"":[]}"
0000000000000000109c,4253,48,"{""type"":""MultiPoint"",""coordinates"":[]}"
0000000000000000109d,4254,,"{""type"":""MultiPoint"",""coordinates"":[]}"
0000000000000000109e,4255,,"{""type"":""MultiPoint"",""coordinates"":[]}"
0000000000000000109f,4256,48,"{""type"":""MultiPoint"",""coordinates"":[]}"
000000000000000010a0,4257,48,"{""type"":""MultiPoint"",""coordinates"":[]}"
000000000000000010a1,4258,48,"{""type"":""MultiPoint"",""coordinates"":[]}"
000000000000000010a2,4259,,"{""type"":""MultiPoint"",""coordinates"":[]}"
000000000000000010a3,4260,48,"{""type"":""MultiPoint"",""coordinates"":[]}"
000000000000000010a4,4261,48,"{""type"":""MultiPoint"",""coordinates"":[]}"
000000000000000010a5,4262,48,"{""type"":""MultiPoint"",""coordinates"":[]}"
000000000000000010a6,4263,48,"{""type"":""MultiPoint"",""coordinates"":[]}"
000000000000000010a7,4264,48,"{""type"":""MultiPoint"",""coordinates"":[]}"
000000000000000010a8,4265,48,"{""type"":""MultiPoint"",""coordinates"":[]}"
000000000000000010a9,4266,48,"{""type"":""MultiPoint"",""coordinates"":[]}"
000000000000000010aa,4267,48,"{""type"":""MultiPoint"",""coordinates"":[]}"
000000000000000010ab,4268,48,"{""type"":""MultiPoint"",""coordinates"":[]}"
000000000000000010ac,4269,48,"{""type"":""MultiPoint"",""coordinates"":[]}"
000000000000000010ad,4270,49,"{""type"":""MultiPoint"",""coordinates"":[]}"
000000000000000010ae,4271,,"{""type"":""MultiPoint"",""coordinates"":[]}"
000000000000000010af,4272,49,"{""type"":""MultiPoint"",""coordinates"":[]}"
000000000000000010b0,4273,49,"{""type"":""MultiPoint"",""coordinates"":[]}"
00000000000000000656,1623,48,"{""type"":""MultiPoint"",""coordinates"":[]}"
00000000000000000657,1624,47,"{""type"":""MultiPoint"",""coordinates"":[]}"
00000000000000000658,1625,47,"{""type"":""MultiPoint"",""coordinates"":[]}"
00000000000000000659,1626,47,"{""type"":""MultiPoint"",""coordinates"":[]}"
0000000000000000065a,1627,48,"{""type"":""MultiPoint"",""coordinates"":[]}"
0000000000000000065b,1628,,"{""type"":""MultiPoint"",""coordinates"":[]}"
0000000000000000065c,1629,47,"{""type"":""MultiPoint"",""coordinates"":[]}"
0000000000000000065d,1630,48,"{""type"":""MultiPoint"",""coordinates"":[]}"
0000000000000000065e,1631,49,"{""type"":""MultiPoint"",""coordinates"":[]}"
0000000000000000065f,1632,49,"{""type"":""MultiPoint"",""coordinates"":[]}"
00000000000000000660,1633,47,"{""type"":""MultiPoint"",""coordinates"":[]}"
00000000000000000661,1634,49,"{""type"":""MultiPoint"",""coordinates"":[]}"
00000000000000000662,1635,48,"{""type"":""MultiPoint"",""coordinates"":[]}"
00000000000000000663,1636,49,"{""type"":""MultiPoint"",""coordinates"":[]}"
00000000000000000664,1637,50,"{""type"":""MultiPoint"",""coordinates"":[]}"
00000000000000000665,1638,50,"{""type"":""MultiPoint"",""coordinates"":[]}"
00000000000000000666,1639,48,"{""type"":""MultiPoint"",""coordinates"":[]}"
00000000000000000667,1640,48,"{""type"":""MultiPoint"",""coordinates"":[]}"
00000000000000000668,1641,47,"{""type"":""MultiPoint"",""coordinates"":[]}"
00000000000000000669,1642,,"{""type"":""MultiPoint"",""coordinates"":[]}"
0000000000000000066a,1643,65,"{""type"":""MultiPoint"",""coordinates"":[]}"
000000000000000010b1,4274,50,"{""type"":""MultiPoint"",""coordinates"":[]}"
00000000000000000104,261,49,"{""type"":""MultiPoint"",""coordinates"":[]}"
00000000000000000105,262,49,"{""type"":""MultiPoint"",""coordinates"":[]}"
00000000000000000106,263,50,"{""type"":""MultiPoint"",""coordinates"":[]}"
00000000000000000107,264,49,"{""type"":""MultiPoint"",""coordinates"":[]}"
00000000000000000108,265,49,"{""type"":""MultiPoint"",""coordinates"":[]}"
00000000000000000109,266,50,"{""type"":""MultiPoint"",""coordinates"":[]}"
0000000000000000010a,267,50,"{""type"":""MultiPoint"",""coordinates"":[]}"
0000000000000000010b,268,50,"{""type"":""MultiPoint"",""coordinates"":[]}"
0000000000000000010c,269,,"{""type"":""MultiPoint"",""coordinates"":[]}"
0000000000000000010d,270,50,"{""type"":""MultiPoint"",""coordinates"":[]}"
0000000000000000010e,271,49,"{""type"":""MultiPoint"",""coordinates"":[]}"
0000000000000000010f,272,49,"{""type"":""MultiPoint"",""coordinates"":[]}"
00000000000000000110,273,49,"{""type"":""MultiPoint"",""coordinates"":[]}"
00000000000000000111,274,,"{""type"":""MultiPoint"",""coordinates"":[]}"
00000000000000000112,275,,"{""type"":""MultiPoint"",""coordinates"":[]}"
00000000000000000113,276,50,"{""type"":""MultiPoint"",""coordinates"":[]}"
00000000000000000114,277,50,"{""type"":""MultiPoint"",""coordinates"":[]}"
00000000000000000115,278,50,"{""type"":""MultiPoint"",""coordinates"":[]}"
00000000000000000116,279,50,"{""type"":""MultiPoint"",""coordinates"":[]}"
00000000000000000117,280,50,"{""type"":""MultiPoint"",""coordinates"":[]}"
00000000000000000118,281,50,"{""type"":""MultiPoint"",""coordinates"":[]}"
00000000000000000119,282,50,"{""type"":""MultiPoint"",""coordinates"":[]}"
0000000000000000011a,283,50,"{""type"":""MultiPoint"",""coordinates"":[]}"
0000000000000000011b,284,50,"{""type"":""MultiPoint"",""coordinates"":[]}"
0000000000000000011c,285,50,"{""type"":""MultiPoint"",""coordinates"":[]}"
0000000000000000011d,286,50,"{""type"":""MultiPoint"",""coordinates"":[]}"
0000000000000000011e,287,50,"{""type"":""MultiPoint"",""coordinates"":[]}"
0000000000000000011f,288,50,"{""type"":""MultiPoint"",""coordinates"":[]}"
00000000000000000120,289,50,"{""type"":""MultiPoint"",""coordinates"":[]}"
00000000000000000121,290,50,"{""type"":""MultiPoint"",""coordinates"":[]}"
00000000000000000122,291,50,"{""type"":""MultiPoint"",""coordinates"":[]}"
00000000000000000123,292,,"{""type"":""MultiPoint"",""coordinates"":[]}"
00000000000000000124,293,49,"{""type"":""MultiPoint"",""coordinates"":[]}"
00000000000000000125,294,49,"{""type"":""MultiPoint"",""coordinates"":[]}"
00000000000000000126,295,,"{""type"":""MultiPoint"",""coordinates"":[]}"
00000000000000000127,296,,"{""type"":""MultiPoint"",""coordinates"":[]}"
00000000000000000128,297,50,"{""type"":""MultiPoint"",""coordinates"":[]}"
00000000000000000129,298,50,"{""type"":""MultiPoint"",""coordinates"":[]}"
0000000000000000012a,299,50,"{""type"":""MultiPoint"",""coordinates"":[]}"
0000000000000000012b,300,50,"{""type"":""MultiPoint"",""coordinates"":[]}"
0000000000000000012c,301,49,"{""type"":""MultiPoint"",""coordinates"":[]}"
0000000000000000012d,302,49,"{""type"":""MultiPoint"",""coordinates"":[]}"
0000000000000000012e,303,50,"{""type"":""MultiPoint"",""coordinates"":[]}"
0000000000000000012f,304,49,"{""type"":""MultiPoint"",""coordinates"":[]}"
00000000000000000130,305,50,"{""type"":""MultiPoint"",""coordinates"":[]}"
00000000000000000131,306,50,"{""type"":""MultiPoint"",""coordinates"":[]}"
00000000000000000132,307,50,"{""type"":""MultiPoint"",""coordinates"":[]}"
00000000000000000133,308,50,"{""type"":""MultiPoint"",""coordinates"":[]}"
00000000000000000134,309,50,"{""type"":""MultiPoint"",""coordinates"":[]}"
00000000000000000135,310,50,"{""type"":""MultiPoint"",""coordinates"":[]}"
00000000000000000136,311,50,"{""type"":""MultiPoint"",""coordinates"":[]}"
00000000000000000137,312,50,"{""type"":""MultiPoint"",""coordinates"":[]}"
00000000000000000138,313,49,"{""type"":""MultiPoint"",""coordinates"":[]}"
00000000000000000139,314,49,"{""type"":""MultiPoint"",""coordinates"":[]}"
0000000000000000013a,315,50,"{""type"":""MultiPoint"",""coordinates"":[]}"
0000000000000000013b,316,50,"{""type"":""MultiPoint"",""coordinates"":[]}"
0000000000000000013c,317,50,"{""type"":""MultiPoint"",""coordinates"":[]}"
0000000000000000013d,318,,"{""type"":""MultiPoint"",""coordinates"":[]}"
0000000000000000013e,319,50,"{""type"":""MultiPoint"",""coordinates"":[]}"
0000000000000000013f,320,50,"{""type"":""MultiPoint"",""coordinates"":[]}"
00000000000000000140,321,50,"{""type"":""MultiPoint"",""coordinates"":[]}"
00000000000000000141,322,49,"{""type"":""MultiPoint"",""coordinates"":[]}"
00000000000000000142,323,50,"{""type"":""MultiPoint"",""coordinates"":[]}"
00000000000000000143,324,50,"{""type"":""MultiPoint"",""coordinates"":[]}"
00000000000000000144,325,50,"{""type"":""MultiPoint"",""coordinates"":[]}"
00000000000000000145,326,49,"{""type"":""MultiPoint"",""coordinates"":[]}"
00000000000000000146,327,49,"{""type"":""MultiPoint"",""coordinates"":[]}"
00000000000000000147,328,49,"{""type"":""MultiPoint"",""coordinates"":[]}"
00000000000000000148,329,50,"{""type"":""MultiPoint"",""coordinates"":[]}"
00000000000000000149,330,50,"{""type"":""MultiPoint"",""coordinates"":[]}"
0000000000000000014a,331,50,"{""type"":""MultiPoint"",""coordinates"":[]}"
0000000000000000014b,332,50,"{""type"":""MultiPoint"",""coordinates"":[]}"
0000000000000000014c,333,50,"{""type"":""MultiPoint"",""coordinates"":[]}"
0000000000000000014d,334,50,"{""type"":""MultiPoint"",""coordinates"":[]}"
0000000000000000014e,335,50,"{""type"":""MultiPoint"",""coordinates"":[]}"
0000000000000000014f,336,50,"{""type"":""MultiPoint"",""coordinates"":[]}"
00000000000000000150,337,50,"{""type"":""MultiPoint"",""coordinates"":[]}"
00000000000000000151,338,50,"{""type"":""MultiPoint"",""coordinates"":[]}"
00000000000000000152,339,50,"{""type"":""MultiPoint"",""coordinates"":[]}"
00000000000000000153,340,,"{""type"":""MultiPoint"",""coordinates"":[]}"
00000000000000000154,341,49,"{""type"":""MultiPoint"",""coordinates"":[]}"
00000000000000000155,342,49,"{""type"":""MultiPoint"",""coordinates"":[]}"
00000000000000000156,343,,"{""type"":""MultiPoint"",""coordinates"":[]}"
00000000000000000157,344,49,"{""type"":""MultiPoint"",""coordinates"":[]}"
00000000000000000158,345,49,"{""type"":""MultiPoint"",""coordinates"":[]}"
00000000000000000159,346,50,"{""type"":""MultiPoint"",""coordinates"":[]}"
0000000000000000015a,347,,"{""type"":""MultiPoint"",""coordinates"":[]}"
0000000000000000015b,348,50,"{""type"":""MultiPoint"",""coordinates"":[]}"
0000000000000000015c,349,50,"{""type"":""MultiPoint"",""coordinates"":[]}"
0000000000000000015d,350,50,"{""type"":""MultiPoint"",""coordinates"":[]}"
0000000000000000015e,351,50,"{""type"":""MultiPoint"",""coordinates"":[]}"
000000000000000010b2,4275,49,"{""type"":""MultiPoint"",""coordinates"":[]}"
000000000000000010b3,4276,49,"{""type"":""MultiPoint"",""coordinates"":[]}"
000000000000000010b4,4277,50,"{""type"":""MultiPoint"",""coordinates"":[]}"
000000000000000010b5,4278,50,"{""type"":""MultiPoint"",""coordinates"":[]}"
000000000000000010b6,4279,49,"{""type"":""MultiPoint"",""coordinates"":[]}"
000000000000000010b7,4280,49,"{""type"":""MultiPoint"",""coordinates"":[]}"
0000000000000000066b,1644,50,"{""type"":""MultiPoint"",""coordinates"":[]}"
000000000000000010b8,4281,50,"{""type"":""MultiPoint"",""coordinates"":[]}"
000000000000000010b9,4282,50,"{""type"":""MultiPoint"",""coordinates"":[]}"
000000000000000010ba,4283,49,"{""type"":""MultiPoint"",""coordinates"":[]}"
000000000000000010bb,4284,49,"{""type"":""MultiPoint"",""coordinates"":[]}"
000000000000000010bc,4285,50,"{""type"":""MultiPoint"",""coordinates"":[]}"
000000000000000010bd,4286,50,"{""type"":""MultiPoint"",""coordinates"":[]}"
000000000000000010be,4287,,"{""type"":""MultiPoint"",""coordinates"":[]}"
000000000000000010bf,4288,50,"{""type"":""MultiPoint"",""coordinates"":[]}"
0000000000000000072e,1839,,"{""type"":""MultiPoint"",""coordinates"":[]}"
0000000000000000072f,1840,,"{""type"":""MultiPoint"",""coordinates"":[]}"
00000000000000000730,1841,,"{""type"":""MultiPoint"",""coordinates"":[]}"
0000000000000000015f,352,49,"{""type"":""MultiPoint"",""coordinates"":[]}"
00000000000000000160,353,49,"{""type"":""MultiPoint"",""coordinates"":[]}"
00000000000000000161,354,49,"{""type"":""MultiPoint"",""coordinates"":[]}"
00000000000000000736,1847,49,"{""type"":""MultiPoint"",""coordinates"":[]}"
00000000000000000737,1848,49,"{""type"":""MultiPoint"",""coordinates"":[]}"
00000000000000000738,1849,50,"{""type"":""MultiPoint"",""coordinates"":[]}"
00000000000000000739,1850,50,"{""type"":""MultiPoint"",""coordinates"":[]}"
0000000000000000073a,1851,50,"{""type"":""MultiPoint"",""coordinates"":[]}"
0000000000000000073b,1852,50,"{""type"":""MultiPoint"",""coordinates"":[]}"
0000000000000000073c,1853,49,"{""type"":""MultiPoint"",""coordinates"":[]}"
0000000000000000073d,1854,49,"{""type"":""MultiPoint"",""coordinates"":[]}"
0000000000000000073e,1855,49,"{""type"":""MultiPoint"",""coordinates"":[]}"
0000000000000000073f,1856,49,"{""type"":""MultiPoint"",""coordinates"":[]}"
00000000000000000740,1857,,"{""type"":""MultiPoint"",""coordinates"":[]}"
00000000000000000741,1858,49,"{""type"":""MultiPoint"",""coordinates"":[]}"
00000000000000000742,1859,49,"{""type"":""MultiPoint"",""coordinates"":[]}"
00000000000000000743,1860,49,"{""type"":""MultiPoint"",""coordinates"":[]}"
00000000000000000744,1861,,"{""type"":""MultiPoint"",""coordinates"":[]}"
00000000000000000745,1862,50,"{""type"":""MultiPoint"",""coordinates"":[]}"
00000000000000000746,1863,50,"{""type"":""MultiPoint"",""coordinates"":[]}"
00000000000000000747,1864,,"{""type"":""MultiPoint"",""coordinates"":[]}"
00000000000000000748,1865,49,"{""type"":""MultiPoint"",""coordinates"":[]}"
00000000000000000749,1866,50,"{""type"":""MultiPoint"",""coordinates"":[]}"
0000000000000000074a,1867,50,"{""type"":""MultiPoint"",""coordinates"":[]}"
0000000000000000074b,1868,50,"{""type"":""MultiPoint"",""coordinates"":[]}"
0000000000000000074c,1869,50,"{""type"":""MultiPoint"",""coordinates"":[]}"
0000000000000000074d,1870,49,"{""type"":""MultiPoint"",""coordinates"":[]}"
0000000000000000074e,1871,50,"{""type"":""MultiPoint"",""coordinates"":[]}"
0000000000000000074f,1872,50,"{""type"":""MultiPoint"",""coordinates"":[]}"
00000000000000000750,1873,50,"{""type"":""MultiPoint"",""coordinates"":[]}"
00000000000000000751,1874,50,"{""type"":""MultiPoint"",""coordinates"":[]}"
00000000000000000752,1875,50,"{""type"":""MultiPoint"",""coordinates"":[]}"
00000000000000000753,1876,,"{""type"":""MultiPoint"",""coordinates"":[]}"
00000000000000000754,1877,,"{""type"":""MultiPoint"",""coordinates"":[]}"
00000000000000000755,1878,50,"{""type"":""MultiPoint"",""coordinates"":[]}"
00000000000000000756,1879,50,"{""type"":""MultiPoint"",""coordinates"":[]}"
00000000000000000757,1880,50,"{""type"":""MultiPoint"",""coordinates"":[]}"
00000000000000000758,1881,50,"{""type"":""MultiPoint"",""coordinates"":[]}"
00000000000000000759,1882,49,"{""type"":""MultiPoint"",""coordinates"":[]}"
0000000000000000075a,1883,,"{""type"":""MultiPoint"",""coordinates"":[]}"
0000000000000000075b,1884,50,"{""type"":""MultiPoint"",""coordinates"":[]}"
0000000000000000075c,1885,,"{""type"":""MultiPoint"",""coordinates"":[]}"
0000000000000000075d,1886,,"{""type"":""MultiPoint"",""coordinates"":[]}"
00000000000000000162,355,65,"{""type"":""MultiPoint"",""coordinates"":[]}"
0000000000000000075e,1887,49,"{""type"":""MultiPoint"",""coordinates"":[]}"
0000000000000000075f,1888,49,"{""type"":""MultiPoint"",""coordinates"":[]}"
00000000000000000760,1889,49,"{""type"":""MultiPoint"",""coordinates"":[]}"
00000000000000000761,1890,50,"{""type"":""MultiPoint"",""coordinates"":[]}"
00000000000000000762,1891,49,"{""type"":""MultiPoint"",""coordinates"":[]}"
00000000000000000763,1892,49,"{""type"":""MultiPoint"",""coordinates"":[]}"
00000000000000000764,1893,,"{""type"":""MultiPoint"",""coordinates"":[]}"
00000000000000000765,1894,,"{""type"":""MultiPoint"",""coordinates"":[]}"
00000000000000000766,1895,49,"{""type"":""MultiPoint"",""coordinates"":[]}"
00000000000000000767,1896,49,"{""type"":""MultiPoint"",""coordinates"":[]}"
00000000000000000768,1897,49,"{""type"":""MultiPoint"",""coordinates"":[]}"
00000000000000000769,1898,49,"{""type"":""MultiPoint"",""coordinates"":[]}"
0000000000000000076a,1899,50,"{""type"":""MultiPoint"",""coordinates"":[]}"
0000000000000000076b,1900,50,"{""type"":""MultiPoint"",""coordinates"":[]}"
0000000000000000076c,1901,49,"{""type"":""MultiPoint"",""coordinates"":[]}"
0000000000000000076d,1902,49,"{""type"":""MultiPoint"",""coordinates"":[]}"
0000000000000000076e,1903,50,"{""type"":""MultiPoint"",""coordinates"":[]}"
0000000000000000076f,1904,49,"{""type"":""MultiPoint"",""coordinates"":[]}"
00000000000000000770,1905,,"{""type"":""MultiPoint"",""coordinates"":[]}"
00000000000000000771,1906,49,"{""type"":""MultiPoint"",""coordinates"":[]}"
00000000000000000772,1907,50,"{""type"":""MultiPoint"",""coordinates"":[]}"
00000000000000000773,1908,,"{""type"":""MultiPoint"",""coordinates"":[]}"
00000000000000000774,1909,50,"{""type"":""MultiPoint"",""coordinates"":[]}"
00000000000000000775,1910,49,"{""type"":""MultiPoint"",""coordinates"":[]}"
000000000000000010c0,4289,,"{""type"":""MultiPoint"",""coordinates"":[]}"
000000000000000010c1,4290,50,"{""type"":""MultiPoint"",""coordinates"":[]}"
000000000000000010c2,4291,50,"{""type"":""MultiPoint"",""coordinates"":[]}"
00000000000000000776,1911,49,"{""type"":""MultiPoint"",""coordinates"":[]}"
00000000000000000777,1912,49,"{""type"":""MultiPoint"",""coordinates"":[]}"
000000000000000010c3,4292,50,"{""type"":""MultiPoint"",""coordinates"":[]}"
00000000000000000163,356,55,"{""type"":""MultiPoint"",""coordinates"":[]}"
00000000000000000164,357,55,"{""type"":""MultiPoint"",""coordinates"":[]}"
00000000000000000165,358,3,"{""type"":""MultiPoint"",""coordinates"":[]}"
00000000000000000166,359,40,"{""type"":""MultiPoint"",""coordinates"":[]}"
00000000000000000167,360,4,"{""type"":""MultiPoint"",""coordinates"":[]}"
00000000000000000168,361,,"{""type"":""MultiPoint"",""coordinates"":[]}"
00000000000000000169,362,47,"{""type"":""MultiPoint"",""coordinates"":[]}"
0000000000000000016a,363,47,"{""type"":""MultiPoint"",""coordinates"":[]}"
00000000000000000785,1926,48,"{""type"":""MultiPoint"",""coordinates"":[]}"
00000000000000000786,1927,49,"{""type"":""MultiPoint"",""coordinates"":[]}"
00000000000000000787,1928,48,"{""type"":""MultiPoint"",""coordinates"":[]}"
00000000000000000788,1929,48,"{""type"":""MultiPoint"",""coordinates"":[]}"
00000000000000000789,1930,49,"{""type"":""MultiPoint"",""coordinates"":[]}"
0000000000000000078a,1931,49,"{""type"":""MultiPoint"",""coordinates"":[]}"
0000000000000000078b,1932,49,"{""type"":""MultiPoint"",""coordinates"":[]}"
0000000000000000078c,1933,49,"{""type"":""MultiPoint"",""coordinates"":[]}"
0000000000000000078d,1934,48,"{""type"":""MultiPoint"",""coordinates"":[]}"
0000000000000000078e,1935,49,"{""type"":""MultiPoint"",""coordinates"":[]}"
0000000000000000078f,1936,,"{""type"":""MultiPoint"",""coordinates"":[]}"
00000000000000000790,1937,49,"{""type"":""MultiPoint"",""coordinates"":[]}"
00000000000000000791,1938,48,"{""type"":""MultiPoint"",""coordinates"":[]}"
00000000000000000792,1939,49,"{""type"":""MultiPoint"",""coordinates"":[]}"
00000000000000000793,1940,49,"{""type"":""MultiPoint"",""coordinates"":[]}"
00000000000000000794,1941,49,"{""type"":""MultiPoint"",""coordinates"":[]}"
00000000000000000795,1942,49,"{""type"":""MultiPoint"",""coordinates"":[]}"
00000000000000000796,1943,,"{""type"":""MultiPoint"",""coordinates"":[]}"
00000000000000000797,1944,,"{""type"":""MultiPoint"",""coordinates"":[]}"
00000000000000000798,1945,65,"{""type"":""MultiPoint"",""coordinates"":[]}"
00000000000000000799,1946,65,"{""type"":""MultiPoint"",""coordinates"":[]}"
0000000000000000079a,1947,65,"{""type"":""MultiPoint"",""coordinates"":[]}"
0000000000000000079b,1948,65,"{""type"":""MultiPoint"",""coordinates"":[]}"
0000000000000000079c,1949,65,"{""type"":""MultiPoint"",""coordinates"":[]}"
0000000000000000079d,1950,49,"{""type"":""MultiPoint"",""coordinates"":[]}"
0000000000000000079e,1951,,"{""type"":""MultiPoint"",""coordinates"":[]}"
0000000000000000079f,1952,48,"{""type"":""MultiPoint"",""coordinates"":[]}"
000000000000000007a0,1953,48,"{""type"":""MultiPoint"",""coordinates"":[]}"
000000000000000007a1,1954,48,"{""type"":""MultiPoint"",""coordinates"":[]}"
000000000000000007a2,1955,49,"{""type"":""MultiPoint"",""coordinates"":[]}"
000000000000000007a3,1956,48,"{""type"":""MultiPoint"",""coordinates"":[]}"
000000000000000007a4,1957,,"{""type"":""MultiPoint"",""coordinates"":[]}"
000000000000000010c5,4294,65,"{""type"":""MultiPoint"",""coordinates"":[]}"
000000000000000010c6,4295,65,"{""type"":""MultiPoint"",""coordinates"":[]}"
000000000000000010c7,4296,65,"{""type"":""MultiPoint"",""coordinates"":[]}"
000000000000000010c8,4297,65,"{""type"":""MultiPoint"",""coordinates"":[]}"
000000000000000010c9,4298,66,"{""type"":""MultiPoint"",""coordinates"":[]}"
000000000000000010ca,4299,66,"{""type"":""MultiPoint"",""coordinates"":[]}"
000000000000000010cb,4300,66,"{""type"":""MultiPoint"",""coordinates"":[]}"
000000000000000010cc,4301,48,"{""type"":""MultiPoint"",""coordinates"":[]}"
000000000000000010cd,4302,48,"{""type"":""MultiPoint"",""coordinates"":[]}"
000000000000000010ce,4303,48,"{""type"":""MultiPoint"",""coordinates"":[]}"
000000000000000010cf,4304,48,"{""type"":""MultiPoint"",""coordinates"":[]}"
000000000000000010d0,4305,48,"{""type"":""MultiPoint"",""coordinates"":[]}"
000000000000000010d1,4306,4,"{""type"":""MultiPoint"",""coordinates"":[]}"
000000000000000010d2,4307,48,"{""type"":""MultiPoint"",""coordinates"":[]}"
000000000000000010d3,4308,48,"{""type"":""MultiPoint"",""coordinates"":[]}"
000000000000000010d4,4309,50,"{""type"":""MultiPoint"",""coordinates"":[]}"
000000000000000010d5,4310,48,"{""type"":""MultiPoint"",""coordinates"":[]}"
000000000000000010d6,4311,,"{""type"":""MultiPoint"",""coordinates"":[]}"
000000000000000010d7,4312,,"{""type"":""MultiPoint"",""coordinates"":[]}"
000000000000000010d8,4313,49,"{""type"":""MultiPoint"",""coordinates"":[]}"
000000000000000010d9,4314,49,"{""type"":""MultiPoint"",""coordinates"":[]}"
000000000000000010da,4315,4,"{""type"":""MultiPoint"",""coordinates"":[]}"
000000000000000010db,4316,4,"{""type"":""MultiPoint"",""coordinates"":[]}"
000000000000000010dc,4317,65,"{""type"":""MultiPoint"",""coordinates"":[]}"
000000000000000010dd,4318,65,"{""type"":""MultiPoint"",""coordinates"":[]}"
000000000000000010de,4319,,"{""type"":""MultiPoint"",""coordinates"":[]}"
000000000000000010df,4320,48,"{""type"":""MultiPoint"",""coordinates"":[]}"
000000000000000010e0,4321,48,"{""type"":""MultiPoint"",""coordinates"":[]}"
000000000000000010e1,4322,48,"{""type"":""MultiPoint"",""coordinates"":[]}"
000000000000000010e2,4323,49,"{""type"":""MultiPoint"",""coordinates"":[]}"
000000000000000010e3,4324,48,"{""type"":""MultiPoint"",""coordinates"":[]}"
000000000000000010e4,4325,50,"{""type"":""MultiPoint"",""coordinates"":[]}"
000000000000000010e5,4326,49,"{""type"":""MultiPoint"",""coordinates"":[]}"
000000000000000010e6,4327,49,"{""type"":""MultiPoint"",""coordinates"":[]}"
000000000000000010e7,4328,48,"{""type"":""MultiPoint"",""coordinates"":[]}"
000000000000000010e8,4329,49,"{""type"":""MultiPoint"",""coordinates"":[]}"
000000000000000010e9,4330,49,"{""type"":""MultiPoint"",""coordinates"":[]}"
000000000000000010ea,4331,49,"{""type"":""MultiPoint"",""coordinates"":[]}"
000000000000000010eb,4332,50,"{""type"":""MultiPoint"",""coordinates"":[]}"
000000000000000010ec,4333,47,"{""type"":""MultiPoint"",""coordinates"":[]}"
000000000000000010ed,4334,49,"{""type"":""MultiPoint"",""coordinates"":[]}"
000000000000000010ee,4335,48,"{""type"":""MultiPoint"",""coordinates"":[]}"
000000000000000010ef,4336,49,"{""type"":""MultiPoint"",""coordinates"":[]}"
000000000000000010f0,4337,49,"{""type"":""MultiPoint"",""coordinates"":[]}"
000000000000000010f1,4338,48,"{""type"":""MultiPoint"",""coordinates"":[]}"
000000000000000010f2,4339,48,"{""type"":""MultiPoint"",""coordinates"":[]}"
000000000000000010f3,4340,48,"{""type"":""MultiPoint"",""coordinates"":[]}"
000000000000000010f4,4341,48,"{""type"":""MultiPoint"",""coordinates"":[]}"
000000000000000010f5,4342,,"{""type"":""MultiPoint"",""coordinates"":[]}"
000000000000000010f6,4343,49,"{""type"":""MultiPoint"",""coordinates"":[]}"
000000000000000010f7,4344,50,"{""type"":""MultiPoint"",""coordinates"":[]}"
000000000000000010f8,4345,65,"{""type"":""MultiPoint"",""coordinates"":[]}"
000000000000000010f9,4346,65,"{""type"":""MultiPoint"",""coordinates"":[]}"
000000000000000010fa,4347,,"{""type"":""MultiPoint"",""coordinates"":[]}"
000000000000000010fb,4348,49,"{""type"":""MultiPoint"",""coordinates"":[]}"
000000000000000010fc,4349,,"{""type"":""MultiPoint"",""coordinates"":[]}"
000000000000000010fd,4350,50,"{""type"":""MultiPoint"",""coordinates"":[]}"
000000000000000010fe,4351,49,"{""type"":""MultiPoint"",""coordinates"":[]}"
000000000000000010ff,4352,50,"{""type"":""MultiPoint"",""coordinates"":[]}"
00000000000000001100,4353,,"{""type"":""MultiPoint"",""coordinates"":[]}"
00000000000000001101,4354,49,"{""type"":""MultiPoint"",""coordinates"":[]}"
00000000000000001102,4355,,"{""type"":""MultiPoint"",""coordinates"":[]}"
00000000000000001103,4356,50,"{""type"":""MultiPoint"",""coordinates"":[]}"
00000000000000001104,4357,,"{""type"":""MultiPoint"",""coordinates"":[]}"
00000000000000001105,4358,49,"{""type"":""MultiPoint"",""coordinates"":[]}"
00000000000000001106,4359,49,"{""type"":""MultiPoint"",""coordinates"":[]}"
00000000000000001107,4360,49,"{""type"":""MultiPoint"",""coordinates"":[]}"
00000000000000001108,4361,,"{""type"":""MultiPoint"",""coordinates"":[]}"
0000000000000000016b,364,49,"{""type"":""MultiPoint"",""coordinates"":[]}"
000000000000000007a5,1958,50,"{""type"":""MultiPoint"",""coordinates"":[]}"
000000000000000007a6,1959,65,"{""type"":""MultiPoint"",""coordinates"":[]}"
000000000000000007a7,1960,65,"{""type"":""MultiPoint"",""coordinates"":[]}"
000000000000000007a8,1961,65,"{""type"":""MultiPoint"",""coordinates"":[]}"
00000000000000001109,4362,50,"{""type"":""MultiPoint"",""coordinates"":[]}"
0000000000000000110a,4363,65,"{""type"":""MultiPoint"",""coordinates"":[]}"
0000000000000000110b,4364,65,"{""type"":""MultiPoint"",""coordinates"":[]}"
0000000000000000110c,4365,65,"{""type"":""MultiPoint"",""coordinates"":[]}"
0000000000000000110d,4366,49,"{""type"":""MultiPoint"",""coordinates"":[]}"
0000000000000000110e,4367,49,"{""type"":""MultiPoint"",""coordinates"":[]}"
0000000000000000110f,4368,50,"{""type"":""MultiPoint"",""coordinates"":[]}"
00000000000000001110,4369,50,"{""type"":""MultiPoint"",""coordinates"":[]}"
00000000000000001111,4370,,"{""type"":""MultiPoint"",""coordinates"":[]}"
00000000000000001112,4371,50,"{""type"":""MultiPoint"",""coordinates"":[]}"
00000000000000001113,4372,,"{""type"":""MultiPoint"",""coordinates"":[]}"
00000000000000001114,4373,50,"{""type"":""MultiPoint"",""coordinates"":[]}"
00000000000000001115,4374,50,"{""type"":""MultiPoint"",""coordinates"":[]}"
00000000000000001116,4375,,"{""type"":""MultiPoint"",""coordinates"":[]}"
00000000000000001117,4376,,"{""type"":""MultiPoint"",""coordinates"":[]}"
00000000000000001118,4377,50,"{""type"":""MultiPoint"",""coordinates"":[]}"
00000000000000001119,4378,50,"{""type"":""MultiPoint"",""coordinates"":[]}"
0000000000000000111a,4379,49,"{""type"":""MultiPoint"",""coordinates"":[]}"
0000000000000000111b,4380,50,"{""type"":""MultiPoint"",""coordinates"":[]}"
0000000000000000111c,4381,49,"{""type"":""MultiPoint"",""coordinates"":[]}"
0000000000000000111d,4382,,"{""type"":""MultiPoint"",""coordinates"":[]}"
0000000000000000111e,4383,49,"{""type"":""MultiPoint"",""coordinates"":[]}"
0000000000000000111f,4384,,"{""type"":""MultiPoint"",""coordinates"":[]}"
00000000000000001120,4385,49,"{""type"":""MultiPoint"",""coordinates"":[]}"
00000000000000001121,4386,49,"{""type"":""MultiPoint"",""coordinates"":[]}"
00000000000000001122,4387,,"{""type"":""MultiPoint"",""coordinates"":[]}"
00000000000000001123,4388,49,"{""type"":""MultiPoint"",""coordinates"":[]}"
0000000000000000016c,365,50,"{""type"":""MultiPoint"",""coordinates"":[]}"
0000000000000000016d,366,50,"{""type"":""MultiPoint"",""coordinates"":[]}"
000000000000000007a9,1962,49,"{""type"":""MultiPoint"",""coordinates"":[]}"
000000000000000007aa,1963,,"{""type"":""MultiPoint"",""coordinates"":[]}"
000000000000000007ab,1964,,"{""type"":""MultiPoint"",""coordinates"":[]}"
000000000000000007ac,1965,,"{""type"":""MultiPoint"",""coordinates"":[]}"
000000000000000007ad,1966,,"{""type"":""MultiPoint"",""coordinates"":[]}"
000000000000000007ae,1967,,"{""type"":""MultiPoint"",""coordinates"":[]}"
000000000000000007af,1968,50,"{""type"":""MultiPoint"",""coordinates"":[]}"
000000000000000007b0,1969,50,"{""type"":""MultiPoint"",""coordinates"":[]}"
000000000000000007b1,1970,50,"{""type"":""MultiPoint"",""coordinates"":[]}"
000000000000000007b2,1971,49,"{""type"":""MultiPoint"",""coordinates"":[]}"
000000000000000007b3,1972,50,"{""type"":""MultiPoint"",""coordinates"":[]}"
000000000000000007b4,1973,50,"{""type"":""MultiPoint"",""coordinates"":[]}"
000000000000000007b5,1974,,"{""type"":""MultiPoint"",""coordinates"":[]}"
000000000000000007b6,1975,50,"{""type"":""MultiPoint"",""coordinates"":[]}"
000000000000000007b7,1976,50,"{""type"":""MultiPoint"",""coordinates"":[]}"
000000000000000007b8,1977,50,"{""type"":""MultiPoint"",""coordinates"":[]}"
000000000000000007b9,1978,31,"{""type"":""MultiPoint"",""coordinates"":[]}"
000000000000000007ba,1979,50,"{""type"":""MultiPoint"",""coordinates"":[]}"
000000000000000007bb,1980,50,"{""type"":""MultiPoint"",""coordinates"":[]}"
000000000000000007bc,1981,50,"{""type"":""MultiPoint"",""coordinates"":[]}"
000000000000000007bd,1982,50,"{""type"":""MultiPoint"",""coordinates"":[]}"
000000000000000007be,1983,50,"{""type"":""MultiPoint"",""coordinates"":[]}"
000000000000000007bf,1984,50,"{""type"":""MultiPoint"",""coordinates"":[]}"
000000000000000007c0,1985,50,"{""type"":""MultiPoint"",""coordinates"":[]}"
000000000000000007c1,1986,49,"{""type"":""MultiPoint"",""coordinates"":[]}"
000000000000000007c2,1987,50,"{""type"":""MultiPoint"",""coordinates"":[]}"
000000000000000007c3,1988,50,"{""type"":""MultiPoint"",""coordinates"":[]}"
000000000000000007c4,1989,50,"{""type"":""MultiPoint"",""coordinates"":[]}"
000000000000000007c5,1990,49,"{""type"":""MultiPoint"",""coordinates"":[]}"
000000000000000007c6,1991,50,"{""type"":""MultiPoint"",""coordinates"":[]}"
000000000000000007c7,1992,49,"{""type"":""MultiPoint"",""coordinates"":[]}"
000000000000000007c8,1993,,"{""type"":""MultiPoint"",""coordinates"":[]}"
000000000000000007c9,1994,49,"{""type"":""MultiPoint"",""coordinates"":[]}"
000000000000000007ca,1995,49,"{""type"":""MultiPoint"",""coordinates"":[]}"
000000000000000007cb,1996,50,"{""type"":""MultiPoint"",""coordinates"":[]}"
000000000000000007cc,1997,50,"{""type"":""MultiPoint"",""coordinates"":[]}"
000000000000000007cd,1998,,"{""type"":""MultiPoint"",""coordinates"":[]}"
000000000000000007ce,1999,50,"{""type"":""MultiPoint"",""coordinates"":[]}"
000000000000000007cf,2000,49,"{""type"":""MultiPoint"",""coordinates"":[]}"
000000000000000007d0,2001,49,"{""type"":""MultiPoint"",""coordinates"":[]}"
000000000000000007d1,2002,49,"{""type"":""MultiPoint"",""coordinates"":[]}"
000000000000000007d2,2003,49,"{""type"":""MultiPoint"",""coordinates"":[]}"
000000000000000007d3,2004,49,"{""type"":""MultiPoint"",""coordinates"":[]}"
000000000000000007d4,2005,49,"{""type"":""MultiPoint"",""coordinates"":[]}"
000000000000000007d5,2006,49,"{""type"":""MultiPoint"",""coordinates"":[]}"
000000000000000007d6,2007,49,"{""type"":""MultiPoint"",""coordinates"":[]}"
000000000000000007d7,2008,50,"{""type"":""MultiPoint"",""coordinates"":[]}"
000000000000000007d8,2009,50,"{""type"":""MultiPoint"",""coordinates"":[]}"
000000000000000007d9,2010,50,"{""type"":""MultiPoint"",""coordinates"":[]}"
000000000000000007da,2011,49,"{""type"":""MultiPoint"",""coordinates"":[]}"
000000000000000007db,2012,49,"{""type"":""MultiPoint"",""coordinates"":[]}"
000000000000000007dc,2013,50,"{""type"":""MultiPoint"",""coordinates"":[]}"
000000000000000007dd,2014,49,"{""type"":""MultiPoint"",""coordinates"":[]}"
000000000000000007de,2015,50,"{""type"":""MultiPoint"",""coordinates"":[]}"
000000000000000007df,2016,50,"{""type"":""MultiPoint"",""coordinates"":[]}"
000000000000000007e0,2017,50,"{""type"":""MultiPoint"",""coordinates"":[]}"
000000000000000007e1,2018,50,"{""type"":""MultiPoint"",""coordinates"":[]}"
000000000000000007e2,2019,49,"{""type"":""MultiPoint"",""coordinates"":[]}"
000000000000000007e3,2020,50,"{""type"":""MultiPoint"",""coordinates"":[]}"
000000000000000007e4,2021,50,"{""type"":""MultiPoint"",""coordinates"":[]}"
000000000000000007e5,2022,50,"{""type"":""MultiPoint"",""coordinates"":[]}"
000000000000000007e6,2023,50,"{""type"":""MultiPoint"",""coordinates"":[]}"
000000000000000007e7,2024,,"{""type"":""MultiPoint"",""coordinates"":[]}"
000000000000000007e8,2025,50,"{""type"":""MultiPoint"",""coordinates"":[]}"
000000000000000007e9,2026,50,"{""type"":""MultiPoint"",""coordinates"":[]}"
000000000000000007ea,2027,50,"{""type"":""MultiPoint"",""coordinates"":[]}"
000000000000000007eb,2028,50,"{""type"":""MultiPoint"",""coordinates"":[]}"
000000000000000007ec,2029,49,"{""type"":""MultiPoint"",""coordinates"":[]}"
000000000000000007ed,2030,50,"{""type"":""MultiPoint"",""coordinates"":[]}"
000000000000000007ee,2031,50,"{""type"":""MultiPoint"",""coordinates"":[]}"
000000000000000007ef,2032,49,"{""type"":""MultiPoint"",""coordinates"":[]}"
000000000000000007f0,2033,49,"{""type"":""MultiPoint"",""coordinates"":[]}"
000000000000000007f1,2034,49,"{""type"":""MultiPoint"",""coordinates"":[]}"
000000000000000007f2,2035,49,"{""type"":""MultiPoint"",""coordinates"":[]}"
000000000000000007f3,2036,49,"{""type"":""MultiPoint"",""coordinates"":[]}"
000000000000000007f4,2037,50,"{""type"":""MultiPoint"",""coordinates"":[]}"
000000000000000007f5,2038,50,"{""type"":""MultiPoint"",""coordinates"":[]}"
000000000000000007f6,2039,50,"{""type"":""MultiPoint"",""coordinates"":[]}"
000000000000000007f7,2040,50,"{""type"":""MultiPoint"",""coordinates"":[]}"
000000000000000007f8,2041,50,"{""type"":""MultiPoint"",""coordinates"":[]}"
000000000000000007f9,2042,50,"{""type"":""MultiPoint"",""coordinates"":[]}"
000000000000000007fa,2043,49,"{""type"":""MultiPoint"",""coordinates"":[]}"
000000000000000007fb,2044,50,"{""type"":""MultiPoint"",""coordinates"":[]}"
000000000000000007fc,2045,50,"{""type"":""MultiPoint"",""coordinates"":[]}"
000000000000000007fd,2046,49,"{""type"":""MultiPoint"",""coordinates"":[]}"
000000000000000007fe,2047,50,"{""type"":""MultiPoint"",""coordinates"":[]}"
000000000000000007ff,2048,50,"{""type"":""MultiPoint"",""coordinates"":[]}"
00000000000000000800,2049,50,"{""type"":""MultiPoint"",""coordinates"":[]}"
00000000000000000801,2050,,"{""type"":""MultiPoint"",""coordinates"":[]}"
00000000000000000802,2051,50,"{""type"":""MultiPoint"",""coordinates"":[]}"
00000000000000000803,2052,50,"{""type"":""MultiPoint"",""coordinates"":[]}"
00000000000000000804,2053,50,"{""type"":""MultiPoint"",""coordinates"":[]}"
00000000000000000805,2054,49,"{""type"":""MultiPoint"",""coordinates"":[]}"
00000000000000000806,2055,50,"{""type"":""MultiPoint"",""coordinates"":[]}"
00000000000000000807,2056,49,"{""type"":""MultiPoint"",""coordinates"":[]}"
00000000000000000808,2057,50,"{""type"":""MultiPoint"",""coordinates"":[]}"
00000000000000000809,2058,49,"{""type"":""MultiPoint"",""coordinates"":[]}"
0000000000000000080a,2059,50,"{""type"":""MultiPoint"",""coordinates"":[]}"
0000000000000000080b,2060,50,"{""type"":""MultiPoint"",""coordinates"":[]}"
0000000000000000080c,2061,55,"{""type"":""MultiPoint"",""coordinates"":[]}"
0000000000000000080d,2062,25,"{""type"":""MultiPoint"",""coordinates"":[]}"
0000000000000000080e,2063,50,"{""type"":""MultiPoint"",""coordinates"":[]}"
0000000000000000080f,2064,50,"{""type"":""MultiPoint"",""coordinates"":[]}"
00000000000000000810,2065,50,"{""type"":""MultiPoint"",""coordinates"":[]}"
00000000000000000811,2066,49,"{""type"":""MultiPoint"",""coordinates"":[]}"
00000000000000000812,2067,,"{""type"":""MultiPoint"",""coordinates"":[]}"
00000000000000000813,2068,49,"{""type"":""MultiPoint"",""coordinates"":[]}"
00000000000000000814,2069,49,"{""type"":""MultiPoint"",""coordinates"":[]}"
00000000000000000815,2070,49,"{""type"":""MultiPoint"",""coordinates"":[]}"
00000000000000000816,2071,49,"{""type"":""MultiPoint"",""coordinates"":[]}"
00000000000000000817,2072,49,"{""type"":""MultiPoint"",""coordinates"":[]}"
00000000000000000818,2073,50,"{""type"":""MultiPoint"",""coordinates"":[]}"
00000000000000000819,2074,49,"{""type"":""MultiPoint"",""coordinates"":[]}"
0000000000000000081a,2075,50,"{""type"":""MultiPoint"",""coordinates"":[]}"
0000000000000000081b,2076,49,"{""type"":""MultiPoint"",""coordinates"":[]}"
0000000000000000081c,2077,50,"{""type"":""MultiPoint"",""coordinates"":[]}"
0000000000000000081d,2078,49,"{""type"":""MultiPoint"",""coordinates"":[]}"
0000000000000000081e,2079,50,"{""type"":""MultiPoint"",""coordinates"":[]}"
0000000000000000081f,2080,50,"{""type"":""MultiPoint"",""coordinates"":[]}"
00000000000000000820,2081,,"{""type"":""MultiPoint"",""coordinates"":[]}"
00000000000000000821,2082,49,"{""type"":""MultiPoint"",""coordinates"":[]}"
00000000000000000822,2083,,"{""type"":""MultiPoint"",""coordinates"":[]}"
00000000000000000823,2084,50,"{""type"":""MultiPoint"",""coordinates"":[]}"
00000000000000000824,2085,49,"{""type"":""MultiPoint"",""coordinates"":[]}"
00000000000000000825,2086,49,"{""type"":""MultiPoint"",""coordinates"":[]}"
00000000000000000826,2087,49,"{""type"":""MultiPoint"",""coordinates"":[]}"
00000000000000000827,2088,50,"{""type"":""MultiPoint"",""coordinates"":[]}"
00000000000000000828,2089,50,"{""type"":""MultiPoint"",""coordinates"":[]}"
00000000000000000829,2090,50,"{""type"":""MultiPoint"",""coordinates"":[]}"
0000000000000000082a,2091,50,"{""type"":""MultiPoint"",""coordinates"":[]}"
0000000000000000082b,2092,50,"{""type"":""MultiPoint"",""coordinates"":[]}"
0000000000000000082c,2093,50,"{""type"":""MultiPoint"",""coordinates"":[]}"
0000000000000000082d,2094,49,"{""type"":""MultiPoint"",""coordinates"":[]}"
0000000000000000082e,2095,49,"{""type"":""MultiPoint"",""coordinates"":[]}"
0000000000000000082f,2096,49,"{""type"":""MultiPoint"",""coordinates"":[]}"
00000000000000000830,2097,50,"{""type"":""MultiPoint"",""coordinates"":[]}"
00000000000000000831,2098,49,"{""type"":""MultiPoint"",""coordinates"":[]}"
00000000000000000832,2099,50,"{""type"":""MultiPoint"",""coordinates"":[]}"
00000000000000000833,2100,50,"{""type"":""MultiPoint"",""coordinates"":[]}"
00000000000000000834,2101,,"{""type"":""MultiPoint"",""coordinates"":[]}"
00000000000000000835,2102,50,"{""type"":""MultiPoint"",""coordinates"":[]}"
00000000000000000836,2103,50,"{""type"":""MultiPoint"",""coordinates"":[]}"
00000000000000000837,2104,49,"{""type"":""MultiPoint"",""coordinates"":[]}"
00000000000000000838,2105,49,"{""type"":""MultiPoint"",""coordinates"":[]}"
00000000000000000839,2106,49,"{""type"":""MultiPoint"",""coordinates"":[]}"
0000000000000000083a,2107,49,"{""type"":""MultiPoint"",""coordinates"":[]}"
0000000000000000083b,2108,50,"{""type"":""MultiPoint"",""coordinates"":[]}"
0000000000000000083c,2109,50,"{""type"":""MultiPoint"",""coordinates"":[]}"
0000000000000000083d,2110,,"{""type"":""MultiPoint"",""coordinates"":[]}"
0000000000000000083e,2111,,"{""type"":""MultiPoint"",""coordinates"":[]}"
0000000000000000083f,2112,50,"{""type"":""MultiPoint"",""coordinates"":[]}"
00000000000000000840,2113,50,"{""type"":""MultiPoint"",""coordinates"":[]}"
00000000000000000841,2114,50,"{""type"":""MultiPoint"",""coordinates"":[]}"
00000000000000000842,2115,50,"{""type"":""MultiPoint"",""coordinates"":[]}"
00000000000000000843,2116,,"{""type"":""MultiPoint"",""coordinates"":[]}"
00000000000000000844,2117,49,"{""type"":""MultiPoint"",""coordinates"":[]}"
00000000000000000845,2118,50,"{""type"":""MultiPoint"",""coordinates"":[]}"
00000000000000000846,2119,,"{""type"":""MultiPoint"",""coordinates"":[]}"
00000000000000000847,2120,49,"{""type"":""MultiPoint"",""coordinates"":[]}"
00000000000000000848,2121,49,"{""type"":""MultiPoint"",""coordinates"":[]}"
00000000000000000849,2122,49,"{""type"":""MultiPoint"",""coordinates"":[]}"
0000000000000000016e,367,47,"{""type"":""MultiPoint"",""coordinates"":[]}"
0000000000000000084a,2123,50,"{""type"":""MultiPoint"",""coordinates"":[]}"
00000000000000001145,4422,,"{""type"":""MultiPoint"",""coordinates"":[]}"
0000000000000000016f,368,49,"{""type"":""MultiPoint"",""coordinates"":[]}"
00000000000000000170,369,50,"{""type"":""MultiPoint"",""coordinates"":[]}"
00000000000000000171,370,49,"{""type"":""MultiPoint"",""coordinates"":[]}"
00000000000000000172,371,,"{""type"":""MultiPoint"",""coordinates"":[]}"
00000000000000000173,372,50,"{""type"":""MultiPoint"",""coordinates"":[]}"
00000000000000000174,373,50,"{""type"":""MultiPoint"",""coordinates"":[]}"
00000000000000000175,374,,"{""type"":""MultiPoint"",""coordinates"":[]}"
00000000000000000176,375,,"{""type"":""MultiPoint"",""coordinates"":[]}"
00000000000000000177,376,49,"{""type"":""MultiPoint"",""coordinates"":[]}"
00000000000000000178,377,47,"{""type"":""MultiPoint"",""coordinates"":[]}"
00000000000000000179,378,49,"{""type"":""MultiPoint"",""coordinates"":[]}"
0000000000000000017a,379,9,"{""type"":""MultiPoint"",""coordinates"":[]}"
00000000000000001146,4423,49,"{""type"":""MultiPoint"",""coordinates"":[]}"
00000000000000001147,4424,49,"{""type"":""MultiPoint"",""coordinates"":[]}"
00000000000000001148,4425,49,"{""type"":""MultiPoint"",""coordinates"":[]}"
00000000000000001149,4426,49,"{""type"":""MultiPoint"",""coordinates"":[]}"
0000000000000000114a,4427,49,"{""type"":""MultiPoint"",""coordinates"":[]}"
0000000000000000114b,4428,49,"{""type"":""MultiPoint"",""coordinates"":[]}"
0000000000000000114c,4429,,"{""type"":""MultiPoint"",""coordinates"":[]}"
0000000000000000114d,4430,49,"{""type"":""MultiPoint"",""coordinates"":[]}"
0000000000000000114e,4431,49,"{""type"":""MultiPoint"",""coordinates"":[]}"
0000000000000000114f,4432,47,"{""type"":""MultiPoint"",""coordinates"":[]}"
00000000000000001150,4433,47,"{""type"":""MultiPoint"",""coordinates"":[]}"
00000000000000001151,4434,49,"{""type"":""MultiPoint"",""coordinates"":[]}"
00000000000000001152,4435,49,"{""type"":""MultiPoint"",""coordinates"":[]}"
00000000000000001153,4436,49,"{""type"":""MultiPoint"",""coordinates"":[]}"
00000000000000001154,4437,49,"{""type"":""MultiPoint"",""coordinates"":[]}"
00000000000000001155,4438,49,"{""type"":""MultiPoint"",""coordinates"":[]}"
00000000000000001156,4439,49,"{""type"":""MultiPoint"",""coordinates"":[]}"
00000000000000001157,4440,49,"{""type"":""MultiPoint"",""coordinates"":[]}"
00000000000000001158,4441,49,"{""type"":""MultiPoint"",""coordinates"":[]}"
00000000000000001159,4442,49,"{""type"":""MultiPoint"",""coordinates"":[]}"
0000000000000000115a,4443,49,"{""type"":""MultiPoint"",""coordinates"":[]}"
0000000000000000115b,4444,,"{""type"":""MultiPoint"",""coordinates"":[]}"
0000000000000000115c,4445,49,"{""type"":""MultiPoint"",""coordinates"":[]}"
0000000000000000115d,4446,49,"{""type"":""MultiPoint"",""coordinates"":[]}"
0000000000000000115e,4447,49,"{""type"":""MultiPoint"",""coordinates"":[]}"
0000000000000000115f,4448,49,"{""type"":""MultiPoint"",""coordinates"":[]}"
00000000000000001160,4449,49,"{""type"":""MultiPoint"",""coordinates"":[]}"
00000000000000001161,4450,47,"{""type"":""MultiPoint"",""coordinates"":[]}"
00000000000000001162,4451,49,"{""type"":""MultiPoint"",""coordinates"":[]}"
00000000000000001163,4452,49,"{""type"":""MultiPoint"",""coordinates"":[]}"
00000000000000001164,4453,47,"{""type"":""MultiPoint"",""coordinates"":[]}"
0000000000000000017b,380,49,"{""type"":""MultiPoint"",""coordinates"":[]}"
0000000000000000017c,381,48,"{""type"":""MultiPoint"",""coordinates"":[]}"
0000000000000000017d,382,49,"{""type"":""MultiPoint"",""coordinates"":[]}"
0000000000000000017e,383,49,"{""type"":""MultiPoint"",""coordinates"":[]}"
0000000000000000017f,384,,"{""type"":""MultiPoint"",""coordinates"":[]}"
00000000000000000180,385,,"{""type"":""MultiPoint"",""coordinates"":[]}"
00000000000000000181,386,47,"{""type"":""MultiPoint"",""coordinates"":[]}"
00000000000000000182,387,49,"{""type"":""MultiPoint"",""coordinates"":[]}"
00000000000000000183,388,47,"{""type"":""MultiPoint"",""coordinates"":[]}"
00000000000000000184,389,49,"{""type"":""MultiPoint"",""coordinates"":[]}"
00000000000000000185,390,49,"{""type"":""MultiPoint"",""coordinates"":[]}"
00000000000000000186,391,50,"{""type"":""MultiPoint"",""coordinates"":[]}"
00000000000000000187,392,50,"{""type"":""MultiPoint"",""coordinates"":[]}"
00000000000000000188,393,,"{""type"":""MultiPoint"",""coordinates"":[]}"
00000000000000000189,394,49,"{""type"":""MultiPoint"",""coordinates"":[]}"
0000000000000000018a,395,49,"{""type"":""MultiPoint"",""coordinates"":[]}"
0000000000000000018b,396,49,"{""type"":""MultiPoint"",""coordinates"":[]}"
0000000000000000018c,397,50,"{""type"":""MultiPoint"",""coordinates"":[]}"
0000000000000000018d,398,50,"{""type"":""MultiPoint"",""coordinates"":[]}"
0000000000000000018e,399,50,"{""type"":""MultiPoint"",""coordinates"":[]}"
0000000000000000018f,400,49,"{""type"":""MultiPoint"",""coordinates"":[]}"
00000000000000000190,401,48,"{""type"":""MultiPoint"",""coordinates"":[]}"
00000000000000000191,402,50,"{""type"":""MultiPoint"",""coordinates"":[]}"
00000000000000000192,403,49,"{""type"":""MultiPoint"",""coordinates"":[]}"
00000000000000000193,404,50,"{""type"":""MultiPoint"",""coordinates"":[]}"
00000000000000000194,405,,"{""type"":""MultiPoint"",""coordinates"":[]}"
00000000000000000195,406,49,"{""type"":""MultiPoint"",""coordinates"":[]}"
00000000000000000196,407,50,"{""type"":""MultiPoint"",""coordinates"":[]}"
00000000000000000197,408,50,"{""type"":""MultiPoint"",""coordinates"":[]}"
00000000000000000198,409,50,"{""type"":""MultiPoint"",""coordinates"":[]}"
00000000000000000199,410,50,"{""type"":""MultiPoint"",""coordinates"":[]}"
0000000000000000019a,411,50,"{""type"":""MultiPoint"",""coordinates"":[]}"
0000000000000000019b,412,50,"{""type"":""MultiPoint"",""coordinates"":[]}"
0000000000000000019c,413,,"{""type"":""MultiPoint"",""coordinates"":[]}"
0000000000000000019d,414,49,"{""type"":""MultiPoint"",""coordinates"":[]}"
0000000000000000019e,415,48,"{""type"":""MultiPoint"",""coordinates"":[]}"
0000000000000000019f,416,50,"{""type"":""MultiPoint"",""coordinates"":[]}"
000000000000000001a0,417,,"{""type"":""MultiPoint"",""coordinates"":[]}"
000000000000000001a1,418,50,"{""type"":""MultiPoint"",""coordinates"":[]}"
000000000000000001a2,419,49,"{""type"":""MultiPoint"",""coordinates"":[]}"
000000000000000001a3,420,49,"{""type"":""MultiPoint"",""coordinates"":[]}"
000000000000000001a4,421,49,"{""type"":""MultiPoint"",""coordinates"":[]}"
000000000000000001a5,422,49,"{""type"":""MultiPoint"",""coordinates"":[]}"
000000000000000001a6,423,,"{""type"":""MultiPoint"",""coordinates"":[]}"
000000000000000001a7,424,49,"{""type"":""MultiPoint"",""coordinates"":[]}"
000000000000000001a8,425,49,"{""type"":""MultiPoint"",""coordinates"":[]}"
000000000000000001a9,426,47,"{""type"":""MultiPoint"",""coordinates"":[]}"
000000000000000001aa,427,49,"{""type"":""MultiPoint"",""coordinates"":[]}"
000000000000000001ab,428,49,"{""type"":""MultiPoint"",""coordinates"":[]}"
000000000000000001ac,429,49,"{""type"":""MultiPoint"",""coordinates"":[]}"
000000000000000001ad,430,49,"{""type"":""MultiPoint"",""coordinates"":[]}"
000000000000000001ae,431,47,"{""type"":""MultiPoint"",""coordinates"":[]}"
000000000000000001af,432,,"{""type"":""MultiPoint"",""coordinates"":[]}"
000000000000000001b0,433,,"{""type"":""MultiPoint"",""coordinates"":[]}"
000000000000000001b1,434,47,"{""type"":""MultiPoint"",""coordinates"":[]}"
000000000000000001b2,435,47,"{""type"":""MultiPoint"",""coordinates"":[]}"
000000000000000001b3,436,47,"{""type"":""MultiPoint"",""coordinates"":[]}"
000000000000000001b4,437,,"{""type"":""MultiPoint"",""coordinates"":[]}"
000000000000000001b5,438,49,"{""type"":""MultiPoint"",""coordinates"":[]}"
000000000000000001b6,439,49,"{""type"":""MultiPoint"",""coordinates"":[]}"
000000000000000001b7,440,47,"{""type"":""MultiPoint"",""coordinates"":[]}"
000000000000000001b8,441,50,"{""type"":""MultiPoint"",""coordinates"":[]}"
000000000000000001b9,442,49,"{""type"":""MultiPoint"",""coordinates"":[]}"
000000000000000001ba,443,47,"{""type"":""MultiPoint"",""coordinates"":[]}"
000000000000000001bb,444,47,"{""type"":""MultiPoint"",""coordinates"":[]}"
000000000000000001bc,445,47,"{""type"":""MultiPoint"",""coordinates"":[]}"
000000000000000001bd,446,50,"{""type"":""MultiPoint"",""coordinates"":[]}"
000000000000000001be,447,50,"{""type"":""MultiPoint"",""coordinates"":[]}"
000000000000000001bf,448,47,"{""type"":""MultiPoint"",""coordinates"":[]}"
000000000000000001c0,449,49,"{""type"":""MultiPoint"",""coordinates"":[]}"
000000000000000001c1,450,49,"{""type"":""MultiPoint"",""coordinates"":[]}"
000000000000000001c2,451,49,"{""type"":""MultiPoint"",""coordinates"":[]}"
000000000000000001c3,452,49,"{""type"":""MultiPoint"",""coordinates"":[]}"
000000000000000001c4,453,49,"{""type"":""MultiPoint"",""coordinates"":[]}"
000000000000000001c5,454,48,"{""type"":""MultiPoint"",""coordinates"":[]}"
000000000000000001c6,455,48,"{""type"":""MultiPoint"",""coordinates"":[]}"
000000000000000001c7,456,48,"{""type"":""MultiPoint"",""coordinates"":[]}"
000000000000000001c8,457,49,"{""type"":""MultiPoint"",""coordinates"":[]}"
000000000000000001c9,458,49,"{""type"":""MultiPoint"",""coordinates"":[]}"
000000000000000001ca,459,50,"{""type"":""MultiPoint"",""coordinates"":[]}"
000000000000000001cb,460,49,"{""type"":""MultiPoint"",""coordinates"":[]}"
000000000000000001cc,461,49,"{""type"":""MultiPoint"",""coordinates"":[]}"
000000000000000001cd,462,50,"{""type"":""MultiPoint"",""coordinates"":[]}"
000000000000000001ce,463,50,"{""type"":""MultiPoint"",""coordinates"":[]}"
000000000000000001cf,464,49,"{""type"":""MultiPoint"",""coordinates"":[]}"
000000000000000001d0,465,48,"{""type"":""MultiPoint"",""coordinates"":[]}"
000000000000000001d1,466,49,"{""type"":""MultiPoint"",""coordinates"":[]}"
000000000000000001d2,467,,"{""type"":""MultiPoint"",""coordinates"":[]}"
000000000000000001d3,468,,"{""type"":""MultiPoint"",""coordinates"":[]}"
000000000000000001d4,469,,"{""type"":""MultiPoint"",""coordinates"":[]}"
000000000000000001d5,470,49,"{""type"":""MultiPoint"",""coordinates"":[]}"
000000000000000001d6,471,50,"{""type"":""MultiPoint"",""coordinates"":[]}"
000000000000000001d7,472,49,"{""type"":""MultiPoint"",""coordinates"":[]}"
000000000000000001d8,473,,"{""type"":""MultiPoint"",""coordinates"":[]}"
000000000000000001d9,474,,"{""type"":""MultiPoint"",""coordinates"":[]}"
000000000000000001da,475,50,"{""type"":""MultiPoint"",""coordinates"":[]}"
000000000000000001db,476,49,"{""type"":""MultiPoint"",""coordinates"":[]}"
000000000000000001dc,477,49,"{""type"":""MultiPoint"",""coordinates"":[]}"
000000000000000001dd,478,48,"{""type"":""MultiPoint"",""coordinates"":[]}"
000000000000000001de,479,49,"{""type"":""MultiPoint"",""coordinates"":[]}"
000000000000000001df,480,50,"{""type"":""MultiPoint"",""coordinates"":[]}"
000000000000000001e0,481,49,"{""type"":""MultiPoint"",""coordinates"":[]}"
000000000000000001e1,482,49,"{""type"":""MultiPoint"",""coordinates"":[]}"
000000000000000001e2,483,50,"{""type"":""MultiPoint"",""coordinates"":[]}"
000000000000000001e3,484,49,"{""type"":""MultiPoint"",""coordinates"":[]}"
000000000000000001e4,485,50,"{""type"":""MultiPoint"",""coordinates"":[]}"
000000000000000001e5,486,49,"{""type"":""MultiPoint"",""coordinates"":[]}"
000000000000000001e6,487,49,"{""type"":""MultiPoint"",""coordinates"":[]}"
000000000000000001e7,488,49,"{""type"":""MultiPoint"",""coordinates"":[]}"
000000000000000001e8,489,49,"{""type"":""MultiPoint"",""coordinates"":[]}"
000000000000000001e9,490,49,"{""type"":""MultiPoint"",""coordinates"":[]}"
000000000000000001ea,491,50,"{""type"":""MultiPoint"",""coordinates"":[]}"
000000000000000001eb,492,49,"{""type"":""MultiPoint"",""coordinates"":[]}"
000000000000000001ec,493,49,"{""type"":""MultiPoint"",""coordinates"":[]}"
000000000000000001ed,494,49,"{""type"":""MultiPoint"",""coordinates"":[]}"
000000000000000001ee,495,49,"{""type"":""MultiPoint"",""coordinates"":[]}"
000000000000000001ef,496,49,"{""type"":""MultiPoint"",""coordinates"":[]}"
000000000000000001f0,497,49,"{""type"":""MultiPoint"",""coordinates"":[]}"
000000000000000001f1,498,49,"{""type"":""MultiPoint"",""coordinates"":[]}"
000000000000000001f2,499,49,"{""type"":""MultiPoint"",""coordinates"":[]}"
000000000000000001f3,500,49,"{""type"":""MultiPoint"",""coordinates"":[]}"
000000000000000001f4,501,,"{""type"":""MultiPoint"",""coordinates"":[]}"
000000000000000001f5,502,50,"{""type"":""MultiPoint"",""coordinates"":[]}"
000000000000000001f6,503,49,"{""type"":""MultiPoint"",""coordinates"":[]}"
000000000000000001f7,504,48,"{""type"":""MultiPoint"",""coordinates"":[]}"
000000000000000001f8,505,49,"{""type"":""MultiPoint"",""coordinates"":[]}"
00000000000000001165,4454,49,"{""type"":""MultiPoint"",""coordinates"":[]}"
00000000000000001166,4455,49,"{""type"":""MultiPoint"",""coordinates"":[]}"
000000000000000001f9,506,48,"{""type"":""MultiPoint"",""coordinates"":[]}"
000000000000000001fa,507,,"{""type"":""MultiPoint"",""coordinates"":[]}"
000000000000000001fb,508,48,"{""type"":""MultiPoint"",""coordinates"":[]}"
000000000000000001fc,509,,"{""type"":""MultiPoint"",""coordinates"":[]}"
000000000000000001fd,510,,"{""type"":""MultiPoint"",""coordinates"":[]}"
000000000000000001fe,511,47,"{""type"":""MultiPoint"",""coordinates"":[]}"
000000000000000001ff,512,47,"{""type"":""MultiPoint"",""coordinates"":[]}"
00000000000000000200,513,47,"{""type"":""MultiPoint"",""coordinates"":[]}"
00000000000000000201,514,49,"{""type"":""MultiPoint"",""coordinates"":[]}"
00000000000000000202,515,,"{""type"":""MultiPoint"",""coordinates"":[]}"
00000000000000000203,516,49,"{""type"":""MultiPoint"",""coordinates"":[]}"
00000000000000000204,517,49,"{""type"":""MultiPoint"",""coordinates"":[]}"
00000000000000000205,518,49,"{""type"":""MultiPoint"",""coordinates"":[]}"
00000000000000000206,519,49,"{""type"":""MultiPoint"",""coordinates"":[]}"
00000000000000000207,520,49,"{""type"":""MultiPoint"",""coordinates"":[]}"
00000000000000000208,521,49,"{""type"":""MultiPoint"",""coordinates"":[]}"
00000000000000000209,522,,"{""type"":""MultiPoint"",""coordinates"":[]}"
0000000000000000020a,523,,"{""type"":""MultiPoint"",""coordinates"":[]}"
0000000000000000020b,524,47,"{""type"":""MultiPoint"",""coordinates"":[]}"
0000000000000000020c,525,,"{""type"":""MultiPoint"",""coordinates"":[]}"
0000000000000000020d,526,47,"{""type"":""MultiPoint"",""coordinates"":[]}"
0000000000000000020e,527,47,"{""type"":""MultiPoint"",""coordinates"":[]}"
0000000000000000020f,528,,"{""type"":""MultiPoint"",""coordinates"":[]}"
00000000000000000210,529,47,"{""type"":""MultiPoint"",""coordinates"":[]}"
00000000000000000211,530,,"{""type"":""MultiPoint"",""coordinates"":[]}"
00000000000000000212,531,,"{""type"":""MultiPoint"",""coordinates"":[]}"
00000000000000000213,532,48,"{""type"":""MultiPoint"",""coordinates"":[]}"
00000000000000000214,533,48,"{""type"":""MultiPoint"",""coordinates"":[]}"
00000000000000000215,534,,"{""type"":""MultiPoint"",""coordinates"":[]}"
00000000000000000216,535,48,"{""type"":""MultiPoint"",""coordinates"":[]}"
00000000000000000217,536,48,"{""type"":""MultiPoint"",""coordinates"":[]}"
00000000000000000218,537,,"{""type"":""MultiPoint"",""coordinates"":[]}"
00000000000000000219,538,48,"{""type"":""MultiPoint"",""coordinates"":[]}"
0000000000000000021a,539,47,"{""type"":""MultiPoint"",""coordinates"":[]}"
0000000000000000021b,540,48,"{""type"":""MultiPoint"",""coordinates"":[]}"
0000000000000000021c,541,48,"{""type"":""MultiPoint"",""coordinates"":[]}"
0000000000000000021d,542,48,"{""type"":""MultiPoint"",""coordinates"":[]}"
0000000000000000021e,543,48,"{""type"":""MultiPoint"",""coordinates"":[]}"
0000000000000000021f,544,48,"{""type"":""MultiPoint"",""coordinates"":[]}"
00000000000000000220,545,47,"{""type"":""MultiPoint"",""coordinates"":[]}"
00000000000000000221,546,48,"{""type"":""MultiPoint"",""coordinates"":[]}"
00000000000000000222,547,48,"{""type"":""MultiPoint"",""coordinates"":[]}"
00000000000000000223,548,48,"{""type"":""MultiPoint"",""coordinates"":[]}"
00000000000000000224,549,48,"{""type"":""MultiPoint"",""coordinates"":[]}"
00000000000000000225,550,49,"{""type"":""MultiPoint"",""coordinates"":[]}"
00000000000000000226,551,,"{""type"":""MultiPoint"",""coordinates"":[]}"
00000000000000000227,552,49,"{""type"":""MultiPoint"",""coordinates"":[]}"
00000000000000000228,553,48,"{""type"":""MultiPoint"",""coordinates"":[]}"
00000000000000000229,554,48,"{""type"":""MultiPoint"",""coordinates"":[]}"
0000000000000000022a,555,48,"{""type"":""MultiPoint"",""coordinates"":[]}"
0000000000000000022b,556,,"{""type"":""MultiPoint"",""coordinates"":[]}"
0000000000000000022c,557,,"{""type"":""MultiPoint"",""coordinates"":[]}"
0000000000000000022d,558,48,"{""type"":""MultiPoint"",""coordinates"":[]}"
0000000000000000022e,559,47,"{""type"":""MultiPoint"",""coordinates"":[]}"
0000000000000000022f,560,,"{""type"":""MultiPoint"",""coordinates"":[]}"
00000000000000000230,561,49,"{""type"":""MultiPoint"",""coordinates"":[]}"
00000000000000000231,562,48,"{""type"":""MultiPoint"",""coordinates"":[]}"
00000000000000000232,563,48,"{""type"":""MultiPoint"",""coordinates"":[]}"
00000000000000000233,564,48,"{""type"":""MultiPoint"",""coordinates"":[]}"
00000000000000000234,565,48,"{""type"":""MultiPoint"",""coordinates"":[]}"
00000000000000000235,566,48,"{""type"":""MultiPoint"",""coordinates"":[]}"
00000000000000000236,567,48,"{""type"":""MultiPoint"",""coordinates"":[]}"
00000000000000000237,568,49,"{""type"":""MultiPoint"",""coordinates"":[]}"
00000000000000000238,569,49,"{""type"":""MultiPoint"",""coordinates"":[]}"
00000000000000000239,570,49,"{""type"":""MultiPoint"",""coordinates"":[]}"
0000000000000000023a,571,,"{""type"":""MultiPoint"",""coordinates"":[]}"
0000000000000000023b,572,48,"{""type"":""MultiPoint"",""coordinates"":[]}"
0000000000000000023c,573,,"{""type"":""MultiPoint"",""coordinates"":[]}"
0000000000000000023d,574,49,"{""type"":""MultiPoint"",""coordinates"":[]}"
0000000000000000023e,575,49,"{""type"":""MultiPoint"",""coordinates"":[]}"
0000000000000000023f,576,49,"{""type"":""MultiPoint"",""coordinates"":[]}"
00000000000000000240,577,48,"{""type"":""MultiPoint"",""coordinates"":[]}"
00000000000000000241,578,47,"{""type"":""MultiPoint"",""coordinates"":[]}"
00000000000000000242,579,49,"{""type"":""MultiPoint"",""coordinates"":[]}"
00000000000000000243,580,49,"{""type"":""MultiPoint"",""coordinates"":[]}"
00000000000000000244,581,47,"{""type"":""MultiPoint"",""coordinates"":[]}"
00000000000000000245,582,47,"{""type"":""MultiPoint"",""coordinates"":[]}"
00000000000000000246,583,,"{""type"":""MultiPoint"",""coordinates"":[]}"
00000000000000000247,584,48,"{""type"":""MultiPoint"",""coordinates"":[]}"
00000000000000000248,585,48,"{""type"":""MultiPoint"",""coordinates"":[]}"
00000000000000000249,586,48,"{""type"":""MultiPoint"",""coordinates"":[]}"
0000000000000000024a,587,48,"{""type"":""MultiPoint"",""coordinates"":[]}"
0000000000000000024b,588,48,"{""type"":""MultiPoint"",""coordinates"":[]}"
0000000000000000024c,589,49,"{""type"":""MultiPoint"",""coordinates"":[]}"
0000000000000000024d,590,48,"{""type"":""MultiPoint"",""coordinates"":[]}"
0000000000000000024e,591,,"{""type"":""MultiPoint"",""coordinates"":[]}"
0000000000000000024f,592,48,"{""type"":""MultiPoint"",""coordinates"":[]}"
00000000000000000250,593,,"{""type"":""MultiPoint"",""coordinates"":[]}"
00000000000000000251,594,48,"{""type"":""MultiPoint"",""coordinates"":[]}"
00000000000000000252,595,48,"{""type"":""MultiPoint"",""coordinates"":[]}"
00000000000000000253,596,,"{""type"":""MultiPoint"",""coordinates"":[]}"
00000000000000000254,597,49,"{""type"":""MultiPoint"",""coordinates"":[]}"
00000000000000000255,598,49,"{""type"":""MultiPoint"",""coordinates"":[]}"
00000000000000000256,599,,"{""type"":""MultiPoint"",""coordinates"":[]}"
00000000000000000257,600,49,"{""type"":""MultiPoint"",""coordinates"":[]}"
00000000000000000258,601,,"{""type"":""MultiPoint"",""coordinates"":[]}"
00000000000000000259,602,49,"{""type"":""MultiPoint"",""coordinates"":[]}"
0000000000000000025a,603,,"{""type"":""MultiPoint"",""coordinates"":[]}"
0000000000000000025b,604,,"{""type"":""MultiPoint"",""coordinates"":[]}"
0000000000000000025c,605,48,"{""type"":""MultiPoint"",""coordinates"":[]}"
0000000000000000025d,606,49,"{""type"":""MultiPoint"",""coordinates"":[]}"
0000000000000000025e,607,,"{""type"":""MultiPoint"",""coordinates"":[]}"
0000000000000000025f,608,48,"{""type"":""MultiPoint"",""coordinates"":[]}"
00000000000000000260,609,,"{""type"":""MultiPoint"",""coordinates"":[]}"
00000000000000000261,610,48,"{""type"":""MultiPoint"",""coordinates"":[]}"
00000000000000000262,611,48,"{""type"":""MultiPoint"",""coordinates"":[]}"
00000000000000000263,612,,"{""type"":""MultiPoint"",""coordinates"":[]}"
00000000000000000264,613,49,"{""type"":""MultiPoint"",""coordinates"":[]}"
00000000000000000265,614,49,"{""type"":""MultiPoint"",""coordinates"":[]}"
00000000000000000266,615,,"{""type"":""MultiPoint"",""coordinates"":[]}"
00000000000000000267,616,49,"{""type"":""MultiPoint"",""coordinates"":[]}"
00000000000000000268,617,49,"{""type"":""MultiPoint"",""coordinates"":[]}"
00000000000000000269,618,48,"{""type"":""MultiPoint"",""coordinates"":[]}"
0000000000000000026a,619,48,"{""type"":""MultiPoint"",""coordinates"":[]}"
0000000000000000026b,620,49,"{""type"":""MultiPoint"",""coordinates"":[]}"
0000000000000000026c,621,49,"{""type"":""MultiPoint"",""coordinates"":[]}"
0000000000000000026d,622,48,"{""type"":""MultiPoint"",""coordinates"":[]}"
0000000000000000026e,623,48,"{""type"":""MultiPoint"",""coordinates"":[]}"
0000000000000000026f,624,,"{""type"":""MultiPoint"",""coordinates"":[]}"
00000000000000000270,625,48,"{""type"":""MultiPoint"",""coordinates"":[]}"
00000000000000000271,626,49,"{""type"":""MultiPoint"",""coordinates"":[]}"
00000000000000000272,627,49,"{""type"":""MultiPoint"",""coordinates"":[]}"
00000000000000000273,628,48,"{""type"":""MultiPoint"",""coordinates"":[]}"
00000000000000000274,629,48,"{""type"":""MultiPoint"",""coordinates"":[]}"
00000000000000000275,630,48,"{""type"":""MultiPoint"",""coordinates"":[]}"
00000000000000000276,631,49,"{""type"":""MultiPoint"",""coordinates"":[]}"
00000000000000000277,632,49,"{""type"":""MultiPoint"",""coordinates"":[]}"
00000000000000000278,633,49,"{""type"":""MultiPoint"",""coordinates"":[]}"
00000000000000000279,634,47,"{""type"":""MultiPoint"",""coordinates"":[]}"
0000000000000000027a,635,48,"{""type"":""MultiPoint"",""coordinates"":[]}"
0000000000000000027b,636,48,"{""type"":""MultiPoint"",""coordinates"":[]}"
0000000000000000027c,637,,"{""type"":""MultiPoint"",""coordinates"":[]}"
0000000000000000027d,638,,"{""type"":""MultiPoint"",""coordinates"":[]}"
0000000000000000027e,639,,"{""type"":""MultiPoint"",""coordinates"":[]}"
0000000000000000027f,640,48,"{""type"":""MultiPoint"",""coordinates"":[]}"
00000000000000000280,641,,"{""type"":""MultiPoint"",""coordinates"":[]}"
00000000000000000281,642,48,"{""type"":""MultiPoint"",""coordinates"":[]}"
00000000000000000282,643,48,"{""type"":""MultiPoint"",""coordinates"":[]}"
00000000000000000283,644,48,"{""type"":""MultiPoint"",""coordinates"":[]}"
00000000000000000284,645,48,"{""type"":""MultiPoint"",""coordinates"":[]}"
00000000000000000285,646,48,"{""type"":""MultiPoint"",""coordinates"":[]}"
00000000000000000286,647,,"{""type"":""MultiPoint"",""coordinates"":[]}"
00000000000000000287,648,,"{""type"":""MultiPoint"",""coordinates"":[]}"
00000000000000000288,649,,"{""type"":""MultiPoint"",""coordinates"":[]}"
00000000000000000289,650,47,"{""type"":""MultiPoint"",""coordinates"":[]}"
0000000000000000028a,651,48,"{""type"":""MultiPoint"",""coordinates"":[]}"
0000000000000000028b,652,48,"{""type"":""MultiPoint"",""coordinates"":[]}"
0000000000000000028c,653,49,"{""type"":""MultiPoint"",""coordinates"":[]}"
0000000000000000028d,654,48,"{""type"":""MultiPoint"",""coordinates"":[]}"
0000000000000000028e,655,,"{""type"":""MultiPoint"",""coordinates"":[]}"
0000000000000000028f,656,,"{""type"":""MultiPoint"",""coordinates"":[]}"
00000000000000000290,657,49,"{""type"":""MultiPoint"",""coordinates"":[]}"
00000000000000000291,658,48,"{""type"":""MultiPoint"",""coordinates"":[]}"
00000000000000000292,659,,"{""type"":""MultiPoint"",""coordinates"":[]}"
00000000000000000293,660,48,"{""type"":""MultiPoint"",""coordinates"":[]}"
00000000000000000294,661,48,"{""type"":""MultiPoint"",""coordinates"":[]}"
00000000000000000295,662,48,"{""type"":""MultiPoint"",""coordinates"":[]}"
00000000000000000296,663,48,"{""type"":""MultiPoint"",""coordinates"":[]}"
00000000000000000297,664,,"{""type"":""MultiPoint"",""coordinates"":[]}"
00000000000000000298,665,48,"{""type"":""MultiPoint"",""coordinates"":[]}"
00000000000000000299,666,48,"{""type"":""MultiPoint"",""coordinates"":[]}"
0000000000000000029a,667,49,"{""type"":""MultiPoint"",""coordinates"":[]}"
0000000000000000029b,668,47,"{""type"":""MultiPoint"",""coordinates"":[]}"
0000000000000000029c,669,49,"{""type"":""MultiPoint"",""coordinates"":[]}"
0000000000000000029d,670,47,"{""type"":""MultiPoint"",""coordinates"":[]}"
0000000000000000029e,671,49,"{""type"":""MultiPoint"",""coordinates"":[]}"
0000000000000000029f,672,48,"{""type"":""MultiPoint"",""coordinates"":[]}"
000000000000000002a0,673,48,"{""type"":""MultiPoint"",""coordinates"":[]}"
000000000000000002a1,674,49,"{""type"":""MultiPoint"",""coordinates"":[]}"
000000000000000002a2,675,,"{""type"":""MultiPoint"",""coordinates"":[]}"
000000000000000002a3,676,,"{""type"":""MultiPoint"",""coordinates"":[]}"
000000000000000002a4,677,48,"{""type"":""MultiPoint"",""coordinates"":[]}"
000000000000000002a5,678,48,"{""type"":""MultiPoint"",""coordinates"":[]}"
000000000000000002a6,679,48,"{""type"":""MultiPoint"",""coordinates"":[]}"
000000000000000002a7,680,48,"{""type"":""MultiPoint"",""coordinates"":[]}"
000000000000000002a8,681,48,"{""type"":""MultiPoint"",""coordinates"":[]}"
000000000000000002a9,682,48,"{""type"":""MultiPoint"",""coordinates"":[]}"
000000000000000002aa,683,47,"{""type"":""MultiPoint"",""coordinates"":[]}"
000000000000000002ab,684,48,"{""type"":""MultiPoint"",""coordinates"":[]}"
000000000000000002ac,685,49,"{""type"":""MultiPoint"",""coordinates"":[]}"
000000000000000002ad,686,48,"{""type"":""MultiPoint"",""coordinates"":[]}"
000000000000000002ae,687,48,"{""type"":""MultiPoint"",""coordinates"":[]}"
000000000000000002af,688,48,"{""type"":""MultiPoint"",""coordinates"":[]}"
000000000000000002b0,689,48,"{""type"":""MultiPoint"",""coordinates"":[]}"
00000000000000000a43,2628,47,"{""type"":""MultiPoint"",""coordinates"":[]}"
00000000000000000a44,2629,49,"{""type"":""MultiPoint"",""coordinates"":[]}"
00000000000000000a45,2630,49,"{""type"":""MultiPoint"",""coordinates"":[]}"
00000000000000000a46,2631,49,"{""type"":""MultiPoint"",""coordinates"":[]}"
00000000000000000a47,2632,49,"{""type"":""MultiPoint"",""coordinates"":[]}"
00000000000000000a48,2633,49,"{""type"":""MultiPoint"",""coordinates"":[]}"
000000000000000002b1,690,65,"{""type"":""MultiPoint"",""coordinates"":[]}"
000000000000000002b2,691,48,"{""type"":""MultiPoint"",""coordinates"":[]}"
000000000000000002b3,692,49,"{""type"":""MultiPoint"",""coordinates"":[]}"
000000000000000002b4,693,49,"{""type"":""MultiPoint"",""coordinates"":[]}"
000000000000000002b5,694,48,"{""type"":""MultiPoint"",""coordinates"":[]}"
000000000000000002b6,695,,"{""type"":""MultiPoint"",""coordinates"":[]}"
00000000000000000a49,2634,49,"{""type"":""MultiPoint"",""coordinates"":[]}"
00000000000000000a4a,2635,49,"{""type"":""MultiPoint"",""coordinates"":[]}"
00000000000000000a4b,2636,,"{""type"":""MultiPoint"",""coordinates"":[]}"
00000000000000000a4c,2637,48,"{""type"":""MultiPoint"",""coordinates"":[]}"
00000000000000000a4d,2638,49,"{""type"":""MultiPoint"",""coordinates"":[]}"
00000000000000000a4e,2639,49,"{""type"":""MultiPoint"",""coordinates"":[]}"
00000000000000000a4f,2640,49,"{""type"":""MultiPoint"",""coordinates"":[]}"
00000000000000000a50,2641,49,"{""type"":""MultiPoint"",""coordinates"":[]}"
00000000000000000a51,2642,49,"{""type"":""MultiPoint"",""coordinates"":[]}"
00000000000000000a52,2643,50,"{""type"":""MultiPoint"",""coordinates"":[]}"
00000000000000000a53,2644,50,"{""type"":""MultiPoint"",""coordinates"":[]}"
00000000000000000a54,2645,50,"{""type"":""MultiPoint"",""coordinates"":[]}"
00000000000000000a55,2646,49,"{""type"":""MultiPoint"",""coordinates"":[]}"
00000000000000000a56,2647,49,"{""type"":""MultiPoint"",""coordinates"":[]}"
00000000000000000a57,2648,49,"{""type"":""MultiPoint"",""coordinates"":[]}"
00000000000000000a58,2649,49,"{""type"":""MultiPoint"",""coordinates"":[]}"
00000000000000000a59,2650,,"{""type"":""MultiPoint"",""coordinates"":[]}"
00000000000000000a5a,2651,50,"{""type"":""MultiPoint"",""coordinates"":[]}"
00000000000000000a5b,2652,50,"{""type"":""MultiPoint"",""coordinates"":[]}"
00000000000000000a5c,2653,50,"{""type"":""MultiPoint"",""coordinates"":[]}"
00000000000000000a5d,2654,49,"{""type"":""MultiPoint"",""coordinates"":[]}"
00000000000000000a5e,2655,48,"{""type"":""MultiPoint"",""coordinates"":[]}"
00000000000000000a5f,2656,49,"{""type"":""MultiPoint"",""coordinates"":[]}"
00000000000000000a60,2657,49,"{""type"":""MultiPoint"",""coordinates"":[]}"
00000000000000000a61,2658,49,"{""type"":""MultiPoint"",""coordinates"":[]}"
00000000000000000a62,2659,49,"{""type"":""MultiPoint"",""coordinates"":[]}"
00000000000000000a63,2660,49,"{""type"":""MultiPoint"",""coordinates"":[]}"
00000000000000000a64,2661,50,"{""type"":""MultiPoint"",""coordinates"":[]}"
00000000000000000a65,2662,49,"{""type"":""MultiPoint"",""coordinates"":[]}"
00000000000000000a66,2663,49,"{""type"":""MultiPoint"",""coordinates"":[]}"
00000000000000000a67,2664,50,"{""type"":""MultiPoint"",""coordinates"":[]}"
00000000000000000a68,2665,49,"{""type"":""MultiPoint"",""coordinates"":[]}"
00000000000000000a69,2666,49,"{""type"":""MultiPoint"",""coordinates"":[]}"
00000000000000000a6a,2667,47,"{""type"":""MultiPoint"",""coordinates"":[]}"
00000000000000000a6b,2668,,"{""type"":""MultiPoint"",""coordinates"":[]}"
00000000000000000a6c,2669,50,"{""type"":""MultiPoint"",""coordinates"":[]}"
00000000000000000a6d,2670,49,"{""type"":""MultiPoint"",""coordinates"":[]}"
00000000000000000a6e,2671,50,"{""type"":""MultiPoint"",""coordinates"":[]}"
00000000000000000a6f,2672,50,"{""type"":""MultiPoint"",""coordinates"":[]}"
00000000000000000a70,2673,50,"{""type"":""MultiPoint"",""coordinates"":[]}"
00000000000000000a71,2674,50,"{""type"":""MultiPoint"",""coordinates"":[]}"
00000000000000000a72,2675,50,"{""type"":""MultiPoint"",""coordinates"":[]}"
00000000000000000a73,2676,50,"{""type"":""MultiPoint"",""coordinates"":[]}"
00000000000000000a74,2677,50,"{""type"":""MultiPoint"",""coordinates"":[]}"
00000000000000000a75,2678,50,"{""type"":""MultiPoint"",""coordinates"":[]}"
00000000000000000a76,2679,49,"{""type"":""MultiPoint"",""coordinates"":[]}"
00000000000000000a77,2680,47,"{""type"":""MultiPoint"",""coordinates"":[]}"
00000000000000000a78,2681,49,"{""type"":""MultiPoint"",""coordinates"":[]}"
00000000000000000a79,2682,49,"{""type"":""MultiPoint"",""coordinates"":[]}"
00000000000000000a7a,2683,49,"{""type"":""MultiPoint"",""coordinates"":[]}"
00000000000000000a7b,2684,50,"{""type"":""MultiPoint"",""coordinates"":[]}"
00000000000000000a7c,2685,49,"{""type"":""MultiPoint"",""coordinates"":[]}"
00000000000000000a7d,2686,49,"{""type"":""MultiPoint"",""coordinates"":[]}"
00000000000000000a7e,2687,,"{""type"":""MultiPoint"",""coordinates"":[]}"
00000000000000000a7f,2688,50,"{""type"":""MultiPoint"",""coordinates"":[]}"
00000000000000000a80,2689,48,"{""type"":""MultiPoint"",""coordinates"":[]}"
00000000000000000a81,2690,49,"{""type"":""MultiPoint"",""coordinates"":[]}"
00000000000000000a82,2691,47,"{""type"":""MultiPoint"",""coordinates"":[]}"
00000000000000000a83,2692,49,"{""type"":""MultiPoint"",""coordinates"":[]}"
00000000000000000a84,2693,49,"{""type"":""MultiPoint"",""coordinates"":[]}"
00000000000000000a85,2694,49,"{""type"":""MultiPoint"",""coordinates"":[]}"
00000000000000000a86,2695,50,"{""type"":""MultiPoint"",""coordinates"":[]}"
00000000000000000a87,2696,50,"{""type"":""MultiPoint"",""coordinates"":[]}"
00000000000000000a88,2697,50,"{""type"":""MultiPoint"",""coordinates"":[]}"
00000000000000000a89,2698,50,"{""type"":""MultiPoint"",""coordinates"":[]}"
00000000000000000a8a,2699,50,"{""type"":""MultiPoint"",""coordinates"":[]}"
00000000000000000a8b,2700,,"{""type"":""MultiPoint"",""coordinates"":[]}"
00000000000000000a8c,2701,49,"{""type"":""MultiPoint"",""coordinates"":[]}"
00000000000000000a8d,2702,50,"{""type"":""MultiPoint"",""coordinates"":[]}"
00000000000000000a8e,2703,50,"{""type"":""MultiPoint"",""coordinates"":[]}"
00000000000000000a8f,2704,50,"{""type"":""MultiPoint"",""coordinates"":[]}"
00000000000000000a90,2705,,"{""type"":""MultiPoint"",""coordinates"":[]}"
00000000000000000a91,2706,50,"{""type"":""MultiPoint"",""coordinates"":[]}"
00000000000000000a92,2707,47,"{""type"":""MultiPoint"",""coordinates"":[]}"
00000000000000000a93,2708,50,"{""type"":""MultiPoint"",""coordinates"":[]}"
00000000000000000a94,2709,50,"{""type"":""MultiPoint"",""coordinates"":[]}"
00000000000000000a95,2710,,"{""type"":""MultiPoint"",""coordinates"":[]}"
00000000000000000a96,2711,,"{""type"":""MultiPoint"",""coordinates"":[]}"
00000000000000000a97,2712,50,"{""type"":""MultiPoint"",""coordinates"":[]}"
00000000000000000a98,2713,50,"{""type"":""MultiPoint"",""coordinates"":[]}"
00000000000000000a99,2714,50,"{""type"":""MultiPoint"",""coordinates"":[]}"
00000000000000000a9a,2715,49,"{""type"":""MultiPoint"",""coordinates"":[]}"
00000000000000000a9b,2716,50,"{""type"":""MultiPoint"",""coordinates"":[]}"
00000000000000000a9c,2717,49,"{""type"":""MultiPoint"",""coordinates"":[]}"
00000000000000000a9d,2718,50,"{""type"":""MultiPoint"",""coordinates"":[]}"
00000000000000000a9e,2719,50,"{""type"":""MultiPoint"",""coordinates"":[]}"
00000000000000000a9f,2720,50,"{""type"":""MultiPoint"",""coordinates"":[]}"
00000000000000000aa0,2721,49,"{""type"":""MultiPoint"",""coordinates"":[]}"
00000000000000000aa1,2722,13,"{""type"":""MultiPoint"",""coordinates"":[]}"
00000000000000000aa2,2723,,"{""type"":""MultiPoint"",""coordinates"":[]}"
000000000000000002bd,702,49,"{""type"":""MultiPoint"",""coordinates"":[]}"
000000000000000002be,703,49,"{""type"":""MultiPoint"",""coordinates"":[]}"
000000000000000002bf,704,49,"{""type"":""MultiPoint"",""coordinates"":[]}"
000000000000000002c0,705,,"{""type"":""MultiPoint"",""coordinates"":[]}"
000000000000000002c1,706,49,"{""type"":""MultiPoint"",""coordinates"":[]}"
000000000000000002c2,707,49,"{""type"":""MultiPoint"",""coordinates"":[]}"
000000000000000002c3,708,,"{""type"":""MultiPoint"",""coordinates"":[]}"
000000000000000002c4,709,49,"{""type"":""MultiPoint"",""coordinates"":[]}"
000000000000000002c5,710,49,"{""type"":""MultiPoint"",""coordinates"":[]}"
000000000000000002c6,711,49,"{""type"":""MultiPoint"",""coordinates"":[]}"
00000000000000000aa3,2724,47,"{""type"":""MultiPoint"",""coordinates"":[]}"
00000000000000000aa4,2725,47,"{""type"":""MultiPoint"",""coordinates"":[]}"
00000000000000000aa5,2726,47,"{""type"":""MultiPoint"",""coordinates"":[]}"
00000000000000000aa6,2727,47,"{""type"":""MultiPoint"",""coordinates"":[]}"
00000000000000000aa7,2728,47,"{""type"":""MultiPoint"",""coordinates"":[]}"
00000000000000000aa8,2729,,"{""type"":""MultiPoint"",""coordinates"":[]}"
00000000000000000aa9,2730,47,"{""type"":""MultiPoint"",""coordinates"":[]}"
00000000000000000aaa,2731,47,"{""type"":""MultiPoint"",""coordinates"":[]}"
00000000000000000aab,2732,47,"{""type"":""MultiPoint"",""coordinates"":[]}"
00000000000000000aac,2733,47,"{""type"":""MultiPoint"",""coordinates"":[]}"
00000000000000000aad,2734,,"{""type"":""MultiPoint"",""coordinates"":[]}"
00000000000000000aae,2735,49,"{""type"":""MultiPoint"",""coordinates"":[]}"
00000000000000000aaf,2736,49,"{""type"":""MultiPoint"",""coordinates"":[]}"
00000000000000000ab0,2737,,"{""type"":""MultiPoint"",""coordinates"":[]}"
00000000000000000ab1,2738,47,"{""type"":""MultiPoint"",""coordinates"":[]}"
00000000000000000ab2,2739,47,"{""type"":""MultiPoint"",""coordinates"":[]}"
00000000000000000ab3,2740,47,"{""type"":""MultiPoint"",""coordinates"":[]}"
00000000000000000ab4,2741,,"{""type"":""MultiPoint"",""coordinates"":[]}"
00000000000000000ab5,2742,,"{""type"":""MultiPoint"",""coordinates"":[]}"
00000000000000000ab6,2743,47,"{""type"":""MultiPoint"",""coordinates"":[]}"
00000000000000000ab7,2744,47,"{""type"":""MultiPoint"",""coordinates"":[]}"
00000000000000000ab8,2745,,"{""type"":""MultiPoint"",""coordinates"":[]}"
00000000000000000ab9,2746,47,"{""type"":""MultiPoint"",""coordinates"":[]}"
00000000000000000aba,2747,47,"{""type"":""MultiPoint"",""coordinates"":[]}"
00000000000000000abb,2748,47,"{""type"":""MultiPoint"",""coordinates"":[]}"
00000000000000000abc,2749,47,"{""type"":""MultiPoint"",""coordinates"":[]}"
00000000000000000abd,2750,,"{""type"":""MultiPoint"",""coordinates"":[]}"
00000000000000000abe,2751,47,"{""type"":""MultiPoint"",""coordinates"":[]}"
00000000000000000abf,2752,49,"{""type"":""MultiPoint"",""coordinates"":[]}"
00000000000000000ac0,2753,47,"{""type"":""MultiPoint"",""coordinates"":[]}"
00000000000000000ac1,2754,47,"{""type"":""MultiPoint"",""coordinates"":[]}"
00000000000000000ac2,2755,47,"{""type"":""MultiPoint"",""coordinates"":[]}"
00000000000000000ac3,2756,47,"{""type"":""MultiPoint"",""coordinates"":[]}"
00000000000000000ac4,2757,47,"{""type"":""MultiPoint"",""coordinates"":[]}"
00000000000000000ac5,2758,47,"{""type"":""MultiPoint"",""coordinates"":[]}"
00000000000000000ac6,2759,47,"{""type"":""MultiPoint"",""coordinates"":[]}"
00000000000000000ac7,2760,47,"{""type"":""MultiPoint"",""coordinates"":[]}"
00000000000000000ac8,2761,47,"{""type"":""MultiPoint"",""coordinates"":[]}"
00000000000000000ac9,2762,48,"{""type"":""MultiPoint"",""coordinates"":[]}"
00000000000000000aca,2763,50,"{""type"":""MultiPoint"",""coordinates"":[]}"
00000000000000000acb,2764,50,"{""type"":""MultiPoint"",""coordinates"":[]}"
00000000000000000acc,2765,,"{""type"":""MultiPoint"",""coordinates"":[]}"
00000000000000000acd,2766,47,"{""type"":""MultiPoint"",""coordinates"":[]}"
00000000000000000ace,2767,,"{""type"":""MultiPoint"",""coordinates"":[]}"
00000000000000000acf,2768,48,"{""type"":""MultiPoint"",""coordinates"":[]}"
00000000000000000ad0,2769,47,"{""type"":""MultiPoint"",""coordinates"":[]}"
00000000000000000ad1,2770,47,"{""type"":""MultiPoint"",""coordinates"":[]}"
00000000000000000ad2,2771,47,"{""type"":""MultiPoint"",""coordinates"":[]}"
00000000000000000ad3,2772,47,"{""type"":""MultiPoint"",""coordinates"":[]}"
00000000000000000ad4,2773,,"{""type"":""MultiPoint"",""coordinates"":[]}"
00000000000000000ad5,2774,,"{""type"":""MultiPoint"",""coordinates"":[]}"
00000000000000000ad6,2775,47,"{""type"":""MultiPoint"",""coordinates"":[]}"
00000000000000000ad7,2776,47,"{""type"":""MultiPoint"",""coordinates"":[]}"
00000000000000000ad8,2777,47,"{""type"":""MultiPoint"",""coordinates"":[]}"
00000000000000000ad9,2778,48,"{""type"":""MultiPoint"",""coordinates"":[]}"
00000000000000000ada,2779,,"{""type"":""MultiPoint"",""coordinates"":[]}"
00000000000000000adb,2780,47,"{""type"":""MultiPoint"",""coordinates"":[]}"
00000000000000000adc,2781,47,"{""type"":""MultiPoint"",""coordinates"":[]}"
00000000000000001167,4456,49,"{""type"":""MultiPoint"",""coordinates"":[]}"
00000000000000001168,4457,49,"{""type"":""MultiPoint"",""coordinates"":[]}"
00000000000000001169,4458,49,"{""type"":""MultiPoint"",""coordinates"":[]}"
0000000000000000116a,4459,49,"{""type"":""MultiPoint"",""coordinates"":[]}"
0000000000000000116b,4460,49,"{""type"":""MultiPoint"",""coordinates"":[]}"
0000000000000000116c,4461,49,"{""type"":""MultiPoint"",""coordinates"":[]}"
0000000000000000116d,4462,50,"{""type"":""MultiPoint"",""coordinates"":[]}"
0000000000000000116e,4463,,"{""type"":""MultiPoint"",""coordinates"":[]}"
0000000000000000116f,4464,49,"{""type"":""MultiPoint"",""coordinates"":[]}"
00000000000000001170,4465,50,"{""type"":""MultiPoint"",""coordinates"":[]}"
00000000000000001171,4466,50,"{""type"":""MultiPoint"",""coordinates"":[]}"
00000000000000001172,4467,50,"{""type"":""MultiPoint"",""coordinates"":[]}"
00000000000000001173,4468,49,"{""type"":""MultiPoint"",""coordinates"":[]}"
00000000000000001174,4469,49,"{""type"":""MultiPoint"",""coordinates"":[]}"
00000000000000001175,4470,49,"{""type"":""MultiPoint"",""coordinates"":[]}"
00000000000000001176,4471,65,"{""type"":""MultiPoint"",""coordinates"":[]}"
000000000000000002ef,752,49,"{""type"":""MultiPoint"",""coordinates"":[]}"
000000000000000002f0,753,49,"{""type"":""MultiPoint"",""coordinates"":[]}"
000000000000000002f1,754,,"{""type"":""MultiPoint"",""coordinates"":[]}"
000000000000000002f2,755,50,"{""type"":""MultiPoint"",""coordinates"":[]}"
000000000000000002f3,756,50,"{""type"":""MultiPoint"",""coordinates"":[]}"
000000000000000002f4,757,50,"{""type"":""MultiPoint"",""coordinates"":[]}"
000000000000000002f5,758,,"{""type"":""MultiPoint"",""coordinates"":[]}"
000000000000000002f6,759,50,"{""type"":""MultiPoint"",""coordinates"":[]}"
000000000000000002f7,760,50,"{""type"":""MultiPoint"",""coordinates"":[]}"
000000000000000002f8,761,50,"{""type"":""MultiPoint"",""coordinates"":[]}"
000000000000000002f9,762,49,"{""type"":""MultiPoint"",""coordinates"":[]}"
000000000000000002fa,763,,"{""type"":""MultiPoint"",""coordinates"":[]}"
000000000000000002fb,764,49,"{""type"":""MultiPoint"",""coordinates"":[]}"
000000000000000002fc,765,49,"{""type"":""MultiPoint"",""coordinates"":[]}"
000000000000000002fd,766,49,"{""type"":""MultiPoint"",""coordinates"":[]}"
000000000000000002fe,767,49,"{""type"":""MultiPoint"",""coordinates"":[]}"
000000000000000002ff,768,49,"{""type"":""MultiPoint"",""coordinates"":[]}"
00000000000000000300,769,49,"{""type"":""MultiPoint"",""coordinates"":[]}"
00000000000000000301,770,49,"{""type"":""MultiPoint"",""coordinates"":[]}"
00000000000000000302,771,49,"{""type"":""MultiPoint"",""coordinates"":[]}"
00000000000000000303,772,49,"{""type"":""MultiPoint"",""coordinates"":[]}"
00000000000000000304,773,49,"{""type"":""MultiPoint"",""coordinates"":[]}"
00000000000000000305,774,,"{""type"":""MultiPoint"",""coordinates"":[]}"
00000000000000000306,775,49,"{""type"":""MultiPoint"",""coordinates"":[]}"
00000000000000000307,776,49,"{""type"":""MultiPoint"",""coordinates"":[]}"
00000000000000000308,777,49,"{""type"":""MultiPoint"",""coordinates"":[]}"
00000000000000000309,778,49,"{""type"":""MultiPoint"",""coordinates"":[]}"
0000000000000000030a,779,49,"{""type"":""MultiPoint"",""coordinates"":[]}"
0000000000000000030b,780,49,"{""type"":""MultiPoint"",""coordinates"":[]}"
0000000000000000030c,781,49,"{""type"":""MultiPoint"",""coordinates"":[]}"
0000000000000000030d,782,49,"{""type"":""MultiPoint"",""coordinates"":[]}"
0000000000000000030e,783,49,"{""type"":""MultiPoint"",""coordinates"":[]}"
0000000000000000030f,784,49,"{""type"":""MultiPoint"",""coordinates"":[]}"
00000000000000000310,785,50,"{""type"":""MultiPoint"",""coordinates"":[]}"
00000000000000000311,786,50,"{""type"":""MultiPoint"",""coordinates"":[]}"
00000000000000000312,787,48,"{""type"":""MultiPoint"",""coordinates"":[]}"
00000000000000000313,788,47,"{""type"":""MultiPoint"",""coordinates"":[]}"
00000000000000000314,789,49,"{""type"":""MultiPoint"",""coordinates"":[]}"
00000000000000000315,790,49,"{""type"":""MultiPoint"",""coordinates"":[]}"
00000000000000000316,791,49,"{""type"":""MultiPoint"",""coordinates"":[]}"
00000000000000000317,792,49,"{""type"":""MultiPoint"",""coordinates"":[]}"
00000000000000000318,793,49,"{""type"":""MultiPoint"",""coordinates"":[]}"
00000000000000000319,794,49,"{""type"":""MultiPoint"",""coordinates"":[]}"
0000000000000000031a,795,49,"{""type"":""MultiPoint"",""coordinates"":[]}"
0000000000000000031b,796,47,"{""type"":""MultiPoint"",""coordinates"":[]}"
0000000000000000031c,797,50,"{""type"":""MultiPoint"",""coordinates"":[]}"
0000000000000000031d,798,48,"{""type"":""MultiPoint"",""coordinates"":[]}"
0000000000000000031e,799,47,"{""type"":""MultiPoint"",""coordinates"":[]}"
0000000000000000031f,800,47,"{""type"":""MultiPoint"",""coordinates"":[]}"
00000000000000000320,801,47,"{""type"":""MultiPoint"",""coordinates"":[]}"
00000000000000000321,802,49,"{""type"":""MultiPoint"",""coordinates"":[]}"
00000000000000000322,803,48,"{""type"":""MultiPoint"",""coordinates"":[]}"
00000000000000000323,804,49,"{""type"":""MultiPoint"",""coordinates"":[]}"
00000000000000000324,805,49,"{""type"":""MultiPoint"",""coordinates"":[]}"
00000000000000000325,806,49,"{""type"":""MultiPoint"",""coordinates"":[]}"
00000000000000000326,807,47,"{""type"":""MultiPoint"",""coordinates"":[]}"
00000000000000000327,808,49,"{""type"":""MultiPoint"",""coordinates"":[]}"
00000000000000000328,809,49,"{""type"":""MultiPoint"",""coordinates"":[]}"
00000000000000000329,810,50,"{""type"":""MultiPoint"",""coordinates"":[]}"
0000000000000000032a,811,,"{""type"":""MultiPoint"",""coordinates"":[]}"
0000000000000000032b,812,50,"{""type"":""MultiPoint"",""coordinates"":[]}"
0000000000000000032c,813,50,"{""type"":""MultiPoint"",""coordinates"":[]}"
0000000000000000032d,814,65,"{""type"":""MultiPoint"",""coordinates"":[]}"
0000000000000000032e,815,65,"{""type"":""MultiPoint"",""coordinates"":[]}"
0000000000000000032f,816,,"{""type"":""MultiPoint"",""coordinates"":[]}"
00000000000000000330,817,,"{""type"":""MultiPoint"",""coordinates"":[]}"
00000000000000000331,818,58,"{""type"":""MultiPoint"",""coordinates"":[]}"
00000000000000000332,819,58,"{""type"":""MultiPoint"",""coordinates"":[]}"
00000000000000000333,820,50,"{""type"":""MultiPoint"",""coordinates"":[]}"
00000000000000000334,821,50,"{""type"":""MultiPoint"",""coordinates"":[]}"
00000000000000000335,822,65,"{""type"":""MultiPoint"",""coordinates"":[]}"
00000000000000000336,823,65,"{""type"":""MultiPoint"",""coordinates"":[]}"
00000000000000000337,824,65,"{""type"":""MultiPoint"",""coordinates"":[]}"
00000000000000000338,825,65,"{""type"":""MultiPoint"",""coordinates"":[]}"
00000000000000000339,826,50,"{""type"":""MultiPoint"",""coordinates"":[]}"
0000000000000000033a,827,65,"{""type"":""MultiPoint"",""coordinates"":[]}"
0000000000000000033b,828,65,"{""type"":""MultiPoint"",""coordinates"":[]}"
0000000000000000033c,829,4,"{""type"":""MultiPoint"",""coordinates"":[]}"
0000000000000000033d,830,65,"{""type"":""MultiPoint"",""coordinates"":[]}"
0000000000000000033e,831,,"{""type"":""MultiPoint"",""coordinates"":[]}"
0000000000000000033f,832,49,"{""type"":""MultiPoint"",""coordinates"":[]}"
00000000000000000340,833,49,"{""type"":""MultiPoint"",""coordinates"":[]}"
00000000000000000341,834,49,"{""type"":""MultiPoint"",""coordinates"":[]}"
00000000000000000342,835,49,"{""type"":""MultiPoint"",""coordinates"":[]}"
00000000000000000343,836,50,"{""type"":""MultiPoint"",""coordinates"":[]}"
00000000000000000344,837,49,"{""type"":""MultiPoint"",""coordinates"":[]}"
00000000000000000345,838,,"{""type"":""MultiPoint"",""coordinates"":[]}"
00000000000000000346,839,,"{""type"":""MultiPoint"",""coordinates"":[]}"
00000000000000000347,840,48,"{""type"":""MultiPoint"",""coordinates"":[]}"
00000000000000000348,841,48,"{""type"":""MultiPoint"",""coordinates"":[]}"
00000000000000000349,842,49,"{""type"":""MultiPoint"",""coordinates"":[]}"
00000000000000000ade,2783,49,"{""type"":""MultiPoint"",""coordinates"":[]}"
00000000000000000adf,2784,48,"{""type"":""MultiPoint"",""coordinates"":[]}"
00000000000000000ae0,2785,49,"{""type"":""MultiPoint"",""coordinates"":[]}"
00000000000000000ae1,2786,48,"{""type"":""MultiPoint"",""coordinates"":[]}"
00000000000000000ae2,2787,48,"{""type"":""MultiPoint"",""coordinates"":[]}"
00000000000000000ae3,2788,49,"{""type"":""MultiPoint"",""coordinates"":[]}"
00000000000000000ae4,2789,47,"{""type"":""MultiPoint"",""coordinates"":[]}"
00000000000000000ae5,2790,50,"{""type"":""MultiPoint"",""coordinates"":[]}"
00000000000000000ae6,2791,49,"{""type"":""MultiPoint"",""coordinates"":[]}"
00000000000000000ae7,2792,47,"{""type"":""MultiPoint"",""coordinates"":[]}"
00000000000000000ae8,2793,,"{""type"":""MultiPoint"",""coordinates"":[]}"
00000000000000000ae9,2794,49,"{""type"":""MultiPoint"",""coordinates"":[]}"
00000000000000000aea,2795,49,"{""type"":""MultiPoint"",""coordinates"":[]}"
00000000000000000aeb,2796,49,"{""type"":""MultiPoint"",""coordinates"":[]}"
00000000000000000aec,2797,49,"{""type"":""MultiPoint"",""coordinates"":[]}"
00000000000000000aed,2798,49,"{""type"":""MultiPoint"",""coordinates"":[]}"
00000000000000000aee,2799,49,"{""type"":""MultiPoint"",""coordinates"":[]}"
00000000000000000aef,2800,49,"{""type"":""MultiPoint"",""coordinates"":[]}"
00000000000000000af0,2801,49,"{""type"":""MultiPoint"",""coordinates"":[]}"
00000000000000000af1,2802,49,"{""type"":""MultiPoint"",""coordinates"":[]}"
00000000000000000af2,2803,49,"{""type"":""MultiPoint"",""coordinates"":[]}"
00000000000000000af3,2804,49,"{""type"":""MultiPoint"",""coordinates"":[]}"
00000000000000000af4,2805,49,"{""type"":""MultiPoint"",""coordinates"":[]}"
00000000000000000af5,2806,49,"{""type"":""MultiPoint"",""coordinates"":[]}"
00000000000000000af6,2807,49,"{""type"":""MultiPoint"",""coordinates"":[]}"
00000000000000000af7,2808,49,"{""type"":""MultiPoint"",""coordinates"":[]}"
00000000000000000af8,2809,49,"{""type"":""MultiPoint"",""coordinates"":[]}"
00000000000000000af9,2810,49,"{""type"":""MultiPoint"",""coordinates"":[]}"
00000000000000000afa,2811,1,"{""type"":""MultiPoint"",""coordinates"":[]}"
00000000000000000afb,2812,1,"{""type"":""MultiPoint"",""coordinates"":[]}"
00000000000000000afc,2813,1,"{""type"":""MultiPoint"",""coordinates"":[]}"
00000000000000000afd,2814,1,"{""type"":""MultiPoint"",""coordinates"":[]}"
00000000000000000afe,2815,65,"{""type"":""MultiPoint"",""coordinates"":[]}"
00000000000000000aff,2816,65,"{""type"":""MultiPoint"",""coordinates"":[]}"
00000000000000000b00,2817,65,"{""type"":""MultiPoint"",""coordinates"":[]}"
00000000000000000b01,2818,65,"{""type"":""MultiPoint"",""coordinates"":[]}"
00000000000000000b02,2819,66,"{""type"":""MultiPoint"",""coordinates"":[]}"
00000000000000000b03,2820,66,"{""type"":""MultiPoint"",""coordinates"":[]}"
00000000000000000b04,2821,66,"{""type"":""MultiPoint"",""coordinates"":[]}"
00000000000000000b05,2822,66,"{""type"":""MultiPoint"",""coordinates"":[]}"
00000000000000000b06,2823,66,"{""type"":""MultiPoint"",""coordinates"":[]}"
0000000000000000034b,844,49,"{""type"":""MultiPoint"",""coordinates"":[]}"
0000000000000000034c,845,49,"{""type"":""MultiPoint"",""coordinates"":[]}"
0000000000000000034d,846,49,"{""type"":""MultiPoint"",""coordinates"":[]}"
0000000000000000034e,847,49,"{""type"":""MultiPoint"",""coordinates"":[]}"
0000000000000000034f,848,49,"{""type"":""MultiPoint"",""coordinates"":[]}"
00000000000000000350,849,,"{""type"":""MultiPoint"",""coordinates"":[]}"
00000000000000000351,850,49,"{""type"":""MultiPoint"",""coordinates"":[]}"
00000000000000000352,851,50,"{""type"":""MultiPoint"",""coordinates"":[]}"
00000000000000000353,852,50,"{""type"":""MultiPoint"",""coordinates"":[]}"
00000000000000000354,853,49,"{""type"":""MultiPoint"",""coordinates"":[]}"
00000000000000000355,854,50,"{""type"":""MultiPoint"",""coordinates"":[]}"
00000000000000000356,855,49,"{""type"":""MultiPoint"",""coordinates"":[]}"
00000000000000000357,856,,"{""type"":""MultiPoint"",""coordinates"":[]}"
00000000000000000358,857,49,"{""type"":""MultiPoint"",""coordinates"":[]}"
00000000000000000359,858,49,"{""type"":""MultiPoint"",""coordinates"":[]}"
0000000000000000035a,859,49,"{""type"":""MultiPoint"",""coordinates"":[]}"
0000000000000000035b,860,50,"{""type"":""MultiPoint"",""coordinates"":[]}"
0000000000000000035c,861,50,"{""type"":""MultiPoint"",""coordinates"":[]}"
0000000000000000035d,862,50,"{""type"":""MultiPoint"",""coordinates"":[]}"
0000000000000000035e,863,,"{""type"":""MultiPoint"",""coordinates"":[]}"
0000000000000000035f,864,47,"{""type"":""MultiPoint"",""coordinates"":[]}"
00000000000000000360,865,50,"{""type"":""MultiPoint"",""coordinates"":[]}"
00000000000000000361,866,49,"{""type"":""MultiPoint"",""coordinates"":[]}"
00000000000000000362,867,49,"{""type"":""MultiPoint"",""coordinates"":[]}"
00000000000000000363,868,49,"{""type"":""MultiPoint"",""coordinates"":[]}"
00000000000000000364,869,50,"{""type"":""MultiPoint"",""coordinates"":[]}"
00000000000000000365,870,50,"{""type"":""MultiPoint"",""coordinates"":[]}"
00000000000000000366,871,50,"{""type"":""MultiPoint"",""coordinates"":[]}"
00000000000000000367,872,,"{""type"":""MultiPoint"",""coordinates"":[]}"
00000000000000000368,873,49,"{""type"":""MultiPoint"",""coordinates"":[]}"
00000000000000000369,874,49,"{""type"":""MultiPoint"",""coordinates"":[]}"
0000000000000000036a,875,,"{""type"":""MultiPoint"",""coordinates"":[]}"
0000000000000000036b,876,49,"{""type"":""MultiPoint"",""coordinates"":[]}"
0000000000000000036c,877,49,"{""type"":""MultiPoint"",""coordinates"":[]}"
0000000000000000036d,878,50,"{""type"":""MultiPoint"",""coordinates"":[]}"
0000000000000000036e,879,50,"{""type"":""MultiPoint"",""coordinates"":[]}"
0000000000000000036f,880,49,"{""type"":""MultiPoint"",""coordinates"":[]}"
00000000000000000370,881,49,"{""type"":""MultiPoint"",""coordinates"":[]}"
00000000000000000371,882,49,"{""type"":""MultiPoint"",""coordinates"":[]}"
00000000000000000372,883,49,"{""type"":""MultiPoint"",""coordinates"":[]}"
00000000000000000373,884,50,"{""type"":""MultiPoint"",""coordinates"":[]}"
00000000000000000374,885,50,"{""type"":""MultiPoint"",""coordinates"":[]}"
00000000000000000375,886,50,"{""type"":""MultiPoint"",""coordinates"":[]}"
00000000000000000376,887,50,"{""type"":""MultiPoint"",""coordinates"":[]}"
00000000000000000b07,2824,65,"{""type"":""MultiPoint"",""coordinates"":[]}"
00000000000000001177,4472,50,"{""type"":""MultiPoint"",""coordinates"":[]}"
00000000000000001178,4473,,"{""type"":""MultiPoint"",""coordinates"":[]}"
00000000000000001179,4474,50,"{""type"":""MultiPoint"",""coordinates"":[]}"
0000000000000000117a,4475,50,"{""type"":""MultiPoint"",""coordinates"":[]}"
0000000000000000117b,4476,50,"{""type"":""MultiPoint"",""coordinates"":[]}"
0000000000000000117c,4477,50,"{""type"":""MultiPoint"",""coordinates"":[]}"
0000000000000000117d,4478,50,"{""type"":""MultiPoint"",""coordinates"":[]}"
0000000000000000117e,4479,50,"{""type"":""MultiPoint"",""coordinates"":[]}"
00000000000000000377,888,49,"{""type"":""MultiPoint"",""coordinates"":[]}"
00000000000000000378,889,49,"{""type"":""MultiPoint"",""coordinates"":[]}"
00000000000000000379,890,49,"{""type"":""MultiPoint"",""coordinates"":[]}"
0000000000000000037a,891,49,"{""type"":""MultiPoint"",""coordinates"":[]}"
0000000000000000037b,892,49,"{""type"":""MultiPoint"",""coordinates"":[]}"
0000000000000000037c,893,49,"{""type"":""MultiPoint"",""coordinates"":[]}"
0000000000000000037d,894,49,"{""type"":""MultiPoint"",""coordinates"":[]}"
0000000000000000037e,895,49,"{""type"":""MultiPoint"",""coordinates"":[]}"
0000000000000000117f,4480,65,"{""type"":""MultiPoint"",""coordinates"":[]}"
00000000000000001180,4481,65,"{""type"":""MultiPoint"",""coordinates"":[]}"
00000000000000001181,4482,65,"{""type"":""MultiPoint"",""coordinates"":[]}"
00000000000000001182,4483,65,"{""type"":""MultiPoint"",""coordinates"":[]}"
00000000000000001183,4484,,"{""type"":""MultiPoint"",""coordinates"":[]}"
00000000000000001184,4485,49,"{""type"":""MultiPoint"",""coordinates"":[]}"
00000000000000001185,4486,49,"{""type"":""MultiPoint"",""coordinates"":[]}"
00000000000000001186,4487,49,"{""type"":""MultiPoint"",""coordinates"":[]}"
00000000000000001187,4488,49,"{""type"":""MultiPoint"",""coordinates"":[]}"
00000000000000001188,4489,,"{""type"":""MultiPoint"",""coordinates"":[]}"
00000000000000001189,4490,,"{""type"":""MultiPoint"",""coordinates"":[]}"
0000000000000000118a,4491,49,"{""type"":""MultiPoint"",""coordinates"":[]}"
0000000000000000118b,4492,,"{""type"":""MultiPoint"",""coordinates"":[]}"
0000000000000000118c,4493,49,"{""type"":""MultiPoint"",""coordinates"":[]}"
0000000000000000118d,4494,47,"{""type"":""MultiPoint"",""coordinates"":[]}"
0000000000000000118e,4495,49,"{""type"":""MultiPoint"",""coordinates"":[]}"
0000000000000000118f,4496,49,"{""type"":""MultiPoint"",""coordinates"":[]}"
00000000000000001190,4497,49,"{""type"":""MultiPoint"",""coordinates"":[]}"
00000000000000001191,4498,65,"{""type"":""MultiPoint"",""coordinates"":[]}"
00000000000000001192,4499,65,"{""type"":""MultiPoint"",""coordinates"":[]}"
00000000000000001193,4500,,"{""type"":""MultiPoint"",""coordinates"":[]}"
00000000000000001194,4501,65,"{""type"":""MultiPoint"",""coordinates"":[]}"
00000000000000001195,4502,49,"{""type"":""MultiPoint"",""coordinates"":[]}"
00000000000000001196,4503,49,"{""type"":""MultiPoint"",""coordinates"":[]}"
00000000000000001197,4504,49,"{""type"":""MultiPoint"",""coordinates"":[]}"
00000000000000001198,4505,,"{""type"":""MultiPoint"",""coordinates"":[]}"
00000000000000001199,4506,49,"{""type"":""MultiPoint"",""coordinates"":[]}"
0000000000000000119a,4507,49,"{""type"":""MultiPoint"",""coordinates"":[]}"
0000000000000000119b,4508,,"{""type"":""MultiPoint"",""coordinates"":[]}"
0000000000000000119c,4509,49,"{""type"":""MultiPoint"",""coordinates"":[]}"
0000000000000000119d,4510,65,"{""type"":""MultiPoint"",""coordinates"":[]}"
0000000000000000119e,4511,49,"{""type"":""MultiPoint"",""coordinates"":[]}"
0000000000000000119f,4512,49,"{""type"":""MultiPoint"",""coordinates"":[]}"
000000000000000011a0,4513,49,"{""type"":""MultiPoint"",""coordinates"":[]}"
000000000000000011a1,4514,49,"{""type"":""MultiPoint"",""coordinates"":[]}"
000000000000000011a2,4515,,"{""type"":""MultiPoint"",""coordinates"":[]}"
000000000000000011a3,4516,49,"{""type"":""MultiPoint"",""coordinates"":[]}"
000000000000000011a4,4517,49,"{""type"":""MultiPoint"",""coordinates"":[]}"
000000000000000011a5,4518,49,"{""type"":""MultiPoint"",""coordinates"":[]}"
000000000000000011a6,4519,47,"{""type"":""MultiPoint"",""coordinates"":[]}"
000000000000000011a7,4520,47,"{""type"":""MultiPoint"",""coordinates"":[]}"
000000000000000011a8,4521,,"{""type"":""MultiPoint"",""coordinates"":[]}"
000000000000000011a9,4522,49,"{""type"":""MultiPoint"",""coordinates"":[]}"
000000000000000011aa,4523,49,"{""type"":""MultiPoint"",""coordinates"":[]}"
000000000000000011ab,4524,47,"{""type"":""MultiPoint"",""coordinates"":[]}"
000000000000000011ac,4525,47,"{""type"":""MultiPoint"",""coordinates"":[]}"
000000000000000011ad,4526,50,"{""type"":""MultiPoint"",""coordinates"":[]}"
000000000000000011ae,4527,49,"{""type"":""MultiPoint"",""coordinates"":[]}"
000000000000000011af,4528,49,"{""type"":""MultiPoint"",""coordinates"":[]}"
000000000000000011b0,4529,49,"{""type"":""MultiPoint"",""coordinates"":[]}"
000000000000000011b1,4530,49,"{""type"":""MultiPoint"",""coordinates"":[]}"
000000000000000011b2,4531,50,"{""type"":""MultiPoint"",""coordinates"":[]}"
000000000000000011b3,4532,50,"{""type"":""MultiPoint"",""coordinates"":[]}"
000000000000000011b4,4533,49,"{""type"":""MultiPoint"",""coordinates"":[]}"
000000000000000011b5,4534,,"{""type"":""MultiPoint"",""coordinates"":[]}"
000000000000000011b6,4535,,"{""type"":""MultiPoint"",""coordinates"":[]}"
000000000000000011b7,4536,49,"{""type"":""MultiPoint"",""coordinates"":[]}"
000000000000000011b8,4537,49,"{""type"":""MultiPoint"",""coordinates"":[]}"
000000000000000011b9,4538,47,"{""type"":""MultiPoint"",""coordinates"":[]}"
000000000000000011ba,4539,47,"{""type"":""MultiPoint"",""coordinates"":[]}"
000000000000000011bb,4540,50,"{""type"":""MultiPoint"",""coordinates"":[]}"
000000000000000011bc,4541,49,"{""type"":""MultiPoint"",""coordinates"":[]}"
000000000000000011bd,4542,49,"{""type"":""MultiPoint"",""coordinates"":[]}"
000000000000000011be,4543,49,"{""type"":""MultiPoint"",""coordinates"":[]}"
000000000000000011bf,4544,47,"{""type"":""MultiPoint"",""coordinates"":[]}"
000000000000000011c0,4545,49,"{""type"":""MultiPoint"",""coordinates"":[]}"
000000000000000011c1,4546,47,"{""type"":""MultiPoint"",""coordinates"":[]}"
000000000000000011c2,4547,47,"{""type"":""MultiPoint"",""coordinates"":[]}"
000000000000000011c3,4548,49,"{""type"":""MultiPoint"",""coordinates"":[]}"
000000000000000011c4,4549,49,"{""type"":""MultiPoint"",""coordinates"":[]}"
000000000000000011c5,4550,50,"{""type"":""MultiPoint"",""coordinates"":[]}"
000000000000000011c6,4551,49,"{""type"":""MultiPoint"",""coordinates"":[]}"
000000000000000011c7,4552,49,"{""type"":""MultiPoint"",""coordinates"":[]}"
000000000000000011c8,4553,49,"{""type"":""MultiPoint"",""coordinates"":[]}"
000000000000000011c9,4554,47,"{""type"":""MultiPoint"",""coordinates"":[]}"
000000000000000011ca,4555,49,"{""type"":""MultiPoint"",""coordinates"":[]}"
000000000000000011cb,4556,47,"{""type"":""MultiPoint"",""coordinates"":[]}"
000000000000000011cc,4557,50,"{""type"":""MultiPoint"",""coordinates"":[]}"
000000000000000011cd,4558,,"{""type"":""MultiPoint"",""coordinates"":[]}"
000000000000000011ce,4559,49,"{""type"":""MultiPoint"",""coordinates"":[]}"
000000000000000011cf,4560,,"{""type"":""MultiPoint"",""coordinates"":[]}"
000000000000000011d0,4561,49,"{""type"":""MultiPoint"",""coordinates"":[]}"
000000000000000011d1,4562,49,"{""type"":""MultiPoint"",""coordinates"":[]}"
000000000000000011d2,4563,49,"{""type"":""MultiPoint"",""coordinates"":[]}"
000000000000000011d3,4564,,"{""type"":""MultiPoint"",""coordinates"":[]}"
000000000000000011d4,4565,49,"{""type"":""MultiPoint"",""coordinates"":[]}"
000000000000000011d5,4566,,"{""type"":""MultiPoint"",""coordinates"":[]}"
000000000000000011d6,4567,49,"{""type"":""MultiPoint"",""coordinates"":[]}"
000000000000000011d7,4568,49,"{""type"":""MultiPoint"",""coordinates"":[]}"
000000000000000011d8,4569,49,"{""type"":""MultiPoint"",""coordinates"":[]}"
000000000000000011d9,4570,49,"{""type"":""MultiPoint"",""coordinates"":[]}"
000000000000000011da,4571,49,"{""type"":""MultiPoint"",""coordinates"":[]}"
000000000000000011db,4572,49,"{""type"":""MultiPoint"",""coordinates"":[]}"
000000000000000011dc,4573,49,"{""type"":""MultiPoint"",""coordinates"":[]}"
000000000000000011dd,4574,49,"{""type"":""MultiPoint"",""coordinates"":[]}"
000000000000000011de,4575,49,"{""type"":""MultiPoint"",""coordinates"":[]}"
000000000000000011df,4576,49,"{""type"":""MultiPoint"",""coordinates"":[]}"
000000000000000011e0,4577,49,"{""type"":""MultiPoint"",""coordinates"":[]}"
000000000000000011e1,4578,49,"{""type"":""MultiPoint"",""coordinates"":[]}"
000000000000000011e2,4579,49,"{""type"":""MultiPoint"",""coordinates"":[]}"
000000000000000011e3,4580,,"{""type"":""MultiPoint"",""coordinates"":[]}"
000000000000000011e4,4581,,"{""type"":""MultiPoint"",""coordinates"":[]}"
000000000000000011e5,4582,48,"{""type"":""MultiPoint"",""coordinates"":[]}"
000000000000000011e6,4583,,"{""type"":""MultiPoint"",""coordinates"":[]}"
000000000000000011e7,4584,49,"{""type"":""MultiPoint"",""coordinates"":[]}"
000000000000000011e8,4585,48,"{""type"":""MultiPoint"",""coordinates"":[]}"
000000000000000011e9,4586,49,"{""type"":""MultiPoint"",""coordinates"":[]}"
000000000000000011ea,4587,,"{""type"":""MultiPoint"",""coordinates"":[]}"
000000000000000011eb,4588,49,"{""type"":""MultiPoint"",""coordinates"":[]}"
000000000000000011ec,4589,49,"{""type"":""MultiPoint"",""coordinates"":[]}"
000000000000000011ed,4590,49,"{""type"":""MultiPoint"",""coordinates"":[]}"
000000000000000011ee,4591,49,"{""type"":""MultiPoint"",""coordinates"":[]}"
000000000000000011ef,4592,49,"{""type"":""MultiPoint"",""coordinates"":[]}"
000000000000000011f0,4593,,"{""type"":""MultiPoint"",""coordinates"":[]}"
000000000000000011f1,4594,,"{""type"":""MultiPoint"",""coordinates"":[]}"
000000000000000011f2,4595,,"{""type"":""MultiPoint"",""coordinates"":[]}"
000000000000000011f3,4596,,"{""type"":""MultiPoint"",""coordinates"":[]}"
000000000000000011f4,4597,49,"{""type"":""MultiPoint"",""coordinates"":[]}"
000000000000000011f5,4598,49,"{""type"":""MultiPoint"",""coordinates"":[]}"
000000000000000011f6,4599,49,"{""type"":""MultiPoint"",""coordinates"":[]}"
000000000000000011f7,4600,49,"{""type"":""MultiPoint"",""coordinates"":[]}"
000000000000000011f8,4601,49,"{""type"":""MultiPoint"",""coordinates"":[]}"
000000000000000011f9,4602,49,"{""type"":""MultiPoint"",""coordinates"":[]}"
000000000000000011fa,4603,,"{""type"":""MultiPoint"",""coordinates"":[]}"
000000000000000011fb,4604,49,"{""type"":""MultiPoint"",""coordinates"":[]}"
000000000000000011fc,4605,,"{""type"":""MultiPoint"",""coordinates"":[]}"
000000000000000011fd,4606,49,"{""type"":""MultiPoint"",""coordinates"":[]}"
000000000000000011fe,4607,49,"{""type"":""MultiPoint"",""coordinates"":[]}"
000000000000000011ff,4608,49,"{""type"":""MultiPoint"",""coordinates"":[]}"
00000000000000001200,4609,49,"{""type"":""MultiPoint"",""coordinates"":[]}"
00000000000000001201,4610,,"{""type"":""MultiPoint"",""coordinates"":[]}"
00000000000000001202,4611,49,"{""type"":""MultiPoint"",""coordinates"":[]}"
00000000000000001203,4612,49,"{""type"":""MultiPoint"",""coordinates"":[]}"
00000000000000001204,4613,49,"{""type"":""MultiPoint"",""coordinates"":[]}"
00000000000000001205,4614,47,"{""type"":""MultiPoint"",""coordinates"":[]}"
00000000000000001206,4615,49,"{""type"":""MultiPoint"",""coordinates"":[]}"
00000000000000001207,4616,49,"{""type"":""MultiPoint"",""coordinates"":[]}"
00000000000000001208,4617,49,"{""type"":""MultiPoint"",""coordinates"":[]}"
00000000000000001209,4618,,"{""type"":""MultiPoint"",""coordinates"":[]}"
0000000000000000120a,4619,49,"{""type"":""MultiPoint"",""coordinates"":[]}"
0000000000000000120b,4620,49,"{""type"":""MultiPoint"",""coordinates"":[]}"
0000000000000000120c,4621,,"{""type"":""MultiPoint"",""coordinates"":[]}"
0000000000000000120d,4622,49,"{""type"":""MultiPoint"",""coordinates"":[]}"
0000000000000000120e,4623,49,"{""type"":""MultiPoint"",""coordinates"":[]}"
0000000000000000120f,4624,47,"{""type"":""MultiPoint"",""coordinates"":[]}"
00000000000000001210,4625,49,"{""type"":""MultiPoint"",""coordinates"":[]}"
00000000000000001211,4626,49,"{""type"":""MultiPoint"",""coordinates"":[]}"
00000000000000001212,4627,49,"{""type"":""MultiPoint"",""coordinates"":[]}"
00000000000000001213,4628,49,"{""type"":""MultiPoint"",""coordinates"":[]}"
00000000000000001214,4629,49,"{""type"":""MultiPoint"",""coordinates"":[]}"
00000000000000001215,4630,,"{""type"":""MultiPoint"",""coordinates"":[]}"
00000000000000001216,4631,,"{""type"":""MultiPoint"",""coordinates"":[]}"
00000000000000001217,4632,,"{""type"":""MultiPoint"",""coordinates"":[]}"
00000000000000001218,4633,49,"{""type"":""MultiPoint"",""coordinates"":[]}"
00000000000000001219,4634,49,"{""type"":""MultiPoint"",""coordinates"":[]}"
0000000000000000121a,4635,49,"{""type"":""MultiPoint"",""coordinates"":[]}"
0000000000000000121b,4636,,"{""type"":""MultiPoint"",""coordinates"":[]}"
0000000000000000121c,4637,48,"{""type"":""MultiPoint"",""coordinates"":[]}"
0000000000000000121d,4638,49,"{""type"":""MultiPoint"",""coordinates"":[]}"
0000000000000000121e,4639,49,"{""type"":""MultiPoint"",""coordinates"":[]}"
0000000000000000121f,4640,49,"{""type"":""MultiPoint"",""coordinates"":[]}"
00000000000000001220,4641,49,"{""type"":""MultiPoint"",""coordinates"":[]}"
00000000000000001221,4642,47,"{""type"":""MultiPoint"",""coordinates"":[]}"
00000000000000001222,4643,49,"{""type"":""MultiPoint"",""coordinates"":[]}"
00000000000000001223,4644,47,"{""type"":""MultiPoint"",""coordinates"":[]}"
00000000000000001224,4645,49,"{""type"":""MultiPoint"",""coordinates"":[]}"
00000000000000001225,4646,49,"{""type"":""MultiPoint"",""coordinates"":[]}"
00000000000000001226,4647,49,"{""type"":""MultiPoint"",""coordinates"":[]}"
00000000000000001227,4648,47,"{""type"":""MultiPoint"",""coordinates"":[]}"
00000000000000001228,4649,49,"{""type"":""MultiPoint"",""coordinates"":[]}"
00000000000000001229,4650,49,"{""type"":""MultiPoint"",""coordinates"":[]}"
0000000000000000122a,4651,50,"{""type"":""MultiPoint"",""coordinates"":[]}"
0000000000000000122b,4652,50,"{""type"":""MultiPoint"",""coordinates"":[]}"
0000000000000000122c,4653,49,"{""type"":""MultiPoint"",""coordinates"":[]}"
0000000000000000122d,4654,49,"{""type"":""MultiPoint"",""coordinates"":[]}"
0000000000000000122e,4655,49,"{""type"":""MultiPoint"",""coordinates"":[]}"
0000000000000000122f,4656,49,"{""type"":""MultiPoint"",""coordinates"":[]}"
00000000000000001230,4657,50,"{""type"":""MultiPoint"",""coordinates"":[]}"
00000000000000001231,4658,50,"{""type"":""MultiPoint"",""coordinates"":[]}"
00000000000000001232,4659,49,"{""type"":""MultiPoint"",""coordinates"":[]}"
00000000000000001233,4660,49,"{""type"":""MultiPoint"",""coordinates"":[]}"
00000000000000001234,4661,49,"{""type"":""MultiPoint"",""coordinates"":[]}"
00000000000000001235,4662,49,"{""type"":""MultiPoint"",""coordinates"":[]}"
00000000000000001236,4663,49,"{""type"":""MultiPoint"",""coordinates"":[]}"
00000000000000001237,4664,49,"{""type"":""MultiPoint"",""coordinates"":[]}"
00000000000000001238,4665,49,"{""type"":""MultiPoint"",""coordinates"":[]}"
00000000000000001239,4666,49,"{""type"":""MultiPoint"",""coordinates"":[]}"
0000000000000000123a,4667,49,"{""type"":""MultiPoint"",""coordinates"":[]}"
0000000000000000123b,4668,59,"{""type"":""MultiPoint"",""coordinates"":[]}"
0000000000000000123c,4669,49,"{""type"":""MultiPoint"",""coordinates"":[]}"
0000000000000000123d,4670,49,"{""type"":""MultiPoint"",""coordinates"":[]}"
0000000000000000123e,4671,49,"{""type"":""MultiPoint"",""coordinates"":[]}"
0000000000000000123f,4672,47,"{""type"":""MultiPoint"",""coordinates"":[]}"
00000000000000001240,4673,47,"{""type"":""MultiPoint"",""coordinates"":[]}"
00000000000000001241,4674,49,"{""type"":""MultiPoint"",""coordinates"":[]}"
00000000000000001242,4675,49,"{""type"":""MultiPoint"",""coordinates"":[]}"
00000000000000001243,4676,49,"{""type"":""MultiPoint"",""coordinates"":[]}"
00000000000000001244,4677,49,"{""type"":""MultiPoint"",""coordinates"":[]}"
00000000000000001245,4678,49,"{""type"":""MultiPoint"",""coordinates"":[]}"
00000000000000001246,4679,49,"{""type"":""MultiPoint"",""coordinates"":[]}"
00000000000000001247,4680,49,"{""type"":""MultiPoint"",""coordinates"":[]}"
00000000000000001248,4681,49,"{""type"":""MultiPoint"",""coordinates"":[]}"
00000000000000001249,4682,50,"{""type"":""MultiPoint"",""coordinates"":[]}"
0000000000000000124a,4683,50,"{""type"":""MultiPoint"",""coordinates"":[]}"
0000000000000000124b,4684,50,"{""type"":""MultiPoint"",""coordinates"":[]}"
0000000000000000124c,4685,50,"{""type"":""MultiPoint"",""coordinates"":[]}"
0000000000000000124d,4686,49,"{""type"":""MultiPoint"",""coordinates"":[]}"
0000000000000000124e,4687,49,"{""type"":""MultiPoint"",""coordinates"":[]}"
0000000000000000124f,4688,49,"{""type"":""MultiPoint"",""coordinates"":[]}"
00000000000000001250,4689,,"{""type"":""MultiPoint"",""coordinates"":[]}"
00000000000000001251,4690,,"{""type"":""MultiPoint"",""coordinates"":[]}"
00000000000000001252,4691,49,"{""type"":""MultiPoint"",""coordinates"":[]}"
00000000000000001253,4692,49,"{""type"":""MultiPoint"",""coordinates"":[]}"
00000000000000001254,4693,49,"{""type"":""MultiPoint"",""coordinates"":[]}"
00000000000000001255,4694,47,"{""type"":""MultiPoint"",""coordinates"":[]}"
00000000000000001256,4695,49,"{""type"":""MultiPoint"",""coordinates"":[]}"
00000000000000001257,4696,,"{""type"":""MultiPoint"",""coordinates"":[]}"
00000000000000001258,4697,49,"{""type"":""MultiPoint"",""coordinates"":[]}"
00000000000000001259,4698,,"{""type"":""MultiPoint"",""coordinates"":[]}"
0000000000000000125a,4699,49,"{""type"":""MultiPoint"",""coordinates"":[]}"
0000000000000000125b,4700,49,"{""type"":""MultiPoint"",""coordinates"":[]}"
0000000000000000125c,4701,,"{""type"":""MultiPoint"",""coordinates"":[]}"
0000000000000000125d,4702,49,"{""type"":""MultiPoint"",""coordinates"":[]}"
0000000000000000125e,4703,49,"{""type"":""MultiPoint"",""coordinates"":[]}"
0000000000000000125f,4704,50,"{""type"":""MultiPoint"",""coordinates"":[]}"
00000000000000001260,4705,49,"{""type"":""MultiPoint"",""coordinates"":[]}"
00000000000000001261,4706,49,"{""type"":""MultiPoint"",""coordinates"":[]}"
00000000000000001262,4707,49,"{""type"":""MultiPoint"",""coordinates"":[]}"
00000000000000001263,4708,49,"{""type"":""MultiPoint"",""coordinates"":[]}"
00000000000000001264,4709,50,"{""type"":""MultiPoint"",""coordinates"":[]}"
00000000000000001265,4710,49,"{""type"":""MultiPoint"",""coordinates"":[]}"
00000000000000001266,4711,49,"{""type"":""MultiPoint"",""coordinates"":[]}"
00000000000000001267,4712,49,"{""type"":""MultiPoint"",""coordinates"":[]}"
00000000000000001268,4713,49,"{""type"":""MultiPoint"",""coordinates"":[]}"
00000000000000001269,4714,49,"{""type"":""MultiPoint"",""coordinates"":[]}"
0000000000000000126a,4715,49,"{""type"":""MultiPoint"",""coordinates"":[]}"
0000000000000000126b,4716,49,"{""type"":""MultiPoint"",""coordinates"":[]}"
0000000000000000126c,4717,,"{""type"":""MultiPoint"",""coordinates"":[]}"
0000000000000000126d,4718,49,"{""type"":""MultiPoint"",""coordinates"":[]}"
0000000000000000126e,4719,49,"{""type"":""MultiPoint"",""coordinates"":[]}"
0000000000000000126f,4720,,"{""type"":""MultiPoint"",""coordinates"":[]}"
00000000000000001270,4721,49,"{""type"":""MultiPoint"",""coordinates"":[]}"
00000000000000001271,4722,49,"{""type"":""MultiPoint"",""coordinates"":[]}"
00000000000000001272,4723,49,"{""type"":""MultiPoint"",""coordinates"":[]}"
00000000000000001273,4724,49,"{""type"":""MultiPoint"",""coordinates"":[]}"
00000000000000001274,4725,47,"{""type"":""MultiPoint"",""coordinates"":[]}"
00000000000000001275,4726,49,"{""type"":""MultiPoint"",""coordinates"":[]}"
00000000000000001276,4727,47,"{""type"":""MultiPoint"",""coordinates"":[]}"
00000000000000001277,4728,47,"{""type"":""MultiPoint"",""coordinates"":[]}"
00000000000000001278,4729,49,"{""type"":""MultiPoint"",""coordinates"":[]}"
00000000000000001279,4730,49,"{""type"":""MultiPoint"",""coordinates"":[]}"
0000000000000000127a,4731,49,"{""type"":""MultiPoint"",""coordinates"":[]}"
0000000000000000127b,4732,49,"{""type"":""MultiPoint"",""coordinates"":[]}"
0000000000000000127c,4733,49,"{""type"":""MultiPoint"",""coordinates"":[]}"
0000000000000000127d,4734,59,"{""type"":""MultiPoint"",""coordinates"":[]}"
0000000000000000127e,4735,59,"{""type"":""MultiPoint"",""coordinates"":[]}"
0000000000000000127f,4736,59,"{""type"":""MultiPoint"",""coordinates"":[]}"
00000000000000001280,4737,59,"{""type"":""MultiPoint"",""coordinates"":[]}"
00000000000000001281,4738,59,"{""type"":""MultiPoint"",""coordinates"":[]}"
00000000000000001282,4739,59,"{""type"":""MultiPoint"",""coordinates"":[]}"
00000000000000001283,4740,59,"{""type"":""MultiPoint"",""coordinates"":[]}"
00000000000000001284,4741,59,"{""type"":""MultiPoint"",""coordinates"":[]}"
00000000000000001285,4742,59,"{""type"":""MultiPoint"",""coordinates"":[]}"
00000000000000001286,4743,59,"{""type"":""MultiPoint"",""coordinates"":[]}"
00000000000000001287,4744,59,"{""type"":""MultiPoint"",""coordinates"":[]}"
00000000000000001288,4745,59,"{""type"":""MultiPoint"",""coordinates"":[]}"
00000000000000001289,4746,60,"{""type"":""MultiPoint"",""coordinates"":[]}"
0000000000000000128a,4747,60,"{""type"":""MultiPoint"",""coordinates"":[]}"
0000000000000000128b,4748,59,"{""type"":""MultiPoint"",""coordinates"":[]}"
0000000000000000128c,4749,59,"{""type"":""MultiPoint"",""coordinates"":[]}"
0000000000000000128d,4750,59,"{""type"":""MultiPoint"",""coordinates"":[]}"
0000000000000000128e,4751,59,"{""type"":""MultiPoint"",""coordinates"":[]}"
0000000000000000128f,4752,59,"{""type"":""MultiPoint"",""coordinates"":[]}"
00000000000000001290,4753,59,"{""type"":""MultiPoint"",""coordinates"":[]}"
00000000000000001291,4754,59,"{""type"":""MultiPoint"",""coordinates"":[]}"
00000000000000001292,4755,59,"{""type"":""MultiPoint"",""coordinates"":[]}"
00000000000000001293,4756,59,"{""type"":""MultiPoint"",""coordinates"":[]}"
00000000000000001294,4757,59,"{""type"":""MultiPoint"",""coordinates"":[]}"
00000000000000001295,4758,59,"{""type"":""MultiPoint"",""coordinates"":[]}"
00000000000000001296,4759,59,"{""type"":""MultiPoint"",""coordinates"":[]}"
00000000000000001297,4760,49,"{""type"":""MultiPoint"",""coordinates"":[]}"
00000000000000001298,4761,49,"{""type"":""MultiPoint"",""coordinates"":[]}"
00000000000000001299,4762,47,"{""type"":""MultiPoint"",""coordinates"":[]}"
0000000000000000129a,4763,49,"{""type"":""MultiPoint"",""coordinates"":[]}"
0000000000000000129b,4764,49,"{""type"":""MultiPoint"",""coordinates"":[]}"
0000000000000000129c,4765,49,"{""type"":""MultiPoint"",""coordinates"":[]}"
0000000000000000129d,4766,49,"{""type"":""MultiPoint"",""coordinates"":[]}"
0000000000000000129e,4767,49,"{""type"":""MultiPoint"",""coordinates"":[]}"
0000000000000000129f,4768,49,"{""type"":""MultiPoint"",""coordinates"":[]}"
000000000000000012a0,4769,49,"{""type"":""MultiPoint"",""coordinates"":[]}"
000000000000000012a1,4770,49,"{""type"":""MultiPoint"",""coordinates"":[]}"
000000000000000012a2,4771,49,"{""type"":""MultiPoint"",""coordinates"":[]}"
000000000000000012a3,4772,49,"{""type"":""MultiPoint"",""coordinates"":[]}"
000000000000000012a4,4773,49,"{""type"":""MultiPoint"",""coordinates"":[]}"
000000000000000012a5,4774,49,"{""type"":""MultiPoint"",""coordinates"":[]}"
000000000000000012a6,4775,49,"{""type"":""MultiPoint"",""coordinates"":[]}"
000000000000000012a7,4776,49,"{""type"":""MultiPoint"",""coordinates"":[]}"
000000000000000012a8,4777,,"{""type"":""MultiPoint"",""coordinates"":[]}"
000000000000000012a9,4778,49,"{""type"":""MultiPoint"",""coordinates"":[]}"
000000000000000012aa,4779,49,"{""type"":""MultiPoint"",""coordinates"":[]}"
000000000000000012ab,4780,50,"{""type"":""MultiPoint"",""coordinates"":[]}"
000000000000000012ac,4781,,"{""type"":""MultiPoint"",""coordinates"":[]}"
000000000000000012ad,4782,50,"{""type"":""MultiPoint"",""coordinates"":[]}"
000000000000000012ae,4783,50,"{""type"":""MultiPoint"",""coordinates"":[]}"
000000000000000012af,4784,49,"{""type"":""MultiPoint"",""coordinates"":[]}"
000000000000000012b0,4785,59,"{""type"":""MultiPoint"",""coordinates"":[]}"
000000000000000012b1,4786,59,"{""type"":""MultiPoint"",""coordinates"":[]}"
000000000000000012b2,4787,,"{""type"":""MultiPoint"",""coordinates"":[]}"
000000000000000012b3,4788,59,"{""type"":""MultiPoint"",""coordinates"":[]}"
000000000000000012b4,4789,49,"{""type"":""MultiPoint"",""coordinates"":[]}"
000000000000000012b5,4790,49,"{""type"":""MultiPoint"",""coordinates"":[]}"
000000000000000012b6,4791,59,"{""type"":""MultiPoint"",""coordinates"":[]}"
000000000000000012b7,4792,59,"{""type"":""MultiPoint"",""coordinates"":[]}"
000000000000000012b8,4793,59,"{""type"":""MultiPoint"",""coordinates"":[]}"
000000000000000012b9,4794,49,"{""type"":""MultiPoint"",""coordinates"":[]}"
00000000000000000395,918,50,"{""type"":""MultiPoint"",""coordinates"":[]}"
00000000000000000396,919,49,"{""type"":""MultiPoint"",""coordinates"":[]}"
00000000000000000b08,2825,49,"{""type"":""MultiPoint"",""coordinates"":[]}"
00000000000000000b09,2826,49,"{""type"":""MultiPoint"",""coordinates"":[]}"
00000000000000000b0a,2827,49,"{""type"":""MultiPoint"",""coordinates"":[]}"
00000000000000000b0b,2828,49,"{""type"":""MultiPoint"",""coordinates"":[]}"
00000000000000000b0c,2829,,"{""type"":""MultiPoint"",""coordinates"":[]}"
00000000000000000b0d,2830,49,"{""type"":""MultiPoint"",""coordinates"":[]}"
00000000000000000b0e,2831,49,"{""type"":""MultiPoint"",""coordinates"":[]}"
00000000000000000b0f,2832,63,"{""type"":""MultiPoint"",""coordinates"":[]}"
00000000000000000b10,2833,49,"{""type"":""MultiPoint"",""coordinates"":[]}"
00000000000000000b11,2834,49,"{""type"":""MultiPoint"",""coordinates"":[]}"
00000000000000000b12,2835,47,"{""type"":""MultiPoint"",""coordinates"":[]}"
00000000000000000b13,2836,47,"{""type"":""MultiPoint"",""coordinates"":[]}"
00000000000000000b14,2837,47,"{""type"":""MultiPoint"",""coordinates"":[]}"
00000000000000000b15,2838,47,"{""type"":""MultiPoint"",""coordinates"":[]}"
00000000000000000b16,2839,49,"{""type"":""MultiPoint"",""coordinates"":[]}"
00000000000000000b17,2840,49,"{""type"":""MultiPoint"",""coordinates"":[]}"
00000000000000000b18,2841,47,"{""type"":""MultiPoint"",""coordinates"":[]}"
00000000000000000b19,2842,47,"{""type"":""MultiPoint"",""coordinates"":[]}"
00000000000000000b1a,2843,49,"{""type"":""MultiPoint"",""coordinates"":[]}"
00000000000000000b1b,2844,49,"{""type"":""MultiPoint"",""coordinates"":[]}"
00000000000000000b1c,2845,49,"{""type"":""MultiPoint"",""coordinates"":[]}"
00000000000000000b1d,2846,47,"{""type"":""MultiPoint"",""coordinates"":[]}"
00000000000000000b1e,2847,49,"{""type"":""MultiPoint"",""coordinates"":[]}"
00000000000000000b1f,2848,49,"{""type"":""MultiPoint"",""coordinates"":[]}"
00000000000000000b20,2849,49,"{""type"":""MultiPoint"",""coordinates"":[]}"
00000000000000000b21,2850,,"{""type"":""MultiPoint"",""coordinates"":[]}"
00000000000000000b22,2851,47,"{""type"":""MultiPoint"",""coordinates"":[]}"
00000000000000000b23,2852,,"{""type"":""MultiPoint"",""coordinates"":[]}"
00000000000000000b24,2853,49,"{""type"":""MultiPoint"",""coordinates"":[]}"
00000000000000000b25,2854,49,"{""type"":""MultiPoint"",""coordinates"":[]}"
00000000000000000b26,2855,,"{""type"":""MultiPoint"",""coordinates"":[]}"
00000000000000000b27,2856,49,"{""type"":""MultiPoint"",""coordinates"":[]}"
00000000000000000b28,2857,49,"{""type"":""MultiPoint"",""coordinates"":[]}"
00000000000000000b29,2858,49,"{""type"":""MultiPoint"",""coordinates"":[]}"
00000000000000000b2a,2859,49,"{""type"":""MultiPoint"",""coordinates"":[]}"
00000000000000000b2b,2860,47,"{""type"":""MultiPoint"",""coordinates"":[]}"
00000000000000000b2c,2861,47,"{""type"":""MultiPoint"",""coordinates"":[]}"
00000000000000000b2d,2862,,"{""type"":""MultiPoint"",""coordinates"":[]}"
00000000000000000b2e,2863,49,"{""type"":""MultiPoint"",""coordinates"":[]}"
00000000000000000b2f,2864,49,"{""type"":""MultiPoint"",""coordinates"":[]}"
00000000000000000b30,2865,,"{""type"":""MultiPoint"",""coordinates"":[]}"
00000000000000000b31,2866,61,"{""type"":""MultiPoint"",""coordinates"":[]}"
00000000000000000b32,2867,49,"{""type"":""MultiPoint"",""coordinates"":[]}"
00000000000000000b33,2868,47,"{""type"":""MultiPoint"",""coordinates"":[]}"
00000000000000000b34,2869,,"{""type"":""MultiPoint"",""coordinates"":[]}"
00000000000000000b35,2870,,"{""type"":""MultiPoint"",""coordinates"":[]}"
00000000000000000b36,2871,,"{""type"":""MultiPoint"",""coordinates"":[]}"
00000000000000000b37,2872,,"{""type"":""MultiPoint"",""coordinates"":[]}"
00000000000000000b38,2873,49,"{""type"":""MultiPoint"",""coordinates"":[]}"
00000000000000000b39,2874,49,"{""type"":""MultiPoint"",""coordinates"":[]}"
00000000000000000b3a,2875,49,"{""type"":""MultiPoint"",""coordinates"":[]}"
00000000000000000b3b,2876,49,"{""type"":""MultiPoint"",""coordinates"":[]}"
00000000000000000b3c,2877,5,"{""type"":""MultiPoint"",""coordinates"":[]}"
00000000000000000b3d,2878,5,"{""type"":""MultiPoint"",""coordinates"":[]}"
00000000000000000b3e,2879,47,"{""type"":""MultiPoint"",""coordinates"":[]}"
00000000000000000b3f,2880,49,"{""type"":""MultiPoint"",""coordinates"":[]}"
00000000000000000b40,2881,47,"{""type"":""MultiPoint"",""coordinates"":[]}"
00000000000000000b41,2882,47,"{""type"":""MultiPoint"",""coordinates"":[]}"
00000000000000000b42,2883,49,"{""type"":""MultiPoint"",""coordinates"":[]}"
00000000000000000b43,2884,49,"{""type"":""MultiPoint"",""coordinates"":[]}"
00000000000000000b44,2885,49,"{""type"":""MultiPoint"",""coordinates"":[]}"
00000000000000000b45,2886,49,"{""type"":""MultiPoint"",""coordinates"":[]}"
00000000000000000b46,2887,47,"{""type"":""MultiPoint"",""coordinates"":[]}"
00000000000000000b47,2888,49,"{""type"":""MultiPoint"",""coordinates"":[]}"
00000000000000000b48,2889,,"{""type"":""MultiPoint"",""coordinates"":[]}"
00000000000000000b49,2890,,"{""type"":""MultiPoint"",""coordinates"":[]}"
00000000000000000b4a,2891,49,"{""type"":""MultiPoint"",""coordinates"":[]}"
00000000000000000b4b,2892,49,"{""type"":""MultiPoint"",""coordinates"":[]}"
00000000000000000b4c,2893,49,"{""type"":""MultiPoint"",""coordinates"":[]}"
00000000000000000b4d,2894,49,"{""type"":""MultiPoint"",""coordinates"":[]}"
00000000000000000b4e,2895,,"{""type"":""MultiPoint"",""coordinates"":[]}"
00000000000000000b4f,2896,49,"{""type"":""MultiPoint"",""coordinates"":[]}"
00000000000000000b50,2897,49,"{""type"":""MultiPoint"",""coordinates"":[]}"
00000000000000000b51,2898,,"{""type"":""MultiPoint"",""coordinates"":[]}"
00000000000000000b52,2899,49,"{""type"":""MultiPoint"",""coordinates"":[]}"
00000000000000000b53,2900,47,"{""type"":""MultiPoint"",""coordinates"":[]}"
00000000000000000b54,2901,47,"{""type"":""MultiPoint"",""coordinates"":[]}"
00000000000000000b55,2902,49,"{""type"":""MultiPoint"",""coordinates"":[]}"
00000000000000000b56,2903,49,"{""type"":""MultiPoint"",""coordinates"":[]}"
00000000000000000b57,2904,63,"{""type"":""MultiPoint"",""coordinates"":[]}"
00000000000000000b58,2905,49,"{""type"":""MultiPoint"",""coordinates"":[]}"
00000000000000000b59,2906,49,"{""type"":""MultiPoint"",""coordinates"":[]}"
00000000000000000b5a,2907,49,"{""type"":""MultiPoint"",""coordinates"":[]}"
00000000000000000b5b,2908,49,"{""type"":""MultiPoint"",""coordinates"":[]}"
00000000000000000b5c,2909,,"{""type"":""MultiPoint"",""coordinates"":[]}"
00000000000000000b5d,2910,49,"{""type"":""MultiPoint"",""coordinates"":[]}"
00000000000000000b5e,2911,49,"{""type"":""MultiPoint"",""coordinates"":[]}"
00000000000000000b5f,2912,49,"{""type"":""MultiPoint"",""coordinates"":[]}"
00000000000000000b60,2913,49,"{""type"":""MultiPoint"",""coordinates"":[]}"
00000000000000000b61,2914,49,"{""type"":""MultiPoint"",""coordinates"":[]}"
00000000000000000b62,2915,49,"{""type"":""MultiPoint"",""coordinates"":[]}"
00000000000000000b63,2916,47,"{""type"":""MultiPoint"",""coordinates"":[]}"
00000000000000000b64,2917,47,"{""type"":""MultiPoint"",""coordinates"":[]}"
00000000000000000b65,2918,,"{""type"":""MultiPoint"",""coordinates"":[]}"
00000000000000000b66,2919,49,"{""type"":""MultiPoint"",""coordinates"":[]}"
00000000000000000b67,2920,47,"{""type"":""MultiPoint"",""coordinates"":[]}"
00000000000000000b68,2921,63,"{""type"":""MultiPoint"",""coordinates"":[]}"
00000000000000000b69,2922,61,"{""type"":""MultiPoint"",""coordinates"":[]}"
00000000000000000b6a,2923,63,"{""type"":""MultiPoint"",""coordinates"":[]}"
00000000000000000b6b,2924,,"{""type"":""MultiPoint"",""coordinates"":[]}"
00000000000000000b6c,2925,63,"{""type"":""MultiPoint"",""coordinates"":[]}"
00000000000000000b6d,2926,63,"{""type"":""MultiPoint"",""coordinates"":[]}"
00000000000000000b6e,2927,63,"{""type"":""MultiPoint"",""coordinates"":[]}"
00000000000000000b6f,2928,63,"{""type"":""MultiPoint"",""coordinates"":[]}"
00000000000000000b70,2929,63,"{""type"":""MultiPoint"",""coordinates"":[]}"
00000000000000000b71,2930,63,"{""type"":""MultiPoint"",""coordinates"":[]}"
00000000000000000b72,2931,63,"{""type"":""MultiPoint"",""coordinates"":[]}"
00000000000000000b73,2932,49,"{""type"":""MultiPoint"",""coordinates"":[]}"
00000000000000000b74,2933,47,"{""type"":""MultiPoint"",""coordinates"":[]}"
00000000000000000b75,2934,49,"{""type"":""MultiPoint"",""coordinates"":[]}"
00000000000000000b76,2935,,"{""type"":""MultiPoint"",""coordinates"":[]}"
00000000000000000b77,2936,63,"{""type"":""MultiPoint"",""coordinates"":[]}"
00000000000000000b78,2937,49,"{""type"":""MultiPoint"",""coordinates"":[]}"
00000000000000000b79,2938,49,"{""type"":""MultiPoint"",""coordinates"":[]}"
00000000000000000b7a,2939,49,"{""type"":""MultiPoint"",""coordinates"":[]}"
00000000000000000b7b,2940,49,"{""type"":""MultiPoint"",""coordinates"":[]}"
00000000000000000b7c,2941,49,"{""type"":""MultiPoint"",""coordinates"":[]}"
00000000000000000b7d,2942,49,"{""type"":""MultiPoint"",""coordinates"":[]}"
00000000000000000b7e,2943,,"{""type"":""MultiPoint"",""coordinates"":[]}"
00000000000000000b7f,2944,49,"{""type"":""MultiPoint"",""coordinates"":[]}"
00000000000000000b80,2945,,"{""type"":""MultiPoint"",""coordinates"":[]}"
00000000000000000b81,2946,,"{""type"":""MultiPoint"",""coordinates"":[]}"
00000000000000000b82,2947,,"{""type"":""MultiPoint"",""coordinates"":[]}"
00000000000000000b83,2948,47,"{""type"":""MultiPoint"",""coordinates"":[]}"
00000000000000000b84,2949,49,"{""type"":""MultiPoint"",""coordinates"":[]}"
00000000000000000b85,2950,49,"{""type"":""MultiPoint"",""coordinates"":[]}"
00000000000000000b86,2951,63,"{""type"":""MultiPoint"",""coordinates"":[]}"
00000000000000000b87,2952,49,"{""type"":""MultiPoint"",""coordinates"":[]}"
00000000000000000b88,2953,,"{""type"":""MultiPoint"",""coordinates"":[]}"
00000000000000000b89,2954,49,"{""type"":""MultiPoint"",""coordinates"":[]}"
00000000000000000b8a,2955,49,"{""type"":""MultiPoint"",""coordinates"":[]}"
00000000000000000b8b,2956,63,"{""type"":""MultiPoint"",""coordinates"":[]}"
00000000000000000b8c,2957,49,"{""type"":""MultiPoint"",""coordinates"":[]}"
00000000000000000b8d,2958,63,"{""type"":""MultiPoint"",""coordinates"":[]}"
00000000000000000b8e,2959,49,"{""type"":""MultiPoint"",""coordinates"":[]}"
00000000000000000b8f,2960,47,"{""type"":""MultiPoint"",""coordinates"":[]}"
00000000000000000b90,2961,47,"{""type"":""MultiPoint"",""coordinates"":[]}"
00000000000000000b91,2962,47,"{""type"":""MultiPoint"",""coordinates"":[]}"
00000000000000000b92,2963,63,"{""type"":""MultiPoint"",""coordinates"":[]}"
00000000000000000b93,2964,49,"{""type"":""MultiPoint"",""coordinates"":[]}"
00000000000000000b94,2965,47,"{""type"":""MultiPoint"",""coordinates"":[]}"
00000000000000000b95,2966,47,"{""type"":""MultiPoint"",""coordinates"":[]}"
00000000000000000b96,2967,49,"{""type"":""MultiPoint"",""coordinates"":[]}"
00000000000000000b97,2968,,"{""type"":""MultiPoint"",""coordinates"":[]}"
00000000000000000b98,2969,63,"{""type"":""MultiPoint"",""coordinates"":[]}"
00000000000000000b99,2970,,"{""type"":""MultiPoint"",""coordinates"":[]}"
00000000000000000b9a,2971,,"{""type"":""MultiPoint"",""coordinates"":[]}"
00000000000000000b9b,2972,49,"{""type"":""MultiPoint"",""coordinates"":[]}"
00000000000000000b9c,2973,47,"{""type"":""MultiPoint"",""coordinates"":[]}"
00000000000000000b9d,2974,,"{""type"":""MultiPoint"",""coordinates"":[]}"
00000000000000000b9e,2975,49,"{""type"":""MultiPoint"",""coordinates"":[]}"
00000000000000000b9f,2976,47,"{""type"":""MultiPoint"",""coordinates"":[]}"
00000000000000000ba0,2977,47,"{""type"":""MultiPoint"",""coordinates"":[]}"
00000000000000000ba1,2978,48,"{""type"":""MultiPoint"",""coordinates"":[]}"
00000000000000000ba2,2979,48,"{""type"":""MultiPoint"",""coordinates"":[]}"
00000000000000000ba3,2980,,"{""type"":""MultiPoint"",""coordinates"":[]}"
00000000000000000ba4,2981,,"{""type"":""MultiPoint"",""coordinates"":[]}"
00000000000000000ba5,2982,48,"{""type"":""MultiPoint"",""coordinates"":[]}"
00000000000000000ba6,2983,47,"{""type"":""MultiPoint"",""coordinates"":[]}"
00000000000000000ba7,2984,23,"{""type"":""MultiPoint"",""coordinates"":[]}"
00000000000000000ba8,2985,23,"{""type"":""MultiPoint"",""coordinates"":[]}"
00000000000000000ba9,2986,,"{""type"":""MultiPoint"",""coordinates"":[]}"
00000000000000000baa,2987,,"{""type"":""MultiPoint"",""coordinates"":[]}"
00000000000000000bab,2988,48,"{""type"":""MultiPoint"",""coordinates"":[]}"
00000000000000000bac,2989,,"{""type"":""MultiPoint"",""coordinates"":[]}"
00000000000000000bad,2990,48,"{""type"":""MultiPoint"",""coordinates"":[]}"
00000000000000000bae,2991,,"{""type"":""MultiPoint"",""coordinates"":[]}"
00000000000000000baf,2992,48,"{""type"":""MultiPoint"",""coordinates"":[]}"
00000000000000000407,1032,49,"{""type"":""MultiPoint"",""coordinates"":[]}"
00000000000000000408,1033,47,"{""type"":""MultiPoint"",""coordinates"":[]}"
00000000000000000409,1034,,"{""type"":""MultiPoint"",""coordinates"":[]}"
0000000000000000040a,1035,49,"{""type"":""MultiPoint"",""coordinates"":[]}"
0000000000000000040b,1036,49,"{""type"":""MultiPoint"",""coordinates"":[]}"
0000000000000000040c,1037,49,"{""type"":""MultiPoint"",""coordinates"":[]}"
0000000000000000040d,1038,49,"{""type"":""MultiPoint"",""coordinates"":[]}"
0000000000000000040e,1039,,"{""type"":""MultiPoint"",""coordinates"":[]}"
0000000000000000040f,1040,,"{""type"":""MultiPoint"",""coordinates"":[]}"
00000000000000000410,1041,49,"{""type"":""MultiPoint"",""coordinates"":[]}"
00000000000000000411,1042,49,"{""type"":""MultiPoint"",""coordinates"":[]}"
00000000000000000412,1043,49,"{""type"":""MultiPoint"",""coordinates"":[]}"
00000000000000000413,1044,49,"{""type"":""MultiPoint"",""coordinates"":[]}"
00000000000000000414,1045,49,"{""type"":""MultiPoint"",""coordinates"":[]}"
00000000000000000415,1046,49,"{""type"":""MultiPoint"",""coordinates"":[]}"
00000000000000000416,1047,,"{""type"":""MultiPoint"",""coordinates"":[]}"
00000000000000000417,1048,49,"{""type"":""MultiPoint"",""coordinates"":[]}"
00000000000000000418,1049,49,"{""type"":""MultiPoint"",""coordinates"":[]}"
00000000000000000419,1050,49,"{""type"":""MultiPoint"",""coordinates"":[]}"
0000000000000000041a,1051,49,"{""type"":""MultiPoint"",""coordinates"":[]}"
0000000000000000041b,1052,49,"{""type"":""MultiPoint"",""coordinates"":[]}"
0000000000000000041c,1053,49,"{""type"":""MultiPoint"",""coordinates"":[]}"
0000000000000000041d,1054,49,"{""type"":""MultiPoint"",""coordinates"":[]}"
0000000000000000041e,1055,47,"{""type"":""MultiPoint"",""coordinates"":[]}"
0000000000000000041f,1056,,"{""type"":""MultiPoint"",""coordinates"":[]}"
00000000000000000420,1057,,"{""type"":""MultiPoint"",""coordinates"":[]}"
00000000000000000421,1058,49,"{""type"":""MultiPoint"",""coordinates"":[]}"
00000000000000000422,1059,49,"{""type"":""MultiPoint"",""coordinates"":[]}"
00000000000000000423,1060,49,"{""type"":""MultiPoint"",""coordinates"":[]}"
00000000000000000424,1061,49,"{""type"":""MultiPoint"",""coordinates"":[]}"
00000000000000000425,1062,49,"{""type"":""MultiPoint"",""coordinates"":[]}"
00000000000000000426,1063,49,"{""type"":""MultiPoint"",""coordinates"":[]}"
00000000000000000427,1064,49,"{""type"":""MultiPoint"",""coordinates"":[]}"
00000000000000000428,1065,49,"{""type"":""MultiPoint"",""coordinates"":[]}"
00000000000000000429,1066,49,"{""type"":""MultiPoint"",""coordinates"":[]}"
0000000000000000042a,1067,49,"{""type"":""MultiPoint"",""coordinates"":[]}"
0000000000000000042b,1068,50,"{""type"":""MultiPoint"",""coordinates"":[]}"
0000000000000000042c,1069,50,"{""type"":""MultiPoint"",""coordinates"":[]}"
0000000000000000042d,1070,49,"{""type"":""MultiPoint"",""coordinates"":[]}"
0000000000000000042e,1071,49,"{""type"":""MultiPoint"",""coordinates"":[]}"
0000000000000000042f,1072,49,"{""type"":""MultiPoint"",""coordinates"":[]}"
00000000000000000430,1073,49,"{""type"":""MultiPoint"",""coordinates"":[]}"
00000000000000000431,1074,49,"{""type"":""MultiPoint"",""coordinates"":[]}"
00000000000000000432,1075,,"{""type"":""MultiPoint"",""coordinates"":[]}"
00000000000000000433,1076,,"{""type"":""MultiPoint"",""coordinates"":[]}"
00000000000000000434,1077,49,"{""type"":""MultiPoint"",""coordinates"":[]}"
00000000000000000435,1078,49,"{""type"":""MultiPoint"",""coordinates"":[]}"
00000000000000000436,1079,49,"{""type"":""MultiPoint"",""coordinates"":[]}"
00000000000000000437,1080,49,"{""type"":""MultiPoint"",""coordinates"":[]}"
00000000000000000438,1081,49,"{""type"":""MultiPoint"",""coordinates"":[]}"
00000000000000000bb0,2993,7,"{""type"":""MultiPoint"",""coordinates"":[]}"
00000000000000000bb1,2994,66,"{""type"":""MultiPoint"",""coordinates"":[]}"
00000000000000000bb2,2995,66,"{""type"":""MultiPoint"",""coordinates"":[]}"
00000000000000000bb3,2996,57,"{""type"":""MultiPoint"",""coordinates"":[]}"
00000000000000000bb4,2997,57,"{""type"":""MultiPoint"",""coordinates"":[]}"
00000000000000000bb5,2998,57,"{""type"":""MultiPoint"",""coordinates"":[]}"
00000000000000000bb6,2999,58,"{""type"":""MultiPoint"",""coordinates"":[]}"
00000000000000000bb7,3000,58,"{""type"":""MultiPoint"",""coordinates"":[]}"
00000000000000000bb8,3001,7,"{""type"":""MultiPoint"",""coordinates"":[]}"
00000000000000000bb9,3002,7,"{""type"":""MultiPoint"",""coordinates"":[]}"
00000000000000000bba,3003,55,"{""type"":""MultiPoint"",""coordinates"":[]}"
00000000000000000bbb,3004,7,"{""type"":""MultiPoint"",""coordinates"":[]}"
00000000000000000bbc,3005,65,"{""type"":""MultiPoint"",""coordinates"":[]}"
00000000000000000bbd,3006,,"{""type"":""MultiPoint"",""coordinates"":[]}"
00000000000000000bbe,3007,7,"{""type"":""MultiPoint"",""coordinates"":[]}"
00000000000000000bbf,3008,13,"{""type"":""MultiPoint"",""coordinates"":[]}"
00000000000000000bc0,3009,4,"{""type"":""MultiPoint"",""coordinates"":[]}"
00000000000000000bc1,3010,13,"{""type"":""MultiPoint"",""coordinates"":[]}"
00000000000000000bc2,3011,,"{""type"":""MultiPoint"",""coordinates"":[]}"
00000000000000000bc3,3012,7,"{""type"":""MultiPoint"",""coordinates"":[]}"
00000000000000000bc4,3013,,"{""type"":""MultiPoint"",""coordinates"":[]}"
00000000000000000bc5,3014,7,"{""type"":""MultiPoint"",""coordinates"":[]}"
00000000000000000bc6,3015,7,"{""type"":""MultiPoint"",""coordinates"":[]}"
00000000000000000bc7,3016,7,"{""type"":""MultiPoint"",""coordinates"":[]}"
00000000000000000bc8,3017,59,"{""type"":""MultiPoint"",""coordinates"":[]}"
00000000000000000bc9,3018,59,"{""type"":""MultiPoint"",""coordinates"":[]}"
00000000000000000bca,3019,7,"{""type"":""MultiPoint"",""coordinates"":[]}"
00000000000000000bcb,3020,7,"{""type"":""MultiPoint"",""coordinates"":[]}"
00000000000000000bcc,3021,59,"{""type"":""MultiPoint"",""coordinates"":[]}"
00000000000000000bcd,3022,59,"{""type"":""MultiPoint"",""coordinates"":[]}"
00000000000000000bce,3023,7,"{""type"":""MultiPoint"",""coordinates"":[]}"
00000000000000000bcf,3024,7,"{""type"":""MultiPoint"",""coordinates"":[]}"
00000000000000000bd0,3025,7,"{""type"":""MultiPoint"",""coordinates"":[]}"
00000000000000000bd1,3026,,"{""type"":""MultiPoint"",""coordinates"":[]}"
00000000000000000bd2,3027,59,"{""type"":""MultiPoint"",""coordinates"":[]}"
00000000000000000bd3,3028,57,"{""type"":""MultiPoint"",""coordinates"":[]}"
00000000000000000bd4,3029,59,"{""type"":""MultiPoint"",""coordinates"":[]}"
00000000000000000bd5,3030,,"{""type"":""MultiPoint"",""coordinates"":[]}"
00000000000000000bd6,3031,,"{""type"":""MultiPoint"",""coordinates"":[]}"
00000000000000000bd7,3032,,"{""type"":""MultiPoint"",""coordinates"":[]}"
00000000000000000bd8,3033,57,"{""type"":""MultiPoint"",""coordinates"":[]}"
00000000000000000bd9,3034,59,"{""type"":""MultiPoint"",""coordinates"":[]}"
00000000000000000bda,3035,59,"{""type"":""MultiPoint"",""coordinates"":[]}"
00000000000000000bdb,3036,58,"{""type"":""MultiPoint"",""coordinates"":[]}"
00000000000000000bdc,3037,3,"{""type"":""MultiPoint"",""coordinates"":[]}"
00000000000000000bdd,3038,3,"{""type"":""MultiPoint"",""coordinates"":[]}"
00000000000000000bde,3039,58,"{""type"":""MultiPoint"",""coordinates"":[]}"
00000000000000000bdf,3040,3,"{""type"":""MultiPoint"",""coordinates"":[]}"
00000000000000000be0,3041,59,"{""type"":""MultiPoint"",""coordinates"":[]}"
00000000000000000be1,3042,59,"{""type"":""MultiPoint"",""coordinates"":[]}"
00000000000000000be2,3043,55,"{""type"":""MultiPoint"",""coordinates"":[]}"
00000000000000000be3,3044,57,"{""type"":""MultiPoint"",""coordinates"":[]}"
00000000000000000be4,3045,55,"{""type"":""MultiPoint"",""coordinates"":[]}"
00000000000000000be5,3046,59,"{""type"":""MultiPoint"",""coordinates"":[]}"
00000000000000000be6,3047,59,"{""type"":""MultiPoint"",""coordinates"":[]}"
00000000000000000be7,3048,59,"{""type"":""MultiPoint"",""coordinates"":[]}"
00000000000000000be8,3049,59,"{""type"":""MultiPoint"",""coordinates"":[]}"
00000000000000000be9,3050,59,"{""type"":""MultiPoint"",""coordinates"":[]}"
00000000000000000bea,3051,59,"{""type"":""MultiPoint"",""coordinates"":[]}"
00000000000000000beb,3052,58,"{""type"":""MultiPoint"",""coordinates"":[]}"
00000000000000000bec,3053,58,"{""type"":""MultiPoint"",""coordinates"":[]}"
00000000000000000bed,3054,59,"{""type"":""MultiPoint"",""coordinates"":[]}"
00000000000000000bee,3055,59,"{""type"":""MultiPoint"",""coordinates"":[]}"
00000000000000000bef,3056,59,"{""type"":""MultiPoint"",""coordinates"":[]}"
00000000000000000bf0,3057,59,"{""type"":""MultiPoint"",""coordinates"":[]}"
00000000000000000bf1,3058,59,"{""type"":""MultiPoint"",""coordinates"":[]}"
00000000000000000bf2,3059,3,"{""type"":""MultiPoint"",""coordinates"":[]}"
00000000000000000bf3,3060,57,"{""type"":""MultiPoint"",""coordinates"":[]}"
00000000000000000bf4,3061,57,"{""type"":""MultiPoint"",""coordinates"":[]}"
00000000000000000bf5,3062,57,"{""type"":""MultiPoint"",""coordinates"":[]}"
00000000000000000bf6,3063,58,"{""type"":""MultiPoint"",""coordinates"":[]}"
00000000000000000bf7,3064,58,"{""type"":""MultiPoint"",""coordinates"":[]}"
00000000000000000bf8,3065,57,"{""type"":""MultiPoint"",""coordinates"":[]}"
00000000000000000439,1082,49,"{""type"":""MultiPoint"",""coordinates"":[]}"
0000000000000000043a,1083,49,"{""type"":""MultiPoint"",""coordinates"":[]}"
0000000000000000043b,1084,65,"{""type"":""MultiPoint"",""coordinates"":[]}"
0000000000000000043c,1085,49,"{""type"":""MultiPoint"",""coordinates"":[]}"
0000000000000000043d,1086,49,"{""type"":""MultiPoint"",""coordinates"":[]}"
0000000000000000043e,1087,49,"{""type"":""MultiPoint"",""coordinates"":[]}"
0000000000000000043f,1088,49,"{""type"":""MultiPoint"",""coordinates"":[]}"
00000000000000000440,1089,49,"{""type"":""MultiPoint"",""coordinates"":[]}"
00000000000000000441,1090,49,"{""type"":""MultiPoint"",""coordinates"":[]}"
00000000000000000442,1091,49,"{""type"":""MultiPoint"",""coordinates"":[]}"
00000000000000000443,1092,49,"{""type"":""MultiPoint"",""coordinates"":[]}"
00000000000000000444,1093,49,"{""type"":""MultiPoint"",""coordinates"":[]}"
00000000000000000445,1094,49,"{""type"":""MultiPoint"",""coordinates"":[]}"
00000000000000000446,1095,49,"{""type"":""MultiPoint"",""coordinates"":[]}"
00000000000000000447,1096,49,"{""type"":""MultiPoint"",""coordinates"":[]}"
00000000000000000448,1097,49,"{""type"":""MultiPoint"",""coordinates"":[]}"
00000000000000000449,1098,49,"{""type"":""MultiPoint"",""coordinates"":[]}"
0000000000000000044a,1099,49,"{""type"":""MultiPoint"",""coordinates"":[]}"
0000000000000000044b,1100,49,"{""type"":""MultiPoint"",""coordinates"":[]}"
0000000000000000044c,1101,47,"{""type"":""MultiPoint"",""coordinates"":[]}"
0000000000000000044d,1102,47,"{""type"":""MultiPoint"",""coordinates"":[]}"
0000000000000000044e,1103,49,"{""type"":""MultiPoint"",""coordinates"":[]}"
0000000000000000044f,1104,49,"{""type"":""MultiPoint"",""coordinates"":[]}"
00000000000000000450,1105,,"{""type"":""MultiPoint"",""coordinates"":[]}"
00000000000000000451,1106,49,"{""type"":""MultiPoint"",""coordinates"":[]}"
00000000000000000452,1107,49,"{""type"":""MultiPoint"",""coordinates"":[]}"
00000000000000000453,1108,49,"{""type"":""MultiPoint"",""coordinates"":[]}"
00000000000000000454,1109,,"{""type"":""MultiPoint"",""coordinates"":[]}"
00000000000000000455,1110,49,"{""type"":""MultiPoint"",""coordinates"":[]}"
00000000000000000456,1111,49,"{""type"":""MultiPoint"",""coordinates"":[]}"
00000000000000000457,1112,49,"{""type"":""MultiPoint"",""coordinates"":[]}"
00000000000000000458,1113,49,"{""type"":""MultiPoint"",""coordinates"":[]}"
00000000000000000459,1114,49,"{""type"":""MultiPoint"",""coordinates"":[]}"
0000000000000000045a,1115,49,"{""type"":""MultiPoint"",""coordinates"":[]}"
0000000000000000045b,1116,65,"{""type"":""MultiPoint"",""coordinates"":[]}"
0000000000000000045c,1117,49,"{""type"":""MultiPoint"",""coordinates"":[]}"
0000000000000000045d,1118,,"{""type"":""MultiPoint"",""coordinates"":[]}"
0000000000000000045e,1119,49,"{""type"":""MultiPoint"",""coordinates"":[]}"
0000000000000000045f,1120,49,"{""type"":""MultiPoint"",""coordinates"":[]}"
00000000000000000460,1121,49,"{""type"":""MultiPoint"",""coordinates"":[]}"
00000000000000000461,1122,49,"{""type"":""MultiPoint"",""coordinates"":[]}"
00000000000000000462,1123,49,"{""type"":""MultiPoint"",""coordinates"":[]}"
00000000000000000bf9,3066,48,"{""type"":""MultiPoint"",""coordinates"":[]}"
00000000000000000bfa,3067,,"{""type"":""MultiPoint"",""coordinates"":[]}"
00000000000000000bfb,3068,50,"{""type"":""MultiPoint"",""coordinates"":[]}"
00000000000000000bfc,3069,48,"{""type"":""MultiPoint"",""coordinates"":[]}"
00000000000000000bfd,3070,48,"{""type"":""MultiPoint"",""coordinates"":[]}"
00000000000000000bfe,3071,48,"{""type"":""MultiPoint"",""coordinates"":[]}"
00000000000000000bff,3072,49,"{""type"":""MultiPoint"",""coordinates"":[]}"
00000000000000000c00,3073,49,"{""type"":""MultiPoint"",""coordinates"":[]}"
00000000000000000c01,3074,49,"{""type"":""MultiPoint"",""coordinates"":[]}"
00000000000000000c02,3075,50,"{""type"":""MultiPoint"",""coordinates"":[]}"
00000000000000000c03,3076,50,"{""type"":""MultiPoint"",""coordinates"":[]}"
00000000000000000c04,3077,,"{""type"":""MultiPoint"",""coordinates"":[]}"
00000000000000000c05,3078,49,"{""type"":""MultiPoint"",""coordinates"":[]}"
00000000000000000c06,3079,50,"{""type"":""MultiPoint"",""coordinates"":[]}"
00000000000000000c07,3080,50,"{""type"":""MultiPoint"",""coordinates"":[]}"
00000000000000000c08,3081,49,"{""type"":""MultiPoint"",""coordinates"":[]}"
00000000000000000c09,3082,,"{""type"":""MultiPoint"",""coordinates"":[]}"
00000000000000000c0a,3083,50,"{""type"":""MultiPoint"",""coordinates"":[]}"
00000000000000000c0b,3084,50,"{""type"":""MultiPoint"",""coordinates"":[]}"
00000000000000000c0c,3085,49,"{""type"":""MultiPoint"",""coordinates"":[]}"
00000000000000000c0d,3086,50,"{""type"":""MultiPoint"",""coordinates"":[]}"
00000000000000000c0e,3087,50,"{""type"":""MultiPoint"",""coordinates"":[]}"
00000000000000000c0f,3088,50,"{""type"":""MultiPoint"",""coordinates"":[]}"
00000000000000000c10,3089,50,"{""type"":""MultiPoint"",""coordinates"":[]}"
00000000000000000c11,3090,50,"{""type"":""MultiPoint"",""coordinates"":[]}"
00000000000000000c12,3091,49,"{""type"":""MultiPoint"",""coordinates"":[]}"
00000000000000000c13,3092,49,"{""type"":""MultiPoint"",""coordinates"":[]}"
00000000000000000c14,3093,,"{""type"":""MultiPoint"",""coordinates"":[]}"
00000000000000000c15,3094,61,"{""type"":""MultiPoint"",""coordinates"":[]}"
00000000000000000c16,3095,49,"{""type"":""MultiPoint"",""coordinates"":[]}"
00000000000000000c17,3096,49,"{""type"":""MultiPoint"",""coordinates"":[]}"
00000000000000000c18,3097,49,"{""type"":""MultiPoint"",""coordinates"":[]}"
00000000000000000c19,3098,,"{""type"":""MultiPoint"",""coordinates"":[]}"
00000000000000000c1a,3099,47,"{""type"":""MultiPoint"",""coordinates"":[]}"
00000000000000000c1b,3100,49,"{""type"":""MultiPoint"",""coordinates"":[]}"
00000000000000000c1c,3101,49,"{""type"":""MultiPoint"",""coordinates"":[]}"
00000000000000000c1d,3102,49,"{""type"":""MultiPoint"",""coordinates"":[]}"
00000000000000000c1e,3103,49,"{""type"":""MultiPoint"",""coordinates"":[]}"
00000000000000000c1f,3104,50,"{""type"":""MultiPoint"",""coordinates"":[]}"
00000000000000000c20,3105,50,"{""type"":""MultiPoint"",""coordinates"":[]}"
00000000000000000c21,3106,,"{""type"":""MultiPoint"",""coordinates"":[]}"
00000000000000000c22,3107,49,"{""type"":""MultiPoint"",""coordinates"":[]}"
00000000000000000c23,3108,,"{""type"":""MultiPoint"",""coordinates"":[]}"
00000000000000000c24,3109,,"{""type"":""MultiPoint"",""coordinates"":[]}"
00000000000000000c25,3110,50,"{""type"":""MultiPoint"",""coordinates"":[]}"
00000000000000000c26,3111,50,"{""type"":""MultiPoint"",""coordinates"":[]}"
00000000000000000c27,3112,50,"{""type"":""MultiPoint"",""coordinates"":[]}"
00000000000000000c28,3113,50,"{""type"":""MultiPoint"",""coordinates"":[]}"
00000000000000000c29,3114,50,"{""type"":""MultiPoint"",""coordinates"":[]}"
00000000000000000c2a,3115,50,"{""type"":""MultiPoint"",""coordinates"":[]}"
00000000000000000c2b,3116,48,"{""type"":""MultiPoint"",""coordinates"":[]}"
00000000000000000c2c,3117,50,"{""type"":""MultiPoint"",""coordinates"":[]}"
00000000000000000c2d,3118,50,"{""type"":""MultiPoint"",""coordinates"":[]}"
00000000000000000c2e,3119,50,"{""type"":""MultiPoint"",""coordinates"":[]}"
00000000000000000c2f,3120,50,"{""type"":""MultiPoint"",""coordinates"":[]}"
00000000000000000c30,3121,49,"{""type"":""MultiPoint"",""coordinates"":[]}"
00000000000000000c31,3122,50,"{""type"":""MultiPoint"",""coordinates"":[]}"
00000000000000000c32,3123,50,"{""type"":""MultiPoint"",""coordinates"":[]}"
00000000000000000c33,3124,50,"{""type"":""MultiPoint"",""coordinates"":[]}"
00000000000000000c34,3125,50,"{""type"":""MultiPoint"",""coordinates"":[]}"
00000000000000000c35,3126,50,"{""type"":""MultiPoint"",""coordinates"":[]}"
00000000000000000c36,3127,50,"{""type"":""MultiPoint"",""coordinates"":[]}"
00000000000000000c37,3128,50,"{""type"":""MultiPoint"",""coordinates"":[]}"
00000000000000000c38,3129,50,"{""type"":""MultiPoint"",""coordinates"":[]}"
00000000000000000c39,3130,49,"{""type"":""MultiPoint"",""coordinates"":[]}"
00000000000000000c3a,3131,50,"{""type"":""MultiPoint"",""coordinates"":[]}"
00000000000000000c3b,3132,49,"{""type"":""MultiPoint"",""coordinates"":[]}"
00000000000000000c3c,3133,49,"{""type"":""MultiPoint"",""coordinates"":[]}"
00000000000000000c3d,3134,49,"{""type"":""MultiPoint"",""coordinates"":[]}"
00000000000000000c3e,3135,49,"{""type"":""MultiPoint"",""coordinates"":[]}"
00000000000000000c3f,3136,49,"{""type"":""MultiPoint"",""coordinates"":[]}"
00000000000000000c40,3137,49,"{""type"":""MultiPoint"",""coordinates"":[]}"
00000000000000000c41,3138,49,"{""type"":""MultiPoint"",""coordinates"":[]}"
00000000000000000c42,3139,49,"{""type"":""MultiPoint"",""coordinates"":[]}"
00000000000000000c43,3140,49,"{""type"":""MultiPoint"",""coordinates"":[]}"
00000000000000000c44,3141,63,"{""type"":""MultiPoint"",""coordinates"":[]}"
00000000000000000c45,3142,63,"{""type"":""MultiPoint"",""coordinates"":[]}"
00000000000000000c46,3143,63,"{""type"":""MultiPoint"",""coordinates"":[]}"
00000000000000000c47,3144,49,"{""type"":""MultiPoint"",""coordinates"":[]}"
00000000000000000c48,3145,50,"{""type"":""MultiPoint"",""coordinates"":[]}"
00000000000000000c49,3146,49,"{""type"":""MultiPoint"",""coordinates"":[]}"
00000000000000000c4a,3147,50,"{""type"":""MultiPoint"",""coordinates"":[]}"
00000000000000000c4b,3148,49,"{""type"":""MultiPoint"",""coordinates"":[]}"
00000000000000000c4c,3149,49,"{""type"":""MultiPoint"",""coordinates"":[]}"
00000000000000000c4d,3150,,"{""type"":""MultiPoint"",""coordinates"":[]}"
00000000000000000c4e,3151,,"{""type"":""MultiPoint"",""coordinates"":[]}"
00000000000000000c4f,3152,,"{""type"":""MultiPoint"",""coordinates"":[]}"
00000000000000000c50,3153,,"{""type"":""MultiPoint"",""coordinates"":[]}"
00000000000000000c51,3154,50,"{""type"":""MultiPoint"",""coordinates"":[]}"
00000000000000000c52,3155,50,"{""type"":""MultiPoint"",""coordinates"":[]}"
00000000000000000c53,3156,,"{""type"":""MultiPoint"",""coordinates"":[]}"
00000000000000000c54,3157,,"{""type"":""MultiPoint"",""coordinates"":[]}"
00000000000000000c55,3158,50,"{""type"":""MultiPoint"",""coordinates"":[]}"
00000000000000000c56,3159,49,"{""type"":""MultiPoint"",""coordinates"":[]}"
00000000000000000c57,3160,49,"{""type"":""MultiPoint"",""coordinates"":[]}"
00000000000000000c58,3161,50,"{""type"":""MultiPoint"",""coordinates"":[]}"
00000000000000000c59,3162,49,"{""type"":""MultiPoint"",""coordinates"":[]}"
00000000000000000c5a,3163,50,"{""type"":""MultiPoint"",""coordinates"":[]}"
00000000000000000c5b,3164,,"{""type"":""MultiPoint"",""coordinates"":[]}"
00000000000000000c5c,3165,50,"{""type"":""MultiPoint"",""coordinates"":[]}"
00000000000000000c5d,3166,,"{""type"":""MultiPoint"",""coordinates"":[]}"
00000000000000000c5e,3167,50,"{""type"":""MultiPoint"",""coordinates"":[]}"
00000000000000000c5f,3168,,"{""type"":""MultiPoint"",""coordinates"":[]}"
00000000000000000c60,3169,50,"{""type"":""MultiPoint"",""coordinates"":[]}"
00000000000000000c61,3170,50,"{""type"":""MultiPoint"",""coordinates"":[]}"
00000000000000000c62,3171,50,"{""type"":""MultiPoint"",""coordinates"":[]}"
00000000000000000c63,3172,,"{""type"":""MultiPoint"",""coordinates"":[]}"
00000000000000000c64,3173,50,"{""type"":""MultiPoint"",""coordinates"":[]}"
00000000000000000c65,3174,50,"{""type"":""MultiPoint"",""coordinates"":[]}"
00000000000000000c66,3175,50,"{""type"":""MultiPoint"",""coordinates"":[]}"
00000000000000000c67,3176,50,"{""type"":""MultiPoint"",""coordinates"":[]}"
00000000000000000c68,3177,65,"{""type"":""MultiPoint"",""coordinates"":[]}"
00000000000000000c69,3178,,"{""type"":""MultiPoint"",""coordinates"":[]}"
00000000000000000c6a,3179,50,"{""type"":""MultiPoint"",""coordinates"":[]}"
00000000000000000c6b,3180,50,"{""type"":""MultiPoint"",""coordinates"":[]}"
00000000000000000c6c,3181,50,"{""type"":""MultiPoint"",""coordinates"":[]}"
00000000000000000c6d,3182,64,"{""type"":""MultiPoint"",""coordinates"":[]}"
00000000000000000c6e,3183,49,"{""type"":""MultiPoint"",""coordinates"":[]}"
00000000000000000c6f,3184,50,"{""type"":""MultiPoint"",""coordinates"":[]}"
00000000000000000c70,3185,50,"{""type"":""MultiPoint"",""coordinates"":[]}"
00000000000000000c71,3186,,"{""type"":""MultiPoint"",""coordinates"":[]}"
00000000000000000c72,3187,50,"{""type"":""MultiPoint"",""coordinates"":[]}"
00000000000000000c73,3188,50,"{""type"":""MultiPoint"",""coordinates"":[]}"
00000000000000000c74,3189,50,"{""type"":""MultiPoint"",""coordinates"":[]}"
00000000000000000c75,3190,50,"{""type"":""MultiPoint"",""coordinates"":[]}"
00000000000000000c76,3191,49,"{""type"":""MultiPoint"",""coordinates"":[]}"
00000000000000000c77,3192,49,"{""type"":""MultiPoint"",""coordinates"":[]}"
00000000000000000c78,3193,50,"{""type"":""MultiPoint"",""coordinates"":[]}"
00000000000000000c79,3194,49,"{""type"":""MultiPoint"",""coordinates"":[]}"
00000000000000000c7a,3195,50,"{""type"":""MultiPoint"",""coordinates"":[]}"
00000000000000000c7b,3196,50,"{""type"":""MultiPoint"",""coordinates"":[]}"
00000000000000000c7c,3197,50,"{""type"":""MultiPoint"",""coordinates"":[]}"
00000000000000000c7d,3198,49,"{""type"":""MultiPoint"",""coordinates"":[]}"
00000000000000000c7e,3199,49,"{""type"":""MultiPoint"",""coordinates"":[]}"
00000000000000000c7f,3200,49,"{""type"":""MultiPoint"",""coordinates"":[]}"
00000000000000000c80,3201,49,"{""type"":""MultiPoint"",""coordinates"":[]}"
00000000000000000c81,3202,49,"{""type"":""MultiPoint"",""coordinates"":[]}"
00000000000000000c82,3203,50,"{""type"":""MultiPoint"",""coordinates"":[]}"
00000000000000000c83,3204,50,"{""type"":""MultiPoint"",""coordinates"":[]}"
00000000000000000c84,3205,50,"{""type"":""MultiPoint"",""coordinates"":[]}"
00000000000000000c85,3206,50,"{""type"":""MultiPoint"",""coordinates"":[]}"
00000000000000000c86,3207,,"{""type"":""MultiPoint"",""coordinates"":[]}"
00000000000000000c87,3208,50,"{""type"":""MultiPoint"",""coordinates"":[]}"
00000000000000000c88,3209,50,"{""type"":""MultiPoint"",""coordinates"":[]}"
00000000000000000c89,3210,,"{""type"":""MultiPoint"",""coordinates"":[]}"
00000000000000000c8a,3211,50,"{""type"":""MultiPoint"",""coordinates"":[]}"
00000000000000000c8b,3212,50,"{""type"":""MultiPoint"",""coordinates"":[]}"
00000000000000000c8c,3213,,"{""type"":""MultiPoint"",""coordinates"":[]}"
00000000000000000c8d,3214,50,"{""type"":""MultiPoint"",""coordinates"":[]}"
00000000000000000c8e,3215,49,"{""type"":""MultiPoint"",""coordinates"":[]}"
00000000000000000c8f,3216,50,"{""type"":""MultiPoint"",""coordinates"":[]}"
00000000000000000c90,3217,50,"{""type"":""MultiPoint"",""coordinates"":[]}"
00000000000000000c91,3218,50,"{""type"":""MultiPoint"",""coordinates"":[]}"
00000000000000000c92,3219,50,"{""type"":""MultiPoint"",""coordinates"":[]}"
00000000000000000c93,3220,50,"{""type"":""MultiPoint"",""coordinates"":[]}"
00000000000000000c94,3221,50,"{""type"":""MultiPoint"",""coordinates"":[]}"
00000000000000000c95,3222,50,"{""type"":""MultiPoint"",""coordinates"":[]}"
00000000000000000c96,3223,50,"{""type"":""MultiPoint"",""coordinates"":[]}"
00000000000000000c97,3224,50,"{""type"":""MultiPoint"",""coordinates"":[]}"
00000000000000000c98,3225,50,"{""type"":""MultiPoint"",""coordinates"":[]}"
00000000000000000c99,3226,,"{""type"":""MultiPoint"",""coordinates"":[]}"
00000000000000000c9a,3227,,"{""type"":""MultiPoint"",""coordinates"":[]}"
00000000000000000c9b,3228,50,"{""type"":""MultiPoint"",""coordinates"":[]}"
00000000000000000c9c,3229,50,"{""type"":""MultiPoint"",""coordinates"":[]}"
00000000000000000c9d,3230,,"{""type"":""MultiPoint"",""coordinates"":[]}"
00000000000000000c9e,3231,50,"{""type"":""MultiPoint"",""coordinates"":[]}"
00000000000000000c9f,3232,,"{""type"":""MultiPoint"",""coordinates"":[]}"
00000000000000000ca0,3233,,"{""type"":""MultiPoint"",""coordinates"":[]}"
00000000000000000ca1,3234,,"{""type"":""MultiPoint"",""coordinates"":[]}"
00000000000000000ca2,3235,50,"{""type"":""MultiPoint"",""coordinates"":[]}"
00000000000000000ca3,3236,49,"{""type"":""MultiPoint"",""coordinates"":[]}"
00000000000000000ca4,3237,49,"{""type"":""MultiPoint"",""coordinates"":[]}"
00000000000000000ca5,3238,50,"{""type"":""MultiPoint"",""coordinates"":[]}"
00000000000000000ca6,3239,50,"{""type"":""MultiPoint"",""coordinates"":[]}"
00000000000000000ca7,3240,50,"{""type"":""MultiPoint"",""coordinates"":[]}"
00000000000000000ca8,3241,50,"{""type"":""MultiPoint"",""coordinates"":[]}"
00000000000000000ca9,3242,50,"{""type"":""MultiPoint"",""coordinates"":[]}"
00000000000000000caa,3243,50,"{""type"":""MultiPoint"",""coordinates"":[]}"
00000000000000000cab,3244,50,"{""type"":""MultiPoint"",""coordinates"":[]}"
00000000000000000cac,3245,64,"{""type"":""MultiPoint"",""coordinates"":[]}"
00000000000000000cad,3246,64,"{""type"":""MultiPoint"",""coordinates"":[]}"
00000000000000000cae,3247,,"{""type"":""MultiPoint"",""coordinates"":[]}"
00000000000000000caf,3248,50,"{""type"":""MultiPoint"",""coordinates"":[]}"
00000000000000000cb0,3249,64,"{""type"":""MultiPoint"",""coordinates"":[]}"
00000000000000000cb1,3250,50,"{""type"":""MultiPoint"",""coordinates"":[]}"
00000000000000000cb2,3251,49,"{""type"":""MultiPoint"",""coordinates"":[]}"
00000000000000000cb3,3252,,"{""type"":""MultiPoint"",""coordinates"":[]}"
00000000000000000cb4,3253,,"{""type"":""MultiPoint"",""coordinates"":[]}"
00000000000000000cb5,3254,,"{""type"":""MultiPoint"",""coordinates"":[]}"
00000000000000000cb6,3255,49,"{""type"":""MultiPoint"",""coordinates"":[]}"
00000000000000000cb7,3256,50,"{""type"":""MultiPoint"",""coordinates"":[]}"
00000000000000000cb8,3257,,"{""type"":""MultiPoint"",""coordinates"":[]}"
00000000000000000cb9,3258,49,"{""type"":""MultiPoint"",""coordinates"":[]}"
00000000000000000cba,3259,,"{""type"":""MultiPoint"",""coordinates"":[]}"
00000000000000000cbb,3260,49,"{""type"":""MultiPoint"",""coordinates"":[]}"
00000000000000000cbc,3261,49,"{""type"":""MultiPoint"",""coordinates"":[]}"
00000000000000000cbd,3262,50,"{""type"":""MultiPoint"",""coordinates"":[]}"
00000000000000000cbe,3263,49,"{""type"":""MultiPoint"",""coordinates"":[]}"
00000000000000000cbf,3264,50,"{""type"":""MultiPoint"",""coordinates"":[]}"
00000000000000000cc0,3265,50,"{""type"":""MultiPoint"",""coordinates"":[]}"
00000000000000000cc1,3266,49,"{""type"":""MultiPoint"",""coordinates"":[]}"
00000000000000000cc2,3267,49,"{""type"":""MultiPoint"",""coordinates"":[]}"
00000000000000000cc3,3268,50,"{""type"":""MultiPoint"",""coordinates"":[]}"
00000000000000000cc4,3269,50,"{""type"":""MultiPoint"",""coordinates"":[]}"
00000000000000000cc5,3270,50,"{""type"":""MultiPoint"",""coordinates"":[]}"
00000000000000000cc6,3271,,"{""type"":""MultiPoint"",""coordinates"":[]}"
00000000000000000cc7,3272,49,"{""type"":""MultiPoint"",""coordinates"":[]}"
00000000000000000cc8,3273,49,"{""type"":""MultiPoint"",""coordinates"":[]}"
00000000000000000cc9,3274,50,"{""type"":""MultiPoint"",""coordinates"":[]}"
00000000000000000cca,3275,50,"{""type"":""MultiPoint"",""coordinates"":[]}"
00000000000000000ccb,3276,50,"{""type"":""MultiPoint"",""coordinates"":[]}"
00000000000000000ccc,3277,50,"{""type"":""MultiPoint"",""coordinates"":[]}"
00000000000000000ccd,3278,49,"{""type"":""MultiPoint"",""coordinates"":[]}"
00000000000000000cce,3279,50,"{""type"":""MultiPoint"",""coordinates"":[]}"
00000000000000000ccf,3280,49,"{""type"":""MultiPoint"",""coordinates"":[]}"
00000000000000000cd0,3281,50,"{""type"":""MultiPoint"",""coordinates"":[]}"
00000000000000000cd1,3282,50,"{""type"":""MultiPoint"",""coordinates"":[]}"
00000000000000000cd2,3283,,"{""type"":""MultiPoint"",""coordinates"":[]}"
00000000000000000cd3,3284,,"{""type"":""MultiPoint"",""coordinates"":[]}"
00000000000000000cd4,3285,49,"{""type"":""MultiPoint"",""coordinates"":[]}"
00000000000000000cd5,3286,49,"{""type"":""MultiPoint"",""coordinates"":[]}"
00000000000000000cd6,3287,49,"{""type"":""MultiPoint"",""coordinates"":[]}"
00000000000000000cd7,3288,50,"{""type"":""MultiPoint"",""coordinates"":[]}"
00000000000000000cd8,3289,49,"{""type"":""MultiPoint"",""coordinates"":[]}"
00000000000000000cd9,3290,,"{""type"":""MultiPoint"",""coordinates"":[]}"
00000000000000000cda,3291,50,"{""type"":""MultiPoint"",""coordinates"":[]}"
00000000000000000cdb,3292,50,"{""type"":""MultiPoint"",""coordinates"":[]}"
00000000000000000cdc,3293,50,"{""type"":""MultiPoint"",""coordinates"":[]}"
00000000000000000cdd,3294,50,"{""type"":""MultiPoint"",""coordinates"":[]}"
00000000000000000cde,3295,50,"{""type"":""MultiPoint"",""coordinates"":[]}"
00000000000000000cdf,3296,50,"{""type"":""MultiPoint"",""coordinates"":[]}"
00000000000000000ce0,3297,,"{""type"":""MultiPoint"",""coordinates"":[]}"
00000000000000000ce1,3298,,"{""type"":""MultiPoint"",""coordinates"":[]}"
00000000000000000ce2,3299,50,"{""type"":""MultiPoint"",""coordinates"":[]}"
00000000000000000ce3,3300,50,"{""type"":""MultiPoint"",""coordinates"":[]}"
00000000000000000ce4,3301,49,"{""type"":""MultiPoint"",""coordinates"":[]}"
00000000000000000ce5,3302,49,"{""type"":""MultiPoint"",""coordinates"":[]}"
00000000000000000ce6,3303,49,"{""type"":""MultiPoint"",""coordinates"":[]}"
00000000000000000ce7,3304,50,"{""type"":""MultiPoint"",""coordinates"":[]}"
00000000000000000ce8,3305,49,"{""type"":""MultiPoint"",""coordinates"":[]}"
00000000000000000ce9,3306,49,"{""type"":""MultiPoint"",""coordinates"":[]}"
00000000000000000cea,3307,49,"{""type"":""MultiPoint"",""coordinates"":[]}"
00000000000000000ceb,3308,49,"{""type"":""MultiPoint"",""coordinates"":[]}"
00000000000000000cec,3309,49,"{""type"":""MultiPoint"",""coordinates"":[]}"
00000000000000000ced,3310,49,"{""type"":""MultiPoint"",""coordinates"":[]}"
00000000000000000cee,3311,50,"{""type"":""MultiPoint"",""coordinates"":[]}"
00000000000000000cef,3312,50,"{""type"":""MultiPoint"",""coordinates"":[]}"
00000000000000000cf0,3313,50,"{""type"":""MultiPoint"",""coordinates"":[]}"
00000000000000000cf1,3314,50,"{""type"":""MultiPoint"",""coordinates"":[]}"
00000000000000000cf2,3315,49,"{""type"":""MultiPoint"",""coordinates"":[]}"
00000000000000000cf3,3316,50,"{""type"":""MultiPoint"",""coordinates"":[]}"
00000000000000000cf4,3317,50,"{""type"":""MultiPoint"",""coordinates"":[]}"
00000000000000000cf5,3318,50,"{""type"":""MultiPoint"",""coordinates"":[]}"
00000000000000000cf6,3319,50,"{""type"":""MultiPoint"",""coordinates"":[]}"
00000000000000000cf7,3320,50,"{""type"":""MultiPoint"",""coordinates"":[]}"
00000000000000000cf8,3321,,"{""type"":""MultiPoint"",""coordinates"":[]}"
00000000000000000cf9,3322,50,"{""type"":""MultiPoint"",""coordinates"":[]}"
00000000000000000cfa,3323,50,"{""type"":""MultiPoint"",""coordinates"":[]}"
00000000000000000cfb,3324,48,"{""type"":""MultiPoint"",""coordinates"":[]}"
00000000000000000cfc,3325,50,"{""type"":""MultiPoint"",""coordinates"":[]}"
00000000000000000cfd,3326,50,"{""type"":""MultiPoint"",""coordinates"":[]}"
00000000000000000cfe,3327,48,"{""type"":""MultiPoint"",""coordinates"":[]}"
00000000000000000cff,3328,,"{""type"":""MultiPoint"",""coordinates"":[]}"
00000000000000000d00,3329,49,"{""type"":""MultiPoint"",""coordinates"":[]}"
00000000000000000d01,3330,50,"{""type"":""MultiPoint"",""coordinates"":[]}"
00000000000000000d02,3331,50,"{""type"":""MultiPoint"",""coordinates"":[]}"
00000000000000000d03,3332,49,"{""type"":""MultiPoint"",""coordinates"":[]}"
00000000000000000d04,3333,49,"{""type"":""MultiPoint"",""coordinates"":[]}"
00000000000000000d05,3334,49,"{""type"":""MultiPoint"",""coordinates"":[]}"
00000000000000000d06,3335,50,"{""type"":""MultiPoint"",""coordinates"":[]}"
00000000000000000d07,3336,49,"{""type"":""MultiPoint"",""coordinates"":[]}"
00000000000000000d08,3337,49,"{""type"":""MultiPoint"",""coordinates"":[]}"
00000000000000000d09,3338,,"{""type"":""MultiPoint"",""coordinates"":[]}"
00000000000000000d0a,3339,49,"{""type"":""MultiPoint"",""coordinates"":[]}"
00000000000000000d0b,3340,49,"{""type"":""MultiPoint"",""coordinates"":[]}"
00000000000000000d0c,3341,50,"{""type"":""MultiPoint"",""coordinates"":[]}"
00000000000000000d0d,3342,49,"{""type"":""MultiPoint"",""coordinates"":[]}"
00000000000000000d0e,3343,,"{""type"":""MultiPoint"",""coordinates"":[]}"
00000000000000000d0f,3344,50,"{""type"":""MultiPoint"",""coordinates"":[]}"
00000000000000000d10,3345,50,"{""type"":""MultiPoint"",""coordinates"":[]}"
00000000000000000d11,3346,,"{""type"":""MultiPoint"",""coordinates"":[]}"
00000000000000000d12,3347,50,"{""type"":""MultiPoint"",""coordinates"":[]}"
00000000000000000d13,3348,50,"{""type"":""MultiPoint"",""coordinates"":[]}"
00000000000000000d14,3349,,"{""type"":""MultiPoint"",""coordinates"":[]}"
00000000000000000d15,3350,49,"{""type"":""MultiPoint"",""coordinates"":[]}"
00000000000000000d16,3351,49,"{""type"":""MultiPoint"",""coordinates"":[]}"
00000000000000000d17,3352,50,"{""type"":""MultiPoint"",""coordinates"":[]}"
00000000000000000d18,3353,49,"{""type"":""MultiPoint"",""coordinates"":[]}"
00000000000000000d19,3354,48,"{""type"":""MultiPoint"",""coordinates"":[]}"
00000000000000000d1a,3355,,"{""type"":""MultiPoint"",""coordinates"":[]}"
00000000000000000d1b,3356,50,"{""type"":""MultiPoint"",""coordinates"":[]}"
00000000000000000d1c,3357,49,"{""type"":""MultiPoint"",""coordinates"":[]}"
00000000000000000d1d,3358,50,"{""type"":""MultiPoint"",""coordinates"":[]}"
00000000000000000d1e,3359,,"{""type"":""MultiPoint"",""coordinates"":[]}"
00000000000000000d1f,3360,50,"{""type"":""MultiPoint"",""coordinates"":[]}"
00000000000000000d20,3361,49,"{""type"":""MultiPoint"",""coordinates"":[]}"
00000000000000000d21,3362,,"{""type"":""MultiPoint"",""coordinates"":[]}"
00000000000000000d22,3363,49,"{""type"":""MultiPoint"",""coordinates"":[]}"
00000000000000000d23,3364,50,"{""type"":""MultiPoint"",""coordinates"":[]}"
00000000000000000d24,3365,50,"{""type"":""MultiPoint"",""coordinates"":[]}"
00000000000000000d25,3366,50,"{""type"":""MultiPoint"",""coordinates"":[]}"
00000000000000000d26,3367,50,"{""type"":""MultiPoint"",""coordinates"":[]}"
00000000000000000d27,3368,50,"{""type"":""MultiPoint"",""coordinates"":[]}"
00000000000000000d28,3369,,"{""type"":""MultiPoint"",""coordinates"":[]}"
00000000000000000d29,3370,49,"{""type"":""MultiPoint"",""coordinates"":[]}"
00000000000000000d2a,3371,49,"{""type"":""MultiPoint"",""coordinates"":[]}"
00000000000000000d2b,3372,47,"{""type"":""MultiPoint"",""coordinates"":[]}"
00000000000000000d2c,3373,49,"{""type"":""MultiPoint"",""coordinates"":[]}"
00000000000000000d2d,3374,49,"{""type"":""MultiPoint"",""coordinates"":[]}"
00000000000000000d2e,3375,49,"{""type"":""MultiPoint"",""coordinates"":[]}"
00000000000000000d2f,3376,,"{""type"":""MultiPoint"",""coordinates"":[]}"
00000000000000000d30,3377,49,"{""type"":""MultiPoint"",""coordinates"":[]}"
00000000000000000d31,3378,50,"{""type"":""MultiPoint"",""coordinates"":[]}"
00000000000000000d32,3379,50,"{""type"":""MultiPoint"",""coordinates"":[]}"
00000000000000000d33,3380,50,"{""type"":""MultiPoint"",""coordinates"":[]}"
00000000000000000d34,3381,49,"{""type"":""MultiPoint"",""coordinates"":[]}"
00000000000000000d35,3382,49,"{""type"":""MultiPoint"",""coordinates"":[]}"
00000000000000000d36,3383,49,"{""type"":""MultiPoint"",""coordinates"":[]}"
00000000000000000d37,3384,50,"{""type"":""MultiPoint"",""coordinates"":[]}"
00000000000000000d38,3385,50,"{""type"":""MultiPoint"",""coordinates"":[]}"
00000000000000000d39,3386,50,"{""type"":""MultiPoint"",""coordinates"":[]}"
00000000000000000d3a,3387,49,"{""type"":""MultiPoint"",""coordinates"":[]}"
00000000000000000d3b,3388,49,"{""type"":""MultiPoint"",""coordinates"":[]}"
00000000000000000d3c,3389,50,"{""type"":""MultiPoint"",""coordinates"":[]}"
00000000000000000d3d,3390,,"{""type"":""MultiPoint"",""coordinates"":[]}"
00000000000000000d3e,3391,50,"{""type"":""MultiPoint"",""coordinates"":[]}"
00000000000000000d3f,3392,50,"{""type"":""MultiPoint"",""coordinates"":[]}"
00000000000000000d40,3393,50,"{""type"":""MultiPoint"",""coordinates"":[]}"
00000000000000000d41,3394,50,"{""type"":""MultiPoint"",""coordinates"":[]}"
00000000000000000d42,3395,,"{""type"":""MultiPoint"",""coordinates"":[]}"
00000000000000000d43,3396,50,"{""type"":""MultiPoint"",""coordinates"":[]}"
00000000000000000d44,3397,,"{""type"":""MultiPoint"",""coordinates"":[]}"
00000000000000000d45,3398,50,"{""type"":""MultiPoint"",""coordinates"":[]}"
00000000000000000d46,3399,50,"{""type"":""MultiPoint"",""coordinates"":[]}"
00000000000000000d47,3400,50,"{""type"":""MultiPoint"",""coordinates"":[]}"
00000000000000000d48,3401,50,"{""type"":""MultiPoint"",""coordinates"":[]}"
00000000000000000d49,3402,50,"{""type"":""MultiPoint"",""coordinates"":[]}"
00000000000000000d4a,3403,49,"{""type"":""MultiPoint"",""coordinates"":[]}"
00000000000000000d4b,3404,49,"{""type"":""MultiPoint"",""coordinates"":[]}"
00000000000000000d4c,3405,49,"{""type"":""MultiPoint"",""coordinates"":[]}"
00000000000000000d4d,3406,49,"{""type"":""MultiPoint"",""coordinates"":[]}"
00000000000000000d4e,3407,49,"{""type"":""MultiPoint"",""coordinates"":[]}"
00000000000000000d4f,3408,50,"{""type"":""MultiPoint"",""coordinates"":[]}"
00000000000000000d50,3409,49,"{""type"":""MultiPoint"",""coordinates"":[]}"
00000000000000000d51,3410,50,"{""type"":""MultiPoint"",""coordinates"":[]}"
00000000000000000d52,3411,50,"{""type"":""MultiPoint"",""coordinates"":[]}"
00000000000000000d53,3412,50,"{""type"":""MultiPoint"",""coordinates"":[]}"
00000000000000000d54,3413,50,"{""type"":""MultiPoint"",""coordinates"":[]}"
00000000000000000d55,3414,49,"{""type"":""MultiPoint"",""coordinates"":[]}"
000000000000000012ba,4795,47,"{""type"":""MultiPoint"",""coordinates"":[]}"
000000000000000012bb,4796,48,"{""type"":""MultiPoint"",""coordinates"":[]}"
000000000000000012bc,4797,48,"{""type"":""MultiPoint"",""coordinates"":[]}"
000000000000000012bd,4798,50,"{""type"":""MultiPoint"",""coordinates"":[]}"
000000000000000012be,4799,,"{""type"":""MultiPoint"",""coordinates"":[]}"
000000000000000012bf,4800,,"{""type"":""MultiPoint"",""coordinates"":[]}"
000000000000000012c0,4801,48,"{""type"":""MultiPoint"",""coordinates"":[]}"
000000000000000012c1,4802,48,"{""type"":""MultiPoint"",""coordinates"":[]}"
000000000000000012c2,4803,48,"{""type"":""MultiPoint"",""coordinates"":[]}"
000000000000000012c3,4804,48,"{""type"":""MultiPoint"",""coordinates"":[]}"
000000000000000012c4,4805,47,"{""type"":""MultiPoint"",""coordinates"":[]}"
000000000000000012c5,4806,47,"{""type"":""MultiPoint"",""coordinates"":[]}"
000000000000000012c6,4807,,"{""type"":""MultiPoint"",""coordinates"":[]}"
000000000000000012c7,4808,47,"{""type"":""MultiPoint"",""coordinates"":[]}"
000000000000000012c8,4809,49,"{""type"":""MultiPoint"",""coordinates"":[]}"
000000000000000012c9,4810,47,"{""type"":""MultiPoint"",""coordinates"":[]}"
000000000000000012ca,4811,48,"{""type"":""MultiPoint"",""coordinates"":[]}"
000000000000000012cb,4812,48,"{""type"":""MultiPoint"",""coordinates"":[]}"
000000000000000012cc,4813,48,"{""type"":""MultiPoint"",""coordinates"":[]}"
000000000000000012cd,4814,48,"{""type"":""MultiPoint"",""coordinates"":[]}"
000000000000000012ce,4815,48,"{""type"":""MultiPoint"",""coordinates"":[]}"
000000000000000012cf,4816,47,"{""type"":""MultiPoint"",""coordinates"":[]}"
000000000000000012d0,4817,47,"{""type"":""MultiPoint"",""coordinates"":[]}"
00000000000000000464,1125,49,"{""type"":""MultiPoint"",""coordinates"":[]}"
00000000000000000465,1126,49,"{""type"":""MultiPoint"",""coordinates"":[]}"
00000000000000000466,1127,49,"{""type"":""MultiPoint"",""coordinates"":[]}"
00000000000000000467,1128,49,"{""type"":""MultiPoint"",""coordinates"":[]}"
00000000000000000468,1129,,"{""type"":""MultiPoint"",""coordinates"":[]}"
00000000000000000d56,3415,65,"{""type"":""MultiPoint"",""coordinates"":[]}"
00000000000000000d57,3416,65,"{""type"":""MultiPoint"",""coordinates"":[]}"
00000000000000000d58,3417,65,"{""type"":""MultiPoint"",""coordinates"":[]}"
00000000000000000d59,3418,65,"{""type"":""MultiPoint"",""coordinates"":[]}"
00000000000000000d5a,3419,65,"{""type"":""MultiPoint"",""coordinates"":[]}"
00000000000000000d5b,3420,65,"{""type"":""MultiPoint"",""coordinates"":[]}"
00000000000000000d5c,3421,65,"{""type"":""MultiPoint"",""coordinates"":[]}"
00000000000000000d5d,3422,65,"{""type"":""MultiPoint"",""coordinates"":[]}"
00000000000000000d5e,3423,65,"{""type"":""MultiPoint"",""coordinates"":[]}"
00000000000000000d5f,3424,50,"{""type"":""MultiPoint"",""coordinates"":[]}"
00000000000000000d60,3425,66,"{""type"":""MultiPoint"",""coordinates"":[]}"
00000000000000000d61,3426,50,"{""type"":""MultiPoint"",""coordinates"":[]}"
00000000000000000d62,3427,66,"{""type"":""MultiPoint"",""coordinates"":[]}"
00000000000000000d63,3428,66,"{""type"":""MultiPoint"",""coordinates"":[]}"
00000000000000000d64,3429,66,"{""type"":""MultiPoint"",""coordinates"":[]}"
00000000000000000d65,3430,66,"{""type"":""MultiPoint"",""coordinates"":[]}"
00000000000000000d66,3431,66,"{""type"":""MultiPoint"",""coordinates"":[]}"
00000000000000000d67,3432,66,"{""type"":""MultiPoint"",""coordinates"":[]}"
00000000000000000d68,3433,,"{""type"":""MultiPoint"",""coordinates"":[]}"
00000000000000000d69,3434,66,"{""type"":""MultiPoint"",""coordinates"":[]}"
00000000000000000d6a,3435,66,"{""type"":""MultiPoint"",""coordinates"":[]}"
00000000000000000d6b,3436,66,"{""type"":""MultiPoint"",""coordinates"":[]}"
00000000000000000d6c,3437,66,"{""type"":""MultiPoint"",""coordinates"":[]}"
00000000000000000d6d,3438,66,"{""type"":""MultiPoint"",""coordinates"":[]}"
00000000000000000d6e,3439,65,"{""type"":""MultiPoint"",""coordinates"":[]}"
00000000000000000d6f,3440,66,"{""type"":""MultiPoint"",""coordinates"":[]}"
00000000000000000d70,3441,66,"{""type"":""MultiPoint"",""coordinates"":[]}"
00000000000000000d71,3442,9,"{""type"":""MultiPoint"",""coordinates"":[]}"
00000000000000000d72,3443,66,"{""type"":""MultiPoint"",""coordinates"":[]}"
00000000000000000d73,3444,66,"{""type"":""MultiPoint"",""coordinates"":[]}"
00000000000000000d74,3445,66,"{""type"":""MultiPoint"",""coordinates"":[]}"
00000000000000000d75,3446,66,"{""type"":""MultiPoint"",""coordinates"":[]}"
00000000000000000d76,3447,66,"{""type"":""MultiPoint"",""coordinates"":[]}"
00000000000000000d77,3448,66,"{""type"":""MultiPoint"",""coordinates"":[]}"
00000000000000000d78,3449,31,"{""type"":""MultiPoint"",""coordinates"":[]}"
00000000000000000d79,3450,66,"{""type"":""MultiPoint"",""coordinates"":[]}"
00000000000000000d7a,3451,65,"{""type"":""MultiPoint"",""coordinates"":[]}"
00000000000000000d7b,3452,66,"{""type"":""MultiPoint"",""coordinates"":[]}"
00000000000000000d7c,3453,66,"{""type"":""MultiPoint"",""coordinates"":[]}"
00000000000000000d7d,3454,66,"{""type"":""MultiPoint"",""coordinates"":[]}"
00000000000000000d7e,3455,66,"{""type"":""MultiPoint"",""coordinates"":[]}"
00000000000000000d7f,3456,66,"{""type"":""MultiPoint"",""coordinates"":[]}"
00000000000000000d80,3457,66,"{""type"":""MultiPoint"",""coordinates"":[]}"
00000000000000000d81,3458,66,"{""type"":""MultiPoint"",""coordinates"":[]}"
00000000000000000d82,3459,55,"{""type"":""MultiPoint"",""coordinates"":[]}"
00000000000000000d83,3460,49,"{""type"":""MultiPoint"",""coordinates"":[]}"
00000000000000000d84,3461,65,"{""type"":""MultiPoint"",""coordinates"":[]}"
00000000000000000d85,3462,,"{""type"":""MultiPoint"",""coordinates"":[]}"
00000000000000000d86,3463,65,"{""type"":""MultiPoint"",""coordinates"":[]}"
00000000000000000d87,3464,66,"{""type"":""MultiPoint"",""coordinates"":[]}"
00000000000000000d88,3465,66,"{""type"":""MultiPoint"",""coordinates"":[]}"
00000000000000000d89,3466,66,"{""type"":""MultiPoint"",""coordinates"":[]}"
00000000000000000d8a,3467,50,"{""type"":""MultiPoint"",""coordinates"":[]}"
00000000000000000d8b,3468,49,"{""type"":""MultiPoint"",""coordinates"":[]}"
00000000000000000d8c,3469,,"{""type"":""MultiPoint"",""coordinates"":[]}"
00000000000000000d8d,3470,,"{""type"":""MultiPoint"",""coordinates"":[]}"
00000000000000000d8e,3471,49,"{""type"":""MultiPoint"",""coordinates"":[]}"
00000000000000000d8f,3472,49,"{""type"":""MultiPoint"",""coordinates"":[]}"
00000000000000000d90,3473,50,"{""type"":""MultiPoint"",""coordinates"":[]}"
00000000000000000d91,3474,,"{""type"":""MultiPoint"",""coordinates"":[]}"
00000000000000000d92,3475,,"{""type"":""MultiPoint"",""coordinates"":[]}"
00000000000000000d93,3476,,"{""type"":""MultiPoint"",""coordinates"":[]}"
00000000000000000d94,3477,,"{""type"":""MultiPoint"",""coordinates"":[]}"
00000000000000000d95,3478,49,"{""type"":""MultiPoint"",""coordinates"":[]}"
00000000000000000d96,3479,49,"{""type"":""MultiPoint"",""coordinates"":[]}"
00000000000000000d97,3480,,"{""type"":""MultiPoint"",""coordinates"":[]}"
00000000000000000d98,3481,,"{""type"":""MultiPoint"",""coordinates"":[]}"
00000000000000000d99,3482,49,"{""type"":""MultiPoint"",""coordinates"":[]}"
00000000000000000d9a,3483,,"{""type"":""MultiPoint"",""coordinates"":[]}"
00000000000000000d9b,3484,,"{""type"":""MultiPoint"",""coordinates"":[]}"
00000000000000000d9c,3485,,"{""type"":""MultiPoint"",""coordinates"":[]}"
00000000000000000d9d,3486,,"{""type"":""MultiPoint"",""coordinates"":[]}"
00000000000000000d9e,3487,,"{""type"":""MultiPoint"",""coordinates"":[]}"
00000000000000000d9f,3488,,"{""type"":""MultiPoint"",""coordinates"":[]}"
00000000000000000da0,3489,50,"{""type"":""MultiPoint"",""coordinates"":[]}"
00000000000000000da1,3490,49,"{""type"":""MultiPoint"",""coordinates"":[]}"
00000000000000000da2,3491,50,"{""type"":""MultiPoint"",""coordinates"":[]}"
00000000000000000da3,3492,49,"{""type"":""MultiPoint"",""coordinates"":[]}"
00000000000000000da4,3493,50,"{""type"":""MultiPoint"",""coordinates"":[]}"
00000000000000000da5,3494,49,"{""type"":""MultiPoint"",""coordinates"":[]}"
00000000000000000da6,3495,49,"{""type"":""MultiPoint"",""coordinates"":[]}"
00000000000000000da7,3496,,"{""type"":""MultiPoint"",""coordinates"":[]}"
00000000000000000da8,3497,,"{""type"":""MultiPoint"",""coordinates"":[]}"
00000000000000000da9,3498,,"{""type"":""MultiPoint"",""coordinates"":[]}"
00000000000000000daa,3499,,"{""type"":""MultiPoint"",""coordinates"":[]}"
00000000000000000dab,3500,50,"{""type"":""MultiPoint"",""coordinates"":[]}"
00000000000000000dac,3501,,"{""type"":""MultiPoint"",""coordinates"":[]}"
00000000000000000dad,3502,,"{""type"":""MultiPoint"",""coordinates"":[]}"
00000000000000000dae,3503,,"{""type"":""MultiPoint"",""coordinates"":[]}"
00000000000000000daf,3504,,"{""type"":""MultiPoint"",""coordinates"":[]}"
00000000000000000db0,3505,,"{""type"":""MultiPoint"",""coordinates"":[]}"
00000000000000000db1,3506,49,"{""type"":""MultiPoint"",""coordinates"":[]}"
00000000000000000db2,3507,49,"{""type"":""MultiPoint"",""coordinates"":[]}"
00000000000000000db3,3508,49,"{""type"":""MultiPoint"",""coordinates"":[]}"
00000000000000000db4,3509,50,"{""type"":""MultiPoint"",""coordinates"":[]}"
00000000000000000db5,3510,,"{""type"":""MultiPoint"",""coordinates"":[]}"
00000000000000000db6,3511,,"{""type"":""MultiPoint"",""coordinates"":[]}"
00000000000000000db7,3512,,"{""type"":""MultiPoint"",""coordinates"":[]}"
00000000000000000db8,3513,,"{""type"":""MultiPoint"",""coordinates"":[]}"
00000000000000000db9,3514,,"{""type"":""MultiPoint"",""coordinates"":[]}"
00000000000000000dba,3515,50,"{""type"":""MultiPoint"",""coordinates"":[]}"
00000000000000000dbb,3516,,"{""type"":""MultiPoint"",""coordinates"":[]}"
00000000000000000dbc,3517,50,"{""type"":""MultiPoint"",""coordinates"":[]}"
00000000000000000dbd,3518,,"{""type"":""MultiPoint"",""coordinates"":[]}"
00000000000000000dbe,3519,49,"{""type"":""MultiPoint"",""coordinates"":[]}"
00000000000000000dbf,3520,,"{""type"":""MultiPoint"",""coordinates"":[]}"
00000000000000000dc0,3521,,"{""type"":""MultiPoint"",""coordinates"":[]}"
00000000000000000dc1,3522,66,"{""type"":""MultiPoint"",""coordinates"":[]}"
00000000000000000dc2,3523,,"{""type"":""MultiPoint"",""coordinates"":[]}"
00000000000000000dc3,3524,66,"{""type"":""MultiPoint"",""coordinates"":[]}"
00000000000000000dc4,3525,66,"{""type"":""MultiPoint"",""coordinates"":[]}"
00000000000000000dc5,3526,,"{""type"":""MultiPoint"",""coordinates"":[]}"
00000000000000000dc6,3527,,"{""type"":""MultiPoint"",""coordinates"":[]}"
00000000000000000dc7,3528,66,"{""type"":""MultiPoint"",""coordinates"":[]}"
00000000000000000dc8,3529,66,"{""type"":""MultiPoint"",""coordinates"":[]}"
00000000000000000dc9,3530,66,"{""type"":""MultiPoint"",""coordinates"":[]}"
00000000000000000dca,3531,,"{""type"":""MultiPoint"",""coordinates"":[]}"
00000000000000000dcb,3532,,"{""type"":""MultiPoint"",""coordinates"":[]}"
00000000000000000dcc,3533,,"{""type"":""MultiPoint"",""coordinates"":[]}"
00000000000000000dcd,3534,,"{""type"":""MultiPoint"",""coordinates"":[]}"
00000000000000000dce,3535,,"{""type"":""MultiPoint"",""coordinates"":[]}"
00000000000000000dcf,3536,66,"{""type"":""MultiPoint"",""coordinates"":[]}"
00000000000000000dd0,3537,66,"{""type"":""MultiPoint"",""coordinates"":[]}"
00000000000000000dd1,3538,66,"{""type"":""MultiPoint"",""coordinates"":[]}"
00000000000000000dd2,3539,66,"{""type"":""MultiPoint"",""coordinates"":[]}"
00000000000000000dd3,3540,66,"{""type"":""MultiPoint"",""coordinates"":[]}"
00000000000000000dd4,3541,,"{""type"":""MultiPoint"",""coordinates"":[]}"
00000000000000000dd5,3542,50,"{""type"":""MultiPoint"",""coordinates"":[]}"
00000000000000000dd6,3543,,"{""type"":""MultiPoint"",""coordinates"":[]}"
00000000000000000dd7,3544,,"{""type"":""MultiPoint"",""coordinates"":[]}"
00000000000000000dd8,3545,,"{""type"":""MultiPoint"",""coordinates"":[]}"
00000000000000000dd9,3546,50,"{""type"":""MultiPoint"",""coordinates"":[]}"
00000000000000000dda,3547,55,"{""type"":""MultiPoint"",""coordinates"":[]}"
00000000000000000ddb,3548,,"{""type"":""MultiPoint"",""coordinates"":[]}"
00000000000000000ddc,3549,50,"{""type"":""MultiPoint"",""coordinates"":[]}"
00000000000000000ddd,3550,,"{""type"":""MultiPoint"",""coordinates"":[]}"
00000000000000000dde,3551,,"{""type"":""MultiPoint"",""coordinates"":[]}"
00000000000000000ddf,3552,,"{""type"":""MultiPoint"",""coordinates"":[]}"
00000000000000000de0,3553,50,"{""type"":""MultiPoint"",""coordinates"":[]}"
00000000000000000de1,3554,50,"{""type"":""MultiPoint"",""coordinates"":[]}"
00000000000000000de2,3555,50,"{""type"":""MultiPoint"",""coordinates"":[]}"
00000000000000000de3,3556,50,"{""type"":""MultiPoint"",""coordinates"":[]}"
00000000000000000de4,3557,50,"{""type"":""MultiPoint"",""coordinates"":[]}"
00000000000000000de5,3558,50,"{""type"":""MultiPoint"",""coordinates"":[]}"
00000000000000000de6,3559,,"{""type"":""MultiPoint"",""coordinates"":[]}"
00000000000000000de7,3560,50,"{""type"":""MultiPoint"",""coordinates"":[]}"
00000000000000000de8,3561,,"{""type"":""MultiPoint"",""coordinates"":[]}"
00000000000000000de9,3562,50,"{""type"":""MultiPoint"",""coordinates"":[]}"
00000000000000000dea,3563,,"{""type"":""MultiPoint"",""coordinates"":[]}"
00000000000000000deb,3564,,"{""type"":""MultiPoint"",""coordinates"":[]}"
00000000000000000dec,3565,50,"{""type"":""MultiPoint"",""coordinates"":[]}"
00000000000000000ded,3566,,"{""type"":""MultiPoint"",""coordinates"":[]}"
00000000000000000dee,3567,50,"{""type"":""MultiPoint"",""coordinates"":[]}"
00000000000000000def,3568,50,"{""type"":""MultiPoint"",""coordinates"":[]}"
00000000000000000df0,3569,50,"{""type"":""MultiPoint"",""coordinates"":[]}"
00000000000000000df1,3570,49,"{""type"":""MultiPoint"",""coordinates"":[]}"
00000000000000000df2,3571,49,"{""type"":""MultiPoint"",""coordinates"":[]}"
00000000000000000df3,3572,,"{""type"":""MultiPoint"",""coordinates"":[]}"
00000000000000000df4,3573,,"{""type"":""MultiPoint"",""coordinates"":[]}"
00000000000000000df5,3574,,"{""type"":""MultiPoint"",""coordinates"":[]}"
00000000000000000df6,3575,,"{""type"":""MultiPoint"",""coordinates"":[]}"
00000000000000000df7,3576,,"{""type"":""MultiPoint"",""coordinates"":[]}"
00000000000000000df8,3577,,"{""type"":""MultiPoint"",""coordinates"":[]}"
00000000000000000df9,3578,,"{""type"":""MultiPoint"",""coordinates"":[]}"
00000000000000000dfa,3579,,"{""type"":""MultiPoint"",""coordinates"":[]}"
00000000000000000dfb,3580,49,"{""type"":""MultiPoint"",""coordinates"":[]}"
00000000000000000dfc,3581,49,"{""type"":""MultiPoint"",""coordinates"":[]}"
00000000000000000dfd,3582,49,"{""type"":""MultiPoint"",""coordinates"":[]}"
00000000000000000dfe,3583,49,"{""type"":""MultiPoint"",""coordinates"":[]}"
00000000000000000dff,3584,,"{""type"":""MultiPoint"",""coordinates"":[]}"
00000000000000000e00,3585,49,"{""type"":""MultiPoint"",""coordinates"":[]}"
00000000000000000e01,3586,50,"{""type"":""MultiPoint"",""coordinates"":[]}"
00000000000000000e02,3587,50,"{""type"":""MultiPoint"",""coordinates"":[]}"
00000000000000000e03,3588,,"{""type"":""MultiPoint"",""coordinates"":[]}"
00000000000000000e04,3589,,"{""type"":""MultiPoint"",""coordinates"":[]}"
00000000000000000e05,3590,,"{""type"":""MultiPoint"",""coordinates"":[]}"
00000000000000000e06,3591,,"{""type"":""MultiPoint"",""coordinates"":[]}"
00000000000000000e07,3592,49,"{""type"":""MultiPoint"",""coordinates"":[]}"
00000000000000000e08,3593,,"{""type"":""MultiPoint"",""coordinates"":[]}"
00000000000000000e09,3594,49,"{""type"":""MultiPoint"",""coordinates"":[]}"
00000000000000000e0a,3595,,"{""type"":""MultiPoint"",""coordinates"":[]}"
000000000000000012d1,4818,,"{""type"":""MultiPoint"",""coordinates"":[]}"
00000000000000000e0b,3596,,"{""type"":""MultiPoint"",""coordinates"":[]}"
00000000000000000e0c,3597,50,"{""type"":""MultiPoint"",""coordinates"":[]}"
00000000000000000e0d,3598,50,"{""type"":""MultiPoint"",""coordinates"":[]}"
00000000000000000e0e,3599,49,"{""type"":""MultiPoint"",""coordinates"":[]}"
00000000000000000e0f,3600,49,"{""type"":""MultiPoint"",""coordinates"":[]}"
00000000000000000e10,3601,,"{""type"":""MultiPoint"",""coordinates"":[]}"
00000000000000000e11,3602,49,"{""type"":""MultiPoint"",""coordinates"":[]}"
00000000000000000e12,3603,49,"{""type"":""MultiPoint"",""coordinates"":[]}"
00000000000000000e13,3604,49,"{""type"":""MultiPoint"",""coordinates"":[]}"
00000000000000000e14,3605,49,"{""type"":""MultiPoint"",""coordinates"":[]}"
00000000000000000e15,3606,,"{""type"":""MultiPoint"",""coordinates"":[]}"
00000000000000000e16,3607,,"{""type"":""MultiPoint"",""coordinates"":[]}"
00000000000000000e17,3608,,"{""type"":""MultiPoint"",""coordinates"":[]}"
00000000000000000e18,3609,9,"{""type"":""MultiPoint"",""coordinates"":[]}"
00000000000000000e19,3610,9,"{""type"":""MultiPoint"",""coordinates"":[]}"
00000000000000000e1a,3611,,"{""type"":""MultiPoint"",""coordinates"":[]}"
00000000000000000e1b,3612,49,"{""type"":""MultiPoint"",""coordinates"":[]}"
00000000000000000e1c,3613,,"{""type"":""MultiPoint"",""coordinates"":[]}"
00000000000000000e1d,3614,49,"{""type"":""MultiPoint"",""coordinates"":[]}"
00000000000000000e1e,3615,49,"{""type"":""MultiPoint"",""coordinates"":[]}"
00000000000000000e1f,3616,49,"{""type"":""MultiPoint"",""coordinates"":[]}"
00000000000000000e20,3617,,"{""type"":""MultiPoint"",""coordinates"":[]}"
00000000000000000e21,3618,,"{""type"":""MultiPoint"",""coordinates"":[]}"
00000000000000000e22,3619,49,"{""type"":""MultiPoint"",""coordinates"":[]}"
00000000000000000e23,3620,9,"{""type"":""MultiPoint"",""coordinates"":[]}"
00000000000000000e24,3621,,"{""type"":""MultiPoint"",""coordinates"":[]}"
00000000000000000e25,3622,,"{""type"":""MultiPoint"",""coordinates"":[]}"
00000000000000000e26,3623,9,"{""type"":""MultiPoint"",""coordinates"":[]}"
00000000000000000e27,3624,49,"{""type"":""MultiPoint"",""coordinates"":[]}"
00000000000000000e28,3625,,"{""type"":""MultiPoint"",""coordinates"":[]}"
00000000000000000e29,3626,,"{""type"":""MultiPoint"",""coordinates"":[]}"
00000000000000000e2a,3627,49,"{""type"":""MultiPoint"",""coordinates"":[]}"
00000000000000000e2b,3628,,"{""type"":""MultiPoint"",""coordinates"":[]}"
00000000000000000e2c,3629,49,"{""type"":""MultiPoint"",""coordinates"":[]}"
00000000000000000e2d,3630,9,"{""type"":""MultiPoint"",""coordinates"":[]}"
00000000000000000e2e,3631,,"{""type"":""MultiPoint"",""coordinates"":[]}"
00000000000000000e2f,3632,9,"{""type"":""MultiPoint"",""coordinates"":[]}"
00000000000000000e30,3633,9,"{""type"":""MultiPoint"",""coordinates"":[]}"
00000000000000000e31,3634,,"{""type"":""MultiPoint"",""coordinates"":[]}"
00000000000000000e32,3635,49,"{""type"":""MultiPoint"",""coordinates"":[]}"
00000000000000000e33,3636,,"{""type"":""MultiPoint"",""coordinates"":[]}"
00000000000000000e34,3637,,"{""type"":""MultiPoint"",""coordinates"":[]}"
00000000000000000e35,3638,49,"{""type"":""MultiPoint"",""coordinates"":[]}"
00000000000000000e36,3639,,"{""type"":""MultiPoint"",""coordinates"":[]}"
00000000000000000e37,3640,49,"{""type"":""MultiPoint"",""coordinates"":[]}"
000000000000000012d2,4819,65,"{""type"":""MultiPoint"",""coordinates"":[]}"
000000000000000012d3,4820,65,"{""type"":""MultiPoint"",""coordinates"":[]}"
000000000000000012d4,4821,69,"{""type"":""MultiPoint"",""coordinates"":[]}"
000000000000000012d5,4822,69,"{""type"":""MultiPoint"",""coordinates"":[]}"
000000000000000012d6,4823,69,"{""type"":""MultiPoint"",""coordinates"":[]}"
000000000000000012d7,4824,69,"{""type"":""MultiPoint"",""coordinates"":[]}"
000000000000000012d8,4825,65,"{""type"":""MultiPoint"",""coordinates"":[]}"
000000000000000012d9,4826,65,"{""type"":""MultiPoint"",""coordinates"":[]}"
000000000000000012da,4827,65,"{""type"":""MultiPoint"",""coordinates"":[]}"
000000000000000012db,4828,65,"{""type"":""MultiPoint"",""coordinates"":[]}"
000000000000000012dc,4829,65,"{""type"":""MultiPoint"",""coordinates"":[]}"
000000000000000012dd,4830,,"{""type"":""MultiPoint"",""coordinates"":[]}"
000000000000000012de,4831,65,"{""type"":""MultiPoint"",""coordinates"":[]}"
000000000000000012df,4832,65,"{""type"":""MultiPoint"",""coordinates"":[]}"
000000000000000012e0,4833,65,"{""type"":""MultiPoint"",""coordinates"":[]}"
000000000000000012e1,4834,65,"{""type"":""MultiPoint"",""coordinates"":[]}"
000000000000000012e2,4835,65,"{""type"":""MultiPoint"",""coordinates"":[]}"
000000000000000012e3,4836,65,"{""type"":""MultiPoint"",""coordinates"":[]}"
000000000000000012e4,4837,65,"{""type"":""MultiPoint"",""coordinates"":[]}"
000000000000000012e5,4838,50,"{""type"":""MultiPoint"",""coordinates"":[]}"
000000000000000012e6,4839,65,"{""type"":""MultiPoint"",""coordinates"":[]}"
000000000000000012e7,4840,65,"{""type"":""MultiPoint"",""coordinates"":[]}"
000000000000000012e8,4841,50,"{""type"":""MultiPoint"",""coordinates"":[]}"
000000000000000012e9,4842,50,"{""type"":""MultiPoint"",""coordinates"":[]}"
000000000000000012ea,4843,50,"{""type"":""MultiPoint"",""coordinates"":[]}"
000000000000000012eb,4844,50,"{""type"":""MultiPoint"",""coordinates"":[]}"
000000000000000012ec,4845,50,"{""type"":""MultiPoint"",""coordinates"":[]}"
000000000000000012ed,4846,50,"{""type"":""MultiPoint"",""coordinates"":[]}"
000000000000000012ee,4847,,"{""type"":""MultiPoint"",""coordinates"":[]}"
000000000000000012ef,4848,,"{""type"":""MultiPoint"",""coordinates"":[]}"
000000000000000012f0,4849,,"{""type"":""MultiPoint"",""coordinates"":[]}"
000000000000000012f1,4850,,"{""type"":""MultiPoint"",""coordinates"":[]}"
000000000000000012f2,4851,48,"{""type"":""MultiPoint"",""coordinates"":[]}"
000000000000000012f3,4852,48,"{""type"":""MultiPoint"",""coordinates"":[]}"
000000000000000012f4,4853,,"{""type"":""MultiPoint"",""coordinates"":[]}"
000000000000000012f5,4854,49,"{""type"":""MultiPoint"",""coordinates"":[]}"
000000000000000012f6,4855,49,"{""type"":""MultiPoint"",""coordinates"":[]}"
000000000000000012f7,4856,48,"{""type"":""MultiPoint"",""coordinates"":[]}"
000000000000000012f8,4857,50,"{""type"":""MultiPoint"",""coordinates"":[]}"
000000000000000012f9,4858,,"{""type"":""MultiPoint"",""coordinates"":[]}"
000000000000000012fa,4859,49,"{""type"":""MultiPoint"",""coordinates"":[]}"
000000000000000012fb,4860,49,"{""type"":""MultiPoint"",""coordinates"":[]}"
000000000000000012fc,4861,50,"{""type"":""MultiPoint"",""coordinates"":[]}"
000000000000000012fd,4862,,"{""type"":""MultiPoint"",""coordinates"":[]}"
000000000000000012fe,4863,50,"{""type"":""MultiPoint"",""coordinates"":[]}"
000000000000000012ff,4864,,"{""type"":""MultiPoint"",""coordinates"":[]}"
00000000000000001300,4865,49,"{""type"":""MultiPoint"",""coordinates"":[]}"
00000000000000001301,4866,49,"{""type"":""MultiPoint"",""coordinates"":[]}"
00000000000000001302,4867,49,"{""type"":""MultiPoint"",""coordinates"":[]}"
00000000000000001303,4868,,"{""type"":""MultiPoint"",""coordinates"":[]}"
00000000000000001304,4869,49,"{""type"":""MultiPoint"",""coordinates"":[]}"
00000000000000001305,4870,49,"{""type"":""MultiPoint"",""coordinates"":[]}"
00000000000000001306,4871,49,"{""type"":""MultiPoint"",""coordinates"":[]}"
00000000000000001307,4872,50,"{""type"":""MultiPoint"",""coordinates"":[]}"
00000000000000001308,4873,49,"{""type"":""MultiPoint"",""coordinates"":[]}"
00000000000000001309,4874,49,"{""type"":""MultiPoint"",""coordinates"":[]}"
0000000000000000130a,4875,49,"{""type"":""MultiPoint"",""coordinates"":[]}"
0000000000000000130b,4876,,"{""type"":""MultiPoint"",""coordinates"":[]}"
0000000000000000130c,4877,49,"{""type"":""MultiPoint"",""coordinates"":[]}"
0000000000000000130d,4878,49,"{""type"":""MultiPoint"",""coordinates"":[]}"
0000000000000000130e,4879,49,"{""type"":""MultiPoint"",""coordinates"":[]}"
0000000000000000130f,4880,,"{""type"":""MultiPoint"",""coordinates"":[]}"
00000000000000001310,4881,50,"{""type"":""MultiPoint"",""coordinates"":[]}"
00000000000000001311,4882,,"{""type"":""MultiPoint"",""coordinates"":[]}"
00000000000000001312,4883,50,"{""type"":""MultiPoint"",""coordinates"":[]}"
00000000000000001313,4884,49,"{""type"":""MultiPoint"",""coordinates"":[]}"
00000000000000001314,4885,,"{""type"":""MultiPoint"",""coordinates"":[]}"
00000000000000001315,4886,,"{""type"":""MultiPoint"",""coordinates"":[]}"
00000000000000001316,4887,,"{""type"":""MultiPoint"",""coordinates"":[]}"
00000000000000001317,4888,,"{""type"":""MultiPoint"",""coordinates"":[]}"
00000000000000001318,4889,,"{""type"":""MultiPoint"",""coordinates"":[]}"
00000000000000001319,4890,49,"{""type"":""MultiPoint"",""coordinates"":[]}"
0000000000000000131a,4891,,"{""type"":""MultiPoint"",""coordinates"":[]}"
000000000000000002b7,696,49,"{""type"":""MultiPoint"",""coordinates"":[]}"
000000000000000002b8,697,48,"{""type"":""MultiPoint"",""coordinates"":[]}"
000000000000000002b9,698,48,"{""type"":""MultiPoint"",""coordinates"":[]}"
000000000000000002ba,699,48,"{""type"":""MultiPoint"",""coordinates"":[]}"
000000000000000002bb,700,49,"{""type"":""MultiPoint"",""coordinates"":[]}"
000000000000000002bc,701,49,"{""type"":""MultiPoint"",""coordinates"":[]}"
0000000000000000084d,2126,60,"{""type"":""MultiPoint"",""coordinates"":[]}"
0000000000000000084e,2127,55,"{""type"":""MultiPoint"",""coordinates"":[]}"
0000000000000000084f,2128,55,"{""type"":""MultiPoint"",""coordinates"":[]}"
00000000000000000850,2129,59,"{""type"":""MultiPoint"",""coordinates"":[]}"
00000000000000000851,2130,58,"{""type"":""MultiPoint"",""coordinates"":[]}"
00000000000000000852,2131,57,"{""type"":""MultiPoint"",""coordinates"":[]}"
00000000000000000853,2132,59,"{""type"":""MultiPoint"",""coordinates"":[]}"
00000000000000000854,2133,59,"{""type"":""MultiPoint"",""coordinates"":[]}"
00000000000000000855,2134,13,"{""type"":""MultiPoint"",""coordinates"":[]}"
00000000000000000856,2135,59,"{""type"":""MultiPoint"",""coordinates"":[]}"
00000000000000000857,2136,59,"{""type"":""MultiPoint"",""coordinates"":[]}"
00000000000000000858,2137,55,"{""type"":""MultiPoint"",""coordinates"":[]}"
00000000000000000859,2138,59,"{""type"":""MultiPoint"",""coordinates"":[]}"
0000000000000000085a,2139,59,"{""type"":""MultiPoint"",""coordinates"":[]}"
0000000000000000085b,2140,59,"{""type"":""MultiPoint"",""coordinates"":[]}"
0000000000000000085c,2141,59,"{""type"":""MultiPoint"",""coordinates"":[]}"
0000000000000000085d,2142,3,"{""type"":""MultiPoint"",""coordinates"":[]}"
0000000000000000085e,2143,55,"{""type"":""MultiPoint"",""coordinates"":[]}"
0000000000000000085f,2144,55,"{""type"":""MultiPoint"",""coordinates"":[]}"
00000000000000000860,2145,57,"{""type"":""MultiPoint"",""coordinates"":[]}"
00000000000000000861,2146,,"{""type"":""MultiPoint"",""coordinates"":[]}"
00000000000000000862,2147,60,"{""type"":""MultiPoint"",""coordinates"":[]}"
00000000000000000863,2148,59,"{""type"":""MultiPoint"",""coordinates"":[]}"
00000000000000000864,2149,59,"{""type"":""MultiPoint"",""coordinates"":[]}"
00000000000000000865,2150,59,"{""type"":""MultiPoint"",""coordinates"":[]}"
00000000000000000866,2151,49,"{""type"":""MultiPoint"",""coordinates"":[]}"
00000000000000000867,2152,,"{""type"":""MultiPoint"",""coordinates"":[]}"
00000000000000000868,2153,59,"{""type"":""MultiPoint"",""coordinates"":[]}"
00000000000000000869,2154,,"{""type"":""MultiPoint"",""coordinates"":[]}"
0000000000000000086a,2155,58,"{""type"":""MultiPoint"",""coordinates"":[]}"
0000000000000000086b,2156,,"{""type"":""MultiPoint"",""coordinates"":[]}"
0000000000000000086c,2157,59,"{""type"":""MultiPoint"",""coordinates"":[]}"
0000000000000000086d,2158,59,"{""type"":""MultiPoint"",""coordinates"":[]}"
0000000000000000086e,2159,59,"{""type"":""MultiPoint"",""coordinates"":[]}"
0000000000000000086f,2160,59,"{""type"":""MultiPoint"",""coordinates"":[]}"
00000000000000000870,2161,59,"{""type"":""MultiPoint"",""coordinates"":[]}"
00000000000000000871,2162,60,"{""type"":""MultiPoint"",""coordinates"":[]}"
00000000000000000872,2163,60,"{""type"":""MultiPoint"",""coordinates"":[]}"
00000000000000000873,2164,59,"{""type"":""MultiPoint"",""coordinates"":[]}"
00000000000000000874,2165,59,"{""type"":""MultiPoint"",""coordinates"":[]}"
00000000000000000875,2166,60,"{""type"":""MultiPoint"",""coordinates"":[]}"
00000000000000000876,2167,59,"{""type"":""MultiPoint"",""coordinates"":[]}"
00000000000000000877,2168,49,"{""type"":""MultiPoint"",""coordinates"":[]}"
00000000000000000878,2169,59,"{""type"":""MultiPoint"",""coordinates"":[]}"
00000000000000000879,2170,59,"{""type"":""MultiPoint"",""coordinates"":[]}"
0000000000000000087a,2171,59,"{""type"":""MultiPoint"",""coordinates"":[]}"
0000000000000000087b,2172,57,"{""type"":""MultiPoint"",""coordinates"":[]}"
0000000000000000087c,2173,7,"{""type"":""MultiPoint"",""coordinates"":[]}"
0000000000000000087d,2174,49,"{""type"":""MultiPoint"",""coordinates"":[]}"
0000000000000000087e,2175,59,"{""type"":""MultiPoint"",""coordinates"":[]}"
0000000000000000087f,2176,,"{""type"":""MultiPoint"",""coordinates"":[]}"
00000000000000000880,2177,,"{""type"":""MultiPoint"",""coordinates"":[]}"
00000000000000000881,2178,,"{""type"":""MultiPoint"",""coordinates"":[]}"
00000000000000000882,2179,7,"{""type"":""MultiPoint"",""coordinates"":[]}"
00000000000000000883,2180,7,"{""type"":""MultiPoint"",""coordinates"":[]}"
00000000000000000884,2181,49,"{""type"":""MultiPoint"",""coordinates"":[]}"
00000000000000000885,2182,7,"{""type"":""MultiPoint"",""coordinates"":[]}"
00000000000000000886,2183,7,"{""type"":""MultiPoint"",""coordinates"":[]}"
00000000000000000887,2184,7,"{""type"":""MultiPoint"",""coordinates"":[]}"
00000000000000000888,2185,59,"{""type"":""MultiPoint"",""coordinates"":[]}"
00000000000000000889,2186,49,"{""type"":""MultiPoint"",""coordinates"":[]}"
0000000000000000088a,2187,58,"{""type"":""MultiPoint"",""coordinates"":[]}"
0000000000000000088b,2188,58,"{""type"":""MultiPoint"",""coordinates"":[]}"
0000000000000000088c,2189,58,"{""type"":""MultiPoint"",""coordinates"":[]}"
0000000000000000088d,2190,7,"{""type"":""MultiPoint"",""coordinates"":[]}"
0000000000000000088e,2191,7,"{""type"":""MultiPoint"",""coordinates"":[]}"
0000000000000000088f,2192,7,"{""type"":""MultiPoint"",""coordinates"":[]}"
00000000000000000890,2193,,"{""type"":""MultiPoint"",""coordinates"":[]}"
00000000000000000891,2194,59,"{""type"":""MultiPoint"",""coordinates"":[]}"
00000000000000000892,2195,7,"{""type"":""MultiPoint"",""coordinates"":[]}"
00000000000000000893,2196,59,"{""type"":""MultiPoint"",""coordinates"":[]}"
00000000000000000894,2197,50,"{""type"":""MultiPoint"",""coordinates"":[]}"
00000000000000000895,2198,,"{""type"":""MultiPoint"",""coordinates"":[]}"
00000000000000000896,2199,49,"{""type"":""MultiPoint"",""coordinates"":[]}"
00000000000000000897,2200,49,"{""type"":""MultiPoint"",""coordinates"":[]}"
00000000000000000898,2201,47,"{""type"":""MultiPoint"",""coordinates"":[]}"
00000000000000000899,2202,,"{""type"":""MultiPoint"",""coordinates"":[]}"
0000000000000000089a,2203,,"{""type"":""MultiPoint"",""coordinates"":[]}"
0000000000000000089b,2204,47,"{""type"":""MultiPoint"",""coordinates"":[]}"
0000000000000000089c,2205,49,"{""type"":""MultiPoint"",""coordinates"":[]}"
0000000000000000089d,2206,49,"{""type"":""MultiPoint"",""coordinates"":[]}"
0000000000000000089e,2207,50,"{""type"":""MultiPoint"",""coordinates"":[]}"
0000000000000000089f,2208,47,"{""type"":""MultiPoint"",""coordinates"":[]}"
000000000000000008a0,2209,49,"{""type"":""MultiPoint"",""coordinates"":[]}"
000000000000000008a1,2210,49,"{""type"":""MultiPoint"",""coordinates"":[]}"
000000000000000008a2,2211,49,"{""type"":""MultiPoint"",""coordinates"":[]}"
000000000000000008a3,2212,49,"{""type"":""MultiPoint"",""coordinates"":[]}"
000000000000000008a4,2213,49,"{""type"":""MultiPoint"",""coordinates"":[]}"
000000000000000008a5,2214,49,"{""type"":""MultiPoint"",""coordinates"":[]}"
000000000000000008a6,2215,49,"{""type"":""MultiPoint"",""coordinates"":[]}"
000000000000000008a7,2216,49,"{""type"":""MultiPoint"",""coordinates"":[]}"
000000000000000008a8,2217,49,"{""type"":""MultiPoint"",""coordinates"":[]}"
000000000000000008a9,2218,49,"{""type"":""MultiPoint"",""coordinates"":[]}"
000000000000000008aa,2219,49,"{""type"":""MultiPoint"",""coordinates"":[]}"
000000000000000008ab,2220,49,"{""type"":""MultiPoint"",""coordinates"":[]}"
000000000000000008ac,2221,47,"{""type"":""MultiPoint"",""coordinates"":[]}"
000000000000000008ad,2222,47,"{""type"":""MultiPoint"",""coordinates"":[]}"
000000000000000008ae,2223,49,"{""type"":""MultiPoint"",""coordinates"":[]}"
000000000000000008af,2224,59,"{""type"":""MultiPoint"",""coordinates"":[]}"
000000000000000008b0,2225,7,"{""type"":""MultiPoint"",""coordinates"":[]}"
000000000000000008b1,2226,,"{""type"":""MultiPoint"",""coordinates"":[]}"
000000000000000008b2,2227,47,"{""type"":""MultiPoint"",""coordinates"":[]}"
000000000000000008b3,2228,57,"{""type"":""MultiPoint"",""coordinates"":[]}"
000000000000000008b4,2229,47,"{""type"":""MultiPoint"",""coordinates"":[]}"
000000000000000008b5,2230,47,"{""type"":""MultiPoint"",""coordinates"":[]}"
000000000000000008b6,2231,47,"{""type"":""MultiPoint"",""coordinates"":[]}"
000000000000000008b7,2232,49,"{""type"":""MultiPoint"",""coordinates"":[]}"
000000000000000008b8,2233,49,"{""type"":""MultiPoint"",""coordinates"":[]}"
000000000000000008b9,2234,50,"{""type"":""MultiPoint"",""coordinates"":[]}"
000000000000000008ba,2235,,"{""type"":""MultiPoint"",""coordinates"":[]}"
000000000000000008bb,2236,48,"{""type"":""MultiPoint"",""coordinates"":[]}"
000000000000000008bc,2237,48,"{""type"":""MultiPoint"",""coordinates"":[]}"
000000000000000008bd,2238,50,"{""type"":""MultiPoint"",""coordinates"":[]}"
000000000000000008be,2239,49,"{""type"":""MultiPoint"",""coordinates"":[]}"
000000000000000008bf,2240,59,"{""type"":""MultiPoint"",""coordinates"":[]}"
000000000000000008c0,2241,59,"{""type"":""MultiPoint"",""coordinates"":[]}"
000000000000000008c1,2242,59,"{""type"":""MultiPoint"",""coordinates"":[]}"
000000000000000008c2,2243,59,"{""type"":""MultiPoint"",""coordinates"":[]}"
000000000000000008c3,2244,59,"{""type"":""MultiPoint"",""coordinates"":[]}"
000000000000000008c4,2245,59,"{""type"":""MultiPoint"",""coordinates"":[]}"
000000000000000008c5,2246,60,"{""type"":""MultiPoint"",""coordinates"":[]}"
000000000000000008c6,2247,49,"{""type"":""MultiPoint"",""coordinates"":[]}"
000000000000000008c7,2248,49,"{""type"":""MultiPoint"",""coordinates"":[]}"
000000000000000008c8,2249,49,"{""type"":""MultiPoint"",""coordinates"":[]}"
000000000000000008c9,2250,47,"{""type"":""MultiPoint"",""coordinates"":[]}"
000000000000000008ca,2251,,"{""type"":""MultiPoint"",""coordinates"":[]}"
000000000000000008cb,2252,,"{""type"":""MultiPoint"",""coordinates"":[]}"
000000000000000008cc,2253,,"{""type"":""MultiPoint"",""coordinates"":[]}"
000000000000000008cd,2254,47,"{""type"":""MultiPoint"",""coordinates"":[]}"
000000000000000008ce,2255,57,"{""type"":""MultiPoint"",""coordinates"":[]}"
000000000000000008cf,2256,47,"{""type"":""MultiPoint"",""coordinates"":[]}"
000000000000000008d0,2257,47,"{""type"":""MultiPoint"",""coordinates"":[]}"
000000000000000008d1,2258,47,"{""type"":""MultiPoint"",""coordinates"":[]}"
000000000000000008d2,2259,47,"{""type"":""MultiPoint"",""coordinates"":[]}"
000000000000000008d3,2260,47,"{""type"":""MultiPoint"",""coordinates"":[]}"
000000000000000008d4,2261,49,"{""type"":""MultiPoint"",""coordinates"":[]}"
000000000000000008d5,2262,49,"{""type"":""MultiPoint"",""coordinates"":[]}"
000000000000000008d6,2263,49,"{""type"":""MultiPoint"",""coordinates"":[]}"
000000000000000008d7,2264,,"{""type"":""MultiPoint"",""coordinates"":[]}"
000000000000000008d8,2265,60,"{""type"":""MultiPoint"",""coordinates"":[]}"
000000000000000008d9,2266,60,"{""type"":""MultiPoint"",""coordinates"":[]}"
000000000000000008da,2267,49,"{""type"":""MultiPoint"",""coordinates"":[]}"
000000000000000008db,2268,49,"{""type"":""MultiPoint"",""coordinates"":[]}"
000000000000000008dc,2269,,"{""type"":""MultiPoint"",""coordinates"":[]}"
000000000000000008dd,2270,59,"{""type"":""MultiPoint"",""coordinates"":[]}"
000000000000000008de,2271,60,"{""type"":""MultiPoint"",""coordinates"":[]}"
000000000000000008df,2272,60,"{""type"":""MultiPoint"",""coordinates"":[]}"
000000000000000008e0,2273,60,"{""type"":""MultiPoint"",""coordinates"":[]}"
000000000000000008e1,2274,60,"{""type"":""MultiPoint"",""coordinates"":[]}"
000000000000000008e2,2275,57,"{""type"":""MultiPoint"",""coordinates"":[]}"
000000000000000008e3,2276,57,"{""type"":""MultiPoint"",""coordinates"":[]}"
000000000000000008e4,2277,,"{""type"":""MultiPoint"",""coordinates"":[]}"
000000000000000008e5,2278,57,"{""type"":""MultiPoint"",""coordinates"":[]}"
000000000000000008e6,2279,57,"{""type"":""MultiPoint"",""coordinates"":[]}"
000000000000000008e7,2280,49,"{""type"":""MultiPoint"",""coordinates"":[]}"
000000000000000008e8,2281,58,"{""type"":""MultiPoint"",""coordinates"":[]}"
000000000000000008e9,2282,49,"{""type"":""MultiPoint"",""coordinates"":[]}"
000000000000000008ea,2283,59,"{""type"":""MultiPoint"",""coordinates"":[]}"
000000000000000008eb,2284,59,"{""type"":""MultiPoint"",""coordinates"":[]}"
000000000000000008ec,2285,59,"{""type"":""MultiPoint"",""coordinates"":[]}"
000000000000000008ed,2286,49,"{""type"":""MultiPoint"",""coordinates"":[]}"
000000000000000008ee,2287,49,"{""type"":""MultiPoint"",""coordinates"":[]}"
000000000000000008ef,2288,47,"{""type"":""MultiPoint"",""coordinates"":[]}"
000000000000000008f0,2289,49,"{""type"":""MultiPoint"",""coordinates"":[]}"
000000000000000008f1,2290,49,"{""type"":""MultiPoint"",""coordinates"":[]}"
000000000000000008f2,2291,,"{""type"":""MultiPoint"",""coordinates"":[]}"
000000000000000008f3,2292,49,"{""type"":""MultiPoint"",""coordinates"":[]}"
000000000000000008f4,2293,49,"{""type"":""MultiPoint"",""coordinates"":[]}"
000000000000000008f5,2294,49,"{""type"":""MultiPoint"",""coordinates"":[]}"
000000000000000008f6,2295,49,"{""type"":""MultiPoint"",""coordinates"":[]}"
000000000000000008f7,2296,49,"{""type"":""MultiPoint"",""coordinates"":[]}"
000000000000000008f8,2297,49,"{""type"":""MultiPoint"",""coordinates"":[]}"
000000000000000008f9,2298,49,"{""type"":""MultiPoint"",""coordinates"":[]}"
000000000000000008fa,2299,49,"{""type"":""MultiPoint"",""coordinates"":[]}"
000000000000000008fb,2300,49,"{""type"":""MultiPoint"",""coordinates"":[]}"
000000000000000008fc,2301,47,"{""type"":""MultiPoint"",""coordinates"":[]}"
000000000000000008fd,2302,47,"{""type"":""MultiPoint"",""coordinates"":[]}"
000000000000000008fe,2303,49,"{""type"":""MultiPoint"",""coordinates"":[]}"
000000000000000008ff,2304,59,"{""type"":""MultiPoint"",""coordinates"":[]}"
00000000000000000900,2305,59,"{""type"":""MultiPoint"",""coordinates"":[]}"
00000000000000000901,2306,59,"{""type"":""MultiPoint"",""coordinates"":[]}"
00000000000000000902,2307,59,"{""type"":""MultiPoint"",""coordinates"":[]}"
00000000000000000903,2308,47,"{""type"":""MultiPoint"",""coordinates"":[]}"
00000000000000000904,2309,49,"{""type"":""MultiPoint"",""coordinates"":[]}"
00000000000000000905,2310,49,"{""type"":""MultiPoint"",""coordinates"":[]}"
00000000000000000906,2311,49,"{""type"":""MultiPoint"",""coordinates"":[]}"
00000000000000000907,2312,49,"{""type"":""MultiPoint"",""coordinates"":[]}"
00000000000000000908,2313,3,"{""type"":""MultiPoint"",""coordinates"":[]}"
00000000000000000909,2314,55,"{""type"":""MultiPoint"",""coordinates"":[]}"
0000000000000000090a,2315,57,"{""type"":""MultiPoint"",""coordinates"":[]}"
0000000000000000090b,2316,59,"{""type"":""MultiPoint"",""coordinates"":[]}"
0000000000000000090c,2317,59,"{""type"":""MultiPoint"",""coordinates"":[]}"
0000000000000000090d,2318,,"{""type"":""MultiPoint"",""coordinates"":[]}"
0000000000000000090e,2319,49,"{""type"":""MultiPoint"",""coordinates"":[]}"
0000000000000000090f,2320,49,"{""type"":""MultiPoint"",""coordinates"":[]}"
00000000000000000910,2321,49,"{""type"":""MultiPoint"",""coordinates"":[]}"
00000000000000000911,2322,,"{""type"":""MultiPoint"",""coordinates"":[]}"
00000000000000000912,2323,,"{""type"":""MultiPoint"",""coordinates"":[]}"
00000000000000000913,2324,59,"{""type"":""MultiPoint"",""coordinates"":[]}"
00000000000000000914,2325,59,"{""type"":""MultiPoint"",""coordinates"":[]}"
00000000000000000915,2326,50,"{""type"":""MultiPoint"",""coordinates"":[]}"
00000000000000000916,2327,50,"{""type"":""MultiPoint"",""coordinates"":[]}"
00000000000000000917,2328,59,"{""type"":""MultiPoint"",""coordinates"":[]}"
00000000000000000918,2329,48,"{""type"":""MultiPoint"",""coordinates"":[]}"
00000000000000000919,2330,49,"{""type"":""MultiPoint"",""coordinates"":[]}"
0000000000000000091a,2331,,"{""type"":""MultiPoint"",""coordinates"":[]}"
0000000000000000091b,2332,49,"{""type"":""MultiPoint"",""coordinates"":[]}"
0000000000000000091c,2333,49,"{""type"":""MultiPoint"",""coordinates"":[]}"
0000000000000000091d,2334,49,"{""type"":""MultiPoint"",""coordinates"":[]}"
0000000000000000091e,2335,49,"{""type"":""MultiPoint"",""coordinates"":[]}"
0000000000000000091f,2336,49,"{""type"":""MultiPoint"",""coordinates"":[]}"
00000000000000000920,2337,49,"{""type"":""MultiPoint"",""coordinates"":[]}"
00000000000000000921,2338,59,"{""type"":""MultiPoint"",""coordinates"":[]}"
00000000000000000922,2339,47,"{""type"":""MultiPoint"",""coordinates"":[]}"
00000000000000000923,2340,47,"{""type"":""MultiPoint"",""coordinates"":[]}"
00000000000000000924,2341,,"{""type"":""MultiPoint"",""coordinates"":[]}"
00000000000000000925,2342,47,"{""type"":""MultiPoint"",""coordinates"":[]}"
00000000000000000926,2343,47,"{""type"":""MultiPoint"",""coordinates"":[]}"
00000000000000000927,2344,49,"{""type"":""MultiPoint"",""coordinates"":[]}"
00000000000000000928,2345,49,"{""type"":""MultiPoint"",""coordinates"":[]}"
00000000000000000929,2346,,"{""type"":""MultiPoint"",""coordinates"":[]}"
0000000000000000092a,2347,49,"{""type"":""MultiPoint"",""coordinates"":[]}"
0000000000000000092b,2348,49,"{""type"":""MultiPoint"",""coordinates"":[]}"
0000000000000000092c,2349,49,"{""type"":""MultiPoint"",""coordinates"":[]}"
0000000000000000092d,2350,47,"{""type"":""MultiPoint"",""coordinates"":[]}"
0000000000000000092e,2351,49,"{""type"":""MultiPoint"",""coordinates"":[]}"
0000000000000000092f,2352,47,"{""type"":""MultiPoint"",""coordinates"":[]}"
00000000000000000930,2353,47,"{""type"":""MultiPoint"",""coordinates"":[]}"
00000000000000000931,2354,49,"{""type"":""MultiPoint"",""coordinates"":[]}"
00000000000000000932,2355,47,"{""type"":""MultiPoint"",""coordinates"":[]}"
00000000000000000933,2356,59,"{""type"":""MultiPoint"",""coordinates"":[]}"
00000000000000000934,2357,59,"{""type"":""MultiPoint"",""coordinates"":[]}"
00000000000000000935,2358,47,"{""type"":""MultiPoint"",""coordinates"":[]}"
00000000000000000936,2359,48,"{""type"":""MultiPoint"",""coordinates"":[]}"
00000000000000000937,2360,47,"{""type"":""MultiPoint"",""coordinates"":[]}"
00000000000000000938,2361,47,"{""type"":""MultiPoint"",""coordinates"":[]}"
00000000000000000939,2362,47,"{""type"":""MultiPoint"",""coordinates"":[]}"
0000000000000000093a,2363,7,"{""type"":""MultiPoint"",""coordinates"":[]}"
0000000000000000093b,2364,57,"{""type"":""MultiPoint"",""coordinates"":[]}"
0000000000000000093c,2365,7,"{""type"":""MultiPoint"",""coordinates"":[]}"
0000000000000000093d,2366,57,"{""type"":""MultiPoint"",""coordinates"":[]}"
0000000000000000093e,2367,59,"{""type"":""MultiPoint"",""coordinates"":[]}"
0000000000000000093f,2368,49,"{""type"":""MultiPoint"",""coordinates"":[]}"
00000000000000000940,2369,59,"{""type"":""MultiPoint"",""coordinates"":[]}"
00000000000000000941,2370,50,"{""type"":""MultiPoint"",""coordinates"":[]}"
00000000000000000942,2371,,"{""type"":""MultiPoint"",""coordinates"":[]}"
00000000000000000943,2372,,"{""type"":""MultiPoint"",""coordinates"":[]}"
00000000000000000944,2373,49,"{""type"":""MultiPoint"",""coordinates"":[]}"
00000000000000000945,2374,49,"{""type"":""MultiPoint"",""coordinates"":[]}"
00000000000000000946,2375,49,"{""type"":""MultiPoint"",""coordinates"":[]}"
00000000000000000947,2376,49,"{""type"":""MultiPoint"",""coordinates"":[]}"
00000000000000000948,2377,49,"{""type"":""MultiPoint"",""coordinates"":[]}"
00000000000000000949,2378,49,"{""type"":""MultiPoint"",""coordinates"":[]}"
0000000000000000094a,2379,59,"{""type"":""MultiPoint"",""coordinates"":[]}"
0000000000000000094b,2380,2,"{""type"":""MultiPoint"",""coordinates"":[]}"
0000000000000000094c,2381,3,"{""type"":""MultiPoint"",""coordinates"":[]}"
0000000000000000094d,2382,59,"{""type"":""MultiPoint"",""coordinates"":[]}"
0000000000000000094e,2383,49,"{""type"":""MultiPoint"",""coordinates"":[]}"
0000000000000000094f,2384,59,"{""type"":""MultiPoint"",""coordinates"":[]}"
00000000000000000950,2385,3,"{""type"":""MultiPoint"",""coordinates"":[]}"
00000000000000000951,2386,55,"{""type"":""MultiPoint"",""coordinates"":[]}"
00000000000000000952,2387,,"{""type"":""MultiPoint"",""coordinates"":[]}"
00000000000000000953,2388,59,"{""type"":""MultiPoint"",""coordinates"":[]}"
00000000000000000954,2389,59,"{""type"":""MultiPoint"",""coordinates"":[]}"
00000000000000000955,2390,4,"{""type"":""MultiPoint"",""coordinates"":[]}"
00000000000000000956,2391,4,"{""type"":""MultiPoint"",""coordinates"":[]}"
00000000000000000957,2392,,"{""type"":""MultiPoint"",""coordinates"":[]}"
00000000000000000958,2393,49,"{""type"":""MultiPoint"",""coordinates"":[]}"
00000000000000000959,2394,59,"{""type"":""MultiPoint"",""coordinates"":[]}"
0000000000000000095a,2395,59,"{""type"":""MultiPoint"",""coordinates"":[]}"
0000000000000000095b,2396,59,"{""type"":""MultiPoint"",""coordinates"":[]}"
0000000000000000095c,2397,59,"{""type"":""MultiPoint"",""coordinates"":[]}"
0000000000000000095d,2398,59,"{""type"":""MultiPoint"",""coordinates"":[]}"
0000000000000000095e,2399,49,"{""type"":""MultiPoint"",""coordinates"":[]}"
0000000000000000095f,2400,,"{""type"":""MultiPoint"",""coordinates"":[]}"
00000000000000000960,2401,47,"{""type"":""MultiPoint"",""coordinates"":[]}"
00000000000000000961,2402,59,"{""type"":""MultiPoint"",""coordinates"":[]}"
00000000000000000962,2403,59,"{""type"":""MultiPoint"",""coordinates"":[]}"
00000000000000000963,2404,59,"{""type"":""MultiPoint"",""coordinates"":[]}"
00000000000000000964,2405,49,"{""type"":""MultiPoint"",""coordinates"":[]}"
00000000000000000965,2406,57,"{""type"":""MultiPoint"",""coordinates"":[]}"
00000000000000000966,2407,57,"{""type"":""MultiPoint"",""coordinates"":[]}"
00000000000000000967,2408,4,"{""type"":""MultiPoint"",""coordinates"":[]}"
00000000000000000968,2409,57,"{""type"":""MultiPoint"",""coordinates"":[]}"
00000000000000000969,2410,49,"{""type"":""MultiPoint"",""coordinates"":[]}"
0000000000000000096a,2411,,"{""type"":""MultiPoint"",""coordinates"":[]}"
0000000000000000096b,2412,59,"{""type"":""MultiPoint"",""coordinates"":[]}"
0000000000000000096c,2413,55,"{""type"":""MultiPoint"",""coordinates"":[]}"
0000000000000000096d,2414,,"{""type"":""MultiPoint"",""coordinates"":[]}"
0000000000000000096e,2415,,"{""type"":""MultiPoint"",""coordinates"":[]}"
0000000000000000096f,2416,55,"{""type"":""MultiPoint"",""coordinates"":[]}"
00000000000000000970,2417,57,"{""type"":""MultiPoint"",""coordinates"":[]}"
00000000000000000971,2418,7,"{""type"":""MultiPoint"",""coordinates"":[]}"
00000000000000000972,2419,59,"{""type"":""MultiPoint"",""coordinates"":[]}"
00000000000000000973,2420,,"{""type"":""MultiPoint"",""coordinates"":[]}"
00000000000000000974,2421,59,"{""type"":""MultiPoint"",""coordinates"":[]}"
00000000000000000975,2422,,"{""type"":""MultiPoint"",""coordinates"":[]}"
00000000000000000976,2423,55,"{""type"":""MultiPoint"",""coordinates"":[]}"
00000000000000000977,2424,55,"{""type"":""MultiPoint"",""coordinates"":[]}"
00000000000000000978,2425,55,"{""type"":""MultiPoint"",""coordinates"":[]}"
00000000000000000979,2426,55,"{""type"":""MultiPoint"",""coordinates"":[]}"
0000000000000000097a,2427,59,"{""type"":""MultiPoint"",""coordinates"":[]}"
0000000000000000097b,2428,59,"{""type"":""MultiPoint"",""coordinates"":[]}"
0000000000000000097c,2429,,"{""type"":""MultiPoint"",""coordinates"":[]}"
0000000000000000097d,2430,48,"{""type"":""MultiPoint"",""coordinates"":[]}"
0000000000000000097e,2431,3,"{""type"":""MultiPoint"",""coordinates"":[]}"
0000000000000000097f,2432,55,"{""type"":""MultiPoint"",""coordinates"":[]}"
00000000000000000980,2433,,"{""type"":""MultiPoint"",""coordinates"":[]}"
00000000000000000981,2434,57,"{""type"":""MultiPoint"",""coordinates"":[]}"
00000000000000000982,2435,57,"{""type"":""MultiPoint"",""coordinates"":[]}"
00000000000000000983,2436,,"{""type"":""MultiPoint"",""coordinates"":[]}"
00000000000000000984,2437,59,"{""type"":""MultiPoint"",""coordinates"":[]}"
00000000000000000985,2438,59,"{""type"":""MultiPoint"",""coordinates"":[]}"
00000000000000000986,2439,56,"{""type"":""MultiPoint"",""coordinates"":[]}"
00000000000000000987,2440,59,"{""type"":""MultiPoint"",""coordinates"":[]}"
00000000000000000988,2441,55,"{""type"":""MultiPoint"",""coordinates"":[]}"
00000000000000000989,2442,,"{""type"":""MultiPoint"",""coordinates"":[]}"
0000000000000000098a,2443,59,"{""type"":""MultiPoint"",""coordinates"":[]}"
0000000000000000098b,2444,59,"{""type"":""MultiPoint"",""coordinates"":[]}"
0000000000000000098c,2445,57,"{""type"":""MultiPoint"",""coordinates"":[]}"
0000000000000000098d,2446,57,"{""type"":""MultiPoint"",""coordinates"":[]}"
0000000000000000098e,2447,47,"{""type"":""MultiPoint"",""coordinates"":[]}"
0000000000000000098f,2448,49,"{""type"":""MultiPoint"",""coordinates"":[]}"
00000000000000000990,2449,,"{""type"":""MultiPoint"",""coordinates"":[]}"
00000000000000000991,2450,49,"{""type"":""MultiPoint"",""coordinates"":[]}"
00000000000000000992,2451,50,"{""type"":""MultiPoint"",""coordinates"":[]}"
00000000000000000993,2452,47,"{""type"":""MultiPoint"",""coordinates"":[]}"
00000000000000000994,2453,,"{""type"":""MultiPoint"",""coordinates"":[]}"
00000000000000000995,2454,49,"{""type"":""MultiPoint"",""coordinates"":[]}"
00000000000000000996,2455,49,"{""type"":""MultiPoint"",""coordinates"":[]}"
00000000000000000997,2456,49,"{""type"":""MultiPoint"",""coordinates"":[]}"
00000000000000000998,2457,49,"{""type"":""MultiPoint"",""coordinates"":[]}"
00000000000000000999,2458,59,"{""type"":""MultiPoint"",""coordinates"":[]}"
0000000000000000099a,2459,60,"{""type"":""MultiPoint"",""coordinates"":[]}"
0000000000000000099b,2460,,"{""type"":""MultiPoint"",""coordinates"":[]}"
0000000000000000099c,2461,47,"{""type"":""MultiPoint"",""coordinates"":[]}"
0000000000000000099d,2462,49,"{""type"":""MultiPoint"",""coordinates"":[]}"
0000000000000000099e,2463,49,"{""type"":""MultiPoint"",""coordinates"":[]}"
0000000000000000099f,2464,,"{""type"":""MultiPoint"",""coordinates"":[]}"
000000000000000009a0,2465,47,"{""type"":""MultiPoint"",""coordinates"":[]}"
000000000000000009a1,2466,49,"{""type"":""MultiPoint"",""coordinates"":[]}"
000000000000000009a2,2467,49,"{""type"":""MultiPoint"",""coordinates"":[]}"
000000000000000009a3,2468,49,"{""type"":""MultiPoint"",""coordinates"":[]}"
000000000000000009a4,2469,49,"{""type"":""MultiPoint"",""coordinates"":[]}"
000000000000000009a5,2470,50,"{""type"":""MultiPoint"",""coordinates"":[]}"
000000000000000009a6,2471,,"{""type"":""MultiPoint"",""coordinates"":[]}"
000000000000000009a7,2472,,"{""type"":""MultiPoint"",""coordinates"":[]}"
000000000000000009a8,2473,,"{""type"":""MultiPoint"",""coordinates"":[]}"
000000000000000009a9,2474,49,"{""type"":""MultiPoint"",""coordinates"":[]}"
000000000000000009aa,2475,13,"{""type"":""MultiPoint"",""coordinates"":[]}"
000000000000000009ab,2476,4,"{""type"":""MultiPoint"",""coordinates"":[]}"
000000000000000009ac,2477,49,"{""type"":""MultiPoint"",""coordinates"":[]}"
000000000000000009ad,2478,59,"{""type"":""MultiPoint"",""coordinates"":[]}"
000000000000000009ae,2479,49,"{""type"":""MultiPoint"",""coordinates"":[]}"
000000000000000009af,2480,49,"{""type"":""MultiPoint"",""coordinates"":[]}"
000000000000000009b0,2481,,"{""type"":""MultiPoint"",""coordinates"":[]}"
000000000000000009b1,2482,,"{""type"":""MultiPoint"",""coordinates"":[]}"
000000000000000009b2,2483,49,"{""type"":""MultiPoint"",""coordinates"":[]}"
000000000000000009b3,2484,49,"{""type"":""MultiPoint"",""coordinates"":[]}"
000000000000000009b4,2485,49,"{""type"":""MultiPoint"",""coordinates"":[]}"
000000000000000009b5,2486,49,"{""type"":""MultiPoint"",""coordinates"":[]}"
000000000000000009b6,2487,49,"{""type"":""MultiPoint"",""coordinates"":[]}"
000000000000000009b7,2488,,"{""type"":""MultiPoint"",""coordinates"":[]}"
000000000000000009b8,2489,,"{""type"":""MultiPoint"",""coordinates"":[]}"
000000000000000009b9,2490,49,"{""type"":""MultiPoint"",""coordinates"":[]}"
000000000000000009ba,2491,,"{""type"":""MultiPoint"",""coordinates"":[]}"
000000000000000009bb,2492,,"{""type"":""MultiPoint"",""coordinates"":[]}"
000000000000000009bc,2493,49,"{""type"":""MultiPoint"",""coordinates"":[]}"
000000000000000009bd,2494,,"{""type"":""MultiPoint"",""coordinates"":[]}"
000000000000000009be,2495,49,"{""type"":""MultiPoint"",""coordinates"":[]}"
000000000000000009bf,2496,49,"{""type"":""MultiPoint"",""coordinates"":[]}"
000000000000000009c0,2497,49,"{""type"":""MultiPoint"",""coordinates"":[]}"
000000000000000009c1,2498,49,"{""type"":""MultiPoint"",""coordinates"":[]}"
000000000000000009c2,2499,49,"{""type"":""MultiPoint"",""coordinates"":[]}"
000000000000000009c3,2500,49,"{""type"":""MultiPoint"",""coordinates"":[]}"
000000000000000009c4,2501,47,"{""type"":""MultiPoint"",""coordinates"":[]}"
000000000000000009c5,2502,47,"{""type"":""MultiPoint"",""coordinates"":[]}"
000000000000000009c6,2503,47,"{""type"":""MultiPoint"",""coordinates"":[]}"
000000000000000009c7,2504,49,"{""type"":""MultiPoint"",""coordinates"":[]}"
000000000000000009c8,2505,49,"{""type"":""MultiPoint"",""coordinates"":[]}"
000000000000000009c9,2506,49,"{""type"":""MultiPoint"",""coordinates"":[]}"
000000000000000009ca,2507,49,"{""type"":""MultiPoint"",""coordinates"":[]}"
000000000000000009cb,2508,4,"{""type"":""MultiPoint"",""coordinates"":[]}"
000000000000000009cc,2509,,"{""type"":""MultiPoint"",""coordinates"":[]}"
000000000000000009cd,2510,66,"{""type"":""MultiPoint"",""coordinates"":[]}"
000000000000000009ce,2511,66,"{""type"":""MultiPoint"",""coordinates"":[]}"
000000000000000009cf,2512,55,"{""type"":""MultiPoint"",""coordinates"":[]}"
000000000000000009d0,2513,55,"{""type"":""MultiPoint"",""coordinates"":[]}"
000000000000000009d1,2514,55,"{""type"":""MultiPoint"",""coordinates"":[]}"
000000000000000009d2,2515,4,"{""type"":""MultiPoint"",""coordinates"":[]}"
000000000000000009d3,2516,4,"{""type"":""MultiPoint"",""coordinates"":[]}"
000000000000000009d4,2517,,"{""type"":""MultiPoint"",""coordinates"":[]}"
000000000000000009d5,2518,59,"{""type"":""MultiPoint"",""coordinates"":[]}"
000000000000000009d6,2519,59,"{""type"":""MultiPoint"",""coordinates"":[]}"
000000000000000009d7,2520,59,"{""type"":""MultiPoint"",""coordinates"":[]}"
000000000000000009d8,2521,59,"{""type"":""MultiPoint"",""coordinates"":[]}"
000000000000000009d9,2522,,"{""type"":""MultiPoint"",""coordinates"":[]}"
000000000000000009da,2523,55,"{""type"":""MultiPoint"",""coordinates"":[]}"
000000000000000009db,2524,3,"{""type"":""MultiPoint"",""coordinates"":[]}"
000000000000000009dc,2525,3,"{""type"":""MultiPoint"",""coordinates"":[]}"
000000000000000009dd,2526,55,"{""type"":""MultiPoint"",""coordinates"":[]}"
000000000000000009de,2527,55,"{""type"":""MultiPoint"",""coordinates"":[]}"
000000000000000009df,2528,,"{""type"":""MultiPoint"",""coordinates"":[]}"
000000000000000009e0,2529,55,"{""type"":""MultiPoint"",""coordinates"":[]}"
000000000000000009e1,2530,3,"{""type"":""MultiPoint"",""coordinates"":[]}"
000000000000000009e2,2531,55,"{""type"":""MultiPoint"",""coordinates"":[]}"
000000000000000009e3,2532,55,"{""type"":""MultiPoint"",""coordinates"":[]}"
000000000000000009e4,2533,57,"{""type"":""MultiPoint"",""coordinates"":[]}"
000000000000000009e5,2534,57,"{""type"":""MultiPoint"",""coordinates"":[]}"
000000000000000009e6,2535,,"{""type"":""MultiPoint"",""coordinates"":[]}"
000000000000000009e7,2536,,"{""type"":""MultiPoint"",""coordinates"":[]}"
000000000000000009e8,2537,57,"{""type"":""MultiPoint"",""coordinates"":[]}"
000000000000000009e9,2538,23,"{""type"":""MultiPoint"",""coordinates"":[]}"
000000000000000009ea,2539,55,"{""type"":""MultiPoint"",""coordinates"":[]}"
000000000000000009eb,2540,59,"{""type"":""MultiPoint"",""coordinates"":[]}"
000000000000000009ec,2541,59,"{""type"":""MultiPoint"",""coordinates"":[]}"
000000000000000009ed,2542,57,"{""type"":""MultiPoint"",""coordinates"":[]}"
000000000000000009ee,2543,55,"{""type"":""MultiPoint"",""coordinates"":[]}"
000000000000000009ef,2544,58,"{""type"":""MultiPoint"",""coordinates"":[]}"
000000000000000009f0,2545,,"{""type"":""MultiPoint"",""coordinates"":[]}"
000000000000000009f1,2546,58,"{""type"":""MultiPoint"",""coordinates"":[]}"
000000000000000009f2,2547,,"{""type"":""MultiPoint"",""coordinates"":[]}"
000000000000000009f3,2548,59,"{""type"":""MultiPoint"",""coordinates"":[]}"
000000000000000009f4,2549,,"{""type"":""MultiPoint"",""coordinates"":[]}"
000000000000000009f5,2550,57,"{""type"":""MultiPoint"",""coordinates"":[]}"
000000000000000009f6,2551,59,"{""type"":""MultiPoint"",""coordinates"":[]}"
000000000000000009f7,2552,57,"{""type"":""MultiPoint"",""coordinates"":[]}"
000000000000000009f8,2553,,"{""type"":""MultiPoint"",""coordinates"":[]}"
000000000000000009f9,2554,59,"{""type"":""MultiPoint"",""coordinates"":[]}"
000000000000000009fa,2555,59,"{""type"":""MultiPoint"",""coordinates"":[]}"
000000000000000009fb,2556,59,"{""type"":""MultiPoint"",""coordinates"":[]}"
000000000000000009fc,2557,,"{""type"":""MultiPoint"",""coordinates"":[]}"
000000000000000009fd,2558,,"{""type"":""MultiPoint"",""coordinates"":[]}"
000000000000000009fe,2559,59,"{""type"":""MultiPoint"",""coordinates"":[]}"
000000000000000009ff,2560,59,"{""type"":""MultiPoint"",""coordinates"":[]}"
00000000000000000a00,2561,3,"{""type"":""MultiPoint"",""coordinates"":[]}"
00000000000000000a01,2562,3,"{""type"":""MultiPoint"",""coordinates"":[]}"
00000000000000000a02,2563,3,"{""type"":""MultiPoint"",""coordinates"":[]}"
00000000000000000a03,2564,3,"{""type"":""MultiPoint"",""coordinates"":[]}"
00000000000000000a04,2565,3,"{""type"":""MultiPoint"",""coordinates"":[]}"
00000000000000000a05,2566,3,"{""type"":""MultiPoint"",""coordinates"":[]}"
00000000000000000a06,2567,55,"{""type"":""MultiPoint"",""coordinates"":[]}"
00000000000000000a07,2568,55,"{""type"":""MultiPoint"",""coordinates"":[]}"
00000000000000000a08,2569,55,"{""type"":""MultiPoint"",""coordinates"":[]}"
00000000000000000a09,2570,55,"{""type"":""MultiPoint"",""coordinates"":[]}"
00000000000000000a0a,2571,3,"{""type"":""MultiPoint"",""coordinates"":[]}"
00000000000000000a0b,2572,13,"{""type"":""MultiPoint"",""coordinates"":[]}"
00000000000000000a0c,2573,5,"{""type"":""MultiPoint"",""coordinates"":[]}"
00000000000000000a0d,2574,55,"{""type"":""MultiPoint"",""coordinates"":[]}"
00000000000000000a0e,2575,,"{""type"":""MultiPoint"",""coordinates"":[]}"
00000000000000000a0f,2576,55,"{""type"":""MultiPoint"",""coordinates"":[]}"
00000000000000000a10,2577,55,"{""type"":""MultiPoint"",""coordinates"":[]}"
00000000000000000a11,2578,13,"{""type"":""MultiPoint"",""coordinates"":[]}"
00000000000000000a12,2579,13,"{""type"":""MultiPoint"",""coordinates"":[]}"
00000000000000000a13,2580,31,"{""type"":""MultiPoint"",""coordinates"":[]}"
00000000000000000a14,2581,3,"{""type"":""MultiPoint"",""coordinates"":[]}"
00000000000000000a15,2582,31,"{""type"":""MultiPoint"",""coordinates"":[]}"
00000000000000000a16,2583,59,"{""type"":""MultiPoint"",""coordinates"":[]}"
00000000000000000a17,2584,59,"{""type"":""MultiPoint"",""coordinates"":[]}"
00000000000000000a18,2585,59,"{""type"":""MultiPoint"",""coordinates"":[]}"
00000000000000000a19,2586,59,"{""type"":""MultiPoint"",""coordinates"":[]}"
00000000000000000a1a,2587,59,"{""type"":""MultiPoint"",""coordinates"":[]}"
00000000000000000a1b,2588,59,"{""type"":""MultiPoint"",""coordinates"":[]}"
00000000000000000a1c,2589,55,"{""type"":""MultiPoint"",""coordinates"":[]}"
00000000000000000a1d,2590,55,"{""type"":""MultiPoint"",""coordinates"":[]}"
00000000000000000a1e,2591,59,"{""type"":""MultiPoint"",""coordinates"":[]}"
00000000000000000a1f,2592,,"{""type"":""MultiPoint"",""coordinates"":[]}"
00000000000000000a20,2593,59,"{""type"":""MultiPoint"",""coordinates"":[]}"
00000000000000000a21,2594,,"{""type"":""MultiPoint"",""coordinates"":[]}"
00000000000000000a22,2595,56,"{""type"":""MultiPoint"",""coordinates"":[]}"
00000000000000000a23,2596,56,"{""type"":""MultiPoint"",""coordinates"":[]}"
00000000000000000a24,2597,59,"{""type"":""MultiPoint"",""coordinates"":[]}"
00000000000000000a25,2598,,"{""type"":""MultiPoint"",""coordinates"":[]}"
00000000000000000a26,2599,,"{""type"":""MultiPoint"",""coordinates"":[]}"
00000000000000000a27,2600,,"{""type"":""MultiPoint"",""coordinates"":[]}"
00000000000000000a28,2601,59,"{""type"":""MultiPoint"",""coordinates"":[]}"
00000000000000000a29,2602,59,"{""type"":""MultiPoint"",""coordinates"":[]}"
00000000000000000a2a,2603,57,"{""type"":""MultiPoint"",""coordinates"":[]}"
00000000000000000a2b,2604,57,"{""type"":""MultiPoint"",""coordinates"":[]}"
00000000000000000a2c,2605,59,"{""type"":""MultiPoint"",""coordinates"":[]}"
00000000000000000a2d,2606,3,"{""type"":""MultiPoint"",""coordinates"":[]}"
00000000000000000a2e,2607,3,"{""type"":""MultiPoint"",""coordinates"":[]}"
00000000000000000a2f,2608,,"{""type"":""MultiPoint"",""coordinates"":[]}"
00000000000000000a30,2609,3,"{""type"":""MultiPoint"",""coordinates"":[]}"
00000000000000000a31,2610,49,"{""type"":""MultiPoint"",""coordinates"":[]}"
00000000000000000a32,2611,50,"{""type"":""MultiPoint"",""coordinates"":[]}"
00000000000000000a33,2612,49,"{""type"":""MultiPoint"",""coordinates"":[]}"
00000000000000000a34,2613,49,"{""type"":""MultiPoint"",""coordinates"":[]}"
00000000000000000a35,2614,,"{""type"":""MultiPoint"",""coordinates"":[]}"
0000000000000000066c,1645,13,"{""type"":""MultiPoint"",""coordinates"":[]}"
0000000000000000066d,1646,13,"{""type"":""MultiPoint"",""coordinates"":[]}"
0000000000000000066e,1647,47,"{""type"":""MultiPoint"",""coordinates"":[]}"
0000000000000000066f,1648,49,"{""type"":""MultiPoint"",""coordinates"":[]}"
00000000000000000670,1649,49,"{""type"":""MultiPoint"",""coordinates"":[]}"
00000000000000000671,1650,49,"{""type"":""MultiPoint"",""coordinates"":[]}"
00000000000000000672,1651,5,"{""type"":""MultiPoint"",""coordinates"":[]}"
00000000000000000673,1652,5,"{""type"":""MultiPoint"",""coordinates"":[]}"
00000000000000000674,1653,,"{""type"":""MultiPoint"",""coordinates"":[]}"
00000000000000000675,1654,,"{""type"":""MultiPoint"",""coordinates"":[]}"
00000000000000000676,1655,49,"{""type"":""MultiPoint"",""coordinates"":[]}"
00000000000000000677,1656,47,"{""type"":""MultiPoint"",""coordinates"":[]}"
00000000000000000678,1657,,"{""type"":""MultiPoint"",""coordinates"":[]}"
00000000000000000679,1658,55,"{""type"":""MultiPoint"",""coordinates"":[]}"
0000000000000000067a,1659,55,"{""type"":""MultiPoint"",""coordinates"":[]}"
0000000000000000067b,1660,47,"{""type"":""MultiPoint"",""coordinates"":[]}"
0000000000000000067c,1661,47,"{""type"":""MultiPoint"",""coordinates"":[]}"
0000000000000000067d,1662,47,"{""type"":""MultiPoint"",""coordinates"":[]}"
0000000000000000067e,1663,47,"{""type"":""MultiPoint"",""coordinates"":[]}"
0000000000000000067f,1664,49,"{""type"":""MultiPoint"",""coordinates"":[]}"
00000000000000000680,1665,49,"{""type"":""MultiPoint"",""coordinates"":[]}"
00000000000000000681,1666,5,"{""type"":""MultiPoint"",""coordinates"":[]}"
00000000000000000682,1667,49,"{""type"":""MultiPoint"",""coordinates"":[]}"
00000000000000000683,1668,,"{""type"":""MultiPoint"",""coordinates"":[]}"
00000000000000000684,1669,47,"{""type"":""MultiPoint"",""coordinates"":[]}"
00000000000000000685,1670,49,"{""type"":""MultiPoint"",""coordinates"":[]}"
00000000000000000686,1671,47,"{""type"":""MultiPoint"",""coordinates"":[]}"
00000000000000000687,1672,47,"{""type"":""MultiPoint"",""coordinates"":[]}"
00000000000000000688,1673,49,"{""type"":""MultiPoint"",""coordinates"":[]}"
00000000000000000689,1674,49,"{""type"":""MultiPoint"",""coordinates"":[]}"
0000000000000000068a,1675,49,"{""type"":""MultiPoint"",""coordinates"":[]}"
0000000000000000068b,1676,49,"{""type"":""MultiPoint"",""coordinates"":[]}"
0000000000000000068c,1677,47,"{""type"":""MultiPoint"",""coordinates"":[]}"
0000000000000000068d,1678,47,"{""type"":""MultiPoint"",""coordinates"":[]}"
0000000000000000068e,1679,47,"{""type"":""MultiPoint"",""coordinates"":[]}"
0000000000000000068f,1680,55,"{""type"":""MultiPoint"",""coordinates"":[]}"
00000000000000000690,1681,3,"{""type"":""MultiPoint"",""coordinates"":[]}"
00000000000000000691,1682,56,"{""type"":""MultiPoint"",""coordinates"":[]}"
00000000000000000a36,2615,49,"{""type"":""MultiPoint"",""coordinates"":[]}"
00000000000000000a37,2616,47,"{""type"":""MultiPoint"",""coordinates"":[]}"
00000000000000000a38,2617,49,"{""type"":""MultiPoint"",""coordinates"":[]}"
00000000000000000a39,2618,49,"{""type"":""MultiPoint"",""coordinates"":[]}"
00000000000000000a3a,2619,65,"{""type"":""MultiPoint"",""coordinates"":[]}"
00000000000000000a3b,2620,47,"{""type"":""MultiPoint"",""coordinates"":[]}"
00000000000000000a3c,2621,50,"{""type"":""MultiPoint"",""coordinates"":[]}"
00000000000000000a3d,2622,49,"{""type"":""MultiPoint"",""coordinates"":[]}"
00000000000000000a3e,2623,50,"{""type"":""MultiPoint"",""coordinates"":[]}"
00000000000000000a3f,2624,50,"{""type"":""MultiPoint"",""coordinates"":[]}"
00000000000000000a40,2625,49,"{""type"":""MultiPoint"",""coordinates"":[]}"
0000000000000000058e,1423,49,"{""type"":""MultiPoint"",""coordinates"":[]}"
0000000000000000058f,1424,50,"{""type"":""MultiPoint"",""coordinates"":[]}"
00000000000000000590,1425,,"{""type"":""MultiPoint"",""coordinates"":[]}"
00000000000000000591,1426,,"{""type"":""MultiPoint"",""coordinates"":[]}"
00000000000000000592,1427,,"{""type"":""MultiPoint"",""coordinates"":[]}"
00000000000000000ed2,3795,66,"{""type"":""MultiPoint"",""coordinates"":[]}"
00000000000000000ed3,3796,66,"{""type"":""MultiPoint"",""coordinates"":[]}"
00000000000000000ed4,3797,66,"{""type"":""MultiPoint"",""coordinates"":[]}"
00000000000000000ed5,3798,66,"{""type"":""MultiPoint"",""coordinates"":[]}"
00000000000000000ed6,3799,13,"{""type"":""MultiPoint"",""coordinates"":[]}"
00000000000000000ed7,3800,13,"{""type"":""MultiPoint"",""coordinates"":[]}"
00000000000000000576,1399,49,"{""type"":""MultiPoint"",""coordinates"":[]}"
00000000000000000577,1400,50,"{""type"":""MultiPoint"",""coordinates"":[]}"
00000000000000000578,1401,65,"{""type"":""MultiPoint"",""coordinates"":[]}"
00000000000000000579,1402,50,"{""type"":""MultiPoint"",""coordinates"":[]}"
0000000000000000057a,1403,50,"{""type"":""MultiPoint"",""coordinates"":[]}"
0000000000000000057b,1404,50,"{""type"":""MultiPoint"",""coordinates"":[]}"
0000000000000000057c,1405,49,"{""type"":""MultiPoint"",""coordinates"":[]}"
0000000000000000057d,1406,49,"{""type"":""MultiPoint"",""coordinates"":[]}"
0000000000000000057e,1407,50,"{""type"":""MultiPoint"",""coordinates"":[]}"
0000000000000000057f,1408,49,"{""type"":""MultiPoint"",""coordinates"":[]}"
00000000000000000580,1409,49,"{""type"":""MultiPoint"",""coordinates"":[]}"
00000000000000000581,1410,50,"{""type"":""MultiPoint"",""coordinates"":[]}"
00000000000000000582,1411,49,"{""type"":""MultiPoint"",""coordinates"":[]}"
00000000000000000583,1412,,"{""type"":""MultiPoint"",""coordinates"":[]}"
00000000000000000584,1413,49,"{""type"":""MultiPoint"",""coordinates"":[]}"
00000000000000000585,1414,49,"{""type"":""MultiPoint"",""coordinates"":[]}"
00000000000000000586,1415,50,"{""type"":""MultiPoint"",""coordinates"":[]}"
00000000000000000587,1416,,"{""type"":""MultiPoint"",""coordinates"":[]}"
00000000000000000588,1417,50,"{""type"":""MultiPoint"",""coordinates"":[]}"
00000000000000000589,1418,50,"{""type"":""MultiPoint"",""coordinates"":[]}"
0000000000000000058a,1419,50,"{""type"":""MultiPoint"",""coordinates"":[]}"
0000000000000000058b,1420,,"{""type"":""MultiPoint"",""coordinates"":[]}"
0000000000000000058c,1421,50,"{""type"":""MultiPoint"",""coordinates"":[]}"
0000000000000000058d,1422,50,"{""type"":""MultiPoint"",""coordinates"":[]}"
0000000000000000054d,1358,49,"{""type"":""MultiPoint"",""coordinates"":[]}"
0000000000000000054e,1359,49,"{""type"":""MultiPoint"",""coordinates"":[]}"
0000000000000000054f,1360,,"{""type"":""MultiPoint"",""coordinates"":[]}"
00000000000000000550,1361,65,"{""type"":""MultiPoint"",""coordinates"":[]}"
00000000000000000551,1362,65,"{""type"":""MultiPoint"",""coordinates"":[]}"
00000000000000000552,1363,65,"{""type"":""MultiPoint"",""coordinates"":[]}"
00000000000000000553,1364,65,"{""type"":""MultiPoint"",""coordinates"":[]}"
00000000000000000554,1365,49,"{""type"":""MultiPoint"",""coordinates"":[]}"
00000000000000000555,1366,49,"{""type"":""MultiPoint"",""coordinates"":[]}"
00000000000000000556,1367,49,"{""type"":""MultiPoint"",""coordinates"":[]}"
00000000000000000557,1368,49,"{""type"":""MultiPoint"",""coordinates"":[]}"
00000000000000000558,1369,49,"{""type"":""MultiPoint"",""coordinates"":[]}"
00000000000000000559,1370,49,"{""type"":""MultiPoint"",""coordinates"":[]}"
0000000000000000055a,1371,,"{""type"":""MultiPoint"",""coordinates"":[]}"
0000000000000000055b,1372,49,"{""type"":""MultiPoint"",""coordinates"":[]}"
0000000000000000055c,1373,50,"{""type"":""MultiPoint"",""coordinates"":[]}"
0000000000000000055d,1374,50,"{""type"":""MultiPoint"",""coordinates"":[]}"
0000000000000000055e,1375,50,"{""type"":""MultiPoint"",""coordinates"":[]}"
0000000000000000055f,1376,,"{""type"":""MultiPoint"",""coordinates"":[]}"
00000000000000000560,1377,,"{""type"":""MultiPoint"",""coordinates"":[]}"
00000000000000000561,1378,47,"{""type"":""MultiPoint"",""coordinates"":[]}"
00000000000000000562,1379,,"{""type"":""MultiPoint"",""coordinates"":[]}"
00000000000000000563,1380,49,"{""type"":""MultiPoint"",""coordinates"":[]}"
00000000000000000564,1381,49,"{""type"":""MultiPoint"",""coordinates"":[]}"
00000000000000000565,1382,49,"{""type"":""MultiPoint"",""coordinates"":[]}"
00000000000000000566,1383,,"{""type"":""MultiPoint"",""coordinates"":[]}"
00000000000000000567,1384,49,"{""type"":""MultiPoint"",""coordinates"":[]}"
00000000000000000568,1385,49,"{""type"":""MultiPoint"",""coordinates"":[]}"
00000000000000000569,1386,49,"{""type"":""MultiPoint"",""coordinates"":[]}"
0000000000000000056a,1387,49,"{""type"":""MultiPoint"",""coordinates"":[]}"
0000000000000000056b,1388,,"{""type"":""MultiPoint"",""coordinates"":[]}"
0000000000000000056c,1389,49,"{""type"":""MultiPoint"",""coordinates"":[]}"
0000000000000000056d,1390,49,"{""type"":""MultiPoint"",""coordinates"":[]}"
0000000000000000056e,1391,50,"{""type"":""MultiPoint"",""coordinates"":[]}"
0000000000000000056f,1392,,"{""type"":""MultiPoint"",""coordinates"":[]}"
00000000000000000570,1393,49,"{""type"":""MultiPoint"",""coordinates"":[]}"
00000000000000000571,1394,49,"{""type"":""MultiPoint"",""coordinates"":[]}"
00000000000000000572,1395,49,"{""type"":""MultiPoint"",""coordinates"":[]}"
00000000000000000573,1396,49,"{""type"":""MultiPoint"",""coordinates"":[]}"
00000000000000000e38,3641,65,"{""type"":""MultiPoint"",""coordinates"":[]}"
00000000000000000e39,3642,65,"{""type"":""MultiPoint"",""coordinates"":[]}"
00000000000000000e3a,3643,65,"{""type"":""MultiPoint"",""coordinates"":[]}"
00000000000000000e3b,3644,65,"{""type"":""MultiPoint"",""coordinates"":[]}"
00000000000000000e3c,3645,65,"{""type"":""MultiPoint"",""coordinates"":[]}"
00000000000000000e3d,3646,65,"{""type"":""MultiPoint"",""coordinates"":[]}"
00000000000000000e3e,3647,65,"{""type"":""MultiPoint"",""coordinates"":[]}"
00000000000000000e3f,3648,65,"{""type"":""MultiPoint"",""coordinates"":[]}"
00000000000000000e40,3649,65,"{""type"":""MultiPoint"",""coordinates"":[]}"
00000000000000000e41,3650,65,"{""type"":""MultiPoint"",""coordinates"":[]}"
00000000000000000e42,3651,65,"{""type"":""MultiPoint"",""coordinates"":[]}"
00000000000000000e43,3652,65,"{""type"":""MultiPoint"",""coordinates"":[]}"
00000000000000000e44,3653,65,"{""type"":""MultiPoint"",""coordinates"":[]}"
00000000000000000e45,3654,65,"{""type"":""MultiPoint"",""coordinates"":[]}"
00000000000000000e46,3655,65,"{""type"":""MultiPoint"",""coordinates"":[]}"
00000000000000000e47,3656,65,"{""type"":""MultiPoint"",""coordinates"":[]}"
00000000000000000e48,3657,65,"{""type"":""MultiPoint"",""coordinates"":[]}"
00000000000000000e49,3658,65,"{""type"":""MultiPoint"",""coordinates"":[]}"
00000000000000000e4a,3659,65,"{""type"":""MultiPoint"",""coordinates"":[]}"
00000000000000000e4b,3660,65,"{""type"":""MultiPoint"",""coordinates"":[]}"
00000000000000000e4c,3661,65,"{""type"":""MultiPoint"",""coordinates"":[]}"
00000000000000000e4d,3662,65,"{""type"":""MultiPoint"",""coordinates"":[]}"
00000000000000000e4e,3663,65,"{""type"":""MultiPoint"",""coordinates"":[]}"
00000000000000000e4f,3664,65,"{""type"":""MultiPoint"",""coordinates"":[]}"
00000000000000000e50,3665,55,"{""type"":""MultiPoint"",""coordinates"":[]}"
00000000000000000e51,3666,55,"{""type"":""MultiPoint"",""coordinates"":[]}"
00000000000000000e52,3667,50,"{""type"":""MultiPoint"",""coordinates"":[]}"
00000000000000000e53,3668,50,"{""type"":""MultiPoint"",""coordinates"":[]}"
00000000000000000e54,3669,50,"{""type"":""MultiPoint"",""coordinates"":[]}"
00000000000000000e55,3670,50,"{""type"":""MultiPoint"",""coordinates"":[]}"
00000000000000000e56,3671,50,"{""type"":""MultiPoint"",""coordinates"":[]}"
00000000000000000e57,3672,50,"{""type"":""MultiPoint"",""coordinates"":[]}"
00000000000000000e58,3673,50,"{""type"":""MultiPoint"",""coordinates"":[]}"
00000000000000000e59,3674,50,"{""type"":""MultiPoint"",""coordinates"":[]}"
00000000000000000e5a,3675,50,"{""type"":""MultiPoint"",""coordinates"":[]}"
00000000000000000e5b,3676,50,"{""type"":""MultiPoint"",""coordinates"":[]}"
00000000000000000e5c,3677,50,"{""type"":""MultiPoint"",""coordinates"":[]}"
00000000000000000e5d,3678,50,"{""type"":""MultiPoint"",""coordinates"":[]}"
00000000000000000e5e,3679,50,"{""type"":""MultiPoint"",""coordinates"":[]}"
00000000000000000e5f,3680,50,"{""type"":""MultiPoint"",""coordinates"":[]}"
00000000000000000e60,3681,50,"{""type"":""MultiPoint"",""coordinates"":[]}"
00000000000000000e61,3682,50,"{""type"":""MultiPoint"",""coordinates"":[]}"
00000000000000000e62,3683,50,"{""type"":""MultiPoint"",""coordinates"":[]}"
00000000000000000e63,3684,50,"{""type"":""MultiPoint"",""coordinates"":[]}"
00000000000000000e64,3685,65,"{""type"":""MultiPoint"",""coordinates"":[]}"
00000000000000000e65,3686,,"{""type"":""MultiPoint"",""coordinates"":[]}"
00000000000000000e66,3687,65,"{""type"":""MultiPoint"",""coordinates"":[]}"
00000000000000000e67,3688,65,"{""type"":""MultiPoint"",""coordinates"":[]}"
00000000000000000e68,3689,65,"{""type"":""MultiPoint"",""coordinates"":[]}"
00000000000000000e69,3690,65,"{""type"":""MultiPoint"",""coordinates"":[]}"
00000000000000000e6a,3691,65,"{""type"":""MultiPoint"",""coordinates"":[]}"
00000000000000000e6b,3692,65,"{""type"":""MultiPoint"",""coordinates"":[]}"
00000000000000000e6c,3693,65,"{""type"":""MultiPoint"",""coordinates"":[]}"
00000000000000000e6d,3694,65,"{""type"":""MultiPoint"",""coordinates"":[]}"
00000000000000000e6e,3695,65,"{""type"":""MultiPoint"",""coordinates"":[]}"
00000000000000000e6f,3696,65,"{""type"":""MultiPoint"",""coordinates"":[]}"
00000000000000000e70,3697,65,"{""type"":""MultiPoint"",""coordinates"":[]}"
00000000000000000e71,3698,50,"{""type"":""MultiPoint"",""coordinates"":[]}"
00000000000000000e72,3699,50,"{""type"":""MultiPoint"",""coordinates"":[]}"
00000000000000000e73,3700,49,"{""type"":""MultiPoint"",""coordinates"":[]}"
00000000000000000e74,3701,49,"{""type"":""MultiPoint"",""coordinates"":[]}"
00000000000000000e75,3702,49,"{""type"":""MultiPoint"",""coordinates"":[]}"
00000000000000000e76,3703,49,"{""type"":""MultiPoint"",""coordinates"":[]}"
00000000000000000e77,3704,49,"{""type"":""MultiPoint"",""coordinates"":[]}"
00000000000000000e78,3705,49,"{""type"":""MultiPoint"",""coordinates"":[]}"
00000000000000000e79,3706,49,"{""type"":""MultiPoint"",""coordinates"":[]}"
00000000000000000e7a,3707,49,"{""type"":""MultiPoint"",""coordinates"":[]}"
00000000000000000e7b,3708,49,"{""type"":""MultiPoint"",""coordinates"":[]}"
00000000000000000e7c,3709,50,"{""type"":""MultiPoint"",""coordinates"":[]}"
000000000000000004f1,1266,50,"{""type"":""MultiPoint"",""coordinates"":[]}"
000000000000000004f2,1267,50,"{""type"":""MultiPoint"",""coordinates"":[]}"
000000000000000004f3,1268,50,"{""type"":""MultiPoint"",""coordinates"":[]}"
000000000000000004f4,1269,50,"{""type"":""MultiPoint"",""coordinates"":[]}"
000000000000000004f5,1270,49,"{""type"":""MultiPoint"",""coordinates"":[]}"
000000000000000004f6,1271,,"{""type"":""MultiPoint"",""coordinates"":[]}"
000000000000000004f7,1272,49,"{""type"":""MultiPoint"",""coordinates"":[]}"
000000000000000004f8,1273,49,"{""type"":""MultiPoint"",""coordinates"":[]}"
000000000000000004f9,1274,,"{""type"":""MultiPoint"",""coordinates"":[]}"
000000000000000004fa,1275,50,"{""type"":""MultiPoint"",""coordinates"":[]}"
000000000000000004fb,1276,47,"{""type"":""MultiPoint"",""coordinates"":[]}"
000000000000000004fc,1277,,"{""type"":""MultiPoint"",""coordinates"":[]}"
000000000000000004fd,1278,49,"{""type"":""MultiPoint"",""coordinates"":[]}"
000000000000000004fe,1279,49,"{""type"":""MultiPoint"",""coordinates"":[]}"
000000000000000004ff,1280,48,"{""type"":""MultiPoint"",""coordinates"":[]}"
00000000000000000500,1281,49,"{""type"":""MultiPoint"",""coordinates"":[]}"
00000000000000000501,1282,49,"{""type"":""MultiPoint"",""coordinates"":[]}"
00000000000000000502,1283,47,"{""type"":""MultiPoint"",""coordinates"":[]}"
00000000000000000503,1284,49,"{""type"":""MultiPoint"",""coordinates"":[]}"
00000000000000000504,1285,49,"{""type"":""MultiPoint"",""coordinates"":[]}"
00000000000000000505,1286,,"{""type"":""MultiPoint"",""coordinates"":[]}"
00000000000000000506,1287,49,"{""type"":""MultiPoint"",""coordinates"":[]}"
00000000000000000507,1288,48,"{""type"":""MultiPoint"",""coordinates"":[]}"
00000000000000000508,1289,50,"{""type"":""MultiPoint"",""coordinates"":[]}"
00000000000000000509,1290,50,"{""type"":""MultiPoint"",""coordinates"":[]}"
0000000000000000050a,1291,,"{""type"":""MultiPoint"",""coordinates"":[]}"
0000000000000000050b,1292,50,"{""type"":""MultiPoint"",""coordinates"":[]}"
0000000000000000050c,1293,50,"{""type"":""MultiPoint"",""coordinates"":[]}"
0000000000000000050d,1294,50,"{""type"":""MultiPoint"",""coordinates"":[]}"
0000000000000000050e,1295,49,"{""type"":""MultiPoint"",""coordinates"":[]}"
0000000000000000050f,1296,,"{""type"":""MultiPoint"",""coordinates"":[]}"
00000000000000000510,1297,50,"{""type"":""MultiPoint"",""coordinates"":[]}"
00000000000000000511,1298,50,"{""type"":""MultiPoint"",""coordinates"":[]}"
00000000000000000512,1299,49,"{""type"":""MultiPoint"",""coordinates"":[]}"
00000000000000000513,1300,,"{""type"":""MultiPoint"",""coordinates"":[]}"
00000000000000000514,1301,49,"{""type"":""MultiPoint"",""coordinates"":[]}"
00000000000000000515,1302,49,"{""type"":""MultiPoint"",""coordinates"":[]}"
00000000000000000516,1303,49,"{""type"":""MultiPoint"",""coordinates"":[]}"
00000000000000000517,1304,47,"{""type"":""MultiPoint"",""coordinates"":[]}"
00000000000000000518,1305,49,"{""type"":""MultiPoint"",""coordinates"":[]}"
00000000000000000519,1306,49,"{""type"":""MultiPoint"",""coordinates"":[]}"
0000000000000000051a,1307,49,"{""type"":""MultiPoint"",""coordinates"":[]}"
0000000000000000051b,1308,49,"{""type"":""MultiPoint"",""coordinates"":[]}"
0000000000000000051c,1309,50,"{""type"":""MultiPoint"",""coordinates"":[]}"
0000000000000000051d,1310,49,"{""type"":""MultiPoint"",""coordinates"":[]}"
0000000000000000051e,1311,49,"{""type"":""MultiPoint"",""coordinates"":[]}"
0000000000000000051f,1312,,"{""type"":""MultiPoint"",""coordinates"":[]}"
00000000000000000520,1313,49,"{""type"":""MultiPoint"",""coordinates"":[]}"
00000000000000000521,1314,50,"{""type"":""MultiPoint"",""coordinates"":[]}"
00000000000000000522,1315,50,"{""type"":""MultiPoint"",""coordinates"":[]}"
00000000000000000523,1316,49,"{""type"":""MultiPoint"",""coordinates"":[]}"
00000000000000000524,1317,49,"{""type"":""MultiPoint"",""coordinates"":[]}"
00000000000000000525,1318,49,"{""type"":""MultiPoint"",""coordinates"":[]}"
00000000000000000526,1319,49,"{""type"":""MultiPoint"",""coordinates"":[]}"
00000000000000000527,1320,49,"{""type"":""MultiPoint"",""coordinates"":[]}"
00000000000000000528,1321,49,"{""type"":""MultiPoint"",""coordinates"":[]}"
00000000000000000529,1322,49,"{""type"":""MultiPoint"",""coordinates"":[]}"
0000000000000000052a,1323,49,"{""type"":""MultiPoint"",""coordinates"":[]}"
0000000000000000052b,1324,49,"{""type"":""MultiPoint"",""coordinates"":[]}"
0000000000000000052c,1325,49,"{""type"":""MultiPoint"",""coordinates"":[]}"
0000000000000000052d,1326,,"{""type"":""MultiPoint"",""coordinates"":[]}"
0000000000000000052e,1327,49,"{""type"":""MultiPoint"",""coordinates"":[]}"
0000000000000000052f,1328,48,"{""type"":""MultiPoint"",""coordinates"":[]}"
00000000000000000530,1329,49,"{""type"":""MultiPoint"",""coordinates"":[]}"
00000000000000000531,1330,49,"{""type"":""MultiPoint"",""coordinates"":[]}"
00000000000000000532,1331,49,"{""type"":""MultiPoint"",""coordinates"":[]}"
00000000000000000533,1332,49,"{""type"":""MultiPoint"",""coordinates"":[]}"
00000000000000000534,1333,49,"{""type"":""MultiPoint"",""coordinates"":[]}"
00000000000000000535,1334,49,"{""type"":""MultiPoint"",""coordinates"":[]}"
00000000000000000536,1335,50,"{""type"":""MultiPoint"",""coordinates"":[]}"
00000000000000000537,1336,50,"{""type"":""MultiPoint"",""coordinates"":[]}"
00000000000000000538,1337,50,"{""type"":""MultiPoint"",""coordinates"":[]}"
00000000000000000539,1338,50,"{""type"":""MultiPoint"",""coordinates"":[]}"
0000000000000000053a,1339,49,"{""type"":""MultiPoint"",""coordinates"":[]}"
0000000000000000053b,1340,49,"{""type"":""MultiPoint"",""coordinates"":[]}"
0000000000000000053c,1341,47,"{""type"":""MultiPoint"",""coordinates"":[]}"
0000000000000000053d,1342,49,"{""type"":""MultiPoint"",""coordinates"":[]}"
0000000000000000053e,1343,49,"{""type"":""MultiPoint"",""coordinates"":[]}"
0000000000000000053f,1344,,"{""type"":""MultiPoint"",""coordinates"":[]}"
00000000000000000540,1345,50,"{""type"":""MultiPoint"",""coordinates"":[]}"
00000000000000000541,1346,50,"{""type"":""MultiPoint"",""coordinates"":[]}"
00000000000000000542,1347,47,"{""type"":""MultiPoint"",""coordinates"":[]}"
00000000000000000543,1348,48,"{""type"":""MultiPoint"",""coordinates"":[]}"
00000000000000000544,1349,,"{""type"":""MultiPoint"",""coordinates"":[]}"
00000000000000000545,1350,,"{""type"":""MultiPoint"",""coordinates"":[]}"
00000000000000000546,1351,47,"{""type"":""MultiPoint"",""coordinates"":[]}"
00000000000000000547,1352,49,"{""type"":""MultiPoint"",""coordinates"":[]}"
00000000000000000548,1353,48,"{""type"":""MultiPoint"",""coordinates"":[]}"
00000000000000000549,1354,50,"{""type"":""MultiPoint"",""coordinates"":[]}"
0000000000000000054a,1355,49,"{""type"":""MultiPoint"",""coordinates"":[]}"
0000000000000000054b,1356,50,"{""type"":""MultiPoint"",""coordinates"":[]}"
0000000000000000054c,1357,49,"{""type"":""MultiPoint"",""coordinates"":[]}"
000000000000000003d4,981,,"{""type"":""MultiPoint"",""coordinates"":[]}"
000000000000000003d5,982,49,"{""type"":""MultiPoint"",""coordinates"":[]}"
000000000000000003d6,983,49,"{""type"":""MultiPoint"",""coordinates"":[]}"
000000000000000003d7,984,49,"{""type"":""MultiPoint"",""coordinates"":[]}"
000000000000000003d8,985,9,"{""type"":""MultiPoint"",""coordinates"":[]}"
000000000000000003d9,986,49,"{""type"":""MultiPoint"",""coordinates"":[]}"
000000000000000003da,987,49,"{""type"":""MultiPoint"",""coordinates"":[]}"
000000000000000003db,988,49,"{""type"":""MultiPoint"",""coordinates"":[]}"
000000000000000003dc,989,49,"{""type"":""MultiPoint"",""coordinates"":[]}"
000000000000000003dd,990,49,"{""type"":""MultiPoint"",""coordinates"":[]}"
000000000000000003de,991,50,"{""type"":""MultiPoint"",""coordinates"":[]}"
000000000000000003df,992,,"{""type"":""MultiPoint"",""coordinates"":[]}"
000000000000000003e0,993,,"{""type"":""MultiPoint"",""coordinates"":[]}"
000000000000000003e1,994,49,"{""type"":""MultiPoint"",""coordinates"":[]}"
000000000000000003e2,995,,"{""type"":""MultiPoint"",""coordinates"":[]}"
000000000000000003e3,996,49,"{""type"":""MultiPoint"",""coordinates"":[]}"
000000000000000003e4,997,49,"{""type"":""MultiPoint"",""coordinates"":[]}"
000000000000000003e5,998,,"{""type"":""MultiPoint"",""coordinates"":[]}"
000000000000000003e6,999,49,"{""type"":""MultiPoint"",""coordinates"":[]}"
000000000000000003e7,1000,,"{""type"":""MultiPoint"",""coordinates"":[]}"
000000000000000003e8,1001,,"{""type"":""MultiPoint"",""coordinates"":[]}"
000000000000000003e9,1002,49,"{""type"":""MultiPoint"",""coordinates"":[]}"
000000000000000003ea,1003,,"{""type"":""MultiPoint"",""coordinates"":[]}"
000000000000000003eb,1004,49,"{""type"":""MultiPoint"",""coordinates"":[]}"
000000000000000003ec,1005,49,"{""type"":""MultiPoint"",""coordinates"":[]}"
000000000000000003ed,1006,,"{""type"":""MultiPoint"",""coordinates"":[]}"
000000000000000003ee,1007,,"{""type"":""MultiPoint"",""coordinates"":[]}"
000000000000000003ef,1008,,"{""type"":""MultiPoint"",""coordinates"":[]}"
000000000000000003f0,1009,50,"{""type"":""MultiPoint"",""coordinates"":[]}"
000000000000000003f1,1010,49,"{""type"":""MultiPoint"",""coordinates"":[]}"
000000000000000003f2,1011,,"{""type"":""MultiPoint"",""coordinates"":[]}"
000000000000000003f3,1012,,"{""type"":""MultiPoint"",""coordinates"":[]}"
000000000000000003f4,1013,,"{""type"":""MultiPoint"",""coordinates"":[]}"
000000000000000003f5,1014,,"{""type"":""MultiPoint"",""coordinates"":[]}"
000000000000000003f6,1015,,"{""type"":""MultiPoint"",""coordinates"":[]}"
000000000000000003f7,1016,49,"{""type"":""MultiPoint"",""coordinates"":[]}"
000000000000000003f8,1017,,"{""type"":""MultiPoint"",""coordinates"":[]}"
000000000000000003f9,1018,,"{""type"":""MultiPoint"",""coordinates"":[]}"
000000000000000003fa,1019,,"{""type"":""MultiPoint"",""coordinates"":[]}"
000000000000000003fb,1020,47,"{""type"":""MultiPoint"",""coordinates"":[]}"
000000000000000003fc,1021,,"{""type"":""MultiPoint"",""coordinates"":[]}"
000000000000000003fd,1022,,"{""type"":""MultiPoint"",""coordinates"":[]}"
000000000000000003fe,1023,31,"{""type"":""MultiPoint"",""coordinates"":[]}"
000000000000000003ff,1024,,"{""type"":""MultiPoint"",""coordinates"":[]}"
00000000000000000400,1025,,"{""type"":""MultiPoint"",""coordinates"":[]}"
00000000000000000401,1026,,"{""type"":""MultiPoint"",""coordinates"":[]}"
00000000000000000402,1027,,"{""type"":""MultiPoint"",""coordinates"":[]}"
00000000000000000403,1028,49,"{""type"":""MultiPoint"",""coordinates"":[]}"
00000000000000000404,1029,49,"{""type"":""MultiPoint"",""coordinates"":[]}"
00000000000000000405,1030,,"{""type"":""MultiPoint"",""coordinates"":[]}"
00000000000000000406,1031,,"{""type"":""MultiPoint"",""coordinates"":[]}"
00000000000000000469,1130,49,"{""type"":""MultiPoint"",""coordinates"":[]}"
0000000000000000046a,1131,49,"{""type"":""MultiPoint"",""coordinates"":[]}"
0000000000000000046b,1132,47,"{""type"":""MultiPoint"",""coordinates"":[]}"
0000000000000000046c,1133,48,"{""type"":""MultiPoint"",""coordinates"":[]}"
0000000000000000046d,1134,47,"{""type"":""MultiPoint"",""coordinates"":[]}"
0000000000000000046e,1135,47,"{""type"":""MultiPoint"",""coordinates"":[]}"
0000000000000000046f,1136,,"{""type"":""MultiPoint"",""coordinates"":[]}"
00000000000000000470,1137,49,"{""type"":""MultiPoint"",""coordinates"":[]}"
00000000000000000471,1138,49,"{""type"":""MultiPoint"",""coordinates"":[]}"
00000000000000000472,1139,49,"{""type"":""MultiPoint"",""coordinates"":[]}"
00000000000000000473,1140,3,"{""type"":""MultiPoint"",""coordinates"":[]}"
00000000000000000474,1141,50,"{""type"":""MultiPoint"",""coordinates"":[]}"
00000000000000000475,1142,,"{""type"":""MultiPoint"",""coordinates"":[]}"
00000000000000000476,1143,47,"{""type"":""MultiPoint"",""coordinates"":[]}"
00000000000000000477,1144,49,"{""type"":""MultiPoint"",""coordinates"":[]}"
00000000000000000478,1145,,"{""type"":""MultiPoint"",""coordinates"":[]}"
00000000000000000479,1146,55,"{""type"":""MultiPoint"",""coordinates"":[]}"
0000000000000000047a,1147,49,"{""type"":""MultiPoint"",""coordinates"":[]}"
0000000000000000047b,1148,49,"{""type"":""MultiPoint"",""coordinates"":[]}"
0000000000000000047c,1149,48,"{""type"":""MultiPoint"",""coordinates"":[]}"
0000000000000000047d,1150,49,"{""type"":""MultiPoint"",""coordinates"":[]}"
0000000000000000047e,1151,49,"{""type"":""MultiPoint"",""coordinates"":[]}"
0000000000000000047f,1152,49,"{""type"":""MultiPoint"",""coordinates"":[]}"
00000000000000000480,1153,49,"{""type"":""MultiPoint"",""coordinates"":[]}"
00000000000000000481,1154,56,"{""type"":""MultiPoint"",""coordinates"":[]}"
00000000000000000482,1155,56,"{""type"":""MultiPoint"",""coordinates"":[]}"
00000000000000000483,1156,56,"{""type"":""MultiPoint"",""coordinates"":[]}"
00000000000000000484,1157,50,"{""type"":""MultiPoint"",""coordinates"":[]}"
00000000000000000485,1158,,"{""type"":""MultiPoint"",""coordinates"":[]}"
00000000000000000486,1159,50,"{""type"":""MultiPoint"",""coordinates"":[]}"
00000000000000000487,1160,50,"{""type"":""MultiPoint"",""coordinates"":[]}"
00000000000000000488,1161,49,"{""type"":""MultiPoint"",""coordinates"":[]}"
00000000000000000489,1162,,"{""type"":""MultiPoint"",""coordinates"":[]}"
0000000000000000048a,1163,49,"{""type"":""MultiPoint"",""coordinates"":[]}"
0000000000000000048b,1164,49,"{""type"":""MultiPoint"",""coordinates"":[]}"
0000000000000000048c,1165,49,"{""type"":""MultiPoint"",""coordinates"":[]}"
0000000000000000048d,1166,49,"{""type"":""MultiPoint"",""coordinates"":[]}"
0000000000000000048e,1167,49,"{""type"":""MultiPoint"",""coordinates"":[]}"
0000000000000000048f,1168,47,"{""type"":""MultiPoint"",""coordinates"":[]}"
00000000000000000490,1169,49,"{""type"":""MultiPoint"",""coordinates"":[]}"
00000000000000000491,1170,49,"{""type"":""MultiPoint"",""coordinates"":[]}"
00000000000000000492,1171,49,"{""type"":""MultiPoint"",""coordinates"":[]}"
00000000000000000493,1172,49,"{""type"":""MultiPoint"",""coordinates"":[]}"
00000000000000000494,1173,49,"{""type"":""MultiPoint"",""coordinates"":[]}"
00000000000000000495,1174,47,"{""type"":""MultiPoint"",""coordinates"":[]}"
00000000000000000496,1175,,"{""type"":""MultiPoint"",""coordinates"":[]}"
00000000000000000497,1176,48,"{""type"":""MultiPoint"",""coordinates"":[]}"
00000000000000000498,1177,47,"{""type"":""MultiPoint"",""coordinates"":[]}"
00000000000000000499,1178,49,"{""type"":""MultiPoint"",""coordinates"":[]}"
0000000000000000049a,1179,49,"{""type"":""MultiPoint"",""coordinates"":[]}"
0000000000000000049b,1180,49,"{""type"":""MultiPoint"",""coordinates"":[]}"
0000000000000000049c,1181,50,"{""type"":""MultiPoint"",""coordinates"":[]}"
0000000000000000049d,1182,47,"{""type"":""MultiPoint"",""coordinates"":[]}"
0000000000000000049e,1183,47,"{""type"":""MultiPoint"",""coordinates"":[]}"
0000000000000000049f,1184,47,"{""type"":""MultiPoint"",""coordinates"":[]}"
000000000000000004a0,1185,47,"{""type"":""MultiPoint"",""coordinates"":[]}"
000000000000000004a1,1186,49,"{""type"":""MultiPoint"",""coordinates"":[]}"
000000000000000004a2,1187,49,"{""type"":""MultiPoint"",""coordinates"":[]}"
000000000000000004a3,1188,49,"{""type"":""MultiPoint"",""coordinates"":[]}"
000000000000000004a4,1189,49,"{""type"":""MultiPoint"",""coordinates"":[]}"
000000000000000004a5,1190,49,"{""type"":""MultiPoint"",""coordinates"":[]}"
000000000000000004a6,1191,49,"{""type"":""MultiPoint"",""coordinates"":[]}"
000000000000000004a7,1192,49,"{""type"":""MultiPoint"",""coordinates"":[]}"
000000000000000004a8,1193,50,"{""type"":""MultiPoint"",""coordinates"":[]}"
000000000000000004a9,1194,47,"{""type"":""MultiPoint"",""coordinates"":[]}"
000000000000000004aa,1195,47,"{""type"":""MultiPoint"",""coordinates"":[]}"
000000000000000004ab,1196,47,"{""type"":""MultiPoint"",""coordinates"":[]}"
000000000000000004ac,1197,49,"{""type"":""MultiPoint"",""coordinates"":[]}"
00000000000000000e7d,3710,49,"{""type"":""MultiPoint"",""coordinates"":[]}"
00000000000000000e7e,3711,49,"{""type"":""MultiPoint"",""coordinates"":[]}"
00000000000000000e7f,3712,48,"{""type"":""MultiPoint"",""coordinates"":[]}"
00000000000000000e80,3713,49,"{""type"":""MultiPoint"",""coordinates"":[]}"
00000000000000000692,1683,49,"{""type"":""MultiPoint"",""coordinates"":[]}"
00000000000000000693,1684,48,"{""type"":""MultiPoint"",""coordinates"":[]}"
00000000000000000694,1685,49,"{""type"":""MultiPoint"",""coordinates"":[]}"
00000000000000000695,1686,49,"{""type"":""MultiPoint"",""coordinates"":[]}"
00000000000000000696,1687,50,"{""type"":""MultiPoint"",""coordinates"":[]}"
00000000000000000697,1688,49,"{""type"":""MultiPoint"",""coordinates"":[]}"
00000000000000000698,1689,50,"{""type"":""MultiPoint"",""coordinates"":[]}"
00000000000000000699,1690,49,"{""type"":""MultiPoint"",""coordinates"":[]}"
0000000000000000069a,1691,48,"{""type"":""MultiPoint"",""coordinates"":[]}"
0000000000000000069b,1692,49,"{""type"":""MultiPoint"",""coordinates"":[]}"
0000000000000000069c,1693,50,"{""type"":""MultiPoint"",""coordinates"":[]}"
0000000000000000069d,1694,65,"{""type"":""MultiPoint"",""coordinates"":[]}"
0000000000000000069e,1695,50,"{""type"":""MultiPoint"",""coordinates"":[]}"
0000000000000000069f,1696,65,"{""type"":""MultiPoint"",""coordinates"":[]}"
000000000000000006a0,1697,65,"{""type"":""MultiPoint"",""coordinates"":[]}"
000000000000000006a1,1698,65,"{""type"":""MultiPoint"",""coordinates"":[]}"
000000000000000006a2,1699,65,"{""type"":""MultiPoint"",""coordinates"":[]}"
000000000000000006a3,1700,65,"{""type"":""MultiPoint"",""coordinates"":[]}"
000000000000000006a4,1701,65,"{""type"":""MultiPoint"",""coordinates"":[]}"
000000000000000006a5,1702,65,"{""type"":""MultiPoint"",""coordinates"":[]}"
000000000000000006a6,1703,65,"{""type"":""MultiPoint"",""coordinates"":[]}"
000000000000000006a7,1704,13,"{""type"":""MultiPoint"",""coordinates"":[]}"
000000000000000006a8,1705,13,"{""type"":""MultiPoint"",""coordinates"":[]}"
000000000000000006a9,1706,13,"{""type"":""MultiPoint"",""coordinates"":[]}"
000000000000000006aa,1707,13,"{""type"":""MultiPoint"",""coordinates"":[]}"
000000000000000006ab,1708,65,"{""type"":""MultiPoint"",""coordinates"":[]}"
000000000000000006ac,1709,13,"{""type"":""MultiPoint"",""coordinates"":[]}"
000000000000000006ad,1710,65,"{""type"":""MultiPoint"",""coordinates"":[]}"
000000000000000006ae,1711,50,"{""type"":""MultiPoint"",""coordinates"":[]}"
000000000000000006af,1712,65,"{""type"":""MultiPoint"",""coordinates"":[]}"
000000000000000006b0,1713,65,"{""type"":""MultiPoint"",""coordinates"":[]}"
000000000000000006b1,1714,65,"{""type"":""MultiPoint"",""coordinates"":[]}"
000000000000000006b2,1715,65,"{""type"":""MultiPoint"",""coordinates"":[]}"
000000000000000006b3,1716,40,"{""type"":""MultiPoint"",""coordinates"":[]}"
000000000000000006b4,1717,40,"{""type"":""MultiPoint"",""coordinates"":[]}"
000000000000000006b5,1718,40,"{""type"":""MultiPoint"",""coordinates"":[]}"
000000000000000006b6,1719,,"{""type"":""MultiPoint"",""coordinates"":[]}"
000000000000000006b7,1720,55,"{""type"":""MultiPoint"",""coordinates"":[]}"
000000000000000006b8,1721,55,"{""type"":""MultiPoint"",""coordinates"":[]}"
000000000000000006b9,1722,3,"{""type"":""MultiPoint"",""coordinates"":[]}"
000000000000000006ba,1723,,"{""type"":""MultiPoint"",""coordinates"":[]}"
000000000000000006bb,1724,,"{""type"":""MultiPoint"",""coordinates"":[]}"
000000000000000006bc,1725,50,"{""type"":""MultiPoint"",""coordinates"":[]}"
000000000000000006bd,1726,,"{""type"":""MultiPoint"",""coordinates"":[]}"
000000000000000006be,1727,,"{""type"":""MultiPoint"",""coordinates"":[]}"
000000000000000006bf,1728,49,"{""type"":""MultiPoint"",""coordinates"":[]}"
000000000000000006c0,1729,49,"{""type"":""MultiPoint"",""coordinates"":[]}"
000000000000000006c1,1730,50,"{""type"":""MultiPoint"",""coordinates"":[]}"
000000000000000006c2,1731,49,"{""type"":""MultiPoint"",""coordinates"":[]}"
000000000000000006c3,1732,,"{""type"":""MultiPoint"",""coordinates"":[]}"
000000000000000006c4,1733,49,"{""type"":""MultiPoint"",""coordinates"":[]}"
000000000000000006c5,1734,,"{""type"":""MultiPoint"",""coordinates"":[]}"
000000000000000006c6,1735,,"{""type"":""MultiPoint"",""coordinates"":[]}"
000000000000000006c7,1736,,"{""type"":""MultiPoint"",""coordinates"":[]}"
000000000000000006c8,1737,49,"{""type"":""MultiPoint"",""coordinates"":[]}"
000000000000000006c9,1738,,"{""type"":""MultiPoint"",""coordinates"":[]}"
000000000000000006ca,1739,,"{""type"":""MultiPoint"",""coordinates"":[]}"
000000000000000006cb,1740,,"{""type"":""MultiPoint"",""coordinates"":[]}"
000000000000000006cc,1741,,"{""type"":""MultiPoint"",""coordinates"":[]}"
000000000000000006cd,1742,,"{""type"":""MultiPoint"",""coordinates"":[]}"
000000000000000006ce,1743,,"{""type"":""MultiPoint"",""coordinates"":[]}"
000000000000000006cf,1744,,"{""type"":""MultiPoint"",""coordinates"":[]}"
000000000000000006d0,1745,,"{""type"":""MultiPoint"",""coordinates"":[]}"
000000000000000006d1,1746,50,"{""type"":""MultiPoint"",""coordinates"":[]}"
000000000000000006d2,1747,,"{""type"":""MultiPoint"",""coordinates"":[]}"
000000000000000006d3,1748,,"{""type"":""MultiPoint"",""coordinates"":[]}"
000000000000000006d4,1749,,"{""type"":""MultiPoint"",""coordinates"":[]}"
000000000000000006d5,1750,50,"{""type"":""MultiPoint"",""coordinates"":[]}"
000000000000000006d6,1751,50,"{""type"":""MultiPoint"",""coordinates"":[]}"
000000000000000006d7,1752,,"{""type"":""MultiPoint"",""coordinates"":[]}"
000000000000000006d8,1753,,"{""type"":""MultiPoint"",""coordinates"":[]}"
000000000000000006d9,1754,50,"{""type"":""MultiPoint"",""coordinates"":[]}"
000000000000000006da,1755,50,"{""type"":""MultiPoint"",""coordinates"":[]}"
000000000000000006db,1756,50,"{""type"":""MultiPoint"",""coordinates"":[]}"
000000000000000006dc,1757,50,"{""type"":""MultiPoint"",""coordinates"":[]}"
000000000000000006dd,1758,,"{""type"":""MultiPoint"",""coordinates"":[]}"
000000000000000006de,1759,50,"{""type"":""MultiPoint"",""coordinates"":[]}"
000000000000000006df,1760,50,"{""type"":""MultiPoint"",""coordinates"":[]}"
000000000000000006e0,1761,,"{""type"":""MultiPoint"",""coordinates"":[]}"
000000000000000006e1,1762,50,"{""type"":""MultiPoint"",""coordinates"":[]}"
000000000000000006e2,1763,50,"{""type"":""MultiPoint"",""coordinates"":[]}"
000000000000000006e3,1764,,"{""type"":""MultiPoint"",""coordinates"":[]}"
000000000000000006e4,1765,,"{""type"":""MultiPoint"",""coordinates"":[]}"
000000000000000006e5,1766,50,"{""type"":""MultiPoint"",""coordinates"":[]}"
000000000000000006e6,1767,,"{""type"":""MultiPoint"",""coordinates"":[]}"
000000000000000006e7,1768,50,"{""type"":""MultiPoint"",""coordinates"":[]}"
000000000000000006e8,1769,,"{""type"":""MultiPoint"",""coordinates"":[]}"
000000000000000006e9,1770,50,"{""type"":""MultiPoint"",""coordinates"":[]}"
000000000000000006ea,1771,,"{""type"":""MultiPoint"",""coordinates"":[]}"
000000000000000006eb,1772,,"{""type"":""MultiPoint"",""coordinates"":[]}"
000000000000000006ec,1773,,"{""type"":""MultiPoint"",""coordinates"":[]}"
000000000000000006ed,1774,50,"{""type"":""MultiPoint"",""coordinates"":[]}"
000000000000000006ee,1775,50,"{""type"":""MultiPoint"",""coordinates"":[]}"
000000000000000006ef,1776,50,"{""type"":""MultiPoint"",""coordinates"":[]}"
000000000000000006f0,1777,50,"{""type"":""MultiPoint"",""coordinates"":[]}"
000000000000000006f1,1778,50,"{""type"":""MultiPoint"",""coordinates"":[]}"
000000000000000006f2,1779,,"{""type"":""MultiPoint"",""coordinates"":[]}"
000000000000000006f3,1780,,"{""type"":""MultiPoint"",""coordinates"":[]}"
000000000000000006f4,1781,,"{""type"":""MultiPoint"",""coordinates"":[]}"
000000000000000006f5,1782,50,"{""type"":""MultiPoint"",""coordinates"":[]}"
000000000000000006f6,1783,,"{""type"":""MultiPoint"",""coordinates"":[]}"
000000000000000006f7,1784,50,"{""type"":""MultiPoint"",""coordinates"":[]}"
000000000000000006f8,1785,50,"{""type"":""MultiPoint"",""coordinates"":[]}"
000000000000000006f9,1786,50,"{""type"":""MultiPoint"",""coordinates"":[]}"
000000000000000006fa,1787,50,"{""type"":""MultiPoint"",""coordinates"":[]}"
000000000000000006fb,1788,,"{""type"":""MultiPoint"",""coordinates"":[]}"
000000000000000006fc,1789,,"{""type"":""MultiPoint"",""coordinates"":[]}"
000000000000000006fd,1790,,"{""type"":""MultiPoint"",""coordinates"":[]}"
000000000000000006fe,1791,,"{""type"":""MultiPoint"",""coordinates"":[]}"
000000000000000006ff,1792,,"{""type"":""MultiPoint"",""coordinates"":[]}"
00000000000000000700,1793,,"{""type"":""MultiPoint"",""coordinates"":[]}"
00000000000000000701,1794,50,"{""type"":""MultiPoint"",""coordinates"":[]}"
00000000000000000702,1795,50,"{""type"":""MultiPoint"",""coordinates"":[]}"
00000000000000000703,1796,50,"{""type"":""MultiPoint"",""coordinates"":[]}"
00000000000000000704,1797,,"{""type"":""MultiPoint"",""coordinates"":[]}"
00000000000000000705,1798,50,"{""type"":""MultiPoint"",""coordinates"":[]}"
00000000000000000706,1799,50,"{""type"":""MultiPoint"",""coordinates"":[]}"
00000000000000000707,1800,50,"{""type"":""MultiPoint"",""coordinates"":[]}"
00000000000000000708,1801,,"{""type"":""MultiPoint"",""coordinates"":[]}"
00000000000000000709,1802,50,"{""type"":""MultiPoint"",""coordinates"":[]}"
0000000000000000070a,1803,50,"{""type"":""MultiPoint"",""coordinates"":[]}"
0000000000000000070b,1804,50,"{""type"":""MultiPoint"",""coordinates"":[]}"
0000000000000000070c,1805,50,"{""type"":""MultiPoint"",""coordinates"":[]}"
0000000000000000070d,1806,,"{""type"":""MultiPoint"",""coordinates"":[]}"
0000000000000000070e,1807,50,"{""type"":""MultiPoint"",""coordinates"":[]}"
0000000000000000070f,1808,,"{""type"":""MultiPoint"",""coordinates"":[]}"
00000000000000000710,1809,50,"{""type"":""MultiPoint"",""coordinates"":[]}"
00000000000000000711,1810,50,"{""type"":""MultiPoint"",""coordinates"":[]}"
00000000000000000712,1811,,"{""type"":""MultiPoint"",""coordinates"":[]}"
00000000000000000713,1812,,"{""type"":""MultiPoint"",""coordinates"":[]}"
00000000000000000714,1813,50,"{""type"":""MultiPoint"",""coordinates"":[]}"
00000000000000000715,1814,50,"{""type"":""MultiPoint"",""coordinates"":[]}"
00000000000000000716,1815,,"{""type"":""MultiPoint"",""coordinates"":[]}"
00000000000000000717,1816,,"{""type"":""MultiPoint"",""coordinates"":[]}"
00000000000000000718,1817,50,"{""type"":""MultiPoint"",""coordinates"":[]}"
00000000000000000719,1818,50,"{""type"":""MultiPoint"",""coordinates"":[]}"
0000000000000000071a,1819,,"{""type"":""MultiPoint"",""coordinates"":[]}"
0000000000000000071b,1820,,"{""type"":""MultiPoint"",""coordinates"":[]}"
0000000000000000071c,1821,50,"{""type"":""MultiPoint"",""coordinates"":[]}"
0000000000000000071d,1822,,"{""type"":""MultiPoint"",""coordinates"":[]}"
0000000000000000071e,1823,,"{""type"":""MultiPoint"",""coordinates"":[]}"
0000000000000000071f,1824,,"{""type"":""MultiPoint"",""coordinates"":[]}"
00000000000000000720,1825,50,"{""type"":""MultiPoint"",""coordinates"":[]}"
00000000000000000721,1826,,"{""type"":""MultiPoint"",""coordinates"":[]}"
00000000000000000722,1827,50,"{""type"":""MultiPoint"",""coordinates"":[]}"
00000000000000000723,1828,,"{""type"":""MultiPoint"",""coordinates"":[]}"
00000000000000000724,1829,,"{""type"":""MultiPoint"",""coordinates"":[]}"
00000000000000000725,1830,,"{""type"":""MultiPoint"",""coordinates"":[]}"
00000000000000000726,1831,,"{""type"":""MultiPoint"",""coordinates"":[]}"
00000000000000000727,1832,50,"{""type"":""MultiPoint"",""coordinates"":[]}"
00000000000000000728,1833,,"{""type"":""MultiPoint"",""coordinates"":[]}"
00000000000000000729,1834,50,"{""type"":""MultiPoint"",""coordinates"":[]}"
0000000000000000072a,1835,,"{""type"":""MultiPoint"",""coordinates"":[]}"
0000000000000000072b,1836,49,"{""type"":""MultiPoint"",""coordinates"":[]}"
0000000000000000072c,1837,50,"{""type"":""MultiPoint"",""coordinates"":[]}"
0000000000000000072d,1838,,"{""type"":""MultiPoint"",""coordinates"":[]}"
00000000000000000731,1842,50,"{""type"":""MultiPoint"",""coordinates"":[]}"
00000000000000000732,1843,65,"{""type"":""MultiPoint"",""coordinates"":[]}"
00000000000000000733,1844,65,"{""type"":""MultiPoint"",""coordinates"":[]}"
00000000000000000734,1845,65,"{""type"":""MultiPoint"",""coordinates"":[]}"
00000000000000000735,1846,50,"{""type"":""MultiPoint"",""coordinates"":[]}"
000000000000000004ee,1263,,"{""type"":""MultiPoint"",""coordinates"":[]}"
000000000000000004ef,1264,,"{""type"":""MultiPoint"",""coordinates"":[]}"
000000000000000004f0,1265,50,"{""type"":""MultiPoint"",""coordinates"":[]}"
000000000000000004b3,1204,50,"{""type"":""MultiPoint"",""coordinates"":[]}"
000000000000000004b4,1205,50,"{""type"":""MultiPoint"",""coordinates"":[]}"
000000000000000004b5,1206,50,"{""type"":""MultiPoint"",""coordinates"":[]}"
000000000000000004b6,1207,50,"{""type"":""MultiPoint"",""coordinates"":[]}"
000000000000000004b7,1208,50,"{""type"":""MultiPoint"",""coordinates"":[]}"
000000000000000004b8,1209,50,"{""type"":""MultiPoint"",""coordinates"":[]}"
000000000000000004b9,1210,50,"{""type"":""MultiPoint"",""coordinates"":[]}"
000000000000000004ba,1211,50,"{""type"":""MultiPoint"",""coordinates"":[]}"
00000000000000000397,920,49,"{""type"":""MultiPoint"",""coordinates"":[]}"
00000000000000000398,921,47,"{""type"":""MultiPoint"",""coordinates"":[]}"
00000000000000000399,922,47,"{""type"":""MultiPoint"",""coordinates"":[]}"
0000000000000000039a,923,49,"{""type"":""MultiPoint"",""coordinates"":[]}"
0000000000000000039b,924,49,"{""type"":""MultiPoint"",""coordinates"":[]}"
0000000000000000039c,925,49,"{""type"":""MultiPoint"",""coordinates"":[]}"
0000000000000000039d,926,49,"{""type"":""MultiPoint"",""coordinates"":[]}"
0000000000000000039e,927,49,"{""type"":""MultiPoint"",""coordinates"":[]}"
0000000000000000039f,928,49,"{""type"":""MultiPoint"",""coordinates"":[]}"
000000000000000003a0,929,,"{""type"":""MultiPoint"",""coordinates"":[]}"
000000000000000003a1,930,47,"{""type"":""MultiPoint"",""coordinates"":[]}"
000000000000000003a2,931,49,"{""type"":""MultiPoint"",""coordinates"":[]}"
000000000000000003a3,932,49,"{""type"":""MultiPoint"",""coordinates"":[]}"
000000000000000003a4,933,49,"{""type"":""MultiPoint"",""coordinates"":[]}"
000000000000000003a5,934,49,"{""type"":""MultiPoint"",""coordinates"":[]}"
000000000000000003a6,935,49,"{""type"":""MultiPoint"",""coordinates"":[]}"
000000000000000003a7,936,49,"{""type"":""MultiPoint"",""coordinates"":[]}"
000000000000000003a8,937,49,"{""type"":""MultiPoint"",""coordinates"":[]}"
000000000000000003a9,938,49,"{""type"":""MultiPoint"",""coordinates"":[]}"
000000000000000003aa,939,49,"{""type"":""MultiPoint"",""coordinates"":[]}"
000000000000000003ab,940,49,"{""type"":""MultiPoint"",""coordinates"":[]}"
000000000000000003ac,941,49,"{""type"":""MultiPoint"",""coordinates"":[]}"
000000000000000003ad,942,,"{""type"":""MultiPoint"",""coordinates"":[]}"
000000000000000003ae,943,50,"{""type"":""MultiPoint"",""coordinates"":[]}"
000000000000000003af,944,50,"{""type"":""MultiPoint"",""coordinates"":[]}"
000000000000000003b0,945,49,"{""type"":""MultiPoint"",""coordinates"":[]}"
000000000000000003b1,946,49,"{""type"":""MultiPoint"",""coordinates"":[]}"
000000000000000003b2,947,49,"{""type"":""MultiPoint"",""coordinates"":[]}"
000000000000000003b3,948,49,"{""type"":""MultiPoint"",""coordinates"":[]}"
000000000000000003b4,949,65,"{""type"":""MultiPoint"",""coordinates"":[]}"
000000000000000003b5,950,49,"{""type"":""MultiPoint"",""coordinates"":[]}"
000000000000000003b6,951,49,"{""type"":""MultiPoint"",""coordinates"":[]}"
000000000000000003b7,952,49,"{""type"":""MultiPoint"",""coordinates"":[]}"
000000000000000003b8,953,47,"{""type"":""MultiPoint"",""coordinates"":[]}"
000000000000000003b9,954,49,"{""type"":""MultiPoint"",""coordinates"":[]}"
000000000000000003ba,955,47,"{""type"":""MultiPoint"",""coordinates"":[]}"
000000000000000003bb,956,,"{""type"":""MultiPoint"",""coordinates"":[]}"
000000000000000003bc,957,,"{""type"":""MultiPoint"",""coordinates"":[]}"
000000000000000003bd,958,49,"{""type"":""MultiPoint"",""coordinates"":[]}"
000000000000000003be,959,49,"{""type"":""MultiPoint"",""coordinates"":[]}"
000000000000000003bf,960,,"{""type"":""MultiPoint"",""coordinates"":[]}"
000000000000000003c0,961,49,"{""type"":""MultiPoint"",""coordinates"":[]}"
000000000000000003c1,962,49,"{""type"":""MultiPoint"",""coordinates"":[]}"
000000000000000003c2,963,49,"{""type"":""MultiPoint"",""coordinates"":[]}"
000000000000000003c3,964,49,"{""type"":""MultiPoint"",""coordinates"":[]}"
000000000000000003c4,965,49,"{""type"":""MultiPoint"",""coordinates"":[]}"
000000000000000003c5,966,49,"{""type"":""MultiPoint"",""coordinates"":[]}"
000000000000000003c6,967,49,"{""type"":""MultiPoint"",""coordinates"":[]}"
000000000000000003c7,968,49,"{""type"":""MultiPoint"",""coordinates"":[]}"
000000000000000003c8,969,,"{""type"":""MultiPoint"",""coordinates"":[]}"
000000000000000003c9,970,49,"{""type"":""MultiPoint"",""coordinates"":[]}"
000000000000000003ca,971,49,"{""type"":""MultiPoint"",""coordinates"":[]}"
000000000000000003cb,972,49,"{""type"":""MultiPoint"",""coordinates"":[]}"
000000000000000003cc,973,,"{""type"":""MultiPoint"",""coordinates"":[]}"
000000000000000003cd,974,49,"{""type"":""MultiPoint"",""coordinates"":[]}"
000000000000000003ce,975,49,"{""type"":""MultiPoint"",""coordinates"":[]}"
000000000000000003cf,976,49,"{""type"":""MultiPoint"",""coordinates"":[]}"
000000000000000003d0,977,,"{""type"":""MultiPoint"",""coordinates"":[]}"
000000000000000003d1,978,,"{""type"":""MultiPoint"",""coordinates"":[]}"
000000000000000003d2,979,65,"{""type"":""MultiPoint"",""coordinates"":[]}"
000000000000000003d3,980,49,"{""type"":""MultiPoint"",""coordinates"":[]}"
000000000000000010c4,4293,50,"{""type"":""MultiPoint"",""coordinates"":[]}"
0000000000000000034a,843,13,"{""type"":""MultiPoint"",""coordinates"":[]}"
00000000000000000a41,2626,,"{""type"":""MultiPoint"",""coordinates"":[]}"
00000000000000000a42,2627,50,"{""type"":""MultiPoint"",""coordinates"":[]}"
00000000000000000e81,3714,49,"{""type"":""MultiPoint"",""coordinates"":[]}"
00000000000000000e82,3715,65,"{""type"":""MultiPoint"",""coordinates"":[]}"
00000000000000000e83,3716,,"{""type"":""MultiPoint"",""coordinates"":[]}"
00000000000000000e84,3717,65,"{""type"":""MultiPoint"",""coordinates"":[]}"
00000000000000000e85,3718,,"{""type"":""MultiPoint"",""coordinates"":[]}"
00000000000000000e86,3719,,"{""type"":""MultiPoint"",""coordinates"":[]}"
00000000000000000e87,3720,49,"{""type"":""MultiPoint"",""coordinates"":[]}"
00000000000000000e88,3721,49,"{""type"":""MultiPoint"",""coordinates"":[]}"
00000000000000000e89,3722,,"{""type"":""MultiPoint"",""coordinates"":[]}"
00000000000000000e8a,3723,49,"{""type"":""MultiPoint"",""coordinates"":[]}"
00000000000000000e8b,3724,,"{""type"":""MultiPoint"",""coordinates"":[]}"
00000000000000000574,1397,49,"{""type"":""MultiPoint"",""coordinates"":[]}"
00000000000000000575,1398,49,"{""type"":""MultiPoint"",""coordinates"":[]}"
0000000000000000037f,896,50,"{""type"":""MultiPoint"",""coordinates"":[]}"
00000000000000000380,897,49,"{""type"":""MultiPoint"",""coordinates"":[]}"
00000000000000000381,898,49,"{""type"":""MultiPoint"",""coordinates"":[]}"
00000000000000000382,899,49,"{""type"":""MultiPoint"",""coordinates"":[]}"
00000000000000000383,900,49,"{""type"":""MultiPoint"",""coordinates"":[]}"
00000000000000000384,901,49,"{""type"":""MultiPoint"",""coordinates"":[]}"
00000000000000000385,902,50,"{""type"":""MultiPoint"",""coordinates"":[]}"
00000000000000000386,903,49,"{""type"":""MultiPoint"",""coordinates"":[]}"
00000000000000000387,904,49,"{""type"":""MultiPoint"",""coordinates"":[]}"
00000000000000000388,905,50,"{""type"":""MultiPoint"",""coordinates"":[]}"
00000000000000000389,906,50,"{""type"":""MultiPoint"",""coordinates"":[]}"
0000000000000000038a,907,50,"{""type"":""MultiPoint"",""coordinates"":[]}"
0000000000000000038b,908,50,"{""type"":""MultiPoint"",""coordinates"":[]}"
0000000000000000038c,909,50,"{""type"":""MultiPoint"",""coordinates"":[]}"
0000000000000000038d,910,50,"{""type"":""MultiPoint"",""coordinates"":[]}"
0000000000000000038e,911,49,"{""type"":""MultiPoint"",""coordinates"":[]}"
0000000000000000038f,912,50,"{""type"":""MultiPoint"",""coordinates"":[]}"
00000000000000000390,913,50,"{""type"":""MultiPoint"",""coordinates"":[]}"
00000000000000000391,914,50,"{""type"":""MultiPoint"",""coordinates"":[]}"
00000000000000000392,915,50,"{""type"":""MultiPoint"",""coordinates"":[]}"
00000000000000000393,916,50,"{""type"":""MultiPoint"",""coordinates"":[]}"
00000000000000000394,917,,"{""type"":""MultiPoint"",""coordinates"":[]}"
00000000000000000778,1913,49,"{""type"":""MultiPoint"",""coordinates"":[]}"
00000000000000000779,1914,,"{""type"":""MultiPoint"",""coordinates"":[]}"
0000000000000000077a,1915,49,"{""type"":""MultiPoint"",""coordinates"":[]}"
0000000000000000077b,1916,49,"{""type"":""MultiPoint"",""coordinates"":[]}"
0000000000000000077c,1917,49,"{""type"":""MultiPoint"",""coordinates"":[]}"
0000000000000000077d,1918,50,"{""type"":""MultiPoint"",""coordinates"":[]}"
0000000000000000077e,1919,50,"{""type"":""MultiPoint"",""coordinates"":[]}"
0000000000000000077f,1920,65,"{""type"":""MultiPoint"",""coordinates"":[]}"
00000000000000000780,1921,65,"{""type"":""MultiPoint"",""coordinates"":[]}"
00000000000000000781,1922,65,"{""type"":""MultiPoint"",""coordinates"":[]}"
00000000000000000782,1923,,"{""type"":""MultiPoint"",""coordinates"":[]}"
00000000000000000783,1924,,"{""type"":""MultiPoint"",""coordinates"":[]}"
00000000000000000784,1925,,"{""type"":""MultiPoint"",""coordinates"":[]}"
000000000000000002c7,712,49,"{""type"":""MultiPoint"",""coordinates"":[]}"
000000000000000002c8,713,50,"{""type"":""MultiPoint"",""coordinates"":[]}"
000000000000000002c9,714,49,"{""type"":""MultiPoint"",""coordinates"":[]}"
000000000000000002ca,715,50,"{""type"":""MultiPoint"",""coordinates"":[]}"
000000000000000002cb,716,47,"{""type"":""MultiPoint"",""coordinates"":[]}"
000000000000000002cc,717,49,"{""type"":""MultiPoint"",""coordinates"":[]}"
000000000000000002cd,718,49,"{""type"":""MultiPoint"",""coordinates"":[]}"
000000000000000002ce,719,,"{""type"":""MultiPoint"",""coordinates"":[]}"
000000000000000002cf,720,65,"{""type"":""MultiPoint"",""coordinates"":[]}"
000000000000000002d0,721,65,"{""type"":""MultiPoint"",""coordinates"":[]}"
000000000000000002d1,722,65,"{""type"":""MultiPoint"",""coordinates"":[]}"
000000000000000002d2,723,65,"{""type"":""MultiPoint"",""coordinates"":[]}"
000000000000000002d3,724,65,"{""type"":""MultiPoint"",""coordinates"":[]}"
000000000000000002d4,725,65,"{""type"":""MultiPoint"",""coordinates"":[]}"
000000000000000002d5,726,65,"{""type"":""MultiPoint"",""coordinates"":[]}"
000000000000000002d6,727,65,"{""type"":""MultiPoint"",""coordinates"":[]}"
000000000000000002d7,728,65,"{""type"":""MultiPoint"",""coordinates"":[]}"
000000000000000002d8,729,65,"{""type"":""MultiPoint"",""coordinates"":[]}"
000000000000000002d9,730,65,"{""type"":""MultiPoint"",""coordinates"":[]}"
000000000000000002da,731,65,"{""type"":""MultiPoint"",""coordinates"":[]}"
000000000000000002db,732,65,"{""type"":""MultiPoint"",""coordinates"":[]}"
000000000000000002dc,733,65,"{""type"":""MultiPoint"",""coordinates"":[]}"
000000000000000002dd,734,65,"{""type"":""MultiPoint"",""coordinates"":[]}"
000000000000000002de,735,65,"{""type"":""MultiPoint"",""coordinates"":[]}"
000000000000000002df,736,65,"{""type"":""MultiPoint"",""coordinates"":[]}"
000000000000000002e0,737,13,"{""type"":""MultiPoint"",""coordinates"":[]}"
000000000000000002e1,738,3,"{""type"":""MultiPoint"",""coordinates"":[]}"
000000000000000002e2,739,65,"{""type"":""MultiPoint"",""coordinates"":[]}"
000000000000000002e3,740,3,"{""type"":""MultiPoint"",""coordinates"":[]}"
000000000000000002e4,741,3,"{""type"":""MultiPoint"",""coordinates"":[]}"
000000000000000002e5,742,13,"{""type"":""MultiPoint"",""coordinates"":[]}"
000000000000000002e6,743,13,"{""type"":""MultiPoint"",""coordinates"":[]}"
000000000000000002e7,744,65,"{""type"":""MultiPoint"",""coordinates"":[]}"
000000000000000002e8,745,65,"{""type"":""MultiPoint"",""coordinates"":[]}"
000000000000000002e9,746,65,"{""type"":""MultiPoint"",""coordinates"":[]}"
000000000000000002ea,747,49,"{""type"":""MultiPoint"",""coordinates"":[]}"
000000000000000002eb,748,65,"{""type"":""MultiPoint"",""coordinates"":[]}"
000000000000000002ec,749,47,"{""type"":""MultiPoint"",""coordinates"":[]}"
000000000000000002ed,750,65,"{""type"":""MultiPoint"",""coordinates"":[]}"
000000000000000002ee,751,65,"{""type"":""MultiPoint"",""coordinates"":[]}"
000000000000000005f0,1521,,"{""type"":""MultiPoint"",""coordinates"":[]}"
000000000000000005f1,1522,47,"{""type"":""MultiPoint"",""coordinates"":[]}"
000000000000000005f2,1523,47,"{""type"":""MultiPoint"",""coordinates"":[]}"
000000000000000005f3,1524,47,"{""type"":""MultiPoint"",""coordinates"":[]}"
000000000000000005f4,1525,47,"{""type"":""MultiPoint"",""coordinates"":[]}"
000000000000000005f5,1526,47,"{""type"":""MultiPoint"",""coordinates"":[]}"
000000000000000005f6,1527,,"{""type"":""MultiPoint"",""coordinates"":[]}"
000000000000000005f7,1528,47,"{""type"":""MultiPoint"",""coordinates"":[]}"
000000000000000005f8,1529,47,"{""type"":""MultiPoint"",""coordinates"":[]}"
000000000000000005f9,1530,47,"{""type"":""MultiPoint"",""coordinates"":[]}"
000000000000000005fa,1531,47,"{""type"":""MultiPoint"",""coordinates"":[]}"
000000000000000005fb,1532,,"{""type"":""MultiPoint"",""coordinates"":[]}"
000000000000000005fc,1533,,"{""type"":""MultiPoint"",""coordinates"":[]}"
000000000000000005fd,1534,48,"{""type"":""MultiPoint"",""coordinates"":[]}"
000000000000000005fe,1535,,"{""type"":""MultiPoint"",""coordinates"":[]}"
000000000000000005ff,1536,49,"{""type"":""MultiPoint"",""coordinates"":[]}"
00000000000000000600,1537,,"{""type"":""MultiPoint"",""coordinates"":[]}"
00000000000000000601,1538,47,"{""type"":""MultiPoint"",""coordinates"":[]}"
00000000000000000602,1539,47,"{""type"":""MultiPoint"",""coordinates"":[]}"
00000000000000000603,1540,49,"{""type"":""MultiPoint"",""coordinates"":[]}"
00000000000000000604,1541,47,"{""type"":""MultiPoint"",""coordinates"":[]}"
00000000000000000605,1542,49,"{""type"":""MultiPoint"",""coordinates"":[]}"
00000000000000000606,1543,49,"{""type"":""MultiPoint"",""coordinates"":[]}"
00000000000000000607,1544,48,"{""type"":""MultiPoint"",""coordinates"":[]}"
00000000000000000608,1545,47,"{""type"":""MultiPoint"",""coordinates"":[]}"
00000000000000000609,1546,47,"{""type"":""MultiPoint"",""coordinates"":[]}"
0000000000000000060a,1547,47,"{""type"":""MultiPoint"",""coordinates"":[]}"
0000000000000000060b,1548,47,"{""type"":""MultiPoint"",""coordinates"":[]}"
0000000000000000060c,1549,47,"{""type"":""MultiPoint"",""coordinates"":[]}"
0000000000000000060d,1550,47,"{""type"":""MultiPoint"",""coordinates"":[]}"
0000000000000000060e,1551,47,"{""type"":""MultiPoint"",""coordinates"":[]}"
0000000000000000060f,1552,47,"{""type"":""MultiPoint"",""coordinates"":[]}"
00000000000000000610,1553,49,"{""type"":""MultiPoint"",""coordinates"":[]}"
00000000000000000611,1554,49,"{""type"":""MultiPoint"",""coordinates"":[]}"
00000000000000000612,1555,47,"{""type"":""MultiPoint"",""coordinates"":[]}"
00000000000000000613,1556,,"{""type"":""MultiPoint"",""coordinates"":[]}"
00000000000000000614,1557,50,"{""type"":""MultiPoint"",""coordinates"":[]}"
00000000000000000615,1558,50,"{""type"":""MultiPoint"",""coordinates"":[]}"
00000000000000000616,1559,47,"{""type"":""MultiPoint"",""coordinates"":[]}"
00000000000000000617,1560,50,"{""type"":""MultiPoint"",""coordinates"":[]}"
00000000000000000618,1561,50,"{""type"":""MultiPoint"",""coordinates"":[]}"
00000000000000000619,1562,50,"{""type"":""MultiPoint"",""coordinates"":[]}"
0000000000000000061a,1563,50,"{""type"":""MultiPoint"",""coordinates"":[]}"
0000000000000000061b,1564,50,"{""type"":""MultiPoint"",""coordinates"":[]}"
0000000000000000061c,1565,50,"{""type"":""MultiPoint"",""coordinates"":[]}"
0000000000000000061d,1566,,"{""type"":""MultiPoint"",""coordinates"":[]}"
0000000000000000061e,1567,,"{""type"":""MultiPoint"",""coordinates"":[]}"
0000000000000000061f,1568,50,"{""type"":""MultiPoint"",""coordinates"":[]}"
00000000000000000620,1569,50,"{""type"":""MultiPoint"",""coordinates"":[]}"
00000000000000000621,1570,50,"{""type"":""MultiPoint"",""coordinates"":[]}"
00000000000000000622,1571,50,"{""type"":""MultiPoint"",""coordinates"":[]}"
00000000000000000623,1572,50,"{""type"":""MultiPoint"",""coordinates"":[]}"
00000000000000000624,1573,50,"{""type"":""MultiPoint"",""coordinates"":[]}"
00000000000000000625,1574,,"{""type"":""MultiPoint"",""coordinates"":[]}"
00000000000000000626,1575,50,"{""type"":""MultiPoint"",""coordinates"":[]}"
00000000000000000627,1576,50,"{""type"":""MultiPoint"",""coordinates"":[]}"
00000000000000000628,1577,50,"{""type"":""MultiPoint"",""coordinates"":[]}"
00000000000000000629,1578,50,"{""type"":""MultiPoint"",""coordinates"":[]}"
0000000000000000062a,1579,50,"{""type"":""MultiPoint"",""coordinates"":[]}"
0000000000000000062b,1580,50,"{""type"":""MultiPoint"",""coordinates"":[]}"
0000000000000000062c,1581,50,"{""type"":""MultiPoint"",""coordinates"":[]}"
0000000000000000062d,1582,50,"{""type"":""MultiPoint"",""coordinates"":[]}"
0000000000000000062e,1583,50,"{""type"":""MultiPoint"",""coordinates"":[]}"
0000000000000000062f,1584,50,"{""type"":""MultiPoint"",""coordinates"":[]}"
00000000000000000630,1585,50,"{""type"":""MultiPoint"",""coordinates"":[]}"
00000000000000000631,1586,50,"{""type"":""MultiPoint"",""coordinates"":[]}"
00000000000000000632,1587,50,"{""type"":""MultiPoint"",""coordinates"":[]}"
00000000000000000633,1588,50,"{""type"":""MultiPoint"",""coordinates"":[]}"
00000000000000000634,1589,49,"{""type"":""MultiPoint"",""coordinates"":[]}"
00000000000000000635,1590,,"{""type"":""MultiPoint"",""coordinates"":[]}"
00000000000000000636,1591,49,"{""type"":""MultiPoint"",""coordinates"":[]}"
00000000000000000637,1592,,"{""type"":""MultiPoint"",""coordinates"":[]}"
00000000000000000638,1593,50,"{""type"":""MultiPoint"",""coordinates"":[]}"
00000000000000000639,1594,50,"{""type"":""MultiPoint"",""coordinates"":[]}"
0000000000000000063a,1595,50,"{""type"":""MultiPoint"",""coordinates"":[]}"
0000000000000000063b,1596,50,"{""type"":""MultiPoint"",""coordinates"":[]}"
0000000000000000063c,1597,50,"{""type"":""MultiPoint"",""coordinates"":[]}"
0000000000000000063d,1598,50,"{""type"":""MultiPoint"",""coordinates"":[]}"
0000000000000000063e,1599,50,"{""type"":""MultiPoint"",""coordinates"":[]}"
0000000000000000063f,1600,50,"{""type"":""MultiPoint"",""coordinates"":[]}"
00000000000000000640,1601,49,"{""type"":""MultiPoint"",""coordinates"":[]}"
00000000000000000641,1602,49,"{""type"":""MultiPoint"",""coordinates"":[]}"
00000000000000000642,1603,50,"{""type"":""MultiPoint"",""coordinates"":[]}"
00000000000000000643,1604,50,"{""type"":""MultiPoint"",""coordinates"":[]}"
00000000000000000644,1605,50,"{""type"":""MultiPoint"",""coordinates"":[]}"
00000000000000000645,1606,,"{""type"":""MultiPoint"",""coordinates"":[]}"
00000000000000000646,1607,50,"{""type"":""MultiPoint"",""coordinates"":[]}"
00000000000000000647,1608,48,"{""type"":""MultiPoint"",""coordinates"":[]}"
00000000000000000648,1609,48,"{""type"":""MultiPoint"",""coordinates"":[]}"
00000000000000000649,1610,,"{""type"":""MultiPoint"",""coordinates"":[]}"
0000000000000000064a,1611,50,"{""type"":""MultiPoint"",""coordinates"":[]}"
0000000000000000064b,1612,49,"{""type"":""MultiPoint"",""coordinates"":[]}"
0000000000000000064c,1613,49,"{""type"":""MultiPoint"",""coordinates"":[]}"
0000000000000000064d,1614,,"{""type"":""MultiPoint"",""coordinates"":[]}"
0000000000000000064e,1615,48,"{""type"":""MultiPoint"",""coordinates"":[]}"
0000000000000000064f,1616,48,"{""type"":""MultiPoint"",""coordinates"":[]}"
00000000000000000650,1617,48,"{""type"":""MultiPoint"",""coordinates"":[]}"
00000000000000000651,1618,48,"{""type"":""MultiPoint"",""coordinates"":[]}"
00000000000000000652,1619,48,"{""type"":""MultiPoint"",""coordinates"":[]}"
00000000000000000653,1620,48,"{""type"":""MultiPoint"",""coordinates"":[]}"
00000000000000000654,1621,,"{""type"":""MultiPoint"",""coordinates"":[]}"
00000000000000000655,1622,48,"{""type"":""MultiPoint"",""coordinates"":[]}"
000000000000000004c7,1224,65,"{""type"":""MultiPoint"",""coordinates"":[]}"
000000000000000004c8,1225,65,"{""type"":""MultiPoint"",""coordinates"":[]}"
000000000000000004c9,1226,,"{""type"":""MultiPoint"",""coordinates"":[]}"
000000000000000004ca,1227,,"{""type"":""MultiPoint"",""coordinates"":[]}"
000000000000000004cb,1228,50,"{""type"":""MultiPoint"",""coordinates"":[]}"
000000000000000004cc,1229,,"{""type"":""MultiPoint"",""coordinates"":[]}"
000000000000000004cd,1230,49,"{""type"":""MultiPoint"",""coordinates"":[]}"
000000000000000004ce,1231,,"{""type"":""MultiPoint"",""coordinates"":[]}"
000000000000000004cf,1232,,"{""type"":""MultiPoint"",""coordinates"":[]}"
000000000000000004d0,1233,65,"{""type"":""MultiPoint"",""coordinates"":[]}"
000000000000000004d1,1234,,"{""type"":""MultiPoint"",""coordinates"":[]}"
000000000000000004d2,1235,,"{""type"":""MultiPoint"",""coordinates"":[]}"
000000000000000004d3,1236,13,"{""type"":""MultiPoint"",""coordinates"":[]}"
000000000000000004d4,1237,13,"{""type"":""MultiPoint"",""coordinates"":[]}"
000000000000000004d5,1238,49,"{""type"":""MultiPoint"",""coordinates"":[]}"
000000000000000004d6,1239,49,"{""type"":""MultiPoint"",""coordinates"":[]}"
000000000000000004d7,1240,13,"{""type"":""MultiPoint"",""coordinates"":[]}"
000000000000000004d8,1241,13,"{""type"":""MultiPoint"",""coordinates"":[]}"
000000000000000004d9,1242,65,"{""type"":""MultiPoint"",""coordinates"":[]}"
000000000000000004da,1243,65,"{""type"":""MultiPoint"",""coordinates"":[]}"
000000000000000004db,1244,65,"{""type"":""MultiPoint"",""coordinates"":[]}"
0000000000000000084c,2125,,"{""type"":""MultiPoint"",""coordinates"":[]}"
000000000000000004bb,1212,49,"{""type"":""MultiPoint"",""coordinates"":[]}"
0000000000000000084b,2124,54,"{""type"":""MultiPoint"",""coordinates"":[]}"
00000000000000000f7a,3963,49,"{""type"":""MultiPoint"",""coordinates"":[]}"
00000000000000000f7b,3964,49,"{""type"":""MultiPoint"",""coordinates"":[]}"
00000000000000000f7c,3965,49,"{""type"":""MultiPoint"",""coordinates"":[]}"
00000000000000000f7d,3966,49,"{""type"":""MultiPoint"",""coordinates"":[]}"
00000000000000000f7e,3967,49,"{""type"":""MultiPoint"",""coordinates"":[]}"
00000000000000000f7f,3968,49,"{""type"":""MultiPoint"",""coordinates"":[]}"
00000000000000000f80,3969,49,"{""type"":""MultiPoint"",""coordinates"":[]}"
00000000000000000f81,3970,49,"{""type"":""MultiPoint"",""coordinates"":[]}"
00000000000000000f82,3971,49,"{""type"":""MultiPoint"",""coordinates"":[]}"
00000000000000000f83,3972,,"{""type"":""MultiPoint"",""coordinates"":[]}"
00000000000000000f84,3973,49,"{""type"":""MultiPoint"",""coordinates"":[]}"
00000000000000000f85,3974,49,"{""type"":""MultiPoint"",""coordinates"":[]}"
00000000000000000f86,3975,49,"{""type"":""MultiPoint"",""coordinates"":[]}"
00000000000000000f87,3976,49,"{""type"":""MultiPoint"",""coordinates"":[]}"
00000000000000000f88,3977,49,"{""type"":""MultiPoint"",""coordinates"":[]}"
00000000000000000f89,3978,49,"{""type"":""MultiPoint"",""coordinates"":[]}"
00000000000000000f8a,3979,49,"{""type"":""MultiPoint"",""coordinates"":[]}"
00000000000000000f8b,3980,49,"{""type"":""MultiPoint"",""coordinates"":[]}"
00000000000000000f8c,3981,49,"{""type"":""MultiPoint"",""coordinates"":[]}"
00000000000000001124,4389,46,"{""type"":""MultiPoint"",""coordinates"":[]}"
00000000000000001125,4390,46,"{""type"":""MultiPoint"",""coordinates"":[]}"
00000000000000001126,4391,56,"{""type"":""MultiPoint"",""coordinates"":[]}"
00000000000000001127,4392,9,"{""type"":""MultiPoint"",""coordinates"":[]}"
00000000000000001128,4393,31,"{""type"":""MultiPoint"",""coordinates"":[]}"
00000000000000001129,4394,9,"{""type"":""MultiPoint"",""coordinates"":[]}"
0000000000000000112a,4395,13,"{""type"":""MultiPoint"",""coordinates"":[]}"
0000000000000000112b,4396,55,"{""type"":""MultiPoint"",""coordinates"":[]}"
0000000000000000112c,4397,,"{""type"":""MultiPoint"",""coordinates"":[]}"
0000000000000000112d,4398,9,"{""type"":""MultiPoint"",""coordinates"":[]}"
0000000000000000112e,4399,9,"{""type"":""MultiPoint"",""coordinates"":[]}"
0000000000000000112f,4400,9,"{""type"":""MultiPoint"",""coordinates"":[]}"
00000000000000001130,4401,9,"{""type"":""MultiPoint"",""coordinates"":[]}"
00000000000000001131,4402,55,"{""type"":""MultiPoint"",""coordinates"":[]}"
00000000000000001132,4403,55,"{""type"":""MultiPoint"",""coordinates"":[]}"
00000000000000001133,4404,,"{""type"":""MultiPoint"",""coordinates"":[]}"
00000000000000001134,4405,,"{""type"":""MultiPoint"",""coordinates"":[]}"
00000000000000001135,4406,46,"{""type"":""MultiPoint"",""coordinates"":[]}"
00000000000000001136,4407,9,"{""type"":""MultiPoint"",""coordinates"":[]}"
00000000000000001137,4408,55,"{""type"":""MultiPoint"",""coordinates"":[]}"
00000000000000001138,4409,9,"{""type"":""MultiPoint"",""coordinates"":[]}"
00000000000000001139,4410,9,"{""type"":""MultiPoint"",""coordinates"":[]}"
0000000000000000113a,4411,55,"{""type"":""MultiPoint"",""coordinates"":[]}"
0000000000000000113b,4412,9,"{""type"":""MultiPoint"",""coordinates"":[]}"
0000000000000000113c,4413,55,"{""type"":""MultiPoint"",""coordinates"":[]}"
0000000000000000113d,4414,9,"{""type"":""MultiPoint"",""coordinates"":[]}"
0000000000000000113e,4415,55,"{""type"":""MultiPoint"",""coordinates"":[]}"
0000000000000000113f,4416,65,"{""type"":""MultiPoint"",""coordinates"":[]}"
00000000000000001140,4417,56,"{""type"":""MultiPoint"",""coordinates"":[]}"
00000000000000001141,4418,9,"{""type"":""MultiPoint"",""coordinates"":[]}"
00000000000000001142,4419,9,"{""type"":""MultiPoint"",""coordinates"":[]}"
00000000000000001143,4420,9,"{""type"":""MultiPoint"",""coordinates"":[]}"
00000000000000001144,4421,9,"{""type"":""MultiPoint"",""coordinates"":[]}"
00000000000000000ee4,3813,50,"{""type"":""MultiPoint"",""coordinates"":[]}"
00000000000000000ee5,3814,50,"{""type"":""MultiPoint"",""coordinates"":[]}"
00000000000000000ee6,3815,50,"{""type"":""MultiPoint"",""coordinates"":[]}"
00000000000000000ee7,3816,,"{""type"":""MultiPoint"",""coordinates"":[]}"
00000000000000000ee8,3817,49,"{""type"":""MultiPoint"",""coordinates"":[]}"
00000000000000000ee9,3818,49,"{""type"":""MultiPoint"",""coordinates"":[]}"
00000000000000000eea,3819,49,"{""type"":""MultiPoint"",""coordinates"":[]}"
00000000000000000eeb,3820,49,"{""type"":""MultiPoint"",""coordinates"":[]}"
00000000000000000eec,3821,50,"{""type"":""MultiPoint"",""coordinates"":[]}"
00000000000000000eed,3822,50,"{""type"":""MultiPoint"",""coordinates"":[]}"
00000000000000000eee,3823,49,"{""type"":""MultiPoint"",""coordinates"":[]}"
00000000000000000eef,3824,49,"{""type"":""MultiPoint"",""coordinates"":[]}"
00000000000000000ef0,3825,,"{""type"":""MultiPoint"",""coordinates"":[]}"
00000000000000000ef1,3826,48,"{""type"":""MultiPoint"",""coordinates"":[]}"
00000000000000000ef2,3827,48,"{""type"":""MultiPoint"",""coordinates"":[]}"
00000000000000000ef3,3828,49,"{""type"":""MultiPoint"",""coordinates"":[]}"
00000000000000000ef4,3829,49,"{""type"":""MultiPoint"",""coordinates"":[]}"
00000000000000000ef5,3830,,"{""type"":""MultiPoint"",""coordinates"":[]}"
00000000000000000ef6,3831,23,"{""type"":""MultiPoint"",""coordinates"":[]}"
00000000000000000ef7,3832,22,"{""type"":""MultiPoint"",""coordinates"":[]}"
00000000000000000ef8,3833,,"{""type"":""MultiPoint"",""coordinates"":[]}"
00000000000000000ef9,3834,49,"{""type"":""MultiPoint"",""coordinates"":[]}"
00000000000000000efa,3835,49,"{""type"":""MultiPoint"",""coordinates"":[]}"
00000000000000000efb,3836,49,"{""type"":""MultiPoint"",""coordinates"":[]}"
00000000000000000efc,3837,49,"{""type"":""MultiPoint"",""coordinates"":[]}"
00000000000000000efd,3838,,"{""type"":""MultiPoint"",""coordinates"":[]}"
00000000000000000efe,3839,49,"{""type"":""MultiPoint"",""coordinates"":[]}"
00000000000000000eff,3840,50,"{""type"":""MultiPoint"",""coordinates"":[]}"
00000000000000000f00,3841,49,"{""type"":""MultiPoint"",""coordinates"":[]}"
00000000000000000f01,3842,49,"{""type"":""MultiPoint"",""coordinates"":[]}"
00000000000000000f02,3843,50,"{""type"":""MultiPoint"",""coordinates"":[]}"
00000000000000000f03,3844,48,"{""type"":""MultiPoint"",""coordinates"":[]}"
00000000000000000f04,3845,47,"{""type"":""MultiPoint"",""coordinates"":[]}"
00000000000000000f05,3846,47,"{""type"":""MultiPoint"",""coordinates"":[]}"
00000000000000000f06,3847,47,"{""type"":""MultiPoint"",""coordinates"":[]}"
00000000000000000f07,3848,49,"{""type"":""MultiPoint"",""coordinates"":[]}"
00000000000000000f08,3849,49,"{""type"":""MultiPoint"",""coordinates"":[]}"
00000000000000000f09,3850,49,"{""type"":""MultiPoint"",""coordinates"":[]}"
00000000000000000f0a,3851,49,"{""type"":""MultiPoint"",""coordinates"":[]}"
00000000000000000f0b,3852,49,"{""type"":""MultiPoint"",""coordinates"":[]}"
00000000000000000f0c,3853,49,"{""type"":""MultiPoint"",""coordinates"":[]}"
00000000000000000f0d,3854,49,"{""type"":""MultiPoint"",""coordinates"":[]}"
00000000000000000f0e,3855,47,"{""type"":""MultiPoint"",""coordinates"":[]}"
00000000000000000f0f,3856,47,"{""type"":""MultiPoint"",""coordinates"":[]}"
00000000000000000f10,3857,49,"{""type"":""MultiPoint"",""coordinates"":[]}"
00000000000000000f11,3858,49,"{""type"":""MultiPoint"",""coordinates"":[]}"
00000000000000000f12,3859,49,"{""type"":""MultiPoint"",""coordinates"":[]}"
00000000000000000f13,3860,50,"{""type"":""MultiPoint"",""coordinates"":[]}"
00000000000000000f14,3861,49,"{""type"":""MultiPoint"",""coordinates"":[]}"
00000000000000000f15,3862,,"{""type"":""MultiPoint"",""coordinates"":[]}"
00000000000000000f16,3863,50,"{""type"":""MultiPoint"",""coordinates"":[]}"
00000000000000000f17,3864,49,"{""type"":""MultiPoint"",""coordinates"":[]}"
00000000000000000f18,3865,49,"{""type"":""MultiPoint"",""coordinates"":[]}"
00000000000000000f19,3866,47,"{""type"":""MultiPoint"",""coordinates"":[]}"
00000000000000000f1a,3867,,"{""type"":""MultiPoint"",""coordinates"":[]}"
00000000000000000f1b,3868,48,"{""type"":""MultiPoint"",""coordinates"":[]}"
00000000000000000f1c,3869,47,"{""type"":""MultiPoint"",""coordinates"":[]}"
00000000000000000f1d,3870,,"{""type"":""MultiPoint"",""coordinates"":[]}"
00000000000000000f1e,3871,49,"{""type"":""MultiPoint"",""coordinates"":[]}"
00000000000000000f1f,3872,50,"{""type"":""MultiPoint"",""coordinates"":[]}"
00000000000000000f20,3873,49,"{""type"":""MultiPoint"",""coordinates"":[]}"
00000000000000000f21,3874,49,"{""type"":""MultiPoint"",""coordinates"":[]}"
00000000000000000f22,3875,49,"{""type"":""MultiPoint"",""coordinates"":[]}"
00000000000000000f23,3876,49,"{""type"":""MultiPoint"",""coordinates"":[]}"
00000000000000000f24,3877,49,"{""type"":""MultiPoint"",""coordinates"":[]}"
00000000000000000f25,3878,49,"{""type"":""MultiPoint"",""coordinates"":[]}"
00000000000000000f26,3879,49,"{""type"":""MultiPoint"",""coordinates"":[]}"
00000000000000000f27,3880,48,"{""type"":""MultiPoint"",""coordinates"":[]}"
00000000000000000f28,3881,,"{""type"":""MultiPoint"",""coordinates"":[]}"
00000000000000000f29,3882,49,"{""type"":""MultiPoint"",""coordinates"":[]}"
00000000000000000f2a,3883,50,"{""type"":""MultiPoint"",""coordinates"":[]}"
00000000000000000f2b,3884,50,"{""type"":""MultiPoint"",""coordinates"":[]}"
00000000000000000f2c,3885,49,"{""type"":""MultiPoint"",""coordinates"":[]}"
00000000000000000f2d,3886,50,"{""type"":""MultiPoint"",""coordinates"":[]}"
00000000000000000f2e,3887,49,"{""type"":""MultiPoint"",""coordinates"":[]}"
00000000000000000f2f,3888,49,"{""type"":""MultiPoint"",""coordinates"":[]}"
00000000000000000f30,3889,50,"{""type"":""MultiPoint"",""coordinates"":[]}"
00000000000000000f31,3890,49,"{""type"":""MultiPoint"",""coordinates"":[]}"
00000000000000000f32,3891,49,"{""type"":""MultiPoint"",""coordinates"":[]}"
00000000000000000f33,3892,49,"{""type"":""MultiPoint"",""coordinates"":[]}"
00000000000000000f34,3893,50,"{""type"":""MultiPoint"",""coordinates"":[]}"
00000000000000000f35,3894,49,"{""type"":""MultiPoint"",""coordinates"":[]}"
00000000000000000f36,3895,49,"{""type"":""MultiPoint"",""coordinates"":[]}"
00000000000000000f37,3896,50,"{""type"":""MultiPoint"",""coordinates"":[]}"
00000000000000000f38,3897,49,"{""type"":""MultiPoint"",""coordinates"":[]}"
00000000000000000f39,3898,50,"{""type"":""MultiPoint"",""coordinates"":[]}"
00000000000000000f3a,3899,50,"{""type"":""MultiPoint"",""coordinates"":[]}"
00000000000000000f3b,3900,49,"{""type"":""MultiPoint"",""coordinates"":[]}"
00000000000000000f3c,3901,50,"{""type"":""MultiPoint"",""coordinates"":[]}"
00000000000000000f3d,3902,50,"{""type"":""MultiPoint"",""coordinates"":[]}"
00000000000000000f3e,3903,50,"{""type"":""MultiPoint"",""coordinates"":[]}"
00000000000000000f3f,3904,50,"{""type"":""MultiPoint"",""coordinates"":[]}"
00000000000000000f40,3905,50,"{""type"":""MultiPoint"",""coordinates"":[]}"
00000000000000000f41,3906,50,"{""type"":""MultiPoint"",""coordinates"":[]}"
00000000000000000f42,3907,49,"{""type"":""MultiPoint"",""coordinates"":[]}"
00000000000000000f43,3908,49,"{""type"":""MultiPoint"",""coordinates"":[]}"
00000000000000000f44,3909,59,"{""type"":""MultiPoint"",""coordinates"":[]}"
00000000000000000f45,3910,,"{""type"":""MultiPoint"",""coordinates"":[]}"
00000000000000000f46,3911,,"{""type"":""MultiPoint"",""coordinates"":[]}"
00000000000000000f47,3912,47,"{""type"":""MultiPoint"",""coordinates"":[]}"
00000000000000000f48,3913,49,"{""type"":""MultiPoint"",""coordinates"":[]}"
00000000000000000f49,3914,48,"{""type"":""MultiPoint"",""coordinates"":[]}"
00000000000000000f4a,3915,49,"{""type"":""MultiPoint"",""coordinates"":[]}"
00000000000000000f4b,3916,49,"{""type"":""MultiPoint"",""coordinates"":[]}"
00000000000000000f4c,3917,49,"{""type"":""MultiPoint"",""coordinates"":[]}"
00000000000000000f4d,3918,49,"{""type"":""MultiPoint"",""coordinates"":[]}"
00000000000000000f4e,3919,49,"{""type"":""MultiPoint"",""coordinates"":[]}"
00000000000000000f4f,3920,47,"{""type"":""MultiPoint"",""coordinates"":[]}"
00000000000000000f50,3921,47,"{""type"":""MultiPoint"",""coordinates"":[]}"
00000000000000000f51,3922,,"{""type"":""MultiPoint"",""coordinates"":[]}"
00000000000000000f52,3923,50,"{""type"":""MultiPoint"",""coordinates"":[]}"
00000000000000000f53,3924,,"{""type"":""MultiPoint"",""coordinates"":[]}"
00000000000000000f54,3925,50,"{""type"":""MultiPoint"",""coordinates"":[]}"
00000000000000000f55,3926,48,"{""type"":""MultiPoint"",""coordinates"":[]}"
00000000000000000f56,3927,,"{""type"":""MultiPoint"",""coordinates"":[]}"
00000000000000000f57,3928,,"{""type"":""MultiPoint"",""coordinates"":[]}"
00000000000000000f58,3929,49,"{""type"":""MultiPoint"",""coordinates"":[]}"
00000000000000000f59,3930,50,"{""type"":""MultiPoint"",""coordinates"":[]}"
00000000000000000f5a,3931,49,"{""type"":""MultiPoint"",""coordinates"":[]}"
00000000000000000f5b,3932,50,"{""type"":""MultiPoint"",""coordinates"":[]}"
00000000000000000f5c,3933,50,"{""type"":""MultiPoint"",""coordinates"":[]}"
00000000000000000f5d,3934,,"{""type"":""MultiPoint"",""coordinates"":[]}"
00000000000000000f5e,3935,49,"{""type"":""MultiPoint"",""coordinates"":[]}"
00000000000000000f5f,3936,50,"{""type"":""MultiPoint"",""coordinates"":[]}"
00000000000000000f60,3937,50,"{""type"":""MultiPoint"",""coordinates"":[]}"
00000000000000000f61,3938,47,"{""type"":""MultiPoint"",""coordinates"":[]}"
00000000000000000f62,3939,49,"{""type"":""MultiPoint"",""coordinates"":[]}"
00000000000000000f63,3940,,"{""type"":""MultiPoint"",""coordinates"":[]}"
00000000000000000f64,3941,47,"{""type"":""MultiPoint"",""coordinates"":[]}"
00000000000000000f65,3942,49,"{""type"":""MultiPoint"",""coordinates"":[]}"
00000000000000000f66,3943,,"{""type"":""MultiPoint"",""coordinates"":[]}"
00000000000000000f67,3944,49,"{""type"":""MultiPoint"",""coordinates"":[]}"
00000000000000000f68,3945,49,"{""type"":""MultiPoint"",""coordinates"":[]}"
00000000000000000f69,3946,47,"{""type"":""MultiPoint"",""coordinates"":[]}"
00000000000000000f6a,3947,49,"{""type"":""MultiPoint"",""coordinates"":[]}"
00000000000000000f6b,3948,47,"{""type"":""MultiPoint"",""coordinates"":[]}"
00000000000000000f6c,3949,49,"{""type"":""MultiPoint"",""coordinates"":[]}"
00000000000000000f6d,3950,48,"{""type"":""MultiPoint"",""coordinates"":[]}"
00000000000000000f6e,3951,48,"{""type"":""MultiPoint"",""coordinates"":[]}"
00000000000000000f6f,3952,49,"{""type"":""MultiPoint"",""coordinates"":[]}"
00000000000000000f70,3953,49,"{""type"":""MultiPoint"",""coordinates"":[]}"
00000000000000000f71,3954,49,"{""type"":""MultiPoint"",""coordinates"":[]}"
00000000000000000f72,3955,49,"{""type"":""MultiPoint"",""coordinates"":[]}"
00000000000000000f73,3956,49,"{""type"":""MultiPoint"",""coordinates"":[]}"
00000000000000000f74,3957,49,"{""type"":""MultiPoint"",""coordinates"":[]}"
00000000000000000f75,3958,49,"{""type"":""MultiPoint"",""coordinates"":[]}"
00000000000000000f76,3959,49,"{""type"":""MultiPoint"",""coordinates"":[]}"
00000000000000000f77,3960,49,"{""type"":""MultiPoint"",""coordinates"":[]}"
00000000000000000f78,3961,,"{""type"":""MultiPoint"",""coordinates"":[]}"
00000000000000000f79,3962,49,"{""type"":""MultiPoint"",""coordinates"":[]}"
000000000000000004ad,1198,65,"{""type"":""MultiPoint"",""coordinates"":[]}"
000000000000000004ae,1199,65,"{""type"":""MultiPoint"",""coordinates"":[]}"
000000000000000004af,1200,65,"{""type"":""MultiPoint"",""coordinates"":[]}"
000000000000000004b0,1201,65,"{""type"":""MultiPoint"",""coordinates"":[]}"
000000000000000004b1,1202,65,"{""type"":""MultiPoint"",""coordinates"":[]}"
000000000000000004b2,1203,65,"{""type"":""MultiPoint"",""coordinates"":[]}"
00000000000000000add,2782,54,"{""type"":""MultiPoint"",""coordinates"":[]}"
00000000000000000463,1124,50,"{""type"":""MultiPoint"",""coordinates"":[]}"
